event	id_be1	id_be2	type	chrom_be1	pos_be1	chrom_be2	pos_be2	length	imprecise_be1	imprecise_be2	secondary_be1	secondary_be2	junction_support_pe	junction_support_sr	junction_support_su	confidence_interval_pos_be1	confidence_interval_pos_95_be1	confidence_interval_end_be1	confidence_interval_end_95_be1	confidence_interval_pos_be2	confidence_interval_pos_95_be2	confidence_interval_end_be2	confidence_interval_end_95_be2	tum_support_pe	tum_support_sr	tum_support_su	norm_support_pe	norm_support_sr	norm_support_su
14438	14438_1	14438_2	BND	chr1	17155371	chr12	30250843		True	True	False	True	7	0	7	-551,5	-134,1	-621,9	-108,0	-621,9	-108,0	-551,5	-134,1	6	0	6	1	0	1
14054	14054_1	14054_2	BND	chr1	45359372	chr2	55011673		True	True	False	True	22	2	24	-10,9	-1,0	-10,9	-1,1	-10,9	-1,1	-10,9	-1,0	22	2	24	0	0	0
249	249		DEL	chr1	78822002	chr1	78822189	187.0	True		False		5	0	5	-10,151	-3,60	-183,9	-69,3					5	0	5	0	0	0
14115	14115_1	14115_2	BND	chr1	81391541	chr3	90705339		True	True	False	True	5	0	5	-10,431	-2,114	-665,9	-132,2	-665,9	-132,2	-10,431	-2,114	5	0	5	0	0	0
295	295		DEL	chr1	93113867	chr1	93114547	680.0	True		False		5	0	5	-10,561	-2,206	-593,9	-210,2					5	0	5	0	0	0
14551	14551_1	14551_2	BND	chr1	102045484	chr18	43699370		True	True	False	True	5	0	5	-10,586	-2,118	-7,664	0,156	-7,664	0,156	-10,586	-2,118	5	0	5	0	0	0
363	363		DEL	chr1	122533693	chr1	122805483	271790.0	True		False		7	0	7	-10,634	-1,126	-602,9	-107,2					6	0	6	1	0	1
367	367		DUP	chr1	122914770	chr1	123521035	606265.0	True		False		6	0	6	-639,9	-130,1	-10,560	-2,104					5	0	5	1	0	1
373	373		DEL	chr1	123059637	chr1	123802325	742688.0	True		False		8	0	8	-10,464	-2,99	-469,9	-86,2					7	0	7	1	0	1
375	375		DEL	chr1	123657989	chr1	123903685	245696.0	True		False		10	0	10	-10,386	-2,77	-429,9	-106,1					9	0	9	1	0	1
382	382		DUP	chr1	123949386	chr1	124031338	81952.0	True		False		8	0	8	-478,9	-98,1	-10,454	-2,92					7	0	7	1	0	1
430	430_1	430_2	BND	chr1	143240364	chr1	143256235		True	True	False	True	6	0	6	-615,9	-128,1	-586,9	-111,1	-586,9	-111,1	-615,9	-128,1	5	0	5	1	0	1
432	432_1	432_2	BND	chr1	143310743	chr1	143504662		True	True	False	True	8	0	8	-231,9	-58,3	-385,9	-46,3	-385,9	-46,3	-231,9	-58,3	7	0	7	1	0	1
14518	14518_1	14518_2	BND	chr1	143539986	chr16	34907812		True	True	False	True	7	0	7	-10,298	-2,107	-436,9	-75,3	-436,9	-75,3	-10,298	-2,107	7	0	7	0	0	0
14226	14226_1	14226_2	BND	chr1	150659243	chr6	31339306		True	True	False	True	6	0	6	-606,4	-142,0	-543,9	-101,2	-543,9	-101,2	-606,4	-142,0	5	0	5	1	0	1
14506	14506_1	14506_2	BND	chr1	150729997	chr15	82999166		True	True	False	True	6	1	7	-10,9	-1,3	-10,9	-3,3	-10,9	-3,3	-10,9	-1,3	5	1	6	1	0	1
14634	14634_1	14634_2	BND	chr1	153017300	chrX	133529047		True	True	False	True	6	0	6	-10,494	-2,87	-585,9	-122,1	-585,9	-122,1	-10,494	-2,87	5	0	5	1	0	1
546	546		DEL	chr1	189918987	chr1	189919677	690.0	True		False		5	0	5	-10,405	-2,140	-650,9	-179,2					5	0	5	0	0	0
14255	14255_1	14255_2	BND	chr1	199606372	chr6	116347347		True	True	False	True	5	0	5	-10,519	-2,107	-650,9	-142,1	-650,9	-142,1	-10,519	-2,107	5	0	5	0	0	0
626	626		DEL	chr1	218738754	chr1	218739582	828.0	True		False		5	0	5	-10,576	-2,208	-591,9	-210,2					5	0	5	0	0	0
14042	14042_1	14042_2	BND	chr1	233327537	chr2	32916230		True	True	False	True	5	0	5	-10,601	-2,118	-461,9	-113,2	-461,9	-113,2	-10,601	-2,118	5	0	5	0	0	0
14217	14217_1	14217_2	BND	chr1	236498143	chr5	160091475		True	True	False	True	6	0	6	-511,9	-96,2	-607,4	-142,0	-607,4	-142,0	-511,9	-96,2	5	0	5	1	0	1
7377	7377		DEL	chr10	8835325	chr10	8836037	712.0	True		False		5	0	5	-10,674	-2,227	-683,9	-230,2					5	0	5	0	0	0
7382	7382		DEL	chr10	9630306	chr10	9630950	644.0	True		False		5	0	5	-10,642	-2,224	-621,9	-215,2					5	0	5	0	0	0
7432	7432		DEL	chr10	23997010	chr10	23997570	560.0	True		False		6	0	6	-10,558	-2,124	-232,9	-104,2					6	0	6	0	0	0
20671	20671_1	20671_2	BND	chr10	38920107	chr17	26939960		True	True	False	True	8	0	8	-10,468	-2,88	-429,9	-48,3	-429,9	-48,3	-10,468	-2,88	7	0	7	1	0	1
7616	7616		DEL	chr10	41857216	chr10	41897199	39983.0	True		False		7	0	7	-10,507	-1,111	-550,9	-118,1					6	0	6	1	0	1
20724	20724_1	20724_2	BND	chr10	41863774	chr20	31058019		True	True	False	True	5	1	6	-10,9	-3,1	-10,9	-3,3	-10,9	-3,3	-10,9	-3,1	4	1	5	1	0	1
7697	7697		DEL	chr10	41869563	chr10	41914606	45043.0	True		False		5	0	5	-10,610	-1,131	-462,9	-99,2					5	0	5	0	0	0
7576	7576		DUP	chr10	41870567	chr10	41882086	11519.0	True		False		6	0	6	-477,9	-112,1	-10,333	-2,111					5	0	5	1	0	1
20791	20791_1	20791_2	BND	chr10	41870684	chrY	10999964		True	True	False	True	6	0	6	-10,532	-2,104	-10,581	-1,138	-10,581	-1,138	-10,532	-2,104	5	0	5	1	0	1
7691	7691		DUP	chr10	41881792	chr10	41914828	33036.0	True		False		8	0	8	-544,9	-93,2	-10,466	-1,100					7	0	7	1	0	1
7668	7668		DUP	chr10	41888655	chr10	41910960	22305.0	True		False		7	0	7	-612,9	-124,1	-10,504	-2,109					6	0	6	1	0	1
7720	7720		DUP	chr10	42070003	chr10	42086750	16747.0	True		False		5	0	5	-207,9	-94,2	-10,614	-2,129					5	0	5	0	0	0
7756	7756		DEL	chr10	52224521	chr10	52274165	49644.0	True		False		7	0	7	-10,438	-2,83	-584,9	-118,0					6	0	6	1	0	1
7774	7774		DEL	chr10	57497184	chr10	57498223	1039.0	True		False		6	0	6	-10,296	-2,77	-576,9	-122,0					5	0	5	1	0	1
20596	20596_1	20596_2	BND	chr10	70575257	chr12	71369276		True	True	False	True	5	2	7	-5,8	0,2	-10,9	-1,1	-10,9	-1,1	-5,8	0,2	4	2	6	1	0	1
20682	20682_1	20682_2	BND	chr10	73007964	chr17	34346394		True	True	False	True	6	0	6	-6,601	0,145	-10,503	0,105	-10,503	0,105	-6,601	0,145	6	0	6	0	0	0
7879	7879		DEL	chr10	103926170	chr10	103926770	600.0	True		False		6	0	6	-10,567	-2,158	-599,9	-149,2					5	0	5	1	0	1
7880	7880		DEL	chr10	104800962	chr10	104801574	612.0	True		False		5	0	5	-10,538	-2,155	-207,9	-115,2					5	0	5	0	0	0
7888	7888		DEL	chr10	106964581	chr10	106965325	744.0	True		False		5	0	5	-10,578	-2,208	-593,9	-210,2					5	0	5	0	0	0
7899	7899		DEL	chr10	115396053	chr10	115396456	403.0	True		False		6	0	6	-10,284	-2,111	-304,9	-112,2					5	0	5	1	0	1
7992	7992		DEL	chr11	424977	chr11	425198	221.0	True		False		6	0	6	-10,174	-3,54	-164,9	-59,3					5	0	5	1	0	1
8015	8015		DEL	chr11	3772587	chr11	3773133	546.0	True		False		3	3	6	-6,9	0,1	-10,8	-1,0					3	2	5	0	1	1
8053	8053		DEL	chr11	13102529	chr11	13103226	697.0	True		False		5	0	5	-10,587	-2,167	-282,9	-133,2					5	0	5	0	0	0
8072	8072		DEL	chr11	18554259	chr11	18554933	674.0	True		False		5	0	5	-10,563	-2,147	-482,9	-164,2					5	0	5	0	0	0
8106	8106		DEL	chr11	33746118	chr11	33746210	92.0	True		False		5	0	5	-10,90	-3,57	-18,9	-14,2					5	0	5	0	0	0
8148	8148		DEL	chr11	47271273	chr11	47272114	841.0	True		False		6	0	6	-10,639	-2,219	-550,9	-205,2					5	0	5	1	0	1
8174	8174		DEL	chr11	50010832	chr11	50011534	702.0	True		False		5	0	5	-10,596	-2,157	-547,9	-146,2					5	0	5	0	0	0
8227	8227		DUP	chr11	54384285	chr11	54415886	31601.0	True		False		10	0	10	-428,9	-100,1	-10,396	-2,90					9	0	9	1	0	1
8361	8361		DEL	chr11	91820331	chr11	91820952	621.0	True		False		5	0	5	-10,490	-2,144	-349,9	-143,2					5	0	5	0	0	0
8436	8436		DEL	chr11	122179119	chr11	122179519	400.0	True		False		5	0	5	-10,364	-2,118	-253,9	-104,2					5	0	5	0	0	0
8498	8498		DUP	chr12	11019664	chr12	11075387	55723.0	True		False		14	0	14	-507,9	-54,3	-9,381	0,101					13	0	13	1	0	1
8533	8533		DUP	chr12	11050596	chr12	11079207	28611.0	True		False		5	0	5	-408,9	-105,2	-10,452	-3,93					5	0	5	0	0	0
8535	8535		DEL	chr12	11054818	chr12	11083356	28538.0	True		False		7	0	7	-10,502	-2,101	-426,9	-80,2					7	0	7	0	0	0
8640	8640		DUP	chr12	36312659	chr12	36625154	312495.0	True		False		9	0	9	-413,9	-67,2	-10,429	-2,96					8	0	8	1	0	1
8656	8656		DEL	chr12	37336990	chr12	37337558	568.0	True		False		6	0	6	-10,498	-2,123	-146,9	-79,2					5	0	5	1	0	1
8667	8667		DEL	chr12	37796418	chr12	37796634	216.0	True		False		6	0	6	-10,74	-3,36	-126,9	-49,3					5	0	5	1	0	1
8720	8720		DEL	chr12	53621226	chr12	53621825	599.0	True		False		5	0	5	-10,392	-2,137	-598,9	-163,2					5	0	5	0	0	0
21314	21314_1	21314_2	BND	chr12	59147310	chr21	10785884		True	True	False	True	9	0	9	-474,9	-113,0	-639,9	-116,0	-639,9	-116,0	-474,9	-113,0	8	0	8	1	0	1
8775	8775		DEL	chr12	72612233	chr12	72613002	769.0	True		False		6	0	6	-10,705	-2,237	-608,9	-213,2					6	0	6	0	0	0
8784	8784		DEL	chr12	77268025	chr12	77268629	604.0	True		False		6	0	6	-10,565	-2,207	-603,9	-213,2					5	0	5	1	0	1
8825	8825		DEL	chr12	98200486	chr12	98201019	533.0	True		False		5	0	5	-10,384	-2,137	-464,9	-140,2					5	0	5	0	0	0
8828	8828		DEL	chr12	98937881	chr12	98938542	661.0	True		False		5	0	5	-10,659	-2,230	-570,9	-207,2					5	0	5	0	0	0
8900	8900		DEL	chr12	127013749	chr12	127014010	261.0	True		False		5	0	5	-10,193	-3,73	-221,9	-82,3					5	0	5	0	0	0
8970	8970		DUP	chr13	16000226	chr13	16017208	16982.0	True		False		6	0	6	-436,9	-77,3	-10,352	-2,75					5	0	5	1	0	1
8962	8962		DEL	chr13	16000636	chr13	16006271	5635.0	True		False		13	0	13	-10,304	-2,62	-370,7	-98,0					12	0	12	1	0	1
8979	8979		DUP	chr13	16010562	chr13	16021701	11139.0	True		False		12	0	12	-535,9	-87,2	-10,303	-2,67					11	0	11	1	0	1
8998	8998		DUP	chr13	16129399	chr13	16156851	27452.0	True		False		6	0	6	-588,9	-118,2	-10,544	-1,113					5	0	5	1	0	1
9006	9006		DEL	chr13	16136199	chr13	16175779	39580.0	True		False		7	0	7	-10,609	-1,116	-605,9	-116,1					6	0	6	1	0	1
9008	9008		DUP	chr13	16166515	chr13	16177665	11150.0	True		False		5	0	5	-337,9	-118,2	-10,152	-3,53					5	0	5	0	0	0
9040	9040		DEL	chr13	16170815	chr13	16224906	54091.0	True		False		10	0	10	-10,303	-2,74	-284,9	-39,3					9	0	9	1	0	1
9014	9014		DEL	chr13	16171511	chr13	16194468	22957.0	True		False		6	0	6	-3,0	-3,0	-315,9	-59,3					5	0	5	1	0	1
9037	9037		DEL	chr13	16195819	chr13	16215847	20028.0	True		False		6	0	6	-10,573	-1,132	-579,9	-126,0					5	0	5	1	0	1
21501	21501_1	21501_2	BND	chr13	16222176	chr15	17076110		True	True	False	True	6	0	6	-587,9	-125,1	-639,9	-134,1	-639,9	-134,1	-587,9	-125,1	5	0	5	1	0	1
9072	9072		DUP	chr13	16298456	chr13	16627948	329492.0	True		False		5	0	5	-593,9	-116,2	-10,606	-2,122					5	0	5	0	0	0
9085	9085		DEL	chr13	16527003	chr13	16906946	379943.0	True		False		6	0	6	-10,553	-2,118	-554,9	-85,2					5	0	5	1	0	1
9069	9069		DEL	chr13	16571231	chr13	16586283	15052.0	True		False		5	0	5	-10,411	-2,123	-673,9	-146,1					5	0	5	0	0	0
9087	9087		DUP	chr13	16844807	chr13	16918363	73556.0	True		False		5	0	5	-611,9	-128,0	-10,630	-1,139					5	0	5	0	0	0
9112	9112		DUP	chr13	16918129	chr13	17328236	410107.0	True		False		9	0	9	-463,9	-90,2	-10,435	-1,100					8	0	8	1	0	1
9134	9134		DEL	chr13	17645856	chr13	17952729	306873.0	True		False		5	0	5	-10,607	-2,122	-615,9	-116,2					5	0	5	0	0	0
9135	9135		DUP	chr13	17775577	chr13	17971558	195981.0	True		False		5	0	5	-612,9	-125,2	-10,615	-2,135					5	0	5	0	0	0
9238	9238		DEL	chr13	41211854	chr13	41212345	491.0	True		False		5	0	5	-10,431	-3,82	-309,9	-73,3					5	0	5	0	0	0
9261	9261		DEL	chr13	49662650	chr13	49662837	187.0	True		False		5	0	5	-10,93	-3,46	-104,9	-60,2					5	0	5	0	0	0
9287	9287		DEL	chr13	63014061	chr13	63014621	560.0	True		False		5	0	5	-10,558	-2,146	-534,9	-168,2					5	0	5	0	0	0
21536	21536_1	21536_2	BND	chr13	63059700	chr17	22127552		True	True	False	True	12	0	12	-10,636	-1,95	-10,451	-2,67	-10,451	-2,67	-10,636	-1,95	11	0	11	1	0	1
9294	9294		DEL	chr13	64504891	chr13	64505591	700.0	True		False		5	0	5	-10,648	-2,170	-652,9	-167,2					5	0	5	0	0	0
9390	9390		DEL	chr13	103300249	chr13	103300263	14.0	True		False		1	5	6	-8,6	-1,0	-7,6	0,0					1	4	5	0	1	1
21829	21829_1	21829_2	BND	chr14	16093478	chr22	11212346		True	True	False	True	5	0	5	-10,337	0,123	0,0	0,0	0,0	0,0	-10,337	0,123	5	0	5	0	0	0
21778	21778_1	21778_2	BND	chr14	16129867	chr15	17057849		True	True	False	True	5	0	5	-10,562	-2,115	-9,649	0,155	-9,649	0,155	-10,562	-2,115	5	0	5	0	0	0
21819	21819_1	21819_2	BND	chr14	16138465	chr20	28772281		True	True	False	True	6	0	6	-441,9	-118,2	-10,526	-2,100	-10,526	-2,100	-441,9	-118,2	5	0	5	1	0	1
21822	21822_1	21822_2	BND	chr14	45855214	chr20	6368291		True	True	False	True	7	0	7	-580,9	-106,2	-582,9	-121,1	-582,9	-121,1	-580,9	-106,2	6	0	6	1	0	1
9516	9516		DEL	chr14	47347577	chr14	47348319	742.0	True		False		5	0	5	-10,664	-2,225	-660,9	-223,2					5	0	5	0	0	0
9540	9540		DEL	chr14	53500686	chr14	53501439	753.0	True		False		5	0	5	-10,589	-2,210	-679,9	-229,2					5	0	5	0	0	0
9558	9558		DEL	chr14	62483732	chr14	62484299	567.0	True		False		5	0	5	-10,533	-2,152	-450,9	-139,2					5	0	5	0	0	0
9586	9586		DEL	chr14	70868794	chr14	70869305	511.0	True		False		5	0	5	-10,267	-3,82	-105,9	-60,2					5	0	5	0	0	0
9738	9738		DEL	chr15	17752165	chr15	18341485	589320.0	True		False		8	0	8	-10,501	-1,121	-591,9	-82,2					7	0	7	1	0	1
9739	9739		DUP	chr15	18361395	chr15	18405717	44322.0	True		False		6	0	6	-619,9	-130,1	-10,560	-1,120					5	0	5	1	0	1
9820	9820		DEL	chr15	34638551	chr15	34638874	323.0	False		False		4	6	10	-5,4	0,0	-6,5	0,0					4	5	9	0	1	1
9885	9885		DEL	chr15	60429210	chr15	60429994	784.0	True		False		5	0	5	-10,640	-2,219	-714,9	-239,2					5	0	5	0	0	0
9939	9939		DEL	chr15	78593428	chr15	78593970	542.0	True		False		5	0	5	-10,454	-2,144	-450,9	-142,2					5	0	5	0	0	0
10418	10418_1	10418_2	BND	chr16	15025068	chr16	70015619		True	True	False	True	6	0	6	-10,536	-1,107	-10,517	-2,94	-10,517	-2,94	-10,536	-1,107	5	0	5	1	0	1
10071	10071		DEL	chr16	17736234	chr16	17909482	173248.0	True		False		6	0	6	-10,511	-2,105	-446,9	-83,2					5	0	5	1	0	1
10088	10088		DEL	chr16	22621585	chr16	22622184	599.0	True		False		5	0	5	-10,417	-2,138	-528,9	-161,2					5	0	5	0	0	0
10098	10098		DEL	chr16	23653752	chr16	23654596	844.0	True		False		5	0	5	-10,716	-2,367	-717,9	-367,2					5	0	5	0	0	0
22165	22165_1	22165_2	BND	chr16	34097181	chrY	56836636		True	True	False	True	6	0	6	-9,582	0,138	-369,9	-90,2	-369,9	-90,2	-9,582	0,138	5	0	5	1	0	1
22143	22143_1	22143_2	BND	chr16	34166439	chr20	30924781		True	True	False	True	7	0	7	-265,9	-86,2	-10,361	-2,73	-10,361	-2,73	-265,9	-86,2	6	0	6	1	0	1
22145	22145_1	22145_2	BND	chr16	34170866	chr20	30928578		True	True	False	True	5	0	5	-10,639	-1,143	-600,9	-128,2	-600,9	-128,2	-10,639	-1,143	5	0	5	0	0	0
10180	10180		INV	chr16	34582924	chr16	34595543	12619.0	True		False		6	0	6	-503,26	-108,26	-11,3	-10,3					5	0	5	1	0	1
10205	10205		DEL	chr16	36379396	chr16	37020319	640923.0	True		False		6	0	6	-10,545	-2,107	-666,9	-127,1					6	0	6	0	0	0
10217	10217		DUP	chr16	37729253	chr16	38120974	391721.0	True		False		6	0	6	-565,9	-114,2	-10,548	-2,100					5	0	5	1	0	1
10340	10340		DUP	chr16	46388944	chr16	46401566	12622.0	True		False		5	0	5	-691,9	-148,1	-10,632	-1,137					5	0	5	0	0	0
10348	10348		DUP	chr16	46986341	chr16	46995869	9528.0	True		False		17	3	20	-10,9	-1,0	-10,9	-1,1					17	3	20	0	0	0
10400	10400		DEL	chr16	66101111	chr16	66101606	495.0	True		False		5	0	5	-10,9	-2,9	-241,9	-89,3					5	0	5	0	0	0
22121	22121_1	22121_2	BND	chr16	90095436	chr18	48153		True	True	False	True	7	0	7	-10,371	-2,93	-10,497	-2,103	-10,497	-2,103	-10,371	-2,93	6	0	6	1	0	1
22392	22392_1	22392_2	BND	chr17	21881157	chrY	11673794		True	True	False	True	8	0	8	-616,9	-98,1	-5,96	0,69	-5,96	0,69	-616,9	-98,1	7	0	7	1	0	1
22381	22381_1	22381_2	BND	chr17	21976488	chrY	10999958		True	True	False	True	6	0	6	-6,601	0,145	-10,599	-1,141	-10,599	-1,141	-6,601	0,145	6	0	6	0	0	0
10658	10658		DUP	chr17	21986653	chr17	21988783	2130.0	True		False		5	0	5	-436,9	-107,2	-10,644	-1,153					5	0	5	0	0	0
10737	10737_1	10737_2	BND	chr17	23190270	chr17	26885701		True	True	False	True	6	0	6	-630,9	-139,1	-612,9	-131,0	-612,9	-131,0	-630,9	-139,1	6	0	6	0	0	0
10589	10589		DEL	chr17	25151361	chr17	25920089	768728.0	True		False		6	0	6	-10,571	-1,129	-626,9	-123,1					5	0	5	1	0	1
10590	10590		DEL	chr17	25836676	chr17	25920105	83429.0	True		False		6	0	6	-10,489	-3,81	-578,9	-122,1					5	0	5	1	0	1
10688	10688		DUP	chr17	25920131	chr17	26522316	602185.0	True		False		5	0	5	-676,9	-137,1	-10,517	-2,101					5	0	5	0	0	0
10695	10695		DEL	chr17	26299573	chr17	26603662	304089.0	True		False		6	0	6	-10,203	-3,53	-530,9	-105,2					5	0	5	1	0	1
10700	10700		DUP	chr17	26607128	chr17	26609527	2399.0	True		False		8	0	8	-590,9	-95,1	-10,424	-2,75					7	0	7	1	0	1
10721	10721		DUP	chr17	26806016	chr17	26812010	5994.0	True		False		9	0	9	-545,9	-77,2	-10,347	-3,62					8	0	8	1	0	1
22398	22398_1	22398_2	BND	chr17	26876851	chrY	11733339		True	True	False	True	8	0	8	-306,9	-70,3	-10,612	-1,118	-10,612	-1,118	-306,9	-70,3	7	0	7	1	0	1
22347	22347_1	22347_2	BND	chr17	26879217	chr21	7950588		True	True	False	True	5	0	5	-646,9	-137,1	-447,9	-104,2	-447,9	-104,2	-646,9	-137,1	5	0	5	0	0	0
10838	10838		DEL	chr17	48743791	chr17	48745012	1221.0	True		False		5	0	5	-10,716	-2,367	-717,9	-367,2					5	0	5	0	0	0
10857	10857		DEL	chr17	53426667	chr17	53427341	674.0	True		False		5	0	5	-10,540	-2,149	-649,9	-175,2					5	0	5	0	0	0
10862	10862		DEL	chr17	53931166	chr17	53931283	117.0	True		False		5	0	5	-10,83	-3,48	-10,9	-9,2					5	0	5	0	0	0
10875	10875		DEL	chr17	58421101	chr17	58421290	189.0	True		False		5	0	5	-10,103	-2,59	-31,9	-24,2					5	0	5	0	0	0
10906	10906		DEL	chr17	64370658	chr17	64371424	766.0	True		False		6	0	6	-10,695	-2,234	-681,9	-229,2					6	0	6	0	0	0
10917	10917		DEL	chr17	66935831	chr17	66935967	136.0	True		False		5	0	5	-10,123	-3,55	-91,9	-53,3					5	0	5	0	0	0
10974	10974		DEL	chr17	80391297	chr17	80391979	682.0	True		False		5	0	5	-10,661	-2,177	-481,9	-141,2					5	0	5	0	0	0
10976	10976		DUP	chr17	80743697	chr17	80744961	1264.0	True		False		5	0	5	-338,9	-75,3	-10,112	-3,48					5	0	5	0	0	0
10991	10991		DEL	chr17	82246635	chr17	82247274	639.0	True		False		6	0	6	-10,634	-2,157	-465,9	-152,2					5	0	5	1	0	1
10992	10992		DEL	chr17	82656805	chr17	82657308	503.0	True		False		5	0	5	-10,496	-2,142	-502,9	-151,2					5	0	5	0	0	0
22592	22592_1	22592_2	BND	chr18	109903	chrY	11310248		True	True	False	True	6	0	6	-225,9	-72,2	-189,9	-70,3	-189,9	-70,3	-225,9	-72,2	5	0	5	1	0	1
11051	11051		DEL	chr18	15405072	chr18	15409204	4132.0	True		False		5	0	5	-10,555	-2,151	-493,9	-165,2					5	0	5	0	0	0
11053	11053		DEL	chr18	15465183	chr18	15560679	95496.0	True		False		5	0	5	-10,635	-2,130	-400,9	-132,2					5	0	5	0	0	0
11073	11073		DEL	chr18	20586880	chr18	20590980	4100.0	True		False		6	0	6	-10,582	-1,124	-655,9	-118,2					6	0	6	0	0	0
11128	11128		DEL	chr18	43254988	chr18	43255271	283.0	True		False		6	0	6	-10,278	-2,126	-271,9	-121,2					5	0	5	1	0	1
11192	11192		DEL	chr18	64449154	chr18	64449559	405.0	True		False		6	0	6	-10,240	-3,55	-330,9	-81,2					5	0	5	1	0	1
11387	11387_1	11387_2	BND	chr19	20618421	chr19	20701087		True	True	False	True	14	0	14	-10,280	-3,47	-10,292	-2,55	-10,292	-2,55	-10,280	-3,47	13	0	13	1	0	1
11406	11406		DUP	chr19	22069637	chr19	22302407	232770.0	True		False		10	0	10	-453,2	-121,0	-10,375	-2,58					9	0	9	1	0	1
11440	11440		DEL	chr19	24384507	chr19	24384874	367.0	True		False		5	0	5	-10,94	-3,48	-196,9	-71,3					5	0	5	0	0	0
11457	11457		DEL	chr19	27380875	chr19	27382305	1430.0	True		False		9	0	9	-10,45	-3,20	-247,9	-37,3					8	0	8	1	0	1
11468	11468		DEL	chr19	28559451	chr19	28559581	130.0	True		False		6	0	6	-10,91	-3,40	-129,9	-62,3					6	0	6	0	0	0
11518	11518		DEL	chr19	39299464	chr19	39300071	607.0	True		False		5	0	5	-10,605	-2,159	-384,9	-141,2					5	0	5	0	0	0
11589	11589		DUP	chr19	52619052	chr19	52888200	269148.0	True		False		6	0	6	-578,9	-113,2	-10,591	-1,132					6	0	6	0	0	0
746	746		DEL	chr2	375659	chr2	376209	550.0	True		False		6	0	6	-10,505	-2,144	-452,9	-146,2					5	0	5	1	0	1
775	775		DEL	chr2	2865421	chr2	2865924	503.0	True		False		5	0	5	-10,245	-3,68	-424,9	-123,2					5	0	5	0	0	0
2164	2164_1	2164_2	BND	chr2	3416529	chr2	32916231		True	True	False	True	5	0	5	-123,9	-58,3	-483,9	-101,2	-483,9	-101,2	-123,9	-58,3	5	0	5	0	0	0
15355	15355_1	15355_2	BND	chr2	5488558	chr9	114890950		True	True	False	True	6	0	6	-8,576	0,131	-613,9	-126,1	-613,9	-126,1	-8,576	0,131	5	0	5	1	0	1
789	789		DEL	chr2	6113009	chr2	6113693	684.0	True		False		7	0	7	-10,505	-2,159	-683,9	-188,1					6	0	6	1	0	1
829	829		DEL	chr2	9232418	chr2	9233123	705.0	True		False		5	0	5	-10,577	-2,208	-690,9	-232,2					5	0	5	0	0	0
843	843		DUP	chr2	11455981	chr2	11823096	367115.0	False		False		8	9	17	-4,1	0,0	-10,9	0,0					8	9	17	0	0	0
852	852		DEL	chr2	14333290	chr2	14333558	268.0	True		False		6	0	6	-10,227	-3,90	-221,9	-97,2					6	0	6	0	0	0
856	856		DEL	chr2	15298503	chr2	15299142	639.0	True		False		62	0	62	-10,267	-2,58	-491,9	-55,2					62	0	62	0	0	0
857	857		DEL	chr2	15299937	chr2	15300441	504.0	True		False		53	0	53	-10,161	-3,23	-250,9	-19,3					53	0	53	0	0	0
858	858		DEL	chr2	15301330	chr2	15302001	671.0	True		False		61	0	61	-10,297	-2,59	-422,9	-53,1					61	0	61	0	0	0
802	802		DEL	chr2	15302122	chr2	15302549	427.0	True		False		36	1	37	-10,9	-2,3	-10,9	-3,3					36	1	37	0	0	0
859	859		DEL	chr2	15303802	chr2	15304260	458.0	True		False		16	0	16	-10,337	-3,50	-357,9	-50,3					16	0	16	0	0	0
860	860		DEL	chr2	15304632	chr2	15305292	660.0	True		False		46	0	46	-10,308	-2,56	-351,9	-69,2					45	0	45	1	0	1
861	861		DEL	chr2	15306225	chr2	15306680	455.0	True		False		47	0	47	-10,158	-3,21	-176,9	-23,3					47	0	47	0	0	0
862	862		DEL	chr2	15306764	chr2	15307218	454.0	True		False		54	1	55	-10,9	-2,3	-10,9	-3,3					54	1	55	0	0	0
863	863		DEL	chr2	15308744	chr2	15309334	590.0	True		False		48	0	48	-10,468	-3,42	-372,9	-45,3					48	0	48	0	0	0
865	865		DEL	chr2	15310721	chr2	15311290	569.0	True		False		50	0	50	-10,194	-2,30	-386,9	-27,3					50	0	50	0	0	0
866	866		DEL	chr2	15312134	chr2	15312197	63.0	True		False		9	0	9	-10,12	-3,9	-62,9	-45,2					9	0	9	0	0	0
867	867		DEL	chr2	15313032	chr2	15313475	443.0	True		False		52	0	52	-10,189	-3,24	-186,9	-23,3					52	0	52	0	0	0
868	868		DEL	chr2	15314389	chr2	15314591	202.0	True		False		53	0	53	-10,151	-3,20	-156,9	-16,4					52	0	52	1	0	1
869	869		DEL	chr2	15315202	chr2	15315921	719.0	True		False		66	0	66	-10,250	-3,39	-288,9	-57,2					66	0	66	0	0	0
870	870		DEL	chr2	15316326	chr2	15316900	574.0	True		False		26	0	26	-10,334	-1,63	-299,9	-45,3					26	0	26	0	0	0
871	871		DEL	chr2	15317685	chr2	15317964	279.0	True		False		36	0	36	-10,161	-3,20	-39,9	-18,3					35	0	35	1	0	1
872	872		DEL	chr2	15319730	chr2	15320166	436.0	True		False		49	0	49	-10,220	-3,31	-358,9	-30,3					49	0	49	0	0	0
873	873		DEL	chr2	15320141	chr2	15320857	716.0	True		False		31	0	31	-10,504	-2,100	-624,9	-110,2					31	0	31	0	0	0
874	874		DEL	chr2	15322206	chr2	15322810	604.0	True		False		36	0	36	-10,352	-3,51	-372,9	-57,3					36	0	36	0	0	0
875	875		DEL	chr2	15324575	chr2	15325199	624.0	True		False		52	0	52	-10,207	-3,41	-264,9	-51,1					51	0	51	1	0	1
876	876		DEL	chr2	15325468	chr2	15325967	499.0	True		False		51	0	51	-10,147	-3,21	-163,9	-20,3					51	0	51	0	0	0
877	877		DEL	chr2	15326846	chr2	15327561	715.0	True		False		84	0	84	-10,305	-1,72	-283,9	-54,2					84	0	84	0	0	0
878	878		DEL	chr2	15330048	chr2	15330716	668.0	True		False		82	0	82	-10,317	-1,63	-593,9	-73,2					82	0	82	0	0	0
879	879		DEL	chr2	15331016	chr2	15331704	688.0	True		False		57	0	57	-10,319	-2,67	-374,9	-45,3					56	0	56	1	0	1
880	880		DEL	chr2	15332361	chr2	15332733	372.0	True		False		78	0	78	-10,334	-3,45	-371,9	-46,3					78	0	78	0	0	0
881	881		DEL	chr2	15333269	chr2	15333731	462.0	True		False		38	0	38	-10,149	-2,18	-93,9	-19,3					38	0	38	0	0	0
797	797		DEL	chr2	15334187	chr2	15334480	293.0	True		False		57	1	58	0,9	0,9	-10,9	-3,3					56	1	57	1	0	1
882	882		DEL	chr2	15335754	chr2	15336211	457.0	True		False		21	0	21	-10,170	-3,21	-206,9	-28,3					21	0	21	0	0	0
883	883		DEL	chr2	15336467	chr2	15336592	125.0	True		False		49	2	51	-8,9	-1,2	-8,9	-1,2					49	2	51	0	0	0
884	884		DEL	chr2	15338428	chr2	15338965	537.0	True		False		61	0	61	-10,169	-2,22	-257,9	-29,2					61	0	61	0	0	0
885	885		DEL	chr2	15339824	chr2	15340788	964.0	True		False		90	0	90	-10,666	-2,225	-702,9	-235,2					90	0	90	0	0	0
886	886		DEL	chr2	15340712	chr2	15341234	522.0	True		False		71	0	71	-10,163	-3,25	-161,9	-21,3					71	0	71	0	0	0
887	887		DEL	chr2	15342276	chr2	15342391	115.0	True		False		19	0	19	-10,104	-4,15	-91,9	-18,3					19	0	19	0	0	0
888	888		DEL	chr2	15342619	chr2	15343020	401.0	False		False		28	6	34	-10,9	0,0	-6,5	0,0					28	6	34	0	0	0
889	889		DEL	chr2	15343599	chr2	15344001	402.0	True		False		85	1	86	-9,4	-3,3	-10,9	-3,3					85	1	86	0	0	0
890	890		DEL	chr2	15345026	chr2	15345529	503.0	True		False		7	0	7	-10,447	-3,68	-482,9	-73,3					7	0	7	0	0	0
891	891		DEL	chr2	15345758	chr2	15345842	84.0	True		False		48	1	49	-10,9	-3,3	-10,9	-3,3					48	1	49	0	0	0
892	892		DEL	chr2	15347631	chr2	15348410	779.0	True		False		71	0	71	-10,349	-2,62	-584,9	-83,2					70	0	70	1	0	1
893	893		DEL	chr2	15348369	chr2	15348800	431.0	True		False		16	0	16	-10,276	-3,37	-162,9	-25,3					15	0	15	1	0	1
894	894		DEL	chr2	15349098	chr2	15349144	46.0	True		False		64	1	65	-10,9	-3,3	-10,9	-3,3					64	1	65	0	0	0
803	803		DEL	chr2	15351445	chr2	15352029	584.0	True		False		67	0	67	-10,168	-3,26	-172,9	-23,3					66	0	66	1	0	1
896	896		DEL	chr2	15352270	chr2	15352816	546.0	True		False		65	0	65	-10,385	-3,30	-203,9	-27,2					65	0	65	0	0	0
897	897		DEL	chr2	15353723	chr2	15354393	670.0	True		False		65	0	65	-10,205	-3,37	-124,9	-32,3					64	0	64	1	0	1
898	898		DEL	chr2	15355623	chr2	15355996	373.0	True		False		68	0	68	-10,76	-1,13	-119,9	-13,4					68	0	68	0	0	0
899	899		DEL	chr2	15356808	chr2	15357461	653.0	True		False		99	0	99	-10,209	-2,39	-215,9	-32,2					99	0	99	0	0	0
900	900		DEL	chr2	15357579	chr2	15358088	509.0	True		False		43	0	43	-10,221	-3,31	-364,9	-33,2					43	0	43	0	0	0
901	901		DEL	chr2	15358789	chr2	15359660	871.0	True		False		59	0	59	-10,590	-2,126	-685,9	-145,1					58	0	58	1	0	1
902	902		DEL	chr2	15359963	chr2	15360700	737.0	True		False		49	0	49	-10,362	-3,61	-421,9	-71,1					48	0	48	1	0	1
903	903		DEL	chr2	15361134	chr2	15361664	530.0	True		False		12	0	12	-10,250	-3,47	-186,9	-30,3					12	0	12	0	0	0
905	905		DEL	chr2	15361780	chr2	15362401	621.0	False		False		19	4	23	-10,9	0,0	-9,8	0,0					19	4	23	0	0	0
908	908		DEL	chr2	15362887	chr2	15363420	533.0	True		False		60	0	60	-10,163	-3,26	-145,9	-19,3					60	0	60	0	0	0
909	909		DEL	chr2	15364396	chr2	15364465	69.0	True		False		37	2	39	-10,9	-1,1	-10,9	-1,1					37	2	39	0	0	0
910	910		DEL	chr2	15366088	chr2	15366560	472.0	True		False		58	0	58	-10,164	-3,23	-126,9	-24,3					58	0	58	0	0	0
804	804		DEL	chr2	15367670	chr2	15367817	147.0	True		False		58	0	58	-10,104	-4,12	-112,9	-12,4					58	0	58	0	0	0
911	911		DEL	chr2	15368217	chr2	15368854	637.0	True		False		15	0	15	-10,274	-2,49	-431,9	-38,3					15	0	15	0	0	0
912	912		DEL	chr2	15368916	chr2	15368993	77.0	True		False		50	1	51	-5,9	-1,6	-3,9	-2,4					49	1	50	1	0	1
913	913		DEL	chr2	15370362	chr2	15371522	1160.0	True		False		63	0	63	-10,656	-2,223	-708,9	-237,2					63	0	63	0	0	0
914	914		DEL	chr2	15372090	chr2	15373069	979.0	True		False		81	0	81	-10,716	-2,367	-717,9	-367,2					81	0	81	0	0	0
915	915		DEL	chr2	15373291	chr2	15373595	304.0	True		False		52	0	52	-10,13	-2,8	-167,9	-12,4					52	0	52	0	0	0
916	916		DEL	chr2	15374454	chr2	15375095	641.0	True		False		98	0	98	-10,152	-3,25	-160,8	-27,1					98	0	98	0	0	0
1591	1591_1	1591_2	BND	chr2	15375575	chr2	16159646		True	True	False	True	7	0	7	-631,9	-114,1	-213,9	-86,2	-213,9	-86,2	-631,9	-114,1	7	0	7	0	0	0
917	917		DEL	chr2	15376001	chr2	15376545	544.0	True		False		47	0	47	-10,151	-3,25	-181,9	-25,3					47	0	47	0	0	0
918	918		DEL	chr2	15376563	chr2	15377532	969.0	True		False		76	0	76	-10,292	-1,113	-417,9	-96,1					76	0	76	0	0	0
919	919		DEL	chr2	15377973	chr2	15378559	586.0	True		False		76	0	76	-10,179	-3,28	-175,9	-24,3					75	0	75	1	0	1
1331	1331_1	1331_2	BND	chr2	15379023	chr2	15890168		False	False	False	True	3	4	7	-10,9	0,0	-10,9	0,0	-10,9	0,0	-10,9	0,0	3	4	7	0	0	0
920	920		DEL	chr2	15379890	chr2	15380498	608.0	True		False		57	0	57	-10,254	-3,42	-200,9	-40,3					57	0	57	0	0	0
921	921		DEL	chr2	15381634	chr2	15382121	487.0	True		False		72	0	72	-10,205	-3,25	-401,9	-25,3					71	0	71	1	0	1
1043	1043_1	1043_2	BND	chr2	15381963	chr2	15541869		True	True	False	True	5	0	5	-7,664	0,156	-10,550	-2,121	-10,550	-2,121	-7,664	0,156	5	0	5	0	0	0
922	922		DEL	chr2	15382195	chr2	15382842	647.0	True		False		63	0	63	-10,222	-3,39	-235,9	-44,1					63	0	63	0	0	0
924	924		DEL	chr2	15383361	chr2	15383479	118.0	True		False		18	2	20	-10,9	-1,1	-10,9	-1,1					18	2	20	0	0	0
805	805		DEL	chr2	15384075	chr2	15384137	62.0	True		False		55	1	56	-10,9	-3,3	-10,9	-2,4					54	1	55	1	0	1
925	925		DEL	chr2	15385686	chr2	15386124	438.0	True		False		84	0	84	-10,123	-2,15	-171,9	-15,2					84	0	84	0	0	0
926	926		DEL	chr2	15386945	chr2	15387188	243.0	True		False		35	0	35	-10,92	-4,10	-109,9	-12,4					35	0	35	0	0	0
928	928		DEL	chr2	15387346	chr2	15387877	531.0	True		False		33	3	36	0,9	0,1	-10,9	-1,1					32	3	35	1	0	1
930	930		DEL	chr2	15390923	chr2	15391498	575.0	True		False		43	0	43	-10,242	-3,42	-236,9	-33,3					42	0	42	1	0	1
931	931		DEL	chr2	15391894	chr2	15391965	71.0	True		False		41	0	41	-10,69	-4,11	-70,9	-15,4					40	0	40	1	0	1
932	932		DEL	chr2	15392912	chr2	15392980	68.0	True		False		18	1	19	-10,9	-3,3	-10,9	-2,4					18	1	19	0	0	0
933	933		DEL	chr2	15393353	chr2	15393676	323.0	True		False		44	1	45	-10,9	-3,3	-10,9	-3,3					44	1	45	0	0	0
934	934		DEL	chr2	15394987	chr2	15395490	503.0	True		False		35	0	35	-10,111	-3,33	-276,9	-29,3					35	0	35	0	0	0
935	935		DEL	chr2	15396186	chr2	15396854	668.0	True		False		62	0	62	-10,244	-2,40	-491,9	-53,3					61	0	61	1	0	1
936	936		DEL	chr2	15397420	chr2	15397482	62.0	True		False		61	1	62	-10,7	-4,2	-10,9	-2,5					60	1	61	1	0	1
937	937		DEL	chr2	15399041	chr2	15399605	564.0	True		False		80	0	80	-10,135	-3,18	-281,9	-27,3					80	0	80	0	0	0
806	806		DEL	chr2	15400276	chr2	15400796	520.0	True		False		84	0	84	-10,152	-3,20	-215,9	-20,3					84	0	84	0	0	0
938	938		DEL	chr2	15401888	chr2	15402389	501.0	True		False		69	0	69	-10,167	-1,24	-164,9	-20,3					69	0	69	0	0	0
939	939		DEL	chr2	15403209	chr2	15403955	746.0	True		False		64	0	64	-10,347	-2,70	-385,9	-75,1					64	0	64	0	0	0
941	941		DEL	chr2	15403993	chr2	15404619	626.0	True		False		64	2	66	-10,9	-1,1	-10,9	-1,1					64	2	66	0	0	0
942	942		DEL	chr2	15406184	chr2	15406921	737.0	True		False		70	0	70	-10,266	-2,52	-267,9	-42,3					70	0	70	0	0	0
943	943		DEL	chr2	15407557	chr2	15408454	897.0	True		False		89	0	89	-10,527	-2,111	-559,8	-125,1					89	0	89	0	0	0
944	944		DEL	chr2	15408185	chr2	15408925	740.0	True		False		75	1	76	-5,9	-1,6	-10,9	-3,1					75	1	76	0	0	0
945	945		DEL	chr2	15409639	chr2	15410136	497.0	True		False		23	0	23	-10,246	-3,37	-245,9	-33,3					22	0	22	1	0	1
946	946		DEL	chr2	15410994	chr2	15411277	283.0	True		False		35	0	35	-10,134	-3,18	-120,9	-18,3					34	0	34	1	0	1
1378	1378_1	1378_2	BND	chr2	15411077	chr2	15945906		False	False	False	True	38	19	57	-2,0	0,0	-2,0	0,0	-2,0	0,0	-2,0	0,0	38	19	57	0	0	0
947	947		DEL	chr2	15411753	chr2	15412851	1098.0	True		False		82	0	82	-10,525	-2,124	-697,9	-167,0					81	0	81	1	0	1
948	948		DEL	chr2	15412778	chr2	15413373	595.0	True		False		74	1	75	-9,3	-1,3	-10,9	-3,3					74	1	75	0	0	0
1065	1065_1	1065_2	BND	chr2	15413677	chr2	15565578		True	True	False	True	39	28	67	-2,0	0,0	0,0	0,1	0,0	0,1	-2,0	0,0	39	28	67	0	0	0
949	949		DEL	chr2	15415264	chr2	15415892	628.0	True		False		66	0	66	-10,484	-3,37	-259,9	-43,3					66	0	66	0	0	0
950	950		DEL	chr2	15415737	chr2	15416177	440.0	True		False		16	0	16	-10,222	-3,28	-368,9	-32,3					16	0	16	0	0	0
807	807		DEL	chr2	15416337	chr2	15416503	166.0	True		False		60	2	62	-6,9	-1,3	-10,9	-1,1					60	2	62	0	0	0
951	951		DEL	chr2	15418375	chr2	15418916	541.0	True		False		63	0	63	-10,159	-3,24	-261,9	-22,3					63	0	63	0	0	0
964	964		DUP	chr2	15418836	chr2	15434727	15891.0	True		False		3	2	5	-10,9	-1,1	-10,9	-1,1					3	2	5	0	0	0
952	952		DEL	chr2	15419360	chr2	15419393	33.0	True		False		10	2	12	-10,9	-1,1	-10,7	-3,1					10	2	12	0	0	0
953	953		DEL	chr2	15419836	chr2	15419955	119.0	True		False		59	1	60	-10,9	-3,3	-10,9	-3,3					59	1	60	0	0	0
2158	2158_1	2158_2	BND	chr2	15420671	chr2	32916403		True	True	False	True	5	0	5	-31,9	-22,2	-676,9	-149,0	-676,9	-149,0	-31,9	-22,2	5	0	5	0	0	0
954	954		DEL	chr2	15421655	chr2	15422293	638.0	True		False		73	0	73	-10,452	-3,33	-224,9	-35,2					73	0	73	0	0	0
955	955		DEL	chr2	15423464	chr2	15424281	817.0	True		False		93	0	93	-10,502	-2,105	-457,9	-87,2					93	0	93	0	0	0
956	956		DEL	chr2	15424191	chr2	15424733	542.0	True		False		74	0	74	-10,126	-2,20	-227,9	-19,3					74	0	74	0	0	0
957	957		DEL	chr2	15425393	chr2	15425939	546.0	True		False		39	0	39	-10,142	-3,20	-303,9	-25,3					39	0	39	0	0	0
958	958		DEL	chr2	15426668	chr2	15427241	573.0	True		False		67	0	67	-10,208	-3,31	-376,9	-31,2					67	0	67	0	0	0
959	959		DEL	chr2	15428032	chr2	15428336	304.0	True		False		19	0	19	-10,116	-4,17	-212,9	-28,3					19	0	19	0	0	0
960	960		DEL	chr2	15428770	chr2	15428831	61.0	True		False		37	1	38	-10,9	-3,3	-10,9	-3,3					37	1	38	0	0	0
961	961		DEL	chr2	15430361	chr2	15430796	435.0	True		False		15	0	15	-10,385	-3,35	-427,9	-34,3					15	0	15	0	0	0
962	962		DEL	chr2	15431856	chr2	15432352	496.0	True		False		57	0	57	-10,191	-3,27	-301,9	-27,3					57	0	57	0	0	0
963	963		DEL	chr2	15432495	chr2	15433044	549.0	True		False		46	1	47	-10,9	-3,3	-10,9	-3,3					45	1	46	1	0	1
966	966		DEL	chr2	15435003	chr2	15435270	267.0	True		False		70	1	71	-8,9	-1,3	-10,9	-2,4					70	1	71	0	0	0
967	967		DEL	chr2	15436191	chr2	15436767	576.0	True		False		69	0	69	-10,47	-3,25	-228,9	-41,3					69	0	69	0	0	0
968	968		DEL	chr2	15437540	chr2	15437980	440.0	True		False		21	0	21	-10,163	-3,22	-186,9	-23,3					21	0	21	0	0	0
969	969		DEL	chr2	15438259	chr2	15438312	53.0	True		False		23	1	24	-10,9	-3,3	-10,9	-3,3					23	1	24	0	0	0
970	970		DEL	chr2	15446297	chr2	15446816	519.0	True		False		73	0	73	-10,147	-3,20	-165,9	-21,3					72	0	72	1	0	1
971	971		DEL	chr2	15447922	chr2	15448528	606.0	True		False		76	0	76	-10,160	-3,22	-205,9	-37,1					76	0	76	0	0	0
972	972		DEL	chr2	15449421	chr2	15449928	507.0	True		False		78	0	78	-10,376	-3,22	-418,9	-25,3					78	0	78	0	0	0
973	973		DEL	chr2	15450559	chr2	15450882	323.0	True		False		48	0	48	-10,95	-4,16	-151,9	-19,3					47	0	47	1	0	1
974	974		DEL	chr2	15451751	chr2	15452398	647.0	True		False		36	0	36	-10,313	-2,68	-363,9	-64,2					36	0	36	0	0	0
975	975		DEL	chr2	15452308	chr2	15452600	292.0	True		False		46	4	50	-8,9	0,1	-9,8	0,0					45	4	49	1	0	1
976	976		DEL	chr2	15453774	chr2	15454124	350.0	True		False		55	0	55	-10,118	-2,14	-75,9	-13,1					55	0	55	0	0	0
977	977		DEL	chr2	15455618	chr2	15456115	497.0	True		False		77	0	77	-10,145	-3,19	-208,9	-16,3					77	0	77	0	0	0
978	978		DEL	chr2	15457075	chr2	15457622	547.0	True		False		69	0	69	-10,208	-2,35	-319,9	-28,3					69	0	69	0	0	0
979	979		DEL	chr2	15458157	chr2	15458697	540.0	True		False		47	0	47	-10,204	-3,31	-212,9	-29,3					47	0	47	0	0	0
980	980		DEL	chr2	15459385	chr2	15459643	258.0	True		False		81	0	81	-10,62	-2,7	-87,9	-8,5					80	0	80	1	0	1
981	981		DEL	chr2	15460536	chr2	15461155	619.0	True		False		64	0	64	-10,512	-3,39	-268,9	-42,3					64	0	64	0	0	0
982	982		DEL	chr2	15462060	chr2	15462613	553.0	True		False		74	0	74	-10,168	-3,24	-107,9	-21,3					74	0	74	0	0	0
983	983		DEL	chr2	15463131	chr2	15463755	624.0	True		False		71	0	71	-10,407	-3,30	-90,9	-30,3					71	0	71	0	0	0
1587	1587_1	1587_2	BND	chr2	15464085	chr2	16158065		False	False	False	True	31	27	58	-2,0	0,0	-10,9	0,0	-10,9	0,0	-2,0	0,0	31	27	58	0	0	0
984	984		DEL	chr2	15464268	chr2	15464631	363.0	True		False		69	1	70	-10,9	-3,2	-10,9	-2,4					68	1	69	1	0	1
798	798		DEL	chr2	15465917	chr2	15466391	474.0	True		False		65	0	65	-10,154	-1,18	-167,9	-17,3					65	0	65	0	0	0
985	985		DEL	chr2	15467195	chr2	15467419	224.0	True		False		75	0	75	-10,40	-4,10	-125,9	-12,4					74	0	74	1	0	1
986	986		DEL	chr2	15468072	chr2	15468685	613.0	True		False		51	0	51	-10,219	-2,41	-423,9	-36,2					51	0	51	0	0	0
987	987		DEL	chr2	15470181	chr2	15470906	725.0	True		False		45	0	45	-10,389	-2,74	-430,9	-70,2					45	0	45	0	0	0
988	988		DEL	chr2	15471143	chr2	15471440	297.0	True		False		34	0	34	-10,5	-2,5	-18,9	-11,3					34	0	34	0	0	0
989	989		DEL	chr2	15473289	chr2	15473987	698.0	True		False		49	0	49	-10,398	-2,70	-505,9	-90,2					49	0	49	0	0	0
990	990		DEL	chr2	15474083	chr2	15474720	637.0	True		False		66	0	66	-10,243	-1,40	-505,9	-62,2					65	0	65	1	0	1
991	991		DEL	chr2	15475476	chr2	15476085	609.0	True		False		48	0	48	-10,244	-3,38	-271,9	-39,3					48	0	48	0	0	0
992	992		INV	chr2	15476800	chr2	15477492	692.0	True		False		8	0	8	-10,77	-1,68	-10,175	-2,84					8	0	8	0	0	0
993	993		DEL	chr2	15476952	chr2	15477550	598.0	True		False		53	0	53	-10,229	-2,42	-542,9	-38,3					53	0	53	0	0	0
994	994		DEL	chr2	15477794	chr2	15478227	433.0	True		False		60	1	61	0,9	0,9	-10,9	-3,3					60	1	61	0	0	0
995	995		DEL	chr2	15479580	chr2	15480468	888.0	True		False		69	0	69	-10,557	-2,129	-664,9	-153,1					69	0	69	0	0	0
996	996		DEL	chr2	15481267	chr2	15481771	504.0	True		False		65	0	65	-10,148	-3,22	-171,9	-22,3					65	0	65	0	0	0
808	808		DEL	chr2	15482052	chr2	15482528	476.0	True		False		71	0	71	-10,55	-3,12	-25,9	-11,2					71	0	71	0	0	0
997	997		DEL	chr2	15484042	chr2	15484515	473.0	True		False		85	0	85	-10,121	-4,15	-124,9	-14,2					85	0	85	0	0	0
998	998		DEL	chr2	15484685	chr2	15485220	535.0	True		False		43	0	43	-10,80	-2,18	-180,6	-25,1					43	0	43	0	0	0
999	999		DEL	chr2	15485507	chr2	15485822	315.0	True		False		68	1	69	-10,9	-3,3	-10,9	-3,3					68	1	69	0	0	0
1000	1000		DEL	chr2	15487505	chr2	15487800	295.0	True		False		65	0	65	-10,60	-3,8	-36,9	-9,3					65	0	65	0	0	0
1001	1001		DEL	chr2	15489061	chr2	15489574	513.0	True		False		69	0	69	-10,162	-3,25	-92,9	-21,3					69	0	69	0	0	0
1002	1002		DEL	chr2	15490336	chr2	15491000	664.0	True		False		67	0	67	-10,273	-2,52	-499,9	-51,2					67	0	67	0	0	0
1003	1003		DEL	chr2	15491539	chr2	15491978	439.0	True		False		42	0	42	-10,131	-4,15	-346,9	-15,4					42	0	42	0	0	0
1004	1004		INV	chr2	15491940	chr2	15492097	157.0	True		False		8	0	8	-9,9	-3,3	-60,64	-49,53					8	0	8	0	0	0
1005	1005		DEL	chr2	15492224	chr2	15492604	380.0	True		False		16	2	18	-1,9	-1,3	-10,9	-1,1					16	2	18	0	0	0
1006	1006		DEL	chr2	15492963	chr2	15493627	664.0	True		False		39	0	39	-10,375	-1,79	-283,9	-69,2					38	0	38	1	0	1
1007	1007		DEL	chr2	15495018	chr2	15495161	143.0	True		False		53	0	53	-10,112	-4,15	-114,9	-14,4					53	0	53	0	0	0
1008	1008		DEL	chr2	15495979	chr2	15496139	160.0	True		False		55	1	56	-10,9	-3,3	-10,6	-4,1					55	1	56	0	0	0
1009	1009		DEL	chr2	15497500	chr2	15498141	641.0	True		False		45	0	45	-10,234	-3,40	-251,9	-44,3					45	0	45	0	0	0
1010	1010		DEL	chr2	15498639	chr2	15499163	524.0	True		False		33	0	33	-10,232	-3,31	-463,9	-40,3					33	0	33	0	0	0
1011	1011		DEL	chr2	15499548	chr2	15500148	600.0	True		False		57	0	57	-10,419	-3,42	-436,9	-42,3					57	0	57	0	0	0
1012	1012		DEL	chr2	15500714	chr2	15501029	315.0	False		False		20	14	34	0,1	0,0	-2,1	0,0					20	14	34	0	0	0
1013	1013		DEL	chr2	15502238	chr2	15502657	419.0	True		False		62	0	62	-10,231	-2,20	-269,9	-22,3					62	0	62	0	0	0
1014	1014		DEL	chr2	15502773	chr2	15503280	507.0	True		False		42	0	42	-10,26	-3,17	-243,9	-32,3					42	0	42	0	0	0
1015	1015		DEL	chr2	15504281	chr2	15504653	372.0	True		False		63	0	63	-10,74	-2,15	-126,9	-14,4					62	0	62	1	0	1
1016	1016		DEL	chr2	15505630	chr2	15506280	650.0	True		False		48	0	48	-10,248	-3,43	-277,7	-50,0					48	0	48	0	0	0
1018	1018		DEL	chr2	15507606	chr2	15508280	674.0	True		False		32	0	32	-10,326	-3,61	-312,9	-58,2					32	0	32	0	0	0
1020	1020		DEL	chr2	15509856	chr2	15510146	290.0	False		False		46	6	52	-2,5	0,0	-10,9	0,0					46	6	52	0	0	0
1021	1021		DEL	chr2	15510946	chr2	15511063	117.0	True		False		59	1	60	-10,9	-4,2	-10,9	-2,4					59	1	60	0	0	0
1022	1022		DEL	chr2	15512055	chr2	15512454	399.0	True		False		58	1	59	-6,9	-1,5	-10,9	-3,3					58	1	59	0	0	0
1023	1023		DEL	chr2	15513651	chr2	15514231	580.0	True		False		66	0	66	-10,274	-1,26	-374,9	-24,2					66	0	66	0	0	0
1024	1024		DEL	chr2	15514841	chr2	15515421	580.0	True		False		71	0	71	-10,402	-2,33	-211,9	-30,2					71	0	71	0	0	0
1025	1025		DEL	chr2	15515996	chr2	15516309	313.0	True		False		17	0	17	-10,112	-3,19	-227,9	-25,3					17	0	17	0	0	0
1026	1026		DEL	chr2	15516461	chr2	15516741	280.0	True		False		61	1	62	-10,9	-3,3	-10,9	-3,3					61	1	62	0	0	0
1027	1027		DEL	chr2	15520100	chr2	15520612	512.0	True		False		81	0	81	-9,176	-1,25	-421,9	-22,1					81	0	81	0	0	0
1028	1028		DEL	chr2	15521557	chr2	15521994	437.0	True		False		54	0	54	-10,164	-3,21	-270,9	-22,3					54	0	54	0	0	0
1029	1029		DEL	chr2	15522506	chr2	15523062	556.0	True		False		67	0	67	-10,213	-3,36	-348,9	-32,1					67	0	67	0	0	0
1030	1030		DEL	chr2	15523233	chr2	15523863	630.0	True		False		50	0	50	-10,157	-3,23	-174,7	-26,2					50	0	50	0	0	0
1031	1031		DEL	chr2	15525714	chr2	15526449	735.0	True		False		61	0	61	-10,268	-2,50	-465,9	-50,3					61	0	61	0	0	0
1032	1032		DEL	chr2	15528004	chr2	15528619	615.0	True		False		12	0	12	-10,545	-2,104	-553,9	-98,2					12	0	12	0	0	0
1033	1033		DEL	chr2	15529251	chr2	15529791	540.0	True		False		62	0	62	-10,202	-3,27	-204,9	-30,2					62	0	62	0	0	0
1034	1034		DEL	chr2	15530693	chr2	15531361	668.0	True		False		80	0	80	-10,207	-2,40	-339,9	-41,2					80	0	80	0	0	0
1035	1035		DEL	chr2	15531842	chr2	15532479	637.0	True		False		39	0	39	-10,238	-3,37	-359,9	-45,3					39	0	39	0	0	0
1036	1036		DEL	chr2	15533161	chr2	15533930	769.0	True		False		70	0	70	-10,542	-1,72	-347,9	-57,2					70	0	70	0	0	0
1037	1037		DEL	chr2	15534996	chr2	15535514	518.0	True		False		62	0	62	-10,199	-3,30	-220,9	-27,3					61	0	61	1	0	1
1038	1038		DEL	chr2	15536381	chr2	15536859	478.0	True		False		79	0	79	-10,126	-4,16	-154,9	-20,3					79	0	79	0	0	0
1040	1040		DEL	chr2	15537980	chr2	15538478	498.0	True		False		55	0	55	-10,202	-3,30	-235,9	-31,3					55	0	55	0	0	0
1041	1041		DEL	chr2	15538895	chr2	15539597	702.0	True		False		59	0	59	-10,375	-2,76	-388,9	-73,2					59	0	59	0	0	0
1042	1042		DEL	chr2	15540712	chr2	15540990	278.0	True		False		63	0	63	-10,108	-4,13	-61,9	-11,4					63	0	63	0	0	0
1044	1044		DEL	chr2	15542072	chr2	15542661	589.0	True		False		8	0	8	-10,356	-3,73	-457,9	-89,1					8	0	8	0	0	0
1045	1045		DEL	chr2	15543456	chr2	15543780	324.0	True		False		51	0	51	-10,178	-3,22	-182,9	-21,3					51	0	51	0	0	0
1046	1046		DEL	chr2	15544428	chr2	15545003	575.0	True		False		73	0	73	-10,312	-2,23	-139,9	-23,3					73	0	73	0	0	0
1390	1390		DEL	chr2	15544818	chr2	15958982	414164.0	True		False		8	0	8	-10,468	-2,85	-416,9	-60,3					8	0	8	0	0	0
1047	1047		DEL	chr2	15545415	chr2	15546190	775.0	True		False		37	0	37	-10,437	-2,87	-453,9	-91,2					37	0	37	0	0	0
1048	1048		DEL	chr2	15546596	chr2	15546656	60.0	True		False		54	1	55	-10,9	-3,3	-10,9	-2,4					54	1	55	0	0	0
1896	1896		DUP	chr2	15547057	chr2	16507113	960056.0	False		False		9	5	14	-10,9	0,0	-5,5	0,0					9	5	14	0	0	0
1049	1049		DEL	chr2	15548626	chr2	15548953	327.0	True		False		72	0	72	-10,100	-1,12	-50,9	-9,2					72	0	72	0	0	0
1051	1051		DEL	chr2	15549927	chr2	15550057	130.0	True		False		37	1	38	-10,9	-3,3	-10,9	-3,3					37	1	38	0	0	0
1054	1054		DEL	chr2	15552735	chr2	15553407	672.0	True		False		42	0	42	-10,249	-1,45	-320,9	-48,3					42	0	42	0	0	0
1055	1055		DEL	chr2	15553722	chr2	15553863	141.0	True		False		1	10	11	-4,5	0,2	-8,1	-4,0					1	10	11	0	0	0
1056	1056		DEL	chr2	15555224	chr2	15555850	626.0	True		False		54	0	54	-10,263	-3,44	-273,9	-43,3					54	0	54	0	0	0
1057	1057		DEL	chr2	15556503	chr2	15557186	683.0	True		False		63	0	63	-10,471	-2,62	-480,9	-45,3					63	0	63	0	0	0
1058	1058		DEL	chr2	15557866	chr2	15557976	110.0	True		False		33	0	33	-10,23	-3,13	-7,9	-5,4					32	0	32	1	0	1
1059	1059		DEL	chr2	15559338	chr2	15559897	559.0	True		False		50	0	50	-10,188	-3,30	-276,9	-26,3					50	0	50	0	0	0
1060	1060		DEL	chr2	15560045	chr2	15560097	52.0	True		False		19	1	20	-10,9	-3,3	-10,9	-2,4					19	1	20	0	0	0
1061	1061		DEL	chr2	15560666	chr2	15560954	288.0	True		False		15	1	16	-10,9	-3,3	-10,9	-3,3					15	1	16	0	0	0
2102	2102_1	2102_2	BND	chr2	15560994	chr2	32916234		True	True	False	True	14	0	14	-59,9	-24,3	-358,8	-106,1	-358,8	-106,1	-59,9	-24,3	14	0	14	0	0	0
1062	1062		DEL	chr2	15561682	chr2	15562085	403.0	True		False		27	1	28	-1,9	0,9	-10,9	-2,4					27	1	28	0	0	0
1063	1063		DEL	chr2	15562363	chr2	15562806	443.0	True		False		77	1	78	-2,9	0,9	-10,9	-3,3					76	1	77	1	0	1
809	809		DEL	chr2	15564815	chr2	15565411	596.0	True		False		54	0	54	-10,214	-3,31	-253,9	-40,2					54	0	54	0	0	0
1066	1066		DEL	chr2	15565895	chr2	15566078	183.0	True		False		41	0	41	-10,40	-4,12	-130,9	-17,4					40	0	40	1	0	1
1067	1067		DEL	chr2	15566879	chr2	15567044	165.0	True		False		70	1	71	-10,9	-4,2	-10,9	-2,4					70	1	71	0	0	0
1068	1068		DEL	chr2	15568660	chr2	15569059	399.0	True		False		48	0	48	-10,151	-3,21	-141,9	-16,3					48	0	48	0	0	0
1069	1069		DEL	chr2	15570125	chr2	15570294	169.0	True		False		65	0	65	-10,84	-4,11	-129,9	-11,4					65	0	65	0	0	0
1070	1070		DEL	chr2	15570763	chr2	15571244	481.0	True		False		49	0	49	-10,216	-3,31	-323,9	-30,3					49	0	49	0	0	0
1071	1071		DEL	chr2	15572362	chr2	15572591	229.0	True		False		19	0	19	-10,178	-3,25	-187,9	-17,4					19	0	19	0	0	0
1073	1073		DEL	chr2	15572914	chr2	15573593	679.0	True		False		58	3	61	-10,9	-1,1	-10,9	-1,1					57	3	60	1	0	1
1074	1074		DEL	chr2	15574974	chr2	15575028	54.0	True		False		36	0	36	-10,10	-4,6	-29,9	-13,3					36	0	36	0	0	0
1075	1075		DEL	chr2	15575925	chr2	15576084	159.0	True		False		35	2	37	-10,9	-1,1	-10,9	-1,1					35	2	37	0	0	0
1076	1076		DEL	chr2	15577412	chr2	15578153	741.0	True		False		59	0	59	-10,300	-2,57	-402,9	-55,2					59	0	59	0	0	0
1077	1077		DEL	chr2	15578943	chr2	15579008	65.0	True		False		56	2	58	-9,0	-9,0	-9,9	-1,2					56	2	58	0	0	0
1366	1366		DEL	chr2	15579562	chr2	15928546	348984.0	True		False		5	2	7	-10,9	-1,1	-10,9	-1,1					5	2	7	0	0	0
1078	1078		DEL	chr2	15579841	chr2	15580288	447.0	True		False		35	0	35	-10,204	-3,30	-241,9	-27,3					35	0	35	0	0	0
1080	1080		DEL	chr2	15581203	chr2	15581840	637.0	False		False		7	9	16	-10,9	0,0	-10,9	0,0					7	9	16	0	0	0
1081	1081		DEL	chr2	15581991	chr2	15582749	758.0	True		False		60	0	60	-10,487	-1,54	-516,9	-57,2					60	0	60	0	0	0
1082	1082		DEL	chr2	15583632	chr2	15584122	490.0	True		False		48	0	48	-10,188	-3,26	-198,9	-27,3					47	0	47	1	0	1
1083	1083		DEL	chr2	15584736	chr2	15584940	204.0	True		False		58	0	58	-10,120	-4,14	-119,9	-14,4					58	0	58	0	0	0
1084	1084		DEL	chr2	15585580	chr2	15585980	400.0	True		False		66	2	68	-9,9	-1,1	-10,9	-1,1					66	2	68	0	0	0
1085	1085		DEL	chr2	15587523	chr2	15588136	613.0	True		False		38	0	38	-10,382	-2,65	-605,9	-77,2					38	0	38	0	0	0
1086	1086		DEL	chr2	15588938	chr2	15589520	582.0	True		False		48	0	48	-10,385	-2,45	-243,9	-46,3					48	0	48	0	0	0
1087	1087		DEL	chr2	15589891	chr2	15590440	549.0	True		False		35	0	35	-10,252	-3,39	-275,9	-41,3					35	0	35	0	0	0
1088	1088		DEL	chr2	15590746	chr2	15591074	328.0	True		False		16	2	18	-10,9	-1,1	-10,9	-1,1					16	2	18	0	0	0
1840	1840		DUP	chr2	15591072	chr2	16436565	845493.0	False		False		9	6	15	-10,9	0,0	-5,5	0,0					9	6	15	0	0	0
1090	1090		DEL	chr2	15591584	chr2	15591887	303.0	True		False		28	2	30	-10,9	-1,1	-10,9	-1,1					28	2	30	0	0	0
1091	1091		DEL	chr2	15592680	chr2	15592777	97.0	True		False		55	1	56	-7,9	-1,4	-1,9	-1,5					54	1	55	1	0	1
1092	1092		DEL	chr2	15594502	chr2	15594929	427.0	True		False		59	0	59	-10,114	-2,13	-118,9	-13,3					59	0	59	0	0	0
1093	1093		DEL	chr2	15595355	chr2	15595417	62.0	True		False		65	1	66	-6,9	-1,5	0,9	0,6					65	1	66	0	0	0
799	799		DEL	chr2	15597205	chr2	15597926	721.0	True		False		81	0	81	-10,335	-1,64	-495,9	-65,2					81	0	81	0	0	0
1094	1094		DEL	chr2	15599105	chr2	15599492	387.0	True		False		62	0	62	-10,186	-4,14	-266,9	-15,4					61	0	61	1	0	1
1095	1095		DEL	chr2	15599993	chr2	15601009	1016.0	True		False		71	0	71	-10,640	-2,219	-716,9	-240,1					71	0	71	0	0	0
1096	1096		DEL	chr2	15601682	chr2	15601821	139.0	True		False		48	0	48	-10,38	-4,10	-69,9	-11,4					47	0	47	1	0	1
1097	1097		DEL	chr2	15602698	chr2	15602862	164.0	True		False		40	0	40	-10,75	-5,8	-98,9	-10,4					40	0	40	0	0	0
1099	1099		DEL	chr2	15603325	chr2	15603480	155.0	True		False		48	1	49	-1,9	0,9	-10,9	-3,3					48	1	49	0	0	0
1100	1100		DEL	chr2	15604490	chr2	15604860	370.0	True		False		25	1	26	-7,9	-1,4	-10,9	-2,4					25	1	26	0	0	0
1101	1101		DEL	chr2	15605222	chr2	15605522	300.0	True		False		62	2	64	-4,7	-2,2	-10,9	-1,1					62	2	64	0	0	0
1102	1102		DEL	chr2	15607286	chr2	15607958	672.0	True		False		56	0	56	-10,194	-3,29	-224,9	-50,2					56	0	56	0	0	0
1103	1103		DEL	chr2	15608353	chr2	15608837	484.0	True		False		59	0	59	-10,137	-3,19	-146,9	-19,1					59	0	59	0	0	0
1104	1104		DEL	chr2	15609655	chr2	15609910	255.0	True		False		64	0	64	-10,153	-3,20	-144,9	-16,4					64	0	64	0	0	0
15624	15624_1	15624_2	BND	chr2	15611898	chr14	66545636		True	True	False	True	25	0	25	-534,9	-64,2	-6,248	-1,77	-6,248	-1,77	-534,9	-64,2	25	0	25	0	0	0
15159	15159_1	15159_2	BND	chr2	15611915	chr6	73660611		True	True	False	True	11	0	11	-261,9	-85,2	-7,411	0,115	-7,411	0,115	-261,9	-85,2	10	0	10	1	0	1
1105	1105		DEL	chr2	15612514	chr2	15612970	456.0	True		False		13	0	13	-10,320	-3,45	-323,9	-48,3					13	0	13	0	0	0
810	810		DEL	chr2	15613349	chr2	15613931	582.0	True		False		8	0	8	-10,435	-2,69	-475,9	-85,2					8	0	8	0	0	0
1106	1106		DEL	chr2	15615032	chr2	15615629	597.0	True		False		75	0	75	-10,206	-2,32	-440,9	-33,3					75	0	75	0	0	0
1107	1107		DEL	chr2	15615884	chr2	15616393	509.0	True		False		60	0	60	-10,2	-10,2	-30,9	-16,3					60	0	60	0	0	0
1108	1108		DEL	chr2	15616822	chr2	15617363	541.0	True		False		40	0	40	-10,228	-3,32	-253,9	-39,3					40	0	40	0	0	0
1109	1109		DEL	chr2	15618343	chr2	15619013	670.0	True		False		23	0	23	-10,439	-2,88	-426,9	-68,2					22	0	22	1	0	1
1110	1110		DEL	chr2	15619119	chr2	15619440	321.0	True		False		44	4	48	-9,8	0,0	-9,8	0,1					43	4	47	1	0	1
1112	1112		DEL	chr2	15620788	chr2	15621109	321.0	True		False		19	0	19	-10,131	-3,23	-137,9	-19,3					19	0	19	0	0	0
1113	1113		DEL	chr2	15622469	chr2	15623041	572.0	True		False		78	0	78	-10,324	-3,22	-261,9	-21,3					77	0	77	1	0	1
1114	1114		DEL	chr2	15623848	chr2	15624546	698.0	True		False		45	0	45	-10,313	-2,60	-553,9	-58,2					45	0	45	0	0	0
1115	1115		DEL	chr2	15624926	chr2	15625502	576.0	True		False		51	0	51	-10,225	-3,33	-441,9	-39,3					51	0	51	0	0	0
1228	1228_1	1228_2	BND	chr2	15625463	chr2	15768691		True	True	False	True	5	2	7	-10,9	-1,1	-10,9	-1,1	-10,9	-1,1	-10,9	-1,1	5	2	7	0	0	0
1122	1122_1	1122_2	BND	chr2	15625531	chr2	15634843		False	False	False	True	2	5	7	-8,5	0,0	-7,5	0,0	-7,5	0,0	-8,5	0,0	2	5	7	0	0	0
1116	1116		DEL	chr2	15625939	chr2	15626843	904.0	True		False		58	0	58	-10,628	-2,143	-595,9	-126,2					58	0	58	0	0	0
1133	1133_1	1133_2	BND	chr2	15626996	chr2	15651072		True	True	False	True	5	3	8	-10,9	-1,1	-10,9	-1,1	-10,9	-1,1	-10,9	-1,1	5	3	8	0	0	0
1386	1386		DUP	chr2	15627147	chr2	15954729	327582.0	True		False		6	0	6	-556,9	-131,0	-10,520	-2,108					6	0	6	0	0	0
1117	1117		DEL	chr2	15627246	chr2	15627438	192.0	True		False		17	1	18	-10,9	-3,3	-10,9	-2,4					16	1	17	1	0	1
1118	1118		DEL	chr2	15627894	chr2	15627950	56.0	True		False		36	1	37	-3,9	0,8	-10,9	-3,3					36	1	37	0	0	0
811	811		DEL	chr2	15629913	chr2	15630434	521.0	True		False		79	0	79	-10,141	-3,19	-158,9	-21,3					78	0	78	1	0	1
1119	1119		DEL	chr2	15630779	chr2	15631432	653.0	True		False		46	0	46	-10,247	-3,42	-336,9	-50,3					46	0	46	0	0	0
1120	1120		DEL	chr2	15631762	chr2	15631886	124.0	True		False		27	3	30	-10,9	-1,1	-10,9	-1,1					26	3	29	1	0	1
1121	1121		DEL	chr2	15633011	chr2	15633137	126.0	True		False		64	1	65	-10,9	-2,3	-10,9	-3,3					64	1	65	0	0	0
1123	1123		DEL	chr2	15634937	chr2	15635547	610.0	True		False		68	0	68	-10,27	-1,19	-321,9	-30,2					68	0	68	0	0	0
1124	1124		DEL	chr2	15637741	chr2	15638321	580.0	True		False		68	0	68	-10,201	-3,29	-395,9	-29,1					68	0	68	0	0	0
1125	1125		DEL	chr2	15638863	chr2	15638988	125.0	True		False		21	0	21	-10,77	-2,17	-46,9	-13,4					21	0	21	0	0	0
1126	1126		DEL	chr2	15640589	chr2	15641335	746.0	True		False		50	0	50	-10,509	-2,59	-423,9	-78,1					50	0	50	0	0	0
1127	1127		DEL	chr2	15642316	chr2	15642512	196.0	True		False		59	0	59	-10,33	-5,8	-28,9	-8,5					59	0	59	0	0	0
1128	1128		DEL	chr2	15643882	chr2	15644331	449.0	True		False		57	0	57	-10,148	-3,21	-341,9	-22,3					56	0	56	1	0	1
1129	1129		DEL	chr2	15645073	chr2	15645757	684.0	True		False		59	0	59	-10,115	-1,52	-288,9	-44,3					59	0	59	0	0	0
1131	1131		DEL	chr2	15646578	chr2	15646711	133.0	True		False		51	1	52	-10,9	-3,3	-1,9	-1,5					51	1	52	0	0	0
1132	1132		DEL	chr2	15648601	chr2	15648723	122.0	True		False		15	1	16	-10,9	-3,3	-10,9	-3,3					14	1	15	1	0	1
1469	1469_1	1469_2	BND	chr2	15648688	chr2	16018049		True	True	False	True	8	0	8	-495,9	-98,1	-698,9	-125,1	-698,9	-125,1	-495,9	-98,1	8	0	8	0	0	0
1134	1134		DEL	chr2	15650205	chr2	15650296	91.0	True		False		17	1	18	-10,9	-3,3	-10,9	-3,3					17	1	18	0	0	0
1841	1841_1	1841_2	BND	chr2	15651565	chr2	16436686		True	True	False	True	3	2	5	-10,9	-1,1	-10,9	-1,1	-10,9	-1,1	-10,9	-1,1	3	2	5	0	0	0
1136	1136		DEL	chr2	15652229	chr2	15652510	281.0	True		False		11	1	12	-10,9	-3,3	-10,9	-3,3					10	1	11	1	0	1
1137	1137		DEL	chr2	15653058	chr2	15653217	159.0	True		False		29	3	32	-8,9	0,1	-10,9	-1,1					28	3	31	1	0	1
1139	1139		DEL	chr2	15654380	chr2	15654509	129.0	True		False		45	1	46	-6,9	-1,5	-10,9	-2,4					45	1	46	0	0	0
1140	1140		DEL	chr2	15655609	chr2	15656046	437.0	True		False		58	0	58	-10,229	-3,18	-20,9	-12,3					58	0	58	0	0	0
1141	1141		DEL	chr2	15657258	chr2	15657896	638.0	True		False		45	0	45	-10,337	-2,65	-354,9	-52,3					45	0	45	0	0	0
1142	1142		DEL	chr2	15658734	chr2	15659384	650.0	True		False		67	0	67	-10,313	-2,59	-321,9	-60,2					66	0	66	1	0	1
1143	1143		DEL	chr2	15660644	chr2	15661375	731.0	True		False		77	0	77	-10,280	-2,56	-526,9	-63,2					76	0	76	1	0	1
1144	1144		DEL	chr2	15661281	chr2	15661844	563.0	True		False		38	0	38	-10,214	-2,34	-308,9	-33,3					38	0	38	0	0	0
1145	1145		DEL	chr2	15662192	chr2	15662524	332.0	True		False		19	1	20	0,9	0,9	-10,9	-3,3					19	1	20	0	0	0
1146	1146		DEL	chr2	15663055	chr2	15663339	284.0	True		False		32	1	33	-10,9	-3,3	-10,9	-3,3					32	1	33	0	0	0
1147	1147		DEL	chr2	15664283	chr2	15664763	480.0	True		False		17	0	17	-10,206	-3,25	-403,9	-38,3					17	0	17	0	0	0
1148	1148		DEL	chr2	15665831	chr2	15666198	367.0	True		False		32	0	32	-10,160	-3,19	-162,9	-20,3					32	0	32	0	0	0
1149	1149		DEL	chr2	15666663	chr2	15667301	638.0	True		False		29	0	29	-10,303	-2,54	-435,9	-42,3					29	0	29	0	0	0
1150	1150		DEL	chr2	15667724	chr2	15667912	188.0	True		False		55	2	57	-3,9	0,6	-10,9	-1,2					55	2	57	0	0	0
1151	1151		DEL	chr2	15669373	chr2	15670047	674.0	True		False		68	0	68	-10,49	-3,28	-488,9	-48,2					67	0	67	1	0	1
1152	1152		DEL	chr2	15670503	chr2	15671169	666.0	True		False		36	0	36	-10,376	-2,66	-501,9	-79,2					36	0	36	0	0	0
1153	1153		DEL	chr2	15671543	chr2	15672118	575.0	True		False		23	0	23	-10,330	-3,52	-356,9	-59,2					23	0	23	0	0	0
1154	1154		DEL	chr2	15672673	chr2	15672824	151.0	True		False		44	2	46	-10,9	-1,1	-10,9	-1,1					44	2	46	0	0	0
1155	1155		DEL	chr2	15674434	chr2	15675109	675.0	True		False		33	0	33	-10,328	-2,58	-384,9	-77,2					32	0	32	1	0	1
1157	1157		DEL	chr2	15676145	chr2	15676964	819.0	True		False		72	0	72	-10,365	-2,89	-432,9	-72,2					72	0	72	0	0	0
1156	1156		INV	chr2	15676350	chr2	15677168	818.0	True		False		5	0	5	-50,245	-48,126	0,56	0,42					5	0	5	0	0	0
1158	1158		DEL	chr2	15677406	chr2	15677922	516.0	True		False		51	0	51	-10,189	-3,24	-367,9	-28,3					50	0	50	1	0	1
1159	1159		DEL	chr2	15678236	chr2	15678592	356.0	True		False		14	0	14	-10,0	-10,0	-270,9	-39,3					14	0	14	0	0	0
1160	1160		DEL	chr2	15679484	chr2	15680113	629.0	True		False		33	0	33	-10,270	-2,45	-415,9	-42,3					33	0	33	0	0	0
1162	1162		DEL	chr2	15681528	chr2	15682175	647.0	True		False		37	0	37	-10,283	-2,48	-494,9	-56,2					37	0	37	0	0	0
1163	1163		DEL	chr2	15683057	chr2	15683103	46.0	True		False		55	1	56	-6,9	-1,5	-10,9	-2,5					55	1	56	0	0	0
1164	1164		DEL	chr2	15684084	chr2	15684607	523.0	True		False		39	0	39	-10,39	-3,19	-199,9	-27,3					39	0	39	0	0	0
1165	1165		DEL	chr2	15685627	chr2	15687114	1487.0	True		False		79	0	79	-10,678	-2,183	-616,9	-173,2					79	0	79	0	0	0
1167	1167		DEL	chr2	15687959	chr2	15688678	719.0	True		False		30	0	30	-10,486	-2,95	-517,9	-94,2					29	0	29	1	0	1
1168	1168		DEL	chr2	15689210	chr2	15689448	238.0	True		False		20	3	23	-6,9	0,1	-10,9	-1,1					20	3	23	0	0	0
1169	1169		DEL	chr2	15691610	chr2	15692362	752.0	True		False		35	0	35	-10,501	-2,91	-551,9	-113,1					35	0	35	0	0	0
1170	1170		DEL	chr2	15691904	chr2	15692789	885.0	True		False		2	3	5	-9,9	-1,1	-10,8	-1,0					2	3	5	0	0	0
1171	1171		DEL	chr2	15693252	chr2	15693857	605.0	True		False		54	0	54	-10,243	-3,42	-265,9	-40,3					54	0	54	0	0	0
1172	1172		DEL	chr2	15693807	chr2	15694844	1037.0	True		False		53	0	53	-10,569	-2,207	-624,9	-215,2					53	0	53	0	0	0
812	812		DEL	chr2	15695186	chr2	15695737	551.0	True		False		27	0	27	-10,346	-3,54	-391,9	-73,2					26	0	26	1	0	1
1173	1173		DEL	chr2	15696497	chr2	15696964	467.0	True		False		6	0	6	-10,403	-3,79	-429,9	-76,3					6	0	6	0	0	0
1174	1174		DEL	chr2	15697222	chr2	15697318	96.0	True		False		24	1	25	-10,9	-3,3	-10,9	-3,3					24	1	25	0	0	0
1304	1304_1	1304_2	BND	chr2	15697241	chr2	15859313		True	True	False	True	18	2	20	-10,2	-1,0	-10,7	-1,0	-10,7	-1,0	-10,2	-1,0	18	2	20	0	0	0
1175	1175		DEL	chr2	15698810	chr2	15699592	782.0	True		False		50	0	50	-10,469	-2,101	-45,9	-34,2					50	0	50	0	0	0
1176	1176		DEL	chr2	15700051	chr2	15700675	624.0	True		False		47	0	47	-10,201	-3,31	-247,9	-40,3					47	0	47	0	0	0
1177	1177		DEL	chr2	15701192	chr2	15702675	1483.0	True		False		65	0	65	-10,716	-2,367	-717,9	-367,2					64	0	64	1	0	1
1178	1178		DEL	chr2	15702807	chr2	15703241	434.0	True		False		68	0	68	-10,136	-3,18	-156,9	-18,1					68	0	68	0	0	0
1179	1179		DEL	chr2	15704886	chr2	15705368	482.0	True		False		64	0	64	-10,275	-3,26	-327,9	-24,2					64	0	64	0	0	0
1180	1180		DEL	chr2	15705652	chr2	15706324	672.0	True		False		67	0	67	-10,336	-3,33	-232,9	-40,3					66	0	66	1	0	1
1181	1181		DEL	chr2	15706612	chr2	15707240	628.0	True		False		43	0	43	-10,313	-3,51	-520,9	-51,3					43	0	43	0	0	0
1182	1182		DEL	chr2	15707810	chr2	15708451	641.0	True		False		34	0	34	-10,312	-2,53	-328,9	-65,2					34	0	34	0	0	0
1183	1183		DEL	chr2	15709207	chr2	15709800	593.0	True		False		22	0	22	-10,339	-2,63	-356,9	-53,3					21	0	21	1	0	1
1184	1184		DEL	chr2	15710057	chr2	15710237	180.0	True		False		22	1	23	-10,9	-3,3	-10,9	-2,4					22	1	23	0	0	0
813	813		DEL	chr2	15710848	chr2	15711173	325.0	True		False		24	1	25	-10,9	-1,3	-10,9	-3,3					24	1	25	0	0	0
1416	1416_1	1416_2	BND	chr2	15711522	chr2	15988338		False	False	False	True	192	156	348	0,0	0,0	0,0	0,0	0,0	0,0	0,0	0,0	192	156	348	0	0	0
1185	1185		DEL	chr2	15712852	chr2	15713499	647.0	True		False		50	0	50	-10,292	-2,52	-355,9	-50,2					50	0	50	0	0	0
1186	1186		DEL	chr2	15714376	chr2	15715002	626.0	True		False		41	0	41	-10,302	-2,52	-437,9	-53,2					41	0	41	0	0	0
1187	1187		DEL	chr2	15715283	chr2	15716041	758.0	True		False		58	0	58	-10,262	-3,44	-207,9	-35,3					57	0	57	1	0	1
1188	1188		DEL	chr2	15717053	chr2	15717765	712.0	True		False		56	0	56	-10,342	-2,69	-382,9	-59,1					55	0	55	1	0	1
1189	1189		DEL	chr2	15718136	chr2	15718646	510.0	True		False		41	0	41	-10,170	-3,29	-240,9	-32,3					40	0	40	1	0	1
1190	1190		DEL	chr2	15719447	chr2	15720114	667.0	True		False		39	0	39	-10,377	-2,72	-431,9	-90,2					38	0	38	1	0	1
1191	1191		DEL	chr2	15720283	chr2	15720595	312.0	True		False		60	3	63	-6,9	0,1	-10,9	-1,1					60	3	63	0	0	0
1192	1192		DEL	chr2	15721555	chr2	15722064	509.0	True		False		25	0	25	-10,11	-2,10	-288,9	-42,3					25	0	25	0	0	0
1193	1193		DEL	chr2	15722657	chr2	15722706	49.0	True		False		43	1	44	-10,9	-3,3	-10,9	-2,4					43	1	44	0	0	0
1194	1194		DEL	chr2	15723513	chr2	15723811	298.0	True		False		44	1	45	-10,9	-3,3	-10,9	-3,3					44	1	45	0	0	0
1195	1195		DEL	chr2	15724914	chr2	15725557	643.0	True		False		18	1	19	-10,9	-3,3	-10,9	-3,3					18	1	19	0	0	0
1196	1196		DEL	chr2	15725934	chr2	15726309	375.0	False		False		17	5	22	-5,6	0,0	-7,6	0,0					17	5	22	0	0	0
1197	1197		DEL	chr2	15727256	chr2	15727361	105.0	True		False		23	1	24	-10,9	-3,3	-10,9	-3,3					23	1	24	0	0	0
1198	1198		DEL	chr2	15728437	chr2	15728797	360.0	True		False		42	2	44	-1,9	0,9	-10,3	-6,1					42	2	44	0	0	0
1199	1199		DEL	chr2	15730882	chr2	15731446	564.0	True		False		41	0	41	-10,197	-2,30	-284,9	-32,3					40	0	40	1	0	1
1200	1200		DEL	chr2	15731505	chr2	15732149	644.0	True		False		12	1	13	-9,9	-1,3	-10,9	-3,3					12	1	13	0	0	0
1202	1202		DEL	chr2	15733210	chr2	15733311	101.0	True		False		44	1	45	-10,9	-3,3	-10,9	-2,4					44	1	45	0	0	0
1203	1203		DEL	chr2	15735048	chr2	15735557	509.0	True		False		31	0	31	-10,211	-3,29	-377,9	-28,3					31	0	31	0	0	0
1204	1204		DEL	chr2	15735606	chr2	15735942	336.0	True		False		34	2	36	-10,9	-1,1	-10,9	-1,1					33	2	35	1	0	1
1205	1205		DEL	chr2	15737807	chr2	15738397	590.0	True		False		70	0	70	-10,195	-2,26	-221,9	-37,1					69	0	69	1	0	1
1206	1206		DEL	chr2	15738819	chr2	15739223	404.0	True		False		50	0	50	-10,64	-1,15	-151,9	-19,3					50	0	50	0	0	0
1207	1207		DEL	chr2	15739799	chr2	15739894	95.0	True		False		64	1	65	-10,9	-4,2	-8,9	-2,5					64	1	65	0	0	0
1208	1208		DEL	chr2	15741306	chr2	15741894	588.0	True		False		69	0	69	-10,291	-1,42	-236,9	-36,3					69	0	69	0	0	0
1209	1209		DEL	chr2	15742417	chr2	15743265	848.0	True		False		53	0	53	-10,521	-2,112	-506,9	-93,2					53	0	53	0	0	0
15176	15176_1	15176_2	BND	chr2	15742853	chr6	160100808		True	True	False	True	10	0	10	-519,9	-53,2	-7,428	-1,118	-7,428	-1,118	-519,9	-53,2	10	0	10	0	0	0
1210	1210		DEL	chr2	15743267	chr2	15743798	531.0	True		False		47	1	48	-3,9	0,8	-10,9	-3,3					47	1	48	0	0	0
814	814		DEL	chr2	15745163	chr2	15745790	627.0	True		False		29	0	29	-10,354	-2,62	-410,9	-77,2					29	0	29	0	0	0
1211	1211		DEL	chr2	15746590	chr2	15747266	676.0	True		False		27	0	27	-10,366	-3,56	-566,9	-76,2					26	0	26	1	0	1
1212	1212		DEL	chr2	15749335	chr2	15749425	90.0	True		False		63	0	63	-10,73	-3,9	-16,9	-6,5					63	0	63	0	0	0
1213	1213		DEL	chr2	15749991	chr2	15750507	516.0	True		False		36	0	36	-10,284	-3,50	-308,9	-39,3					36	0	36	0	0	0
1214	1214		DEL	chr2	15752188	chr2	15752886	698.0	True		False		89	0	89	-10,216	-3,32	-253,7	-43,1					89	0	89	0	0	0
1215	1215		DEL	chr2	15752649	chr2	15753186	537.0	True		False		56	0	56	-10,116	-3,27	-112,9	-23,2					56	0	56	0	0	0
1216	1216		DEL	chr2	15755426	chr2	15756099	673.0	True		False		56	0	56	-10,458	-3,50	-457,9	-57,1					55	0	55	1	0	1
1217	1217		DEL	chr2	15756020	chr2	15756535	515.0	True		False		12	0	12	-10,442	-3,47	-315,9	-45,3					12	0	12	0	0	0
2138	2138_1	2138_2	BND	chr2	15756298	chr2	32916229		True	True	False	True	31	0	31	-214,9	-11,4	-233,1	-78,0	-233,1	-78,0	-214,9	-11,4	31	0	31	0	0	0
1218	1218		DEL	chr2	15756635	chr2	15756820	185.0	True		False		61	1	62	-8,1	-8,1	-10,9	-3,3					61	1	62	0	0	0
1220	1220		DEL	chr2	15758591	chr2	15758751	160.0	True		False		55	1	56	-10,9	-3,3	-10,9	-3,3					55	1	56	0	0	0
815	815		DEL	chr2	15761183	chr2	15761622	439.0	True		False		46	0	46	-10,199	-3,28	-226,9	-30,3					46	0	46	0	0	0
1221	1221		DEL	chr2	15761602	chr2	15762564	962.0	True		False		37	0	37	-10,596	-2,157	-459,9	-163,2					37	0	37	0	0	0
1223	1223		DEL	chr2	15763891	chr2	15764008	117.0	True		False		47	1	48	-10,9	-3,3	-10,9	-2,4					47	1	48	0	0	0
1225	1225		DEL	chr2	15764719	chr2	15765236	517.0	True		False		21	1	22	-10,9	-3,3	-10,9	-3,3					21	1	22	0	0	0
1226	1226		DEL	chr2	15765722	chr2	15766250	528.0	True		False		3	3	6	-10,9	-1,1	-10,9	-1,1					3	3	6	0	0	0
1227	1227		DEL	chr2	15766182	chr2	15766763	581.0	True		False		7	1	8	-10,9	-3,3	-10,9	-3,3					7	1	8	0	0	0
1229	1229		DEL	chr2	15767142	chr2	15767262	120.0	True		False		72	1	73	-10,9	-3,3	-10,9	-3,3					71	1	72	1	0	1
1230	1230		DEL	chr2	15768789	chr2	15769305	516.0	True		False		33	0	33	-10,200	-2,27	-194,9	-32,1					33	0	33	0	0	0
1231	1231		DEL	chr2	15770587	chr2	15771220	633.0	True		False		29	0	29	-10,369	-1,58	-392,9	-71,2					29	0	29	0	0	0
1232	1232		DEL	chr2	15770952	chr2	15771657	705.0	True		False		16	1	17	-10,9	-3,3	-10,9	-3,3					16	1	17	0	0	0
1233	1233		DEL	chr2	15772834	chr2	15773447	613.0	True		False		65	0	65	-10,258	-3,47	-271,9	-48,3					65	0	65	0	0	0
1234	1234		DEL	chr2	15773714	chr2	15774274	560.0	True		False		21	0	21	-10,224	-3,31	-294,9	-38,3					21	0	21	0	0	0
1235	1235		DEL	chr2	15774874	chr2	15775140	266.0	True		False		7	0	7	-10,186	-3,46	-87,9	-53,2					6	0	6	1	0	1
1236	1236		DEL	chr2	15775871	chr2	15776005	134.0	True		False		53	1	54	-10,9	-4,2	-10,9	-3,3					53	1	54	0	0	0
816	816		DEL	chr2	15777281	chr2	15777736	455.0	True		False		51	0	51	-10,106	-3,21	-355,9	-21,3					51	0	51	0	0	0
1395	1395_1	1395_2	BND	chr2	15778351	chr2	15964477		True	True	False	True	6	3	9	-10,9	-1,0	-10,6	-1,0	-10,6	-1,0	-10,9	-1,0	6	3	9	0	0	0
1237	1237		DEL	chr2	15778942	chr2	15779583	641.0	True		False		28	0	28	-10,257	-3,49	-255,9	-49,3					28	0	28	0	0	0
1238	1238		DEL	chr2	15780380	chr2	15780957	577.0	True		False		36	0	36	-10,260	-3,39	-291,9	-50,2					36	0	36	0	0	0
1240	1240		DEL	chr2	15781833	chr2	15782340	507.0	True		False		27	0	27	-10,173	-2,31	-258,9	-44,3					26	0	26	1	0	1
1241	1241		DEL	chr2	15782742	chr2	15782833	91.0	True		False		44	1	45	-10,9	-3,3	-10,9	-2,4					43	1	44	1	0	1
1242	1242		DEL	chr2	15783707	chr2	15784166	459.0	True		False		4	3	7	-10,9	-1,1	-10,9	-1,1					4	3	7	0	0	0
1243	1243		DEL	chr2	15784456	chr2	15784630	174.0	True		False		33	2	35	-10,9	-1,1	-10,9	-1,1					33	2	35	0	0	0
1244	1244		DEL	chr2	15786006	chr2	15786349	343.0	True		False		16	0	16	-10,37	-3,20	-231,9	-28,3					16	0	16	0	0	0
1246	1246		DEL	chr2	15786891	chr2	15787455	564.0	True		False		10	0	10	-10,371	-3,59	-186,9	-48,3					10	0	10	0	0	0
1247	1247		DEL	chr2	15788471	chr2	15789098	627.0	True		False		51	0	51	-10,256	-3,44	-269,9	-45,3					51	0	51	0	0	0
1248	1248		DEL	chr2	15791536	chr2	15792121	585.0	True		False		66	0	66	-10,217	-3,34	-385,9	-34,3					66	0	66	0	0	0
1249	1249		DEL	chr2	15792794	chr2	15793400	606.0	True		False		65	0	65	-10,410	-3,34	-425,9	-31,2					64	0	64	1	0	1
817	817		DEL	chr2	15793499	chr2	15793998	499.0	True		False		53	1	54	-10,9	-2,2	-10,9	-3,3					53	1	54	0	0	0
1250	1250		DEL	chr2	15795018	chr2	15795340	322.0	True		False		22	1	23	-5,9	-1,6	-10,9	-2,4					22	1	23	0	0	0
1251	1251		DEL	chr2	15795978	chr2	15796446	468.0	True		False		53	0	53	-10,224	-3,29	-240,9	-28,3					53	0	53	0	0	0
1252	1252		DEL	chr2	15797389	chr2	15797726	337.0	True		False		5	0	5	-10,65	-2,43	-336,9	-84,3					5	0	5	0	0	0
1253	1253		DEL	chr2	15797819	chr2	15798095	276.0	True		False		55	3	58	-4,9	0,1	-10,9	-1,1					55	3	58	0	0	0
1254	1254		DEL	chr2	15799426	chr2	15799717	291.0	True		False		13	0	13	-10,241	-3,31	-249,9	-36,3					13	0	13	0	0	0
1255	1255		DEL	chr2	15800358	chr2	15800547	189.0	True		False		35	2	37	-10,9	-1,1	-10,9	-1,1					35	2	37	0	0	0
1256	1256		DEL	chr2	15800998	chr2	15801597	599.0	True		False		36	1	37	-10,9	-3,3	-10,9	-3,3					36	1	37	0	0	0
1257	1257		DEL	chr2	15802829	chr2	15803527	698.0	True		False		36	0	36	-10,456	-2,85	-488,9	-94,2					36	0	36	0	0	0
1258	1258		DEL	chr2	15804643	chr2	15805383	740.0	True		False		56	0	56	-10,375	-2,75	-392,9	-78,1					56	0	56	0	0	0
1259	1259		DEL	chr2	15805135	chr2	15805743	608.0	True		False		43	0	43	-10,70	-3,30	-201,9	-27,3					43	0	43	0	0	0
1260	1260		DEL	chr2	15806468	chr2	15807128	660.0	True		False		34	0	34	-10,417	-2,75	-417,9	-72,2					34	0	34	0	0	0
1261	1261		DEL	chr2	15807448	chr2	15808008	560.0	True		False		22	4	26	-4,8	-1,1	-8,9	0,2					22	4	26	0	0	0
1262	1262		DEL	chr2	15808857	chr2	15809545	688.0	True		False		29	0	29	-10,555	-2,111	-518,9	-95,2					28	0	28	1	0	1
1263	1263		DEL	chr2	15809656	chr2	15810056	400.0	True		False		13	3	16	-6,9	0,1	-10,9	-1,1					13	3	16	0	0	0
1264	1264		DEL	chr2	15810780	chr2	15811307	527.0	True		False		23	0	23	-10,346	-3,45	-331,9	-45,3					23	0	23	0	0	0
1265	1265		DEL	chr2	15811531	chr2	15811944	413.0	True		False		44	1	45	-4,9	-1,7	-10,9	-3,3					44	1	45	0	0	0
1266	1266		DEL	chr2	15813196	chr2	15813556	360.0	True		False		9	0	9	-10,345	-3,45	-294,9	-48,3					9	0	9	0	0	0
1267	1267		DEL	chr2	15813779	chr2	15814604	825.0	True		False		40	1	41	-10,9	-1,3	-7,6	-3,1					40	1	41	0	0	0
1268	1268		DEL	chr2	15815520	chr2	15816106	586.0	True		False		38	0	38	-10,270	-2,41	-130,9	-33,3					38	0	38	0	0	0
1269	1269		DEL	chr2	15816044	chr2	15816468	424.0	True		False		45	1	46	-10,9	-3,3	-10,9	-3,3					45	1	46	0	0	0
1270	1270		DEL	chr2	15818144	chr2	15818703	559.0	True		False		35	0	35	-10,390	-3,38	-267,9	-36,3					35	0	35	0	0	0
1271	1271		DEL	chr2	15818651	chr2	15819153	502.0	True		False		58	1	59	-10,9	-3,3	-10,9	-3,3					58	1	59	0	0	0
1272	1272		DEL	chr2	15820832	chr2	15821383	551.0	True		False		53	0	53	-10,227	-3,37	-245,9	-37,2					53	0	53	0	0	0
1274	1274		DEL	chr2	15821709	chr2	15822301	592.0	True		False		17	1	18	-10,9	-3,3	-10,8	-3,1					17	1	18	0	0	0
1275	1275		DEL	chr2	15823668	chr2	15824092	424.0	True		False		71	0	71	-10,125	-4,15	-137,9	-17,3					71	0	71	0	0	0
1276	1276		DEL	chr2	15824475	chr2	15825247	772.0	True		False		33	0	33	-10,340	-2,89	-518,9	-106,2					32	0	32	1	0	1
1277	1277		DEL	chr2	15825754	chr2	15826080	326.0	True		False		4	1	5	-10,9	-3,3	-10,9	-3,3					4	1	5	0	0	0
819	819		DEL	chr2	15826350	chr2	15826409	59.0	True		False		51	2	53	-10,9	-3,3	-10,9	-3,3					51	2	53	0	0	0
1278	1278		DEL	chr2	15827733	chr2	15828367	634.0	True		False		59	0	59	-10,277	-2,50	-290,9	-50,2					59	0	59	0	0	0
1280	1280		DEL	chr2	15829537	chr2	15830155	618.0	True		False		52	0	52	-10,400	-3,36	-195,9	-28,3					52	0	52	0	0	0
1281	1281		DEL	chr2	15830384	chr2	15830809	425.0	True		False		7	0	7	-10,413	-3,68	-331,9	-65,3					7	0	7	0	0	0
1282	1282		DEL	chr2	15831554	chr2	15832163	609.0	True		False		67	0	67	-10,247	-3,39	-258,9	-41,3					67	0	67	0	0	0
1283	1283		DEL	chr2	15834418	chr2	15835275	857.0	True		False		45	0	45	-10,577	-1,128	-535,9	-115,2					45	0	45	0	0	0
1284	1284		DEL	chr2	15835600	chr2	15835834	234.0	True		False		18	0	18	-10,177	-3,22	-194,9	-23,3					18	0	18	0	0	0
1285	1285		DEL	chr2	15836152	chr2	15836376	224.0	True		False		46	1	47	-10,9	-2,3	-10,9	-2,4					46	1	47	0	0	0
1286	1286		DEL	chr2	15837619	chr2	15838158	539.0	True		False		47	0	47	-10,86	-3,21	-242,9	-25,1					47	0	47	0	0	0
1287	1287		DEL	chr2	15839056	chr2	15839180	124.0	True		False		28	0	28	-10,32	-4,10	-93,9	-12,4					28	0	28	0	0	0
1288	1288		DEL	chr2	15839720	chr2	15839793	73.0	True		False		45	1	46	-10,9	-3,3	-3,9	-2,4					45	1	46	0	0	0
1290	1290		DEL	chr2	15841194	chr2	15841918	724.0	True		False		39	0	39	-10,699	-2,235	-683,9	-230,2					39	0	39	0	0	0
1291	1291		DEL	chr2	15842117	chr2	15842711	594.0	True		False		18	0	18	-10,351	-3,52	-324,9	-52,3					18	0	18	0	0	0
820	820		DEL	chr2	15842940	chr2	15843377	437.0	True		False		15	3	18	-10,9	-1,1	-10,9	-1,1					15	3	18	0	0	0
1292	1292		DEL	chr2	15844023	chr2	15844253	230.0	True		False		4	3	7	-10,9	-1,1	-10,9	-1,1					4	3	7	0	0	0
1293	1293		DEL	chr2	15844577	chr2	15844651	74.0	True		False		46	1	47	-10,9	-3,3	-10,9	-2,4					45	1	46	1	0	1
2097	2097_1	2097_2	BND	chr2	15844718	chr2	32916229		True	True	False	True	8	0	8	-424,9	-70,2	-516,7	-127,0	-516,7	-127,0	-424,9	-70,2	8	0	8	0	0	0
1294	1294		DEL	chr2	15845991	chr2	15846479	488.0	True		False		13	0	13	-10,170	-3,35	-425,9	-39,2					13	0	13	0	0	0
1295	1295		DEL	chr2	15846995	chr2	15847757	762.0	True		False		16	1	17	-10,9	-1,3	-10,9	-3,3					16	1	17	0	0	0
1297	1297		DEL	chr2	15848574	chr2	15849187	613.0	True		False		50	1	51	-10,9	-3,3	-10,9	-3,3					50	1	51	0	0	0
1750	1750		DEL	chr2	15850402	chr2	16348095	497693.0	True		False		3	3	6	-10,9	-1,1	-10,9	-1,0					3	3	6	0	0	0
1414	1414_1	1414_2	BND	chr2	15850434	chr2	15987502		False	False	False	True	182	95	277	0,0	0,0	0,0	0,0	0,0	0,0	0,0	0,0	182	95	277	0	0	0
1298	1298		DEL	chr2	15850448	chr2	15850570	122.0	True		False		30	0	30	-10,84	-3,24	-81,9	-23,3					30	0	30	0	0	0
1299	1299		DEL	chr2	15850913	chr2	15851464	551.0	True		False		5	0	5	-10,409	-2,108	-489,9	-88,3					5	0	5	0	0	0
1300	1300		DEL	chr2	15852916	chr2	15853634	718.0	True		False		58	0	58	-10,359	-2,64	-418,9	-88,2					58	0	58	0	0	0
1301	1301		DEL	chr2	15853844	chr2	15854470	626.0	True		False		63	0	63	-10,50	-2,33	-433,9	-36,3					63	0	63	0	0	0
1302	1302		DEL	chr2	15855514	chr2	15855937	423.0	True		False		81	0	81	-10,164	-4,12	-117,9	-14,4					80	0	80	1	0	1
1303	1303		DEL	chr2	15857309	chr2	15857956	647.0	True		False		51	0	51	-10,508	-2,68	-347,9	-68,2					51	0	51	0	0	0
1305	1305		DEL	chr2	15858304	chr2	15858857	553.0	True		False		54	0	54	-10,219	-3,38	-209,9	-26,2					54	0	54	0	0	0
1754	1754		DEL	chr2	15859289	chr2	16350024	490735.0	False		False		15	8	23	-3,3	0,0	-4,1	0,0					15	8	23	0	0	0
1306	1306		DEL	chr2	15859298	chr2	15859523	225.0	True		False		65	1	66	-10,9	-3,3	-10,9	-2,4					65	1	66	0	0	0
1307	1307		DEL	chr2	15860635	chr2	15861088	453.0	True		False		18	0	18	-10,224	-3,30	-306,9	-25,3					18	0	18	0	0	0
1308	1308		DEL	chr2	15861252	chr2	15861358	106.0	True		False		52	2	54	-10,9	-1,1	-8,9	-1,1					52	2	54	0	0	0
1309	1309		DEL	chr2	15862816	chr2	15863384	568.0	True		False		60	0	60	-10,240	-3,37	-262,9	-33,1					59	0	59	1	0	1
1310	1310		DEL	chr2	15864284	chr2	15864770	486.0	True		False		34	0	34	-10,244	-3,25	-195,9	-25,2					34	0	34	0	0	0
1312	1312		DEL	chr2	15865355	chr2	15865487	132.0	True		False		62	1	63	-10,9	-3,3	-10,9	-3,3					62	1	63	0	0	0
1313	1313		DEL	chr2	15867840	chr2	15868516	676.0	True		False		56	0	56	-10,278	-2,50	-386,9	-47,3					56	0	56	0	0	0
1314	1314		DEL	chr2	15868678	chr2	15869437	759.0	True		False		50	0	50	-6,365	-1,90	-336,9	-52,3					50	0	50	0	0	0
1315	1315		DEL	chr2	15870363	chr2	15870837	474.0	True		False		51	0	51	-10,349	-3,55	-353,9	-55,3					51	0	51	0	0	0
1316	1316		DEL	chr2	15871961	chr2	15872081	120.0	True		False		57	0	57	-10,8	-4,6	-87,9	-11,4					57	0	57	0	0	0
1317	1317		DEL	chr2	15872532	chr2	15873027	495.0	True		False		15	0	15	-10,264	-3,44	-426,9	-30,3					15	0	15	0	0	0
1319	1319		DEL	chr2	15873541	chr2	15873879	338.0	True		False		56	2	58	-10,9	-1,1	-10,9	-1,1					56	2	58	0	0	0
821	821		DEL	chr2	15875005	chr2	15875679	674.0	True		False		35	0	35	-10,431	-2,95	-429,9	-84,2					35	0	35	0	0	0
1320	1320		DEL	chr2	15877145	chr2	15877827	682.0	True		False		38	0	38	-10,396	-2,77	-408,9	-74,2					38	0	38	0	0	0
1321	1321		DEL	chr2	15879118	chr2	15879795	677.0	True		False		59	0	59	-10,250	-3,45	-433,9	-45,3					58	0	58	1	0	1
1322	1322		DEL	chr2	15880092	chr2	15880825	733.0	True		False		43	0	43	-10,259	-2,73	-75,9	-38,3					43	0	43	0	0	0
1323	1323		DEL	chr2	15881111	chr2	15881646	535.0	True		False		43	1	44	-6,9	-1,5	-10,9	-3,3					43	1	44	0	0	0
1324	1324		DEL	chr2	15882864	chr2	15883440	576.0	True		False		73	0	73	-10,221	-3,35	-187,9	-27,3					73	0	73	0	0	0
1326	1326		DEL	chr2	15884524	chr2	15885164	640.0	True		False		45	0	45	-10,474	-2,49	-503,9	-50,2					45	0	45	0	0	0
1327	1327		DEL	chr2	15885529	chr2	15885651	122.0	True		False		66	1	67	-2,9	-1,8	-10,9	-2,4					66	1	67	0	0	0
1328	1328		DEL	chr2	15887011	chr2	15887118	107.0	True		False		54	2	56	-7,9	-1,2	-10,9	-1,2					54	2	56	0	0	0
1329	1329		DEL	chr2	15888332	chr2	15888639	307.0	True		False		27	6	33	-10,9	0,0	-9,4	-1,0					27	6	33	0	0	0
1330	1330		DEL	chr2	15889113	chr2	15889616	503.0	True		False		3	3	6	-2,9	0,5	-10,8	-1,0					3	3	6	0	0	0
1332	1332		DEL	chr2	15889921	chr2	15890267	346.0	True		False		9	0	9	-10,344	-3,52	-235,9	-45,3					9	0	9	0	0	0
1335	1335		DEL	chr2	15891321	chr2	15891889	568.0	True		False		46	0	46	-10,196	-1,34	-159,9	-24,3					46	0	46	0	0	0
1336	1336		DEL	chr2	15892398	chr2	15892853	455.0	True		False		54	0	54	-10,201	-3,29	-230,9	-25,3					53	0	53	1	0	1
1337	1337		DEL	chr2	15894398	chr2	15894799	401.0	True		False		76	0	76	-10,128	-2,15	-273,9	-15,4					75	0	75	1	0	1
1338	1338		DEL	chr2	15895649	chr2	15896269	620.0	True		False		58	0	58	-10,227	-3,37	-238,9	-39,3					58	0	58	0	0	0
1339	1339		DEL	chr2	15897257	chr2	15897385	128.0	True		False		19	0	19	-10,114	-3,36	-63,9	-24,3					19	0	19	0	0	0
1340	1340		DEL	chr2	15897941	chr2	15898351	410.0	True		False		20	0	20	-10,182	-3,25	-194,9	-24,3					20	0	20	0	0	0
1342	1342		DEL	chr2	15898696	chr2	15898987	291.0	False		False		40	4	44	-9,7	0,0	-8,7	0,0					40	4	44	0	0	0
1343	1343		DEL	chr2	15899777	chr2	15900043	266.0	False		False		44	4	48	-10,9	0,0	-9,8	0,0					44	4	48	0	0	0
1344	1344		DEL	chr2	15901273	chr2	15901307	34.0	True		False		41	1	42	-4,9	-1,6	-1,9	-1,7					41	1	42	0	0	0
1346	1346		DEL	chr2	15902105	chr2	15902216	111.0	True		False		70	1	71	-10,9	-3,3	-10,9	-3,3					70	1	71	0	0	0
1347	1347		DEL	chr2	15904783	chr2	15905424	641.0	True		False		71	0	71	-10,586	-2,52	-221,9	-32,2					70	0	70	1	0	1
1348	1348		DEL	chr2	15905920	chr2	15906481	561.0	True		False		62	0	62	-10,189	-2,32	-377,9	-27,1					62	0	62	0	0	0
1349	1349		DEL	chr2	15907574	chr2	15908102	528.0	True		False		83	0	83	-10,389	-3,21	-306,9	-21,2					82	0	82	1	0	1
822	822		DEL	chr2	15908451	chr2	15909076	625.0	True		False		44	0	44	-10,251	-3,45	-265,9	-42,3					43	0	43	1	0	1
1350	1350		DEL	chr2	15909666	chr2	15909947	281.0	True		False		39	0	39	-10,27	-5,7	-3,9	-3,5					39	0	39	0	0	0
1352	1352		DEL	chr2	15912402	chr2	15913008	606.0	True		False		59	0	59	-10,390	-3,36	-443,9	-43,3					59	0	59	0	0	0
1353	1353		DEL	chr2	15913431	chr2	15913854	423.0	True		False		45	0	45	-10,296	-3,25	-6,9	-5,1					44	0	44	1	0	1
1355	1355		DEL	chr2	15914220	chr2	15914868	648.0	True		False		22	0	22	-10,435	-2,79	-535,9	-81,2					22	0	22	0	0	0
1356	1356		DEL	chr2	15916038	chr2	15916729	691.0	True		False		65	0	65	-10,364	-2,85	-478,9	-60,2					65	0	65	0	0	0
1357	1357		DEL	chr2	15917389	chr2	15918106	717.0	True		False		47	0	47	-10,354	-2,67	-447,9	-66,2					47	0	47	0	0	0
1358	1358		DEL	chr2	15917947	chr2	15918642	695.0	True		False		16	0	16	-10,483	-1,111	-508,9	-87,2					16	0	16	0	0	0
1359	1359		DEL	chr2	15918931	chr2	15919467	536.0	True		False		27	1	28	-8,9	0,4	-10,9	-3,3					27	1	28	0	0	0
1360	1360		DEL	chr2	15920320	chr2	15920391	71.0	True		False		25	1	26	-10,9	-3,3	-10,9	-3,3					24	1	25	1	0	1
1363	1363		DEL	chr2	15923045	chr2	15923755	710.0	True		False		61	0	61	-10,284	-3,48	-297,9	-52,1					60	0	60	1	0	1
823	823		DEL	chr2	15924772	chr2	15925441	669.0	True		False		27	0	27	-10,387	-2,83	-566,9	-76,2					27	0	27	0	0	0
1364	1364		DEL	chr2	15925889	chr2	15925938	49.0	True		False		34	2	36	-10,9	-1,1	-2,9	-1,2					34	2	36	0	0	0
1365	1365		DEL	chr2	15927242	chr2	15927325	83.0	True		False		36	0	36	-10,49	-3,20	-58,9	-12,4					36	0	36	0	0	0
1367	1367		DEL	chr2	15928656	chr2	15929271	615.0	True		False		23	0	23	-10,362	-2,68	-425,9	-50,3					23	0	23	0	0	0
1368	1368		DEL	chr2	15930245	chr2	15930832	587.0	True		False		53	0	53	-10,512	-3,40	-392,9	-41,3					53	0	53	0	0	0
2154	2154_1	2154_2	BND	chr2	15931171	chr2	32916403		True	True	False	True	5	0	5	-2,9	-2,3	-694,9	-152,0	-694,9	-152,0	-2,9	-2,3	5	0	5	0	0	0
1369	1369		DEL	chr2	15931480	chr2	15931883	403.0	True		False		50	0	50	-10,160	-3,19	-120,9	-19,3					50	0	50	0	0	0
1448	1448		DEL	chr2	15932653	chr2	16662526	729873.0	True		False		9	2	11	-7,9	-1,1	-10,9	-1,0					9	2	11	0	0	0
1370	1370		DEL	chr2	15934648	chr2	15935203	555.0	True		False		40	0	40	-10,195	-3,29	-312,9	-28,3					40	0	40	0	0	0
1371	1371		DEL	chr2	15936201	chr2	15936694	493.0	True		False		39	0	39	-10,179	-1,24	-279,9	-24,3					39	0	39	0	0	0
1372	1372		DEL	chr2	15937230	chr2	15937775	545.0	True		False		67	0	67	-10,125	-3,18	-401,9	-22,3					66	0	66	1	0	1
1373	1373		DEL	chr2	15938314	chr2	15938713	399.0	True		False		55	0	55	-10,290	-1,21	-138,9	-18,3					55	0	55	0	0	0
1374	1374		DEL	chr2	15939854	chr2	15940347	493.0	True		False		24	0	24	-10,257	-3,39	-254,9	-34,3					24	0	24	0	0	0
1376	1376		DEL	chr2	15941052	chr2	15941547	495.0	False		False		2	12	14	-10,9	0,0	-10,9	0,0					2	12	14	0	0	0
1377	1377		DEL	chr2	15943885	chr2	15944481	596.0	True		False		35	0	35	-10,491	-3,44	-292,9	-47,3					35	0	35	0	0	0
1379	1379		DEL	chr2	15944816	chr2	15945347	531.0	True		False		37	0	37	-10,260	-3,42	-240,9	-32,3					36	0	36	1	0	1
1380	1380		DEL	chr2	15946166	chr2	15946785	619.0	True		False		55	0	55	-10,239	-3,43	-167,9	-34,3					54	0	54	1	0	1
1976	1976		DUP	chr2	15947278	chr2	16612758	665480.0	False		False		14	17	31	-2,0	0,0	-10,9	0,0					14	17	31	0	0	0
1381	1381		DEL	chr2	15947536	chr2	15947785	249.0	True		False		34	0	34	-10,87	-4,10	-116,9	-12,2					34	0	34	0	0	0
1383	1383		DEL	chr2	15949616	chr2	15949969	353.0	True		False		21	1	22	-10,9	-3,3	-10,9	-3,3					21	1	22	0	0	0
1384	1384		DEL	chr2	15950840	chr2	15950993	153.0	True		False		21	0	21	-10,72	-4,14	-140,9	-19,3					21	0	21	0	0	0
1385	1385		DEL	chr2	15952624	chr2	15952709	85.0	True		False		50	1	51	-10,9	-3,3	-9,9	-2,4					50	1	51	0	0	0
1387	1387		DEL	chr2	15954037	chr2	15954650	613.0	True		False		40	0	40	-10,294	-2,55	-313,9	-55,2					40	0	40	0	0	0
1388	1388		DEL	chr2	15955461	chr2	15955735	274.0	True		False		46	0	46	-10,113	-4,16	-16,9	-9,4					45	0	45	1	0	1
1389	1389		DEL	chr2	15956345	chr2	15956924	579.0	True		False		29	0	29	-10,296	-3,43	-21,9	-16,2					29	0	29	0	0	0
825	825		DEL	chr2	15957178	chr2	15957560	382.0	True		False		27	3	30	-6,9	-1,1	-10,9	-1,1					26	3	29	1	0	1
1391	1391		DEL	chr2	15958542	chr2	15958800	258.0	True		False		34	2	36	-10,9	-1,1	-2,9	-1,2					34	2	36	0	0	0
1392	1392		DEL	chr2	15960361	chr2	15960963	602.0	True		False		26	0	26	-10,367	-1,62	-453,9	-58,2					26	0	26	0	0	0
1393	1393		DEL	chr2	15961863	chr2	15962478	615.0	True		False		21	0	21	-10,514	-1,103	-474,9	-83,2					21	0	21	0	0	0
1394	1394		DEL	chr2	15963806	chr2	15964415	609.0	True		False		32	0	32	-10,352	-3,57	-544,9	-65,2					32	0	32	0	0	0
1957	1957		DEL	chr2	15964213	chr2	16583186	618973.0	True		False		4	2	6	-10,9	-1,1	-10,9	-1,1					4	2	6	0	0	0
1396	1396		DEL	chr2	15964223	chr2	15964753	530.0	True		False		49	0	49	-10,389	-2,31	-159,9	-32,2					49	0	49	0	0	0
1397	1397		DEL	chr2	15965140	chr2	15965741	601.0	True		False		25	1	26	-10,9	-3,3	-10,9	-3,3					25	1	26	0	0	0
1398	1398		DEL	chr2	15966960	chr2	15967736	776.0	True		False		53	0	53	-10,218	-1,31	-309,9	-43,2					52	0	52	1	0	1
1399	1399		DEL	chr2	15967680	chr2	15968293	613.0	True		False		49	0	49	-10,466	-3,45	-392,9	-48,2					49	0	49	0	0	0
15542	15542_1	15542_2	BND	chr2	15970289	chr12	66057592		False	False	False	True	7	5	12	-8,5	0,0	-7,2	0,0	-7,2	0,0	-8,5	0,0	7	4	11	0	1	1
15541	15541_1	15541_2	BND	chr2	15970327	chr12	66057681		True	True	False	True	6	1	7	-10,9	-3,3	-10,5	-1,3	-10,5	-1,3	-10,9	-3,3	6	1	7	0	0	0
1400	1400		DEL	chr2	15970525	chr2	15971200	675.0	True		False		48	0	48	-10,542	-2,74	-470,9	-63,2					48	0	48	0	0	0
1401	1401		DEL	chr2	15971301	chr2	15972011	710.0	True		False		44	3	47	-5,4	-1,1	-10,8	-1,1					44	3	47	0	0	0
1402	1402		DEL	chr2	15976082	chr2	15976894	812.0	True		False		53	0	53	-10,507	-2,97	-432,9	-107,2					52	0	52	1	0	1
1403	1403		DEL	chr2	15977095	chr2	15977269	174.0	True		False		17	0	17	-10,20	-3,12	-167,9	-25,3					17	0	17	0	0	0
1404	1404		DEL	chr2	15977610	chr2	15977988	378.0	True		False		24	1	25	-1,9	-1,9	-10,9	-3,3					24	1	25	0	0	0
1406	1406		DEL	chr2	15978970	chr2	15979092	122.0	True		False		21	2	23	-4,9	-1,6	-10,9	-1,1					21	2	23	0	0	0
1407	1407		DEL	chr2	15980148	chr2	15980578	430.0	True		False		26	0	26	-10,363	-3,30	-219,9	-27,3					26	0	26	0	0	0
1408	1408		DEL	chr2	15981025	chr2	15981393	368.0	False		False		47	7	54	-6,5	0,0	-10,9	0,0					47	7	54	0	0	0
1409	1409		DEL	chr2	15982569	chr2	15983245	676.0	True		False		41	0	41	-10,140	-3,43	-506,9	-57,1					40	0	40	1	0	1
1410	1410		DEL	chr2	15983507	chr2	15983808	301.0	True		False		19	0	19	-10,201	-3,22	-184,9	-21,3					19	0	19	0	0	0
1418	1418		DEL	chr2	15987936	chr2	15988408	472.0	True		False		42	0	42	-10,255	-3,27	-300,9	-21,3					41	0	41	1	0	1
1419	1419		DEL	chr2	15989103	chr2	15989222	119.0	True		False		23	1	24	-10,9	-4,2	-10,9	-2,4					23	1	24	0	0	0
800	800		DEL	chr2	15989768	chr2	15989988	220.0	True		False		41	1	42	-10,9	-2,3	-10,9	-3,3					41	1	42	0	0	0
1421	1421		DEL	chr2	15991025	chr2	15991887	862.0	True		False		38	0	38	-10,572	-2,115	-392,9	-94,2					37	0	37	1	0	1
1422	1422		DEL	chr2	15992882	chr2	15993461	579.0	True		False		41	0	41	-10,253	-3,39	-300,9	-43,2					41	0	41	0	0	0
1424	1424		DEL	chr2	15994543	chr2	15995128	585.0	True		False		21	0	21	-10,320	-3,53	-410,9	-71,2					21	0	21	0	0	0
1425	1425		DEL	chr2	15995904	chr2	15996577	673.0	True		False		46	0	46	-10,313	-2,58	-316,9	-56,2					46	0	46	0	0	0
1426	1426		DEL	chr2	15997589	chr2	15997778	189.0	True		False		50	0	50	-10,133	-4,16	-149,9	-18,3					49	0	49	1	0	1
1427	1427		DEL	chr2	15998590	chr2	15999071	481.0	True		False		39	0	39	-10,192	-3,28	-242,9	-24,3					39	0	39	0	0	0
1453	1453		DEL	chr2	16000588	chr2	16001346	758.0	True		False		57	0	57	-10,56	-2,42	-561,9	-80,2					57	0	57	0	0	0
1455	1455		DEL	chr2	16001403	chr2	16001602	199.0	True		False		10	0	10	-10,146	-3,32	-188,9	-50,3					10	0	10	0	0	0
1457	1457		DEL	chr2	16002758	chr2	16003262	504.0	True		False		66	0	66	-10,74	-2,20	-168,9	-22,3					66	0	66	0	0	0
1458	1458		DEL	chr2	16004281	chr2	16004566	285.0	True		False		47	0	47	-10,163	-4,15	-47,9	-14,4					46	0	46	1	0	1
1459	1459		DEL	chr2	16006226	chr2	16007160	934.0	True		False		49	0	49	-10,556	-2,159	-661,9	-175,2					49	0	49	0	0	0
1461	1461		DEL	chr2	16007163	chr2	16007844	681.0	True		False		27	0	27	-10,323	-2,56	-588,9	-85,2					27	0	27	0	0	0
1462	1462		DEL	chr2	16008086	chr2	16008204	118.0	True		False		24	1	25	-10,9	-3,3	-10,9	-2,4					24	1	25	0	0	0
1463	1463		DEL	chr2	16010280	chr2	16010741	461.0	True		False		56	0	56	-10,161	-2,22	-154,9	-19,3					56	0	56	0	0	0
1931	1931		INV	chr2	16010589	chr2	16551434	540845.0	True		False		4	4	8	-41,9	-31,0	-36,9	-26,0					4	4	8	0	0	0
1464	1464		DEL	chr2	16010945	chr2	16011555	610.0	True		False		17	0	17	-10,378	-2,72	-544,9	-62,2					17	0	17	0	0	0
1465	1465		DEL	chr2	16012119	chr2	16012743	624.0	True		False		45	0	45	-10,313	-3,50	-497,9	-57,2					45	0	45	0	0	0
1466	1466		DEL	chr2	16013651	chr2	16013789	138.0	True		False		31	1	32	-10,9	-3,3	-10,9	-2,4					31	1	32	0	0	0
1467	1467		DEL	chr2	16014512	chr2	16015130	618.0	True		False		7	0	7	-10,471	-2,76	-460,9	-89,0					7	0	7	0	0	0
1468	1468		DEL	chr2	16015460	chr2	16015623	163.0	True		False		45	1	46	-10,9	-1,3	-10,9	-3,3					45	1	46	0	0	0
1470	1470		DEL	chr2	16017691	chr2	16018375	684.0	True		False		23	0	23	-10,478	-1,91	-478,9	-79,2					23	0	23	0	0	0
15911	15911_1	15911_2	BND	chr2	16018009	chr19	16063438		True	True	False	True	7	0	7	-89,9	-42,3	-639,9	-111,1	-639,9	-111,1	-89,9	-42,3	6	0	6	1	0	1
14846	14846_1	14846_2	BND	chr2	16018036	chr3	961170		True	True	False	True	12	0	12	-10,299	-2,62	-686,9	-107,1	-686,9	-107,1	-10,299	-2,62	12	0	12	0	0	0
15959	15959_1	15959_2	BND	chr2	16018148	chr20	48641800		True	True	False	True	56	0	56	-77,9	-8,5	-177,2	-73,1	-177,2	-73,1	-77,9	-8,5	56	0	56	0	0	0
1471	1471		DEL	chr2	16018893	chr2	16019596	703.0	True		False		50	0	50	-10,414	-2,77	-322,9	-72,2					50	0	50	0	0	0
1472	1472		DEL	chr2	16020774	chr2	16021388	614.0	True		False		64	0	64	-10,229	-3,33	-378,9	-39,3					63	0	63	1	0	1
1473	1473		DEL	chr2	16021527	chr2	16021963	436.0	True		False		22	0	22	-10,143	-4,17	-399,9	-22,3					22	0	22	0	0	0
1474	1474		DEL	chr2	16022162	chr2	16022280	118.0	True		False		43	1	44	-10,9	-3,3	-10,9	-2,4					43	1	44	0	0	0
1475	1475		DEL	chr2	16023567	chr2	16024230	663.0	True		False		62	0	62	-10,272	-2,47	-495,9	-43,2					62	0	62	0	0	0
1476	1476		DEL	chr2	16025394	chr2	16025968	574.0	True		False		41	0	41	-10,293	-3,48	-304,9	-37,3					41	0	41	0	0	0
1477	1477		DEL	chr2	16026841	chr2	16027374	533.0	True		False		54	0	54	-10,217	-3,32	-223,9	-30,3					54	0	54	0	0	0
1478	1478		DEL	chr2	16027690	chr2	16028152	462.0	True		False		55	0	55	-10,135	-2,19	-139,9	-18,3					55	0	55	0	0	0
1479	1479		DEL	chr2	16029009	chr2	16029654	645.0	True		False		60	0	60	-10,261	-2,44	-256,9	-41,3					60	0	60	0	0	0
1480	1480		DEL	chr2	16030098	chr2	16030553	455.0	True		False		7	0	7	-10,409	-3,61	-437,9	-64,3					7	0	7	0	0	0
1482	1482		DEL	chr2	16030672	chr2	16030924	252.0	True		False		61	2	63	-10,9	-1,1	-10,9	-1,1					61	2	63	0	0	0
1484	1484		DEL	chr2	16033554	chr2	16033661	107.0	True		False		39	0	39	-10,54	-4,12	-48,9	-12,3					38	0	38	1	0	1
1940	1940_1	1940_2	BND	chr2	16033810	chr2	16563326		True	True	False	True	5	2	7	-9,9	-1,1	-10,9	-1,1	-10,9	-1,1	-9,9	-1,1	5	2	7	0	0	0
1485	1485		DEL	chr2	16034397	chr2	16034681	284.0	False		False		39	5	44	-7,5	0,0	-10,9	0,0					39	5	44	0	0	0
1486	1486		DEL	chr2	16035878	chr2	16036460	582.0	True		False		51	0	51	-10,296	-2,52	-307,9	-54,2					51	0	51	0	0	0
1488	1488		DEL	chr2	16038022	chr2	16038557	535.0	True		False		45	0	45	-10,180	-3,26	-198,9	-25,2					45	0	45	0	0	0
1490	1490		DEL	chr2	16040012	chr2	16040390	378.0	True		False		35	0	35	-10,153	-3,25	-220,9	-27,1					34	0	34	1	0	1
1492	1492		DEL	chr2	16041084	chr2	16041695	611.0	True		False		30	0	30	-10,258	-3,42	-266,9	-37,1					30	0	30	0	0	0
1493	1493		DEL	chr2	16042522	chr2	16043201	679.0	True		False		52	0	52	-10,294	-2,48	-324,9	-62,2					52	0	52	0	0	0
1494	1494		DEL	chr2	16044375	chr2	16044679	304.0	True		False		50	0	50	-10,199	-3,17	-61,9	-13,4					50	0	50	0	0	0
1495	1495		DEL	chr2	16045509	chr2	16046066	557.0	True		False		53	0	53	-10,188	-3,28	-189,9	-28,3					53	0	53	0	0	0
1496	1496		DEL	chr2	16046234	chr2	16046842	608.0	True		False		38	0	38	-10,291	-2,55	-275,9	-42,2					38	0	38	0	0	0
1497	1497		DEL	chr2	16047581	chr2	16048011	430.0	True		False		9	0	9	-10,264	-3,44	-407,9	-72,2					9	0	9	0	0	0
1499	1499		DEL	chr2	16048914	chr2	16049543	629.0	True		False		55	0	55	-10,350	-3,38	-535,9	-45,1					55	0	55	0	0	0
1500	1500		DEL	chr2	16050171	chr2	16050769	598.0	True		False		57	0	57	-10,210	-3,33	-389,9	-29,3					56	0	56	1	0	1
1501	1501		DEL	chr2	16051527	chr2	16051755	228.0	True		False		61	0	61	-10,81	-4,11	-78,9	-12,4					60	0	60	1	0	1
1502	1502		DEL	chr2	16052493	chr2	16052897	404.0	True		False		54	0	54	-10,83	-4,16	-167,9	-17,2					54	0	54	0	0	0
1503	1503		DEL	chr2	16054518	chr2	16055218	700.0	True		False		42	0	42	-10,326	-2,73	-311,9	-48,3					42	0	42	0	0	0
1504	1504		DEL	chr2	16055235	chr2	16055355	120.0	True		False		31	2	33	-5,6	-1,2	-10,9	-1,1					31	2	33	0	0	0
1430	1430		DEL	chr2	16055932	chr2	16056527	595.0	True		False		36	0	36	-10,285	-2,54	-357,9	-40,3					35	0	35	1	0	1
1505	1505		DEL	chr2	16057141	chr2	16057582	441.0	True		False		14	0	14	-10,192	-3,31	-279,9	-37,3					14	0	14	0	0	0
1506	1506		DEL	chr2	16057891	chr2	16058052	161.0	True		False		63	1	64	-10,9	-3,3	-10,9	-3,3					63	1	64	0	0	0
1507	1507		DEL	chr2	16060677	chr2	16061370	693.0	True		False		38	0	38	-10,351	-2,66	-450,9	-59,2					38	0	38	0	0	0
1971	1971_1	1971_2	BND	chr2	16061959	chr2	16606321		True	True	False	True	3	2	5	-10,9	-1,1	-10,9	-1,1	-10,9	-1,1	-10,9	-1,1	3	2	5	0	0	0
1508	1508		DEL	chr2	16062754	chr2	16063275	521.0	True		False		9	0	9	-10,390	-2,64	-388,9	-46,3					9	0	9	0	0	0
1509	1509		DEL	chr2	16064002	chr2	16064170	168.0	True		False		74	2	76	0,9	0,2	-10,9	-1,1					74	2	76	0	0	0
1510	1510		DEL	chr2	16066906	chr2	16067493	587.0	True		False		77	0	77	-10,208	-3,31	-221,9	-35,2					76	0	76	1	0	1
1511	1511		DEL	chr2	16067606	chr2	16067911	305.0	True		False		27	0	27	-10,205	-3,27	-226,9	-28,3					27	0	27	0	0	0
1512	1512		DEL	chr2	16068597	chr2	16069123	526.0	True		False		51	0	51	-10,150	-3,22	-279,9	-21,3					50	0	50	1	0	1
1513	1513		DEL	chr2	16070043	chr2	16070209	166.0	True		False		19	1	20	-10,9	-4,2	-10,9	-2,4					19	1	20	0	0	0
1514	1514		DEL	chr2	16070605	chr2	16070777	172.0	True		False		32	1	33	-10,9	-2,3	-10,9	-3,3					32	1	33	0	0	0
1431	1431		DEL	chr2	16072480	chr2	16073022	542.0	True		False		53	0	53	-10,182	-3,26	-193,9	-28,3					52	0	52	1	0	1
1516	1516		DEL	chr2	16073034	chr2	16073591	557.0	True		False		40	3	43	-8,7	-2,2	-10,6	-2,1					40	3	43	0	0	0
1517	1517		DEL	chr2	16074663	chr2	16074782	119.0	True		False		29	2	31	-2,9	-1,3	-10,9	-1,1					29	2	31	0	0	0
1518	1518		DEL	chr2	16077258	chr2	16077900	642.0	True		False		54	0	54	-10,440	-2,49	-562,9	-48,2					54	0	54	0	0	0
1519	1519		DEL	chr2	16078325	chr2	16078679	354.0	True		False		36	0	36	-10,183	-3,24	-195,9	-25,3					36	0	36	0	0	0
1520	1520		DEL	chr2	16079302	chr2	16079931	629.0	True		False		64	0	64	-10,230	-3,37	-265,9	-55,2					64	0	64	0	0	0
2145	2145_1	2145_2	BND	chr2	16081891	chr2	32916238		True	True	False	True	62	0	62	-467,9	-14,3	-177,9	-67,1	-177,9	-67,1	-467,9	-14,3	62	0	62	0	0	0
1521	1521		DEL	chr2	16082690	chr2	16082920	230.0	True		False		41	0	41	-10,115	-1,19	-41,9	-15,2					41	0	41	0	0	0
1522	1522		DEL	chr2	16083266	chr2	16083907	641.0	True		False		26	0	26	-10,491	-2,95	-567,9	-80,2					26	0	26	0	0	0
1523	1523		DEL	chr2	16084560	chr2	16084908	348.0	True		False		69	1	70	-10,9	-2,3	-10,9	-3,3					69	1	70	0	0	0
1524	1524		DEL	chr2	16085876	chr2	16086424	548.0	True		False		29	0	29	-10,154	-3,30	-182,9	-25,3					29	0	29	0	0	0
1525	1525		DEL	chr2	16086785	chr2	16086844	59.0	True		False		26	2	28	-10,9	-1,1	-10,9	-1,1					26	2	28	0	0	0
1526	1526		DEL	chr2	16087605	chr2	16088262	657.0	True		False		45	0	45	-10,323	-2,71	-312,9	-52,2					44	0	44	1	0	1
1432	1432		DEL	chr2	16089001	chr2	16089398	397.0	True		False		3	2	5	-10,9	-1,1	-10,9	-1,1					3	2	5	0	0	0
1529	1529		DEL	chr2	16090857	chr2	16091074	217.0	True		False		31	1	32	-10,9	-3,3	-10,9	-2,4					31	1	32	0	0	0
1531	1531		DEL	chr2	16091918	chr2	16092451	533.0	True		False		11	0	11	-10,312	-3,44	-471,9	-51,3					11	0	11	0	0	0
1533	1533		DEL	chr2	16093384	chr2	16093983	599.0	True		False		36	0	36	-10,352	-2,68	-457,9	-52,3					36	0	36	0	0	0
1534	1534		DEL	chr2	16094492	chr2	16094995	503.0	True		False		39	0	39	-10,194	-3,30	-304,9	-25,3					39	0	39	0	0	0
1535	1535		DEL	chr2	16095359	chr2	16095850	491.0	True		False		22	1	23	-10,9	-3,3	-10,9	-3,3					22	1	23	0	0	0
1536	1536		DEL	chr2	16097373	chr2	16098011	638.0	True		False		59	0	59	-10,251	-3,40	-398,9	-44,2					58	0	58	1	0	1
1537	1537		DEL	chr2	16098145	chr2	16098431	286.0	True		False		21	0	21	-10,176	-3,25	-177,9	-17,4					21	0	21	0	0	0
1538	1538		DEL	chr2	16098698	chr2	16098999	301.0	True		False		44	1	45	-10,9	-2,3	-10,9	-3,3					44	1	45	0	0	0
1539	1539		DEL	chr2	16101105	chr2	16101254	149.0	True		False		61	0	61	-10,69	-4,11	-11,9	-6,5					61	0	61	0	0	0
1540	1540		DEL	chr2	16101578	chr2	16102123	545.0	True		False		13	1	14	-10,9	-3,3	-10,9	-3,3					13	1	14	0	0	0
1541	1541		DEL	chr2	16103864	chr2	16104173	309.0	True		False		36	0	36	-10,258	-3,36	-250,9	-35,2					36	0	36	0	0	0
1542	1542		DEL	chr2	16105839	chr2	16106437	598.0	True		False		27	0	27	-10,237	-3,38	-276,9	-49,1					27	0	27	0	0	0
1543	1543		DEL	chr2	16106966	chr2	16107048	82.0	True		False		45	2	47	-4,9	-1,2	-10,9	-1,2					45	2	47	0	0	0
1545	1545		DEL	chr2	16109005	chr2	16109604	599.0	True		False		26	0	26	-10,273	-3,44	-287,9	-45,1					26	0	26	0	0	0
1546	1546		DEL	chr2	16110043	chr2	16110190	147.0	True		False		7	1	8	-5,9	-1,6	-10,9	-3,3					7	1	8	0	0	0
1547	1547		DEL	chr2	16110969	chr2	16111315	346.0	False		False		1	15	16	-2,4	0,0	0,3	0,0					1	15	16	0	0	0
1549	1549		DEL	chr2	16112136	chr2	16112635	499.0	True		False		12	0	12	-10,441	-3,71	-346,9	-69,3					12	0	12	0	0	0
1555	1555		DEL	chr2	16113815	chr2	16113869	54.0	True		False		5	1	6	-4,9	-1,7	-6,9	-2,4					5	1	6	0	0	0
1556	1556		DEL	chr2	16114761	chr2	16115384	623.0	True		False		50	0	50	-10,268	-2,54	-272,9	-47,3					50	0	50	0	0	0
1557	1557		DEL	chr2	16116282	chr2	16116758	476.0	True		False		45	0	45	-10,191	-3,27	-252,9	-24,3					45	0	45	0	0	0
1558	1558		DEL	chr2	16117335	chr2	16117829	494.0	True		False		8	0	8	-10,486	-3,62	0,3	0,3					8	0	8	0	0	0
1560	1560		DEL	chr2	16118447	chr2	16118932	485.0	True		False		28	0	28	-10,280	-3,36	-478,9	-30,3					28	0	28	0	0	0
1561	1561		DEL	chr2	16120179	chr2	16120424	245.0	True		False		58	0	58	-10,102	-2,14	-42,9	-11,4					58	0	58	0	0	0
1428	1428		DEL	chr2	16121771	chr2	16122164	393.0	True		False		69	0	69	-10,121	-4,15	-243,9	-17,3					69	0	69	0	0	0
1562	1562		DEL	chr2	16122003	chr2	16122661	658.0	False		False		59	12	71	-3,2	0,0	-10,6	0,0					58	12	70	1	0	1
1563	1563		DEL	chr2	16123402	chr2	16123792	390.0	True		False		41	0	41	-10,101	-1,16	-100,9	-13,4					41	0	41	0	0	0
1566	1566		DEL	chr2	16124654	chr2	16124778	124.0	True		False		17	1	18	-10,9	-3,3	-10,9	-2,4					17	1	18	0	0	0
1567	1567		DEL	chr2	16126006	chr2	16126506	500.0	True		False		40	1	41	-10,9	-3,3	-10,9	-3,3					40	1	41	0	0	0
1568	1568		DEL	chr2	16127774	chr2	16128402	628.0	True		False		45	0	45	-10,490	-2,44	-475,9	-38,3					44	0	44	1	0	1
1569	1569		DEL	chr2	16129779	chr2	16130517	738.0	True		False		36	0	36	-10,659	-1,114	-555,9	-95,2					36	0	36	0	0	0
1570	1570		DEL	chr2	16130614	chr2	16130714	100.0	True		False		7	1	8	-10,9	-2,3	-10,9	-3,3					7	1	8	0	0	0
1572	1572		DEL	chr2	16134337	chr2	16134963	626.0	True		False		38	0	38	-10,333	-2,65	-328,9	-55,3					37	0	37	1	0	1
1573	1573		DEL	chr2	16135867	chr2	16136643	776.0	True		False		35	0	35	-10,455	-2,79	-619,9	-97,2					34	0	34	1	0	1
1574	1574		DEL	chr2	16137053	chr2	16137691	638.0	True		False		35	0	35	-10,497	-2,52	-422,9	-43,3					35	0	35	0	0	0
1433	1433		DEL	chr2	16137995	chr2	16138530	535.0	True		False		46	0	46	-10,193	-3,29	-196,9	-28,2					45	0	45	1	0	1
1575	1575		DEL	chr2	16139329	chr2	16139912	583.0	True		False		54	0	54	-10,270	-2,50	-243,9	-44,1					54	0	54	0	0	0
1576	1576		DEL	chr2	16140576	chr2	16141258	682.0	True		False		49	0	49	-10,370	-1,75	-380,9	-68,2					49	0	49	0	0	0
1577	1577		DEL	chr2	16142083	chr2	16142780	697.0	True		False		50	0	50	-10,308	-2,73	-565,9	-52,2					50	0	50	0	0	0
1578	1578		DEL	chr2	16149153	chr2	16149469	316.0	True		False		5	1	6	-10,9	-3,3	-10,9	-3,3					5	1	6	0	0	0
1582	1582		DEL	chr2	16149996	chr2	16150270	274.0	True		False		46	2	48	-10,9	-1,1	-10,9	-1,1					46	2	48	0	0	0
1583	1583		DEL	chr2	16152410	chr2	16153022	612.0	True		False		50	0	50	-10,497	-3,42	-286,9	-51,1					50	0	50	0	0	0
1584	1584		DEL	chr2	16153656	chr2	16154282	626.0	True		False		50	0	50	-10,308	-2,68	-316,9	-62,2					50	0	50	0	0	0
1585	1585		DEL	chr2	16155210	chr2	16155828	618.0	True		False		72	0	72	-10,244	-3,37	-235,9	-38,3					72	0	72	0	0	0
1586	1586		DEL	chr2	16155830	chr2	16156329	499.0	True		False		52	0	52	-10,124	-1,16	-354,9	-20,3					52	0	52	0	0	0
1588	1588		DEL	chr2	16156803	chr2	16157810	1007.0	True		False		52	0	52	-10,716	-2,367	-717,9	-367,2					52	0	52	0	0	0
1589	1589		DEL	chr2	16158009	chr2	16158561	552.0	True		False		29	0	29	-10,175	-3,27	-415,9	-36,3					29	0	29	0	0	0
1592	1592		DEL	chr2	16160222	chr2	16160767	545.0	True		False		46	0	46	-10,290	-3,31	-399,9	-29,3					46	0	46	0	0	0
1593	1593		DEL	chr2	16161501	chr2	16162319	818.0	True		False		49	0	49	-10,521	-2,110	-591,9	-103,1					49	0	49	0	0	0
1594	1594		DEL	chr2	16162740	chr2	16162876	136.0	True		False		3	2	5	-10,9	-1,1	-10,9	-1,1					3	2	5	0	0	0
1595	1595		DEL	chr2	16163447	chr2	16163765	318.0	True		False		16	1	17	-10,9	-3,3	-10,9	-3,3					15	1	16	1	0	1
1596	1596		DEL	chr2	16164578	chr2	16164732	154.0	True		False		56	1	57	-8,9	-1,4	-10,9	-2,4					56	1	57	0	0	0
1597	1597		DEL	chr2	16165864	chr2	16166353	489.0	True		False		10	0	10	-10,335	-3,52	-364,9	-53,3					10	0	10	0	0	0
1598	1598		DEL	chr2	16166439	chr2	16166678	239.0	True		False		40	3	43	-1,9	0,1	-10,9	-1,1					40	3	43	0	0	0
1599	1599		DEL	chr2	16169566	chr2	16170052	486.0	True		False		32	0	32	-10,134	-3,24	-313,9	-30,3					32	0	32	0	0	0
1434	1434		DEL	chr2	16170413	chr2	16170521	108.0	True		False		48	1	49	-10,9	-3,3	-10,9	-2,4					47	1	48	1	0	1
1600	1600		DEL	chr2	16172239	chr2	16172688	449.0	True		False		61	0	61	-10,176	-3,25	-301,9	-22,3					61	0	61	0	0	0
1601	1601		DEL	chr2	16173112	chr2	16173882	770.0	True		False		45	0	45	-10,609	-2,106	-500,9	-92,2					44	0	44	1	0	1
1602	1602		DEL	chr2	16174333	chr2	16174828	495.0	True		False		25	0	25	-10,87	-3,24	-163,9	-22,2					24	0	24	1	0	1
1603	1603		DEL	chr2	16175451	chr2	16175546	95.0	True		False		49	1	50	-10,9	-4,2	-10,9	-2,4					49	1	50	0	0	0
1604	1604		DEL	chr2	16176416	chr2	16177027	611.0	True		False		16	0	16	-10,180	-3,59	-536,9	-79,2					16	0	16	0	0	0
1605	1605		DEL	chr2	16178082	chr2	16178489	407.0	True		False		32	0	32	-10,293	-3,29	-238,9	-32,2					31	0	31	1	0	1
1607	1607		DEL	chr2	16179033	chr2	16179190	157.0	True		False		25	1	26	-2,9	0,9	-10,9	-3,3					25	1	26	0	0	0
1608	1608		DEL	chr2	16180185	chr2	16180841	656.0	True		False		32	3	35	-3,9	0,1	-10,0	-4,0					32	3	35	0	0	0
1609	1609		DEL	chr2	16181854	chr2	16182958	1104.0	True		False		66	0	66	-10,716	-2,367	-717,9	-367,2					66	0	66	0	0	0
1610	1610		DEL	chr2	16182966	chr2	16183349	383.0	True		False		15	0	15	-10,141	-3,23	-199,9	-33,3					15	0	15	0	0	0
1612	1612		DEL	chr2	16183837	chr2	16184119	282.0	False		False		34	12	46	0,4	0,0	-3,2	0,0					33	12	45	1	0	1
1613	1613		DEL	chr2	16185870	chr2	16186090	220.0	True		False		10	2	12	-10,9	-1,1	-10,9	-1,1					10	2	12	0	0	0
1435	1435		DEL	chr2	16186590	chr2	16186708	118.0	True		False		43	1	44	-5,9	-1,6	-5,9	-2,5					43	1	44	0	0	0
1614	1614		DEL	chr2	16189250	chr2	16189855	605.0	True		False		67	0	67	-10,211	-1,39	-317,9	-28,3					67	0	67	0	0	0
1615	1615		DEL	chr2	16191534	chr2	16192154	620.0	True		False		87	0	87	-10,25	-3,13	-169,9	-24,2					87	0	87	0	0	0
1617	1617		DEL	chr2	16192206	chr2	16192475	269.0	True		False		5	3	8	-10,8	-1,1	-10,9	-1,1					5	3	8	0	0	0
1618	1618		DEL	chr2	16192442	chr2	16192714	272.0	True		False		13	3	16	-7,9	0,1	-10,9	-1,1					13	3	16	0	0	0
1619	1619		DEL	chr2	16193455	chr2	16193721	266.0	True		False		32	1	33	-10,9	-3,3	-10,9	-3,3					32	1	33	0	0	0
1620	1620		DEL	chr2	16194863	chr2	16195441	578.0	True		False		27	0	27	-10,310	-2,56	-452,9	-49,3					26	0	26	1	0	1
1621	1621		DEL	chr2	16195742	chr2	16196050	308.0	True		False		24	2	26	-3,9	-1,3	-10,6	-3,1					24	2	26	0	0	0
1623	1623		DEL	chr2	16197423	chr2	16197491	68.0	True		False		49	1	50	-7,9	-1,5	-10,9	-3,3					49	1	50	0	0	0
1624	1624		DEL	chr2	16199233	chr2	16199773	540.0	True		False		52	0	52	-10,206	-3,30	-183,9	-29,3					52	0	52	0	0	0
1625	1625		DEL	chr2	16200136	chr2	16200577	441.0	True		False		14	0	14	-10,231	-3,29	-258,9	-32,3					14	0	14	0	0	0
1626	1626		DEL	chr2	16200665	chr2	16201005	340.0	True		False		26	1	27	-7,9	-1,5	-10,9	-3,3					26	1	27	0	0	0
2021	2021		DEL	chr2	16200923	chr2	16664391	463468.0	False		False		20	14	34	-2,1	0,0	-2,0	0,0					20	14	34	0	0	0
1627	1627		DEL	chr2	16202317	chr2	16203008	691.0	True		False		17	0	17	-10,509	-2,106	-520,9	-79,2					17	0	17	0	0	0
1436	1436		DEL	chr2	16202866	chr2	16203214	348.0	True		False		34	2	36	-10,9	-1,1	-10,9	-1,1					33	2	35	1	0	1
1628	1628		DEL	chr2	16203876	chr2	16204352	476.0	True		False		53	1	54	-10,9	-3,3	-10,9	-3,3					52	1	53	1	0	1
1629	1629		DEL	chr2	16205782	chr2	16206867	1085.0	True		False		64	0	64	-10,716	-2,367	-717,9	-367,2					63	0	63	1	0	1
1630	1630		DEL	chr2	16207279	chr2	16208016	737.0	True		False		72	0	72	-10,361	-1,75	-536,9	-67,2					71	0	71	1	0	1
1631	1631		DEL	chr2	16209121	chr2	16209675	554.0	True		False		60	0	60	-10,195	-3,29	-219,7	-32,0					60	0	60	0	0	0
1632	1632		DEL	chr2	16209582	chr2	16210160	578.0	True		False		48	0	48	-10,232	-2,36	-279,9	-29,3					48	0	48	0	0	0
1633	1633		DEL	chr2	16211403	chr2	16211646	243.0	True		False		46	0	46	-10,219	-3,31	-176,9	-27,3					46	0	46	0	0	0
1634	1634		DEL	chr2	16212566	chr2	16212943	377.0	True		False		30	0	30	-10,359	-2,75	-315,9	-47,3					29	0	29	1	0	1
1635	1635		DEL	chr2	16213683	chr2	16213793	110.0	True		False		14	2	16	-10,9	-1,1	-10,9	-1,1					14	2	16	0	0	0
1636	1636		DEL	chr2	16214060	chr2	16214135	75.0	True		False		66	1	67	-10,9	-3,3	-10,9	-2,4					65	1	66	1	0	1
1637	1637		DEL	chr2	16215328	chr2	16215991	663.0	True		False		44	2	46	-3,9	0,3	-10,9	-1,1					44	2	46	0	0	0
1638	1638		DEL	chr2	16216613	chr2	16217260	647.0	True		False		6	0	6	-10,408	-2,107	-554,9	-107,2					6	0	6	0	0	0
1639	1639		DEL	chr2	16217382	chr2	16218047	665.0	True		False		5	0	5	-10,621	-2,129	-542,9	-103,2					5	0	5	0	0	0
1641	1641		DEL	chr2	16218191	chr2	16218465	274.0	True		False		13	2	15	-2,9	-1,3	-10,5	-4,1					13	2	15	0	0	0
1642	1642		DEL	chr2	16219382	chr2	16219441	59.0	True		False		18	1	19	-10,9	-3,2	-6,9	-2,5					18	1	19	0	0	0
1643	1643		DEL	chr2	16220883	chr2	16220986	103.0	False		False		6	4	10	-9,7	0,0	-9,8	0,0					6	4	10	0	0	0
1648	1648		DEL	chr2	16222630	chr2	16223094	464.0	True		False		28	0	28	-10,187	-3,27	-367,9	-34,3					28	0	28	0	0	0
1649	1649		DEL	chr2	16224204	chr2	16224916	712.0	True		False		30	0	30	-10,372	-2,71	-564,9	-86,2					30	0	30	0	0	0
1655	1655		DEL	chr2	16226533	chr2	16227016	483.0	True		False		45	0	45	-10,209	-3,30	-335,9	-28,3					45	0	45	0	0	0
1656	1656		DEL	chr2	16227733	chr2	16227968	235.0	True		False		10	0	10	-10,233	-3,36	-211,9	-34,3					9	0	9	1	0	1
1657	1657		DEL	chr2	16228229	chr2	16228509	280.0	True		False		5	27	32	0,4	0,1	-4,0	-1,0					5	26	31	0	1	1
2111	2111_1	2111_2	BND	chr2	16228311	chr2	32916230		True	True	False	True	16	0	16	-270,9	-43,3	-330,5	-100,1	-330,5	-100,1	-270,9	-43,3	16	0	16	0	0	0
1658	1658		DEL	chr2	16228499	chr2	16229123	624.0	True		False		30	0	30	-10,385	-2,79	-395,9	-64,2					30	0	30	0	0	0
1437	1437		DEL	chr2	16235655	chr2	16236092	437.0	True		False		68	1	69	-10,9	-3,3	-10,8	-3,1					68	1	69	0	0	0
1659	1659		DEL	chr2	16237089	chr2	16237665	576.0	True		False		56	0	56	-10,170	-2,37	-237,9	-33,2					56	0	56	0	0	0
1660	1660		DEL	chr2	16238887	chr2	16239491	604.0	True		False		40	0	40	-10,281	-3,46	-263,9	-40,3					39	0	39	1	0	1
1661	1661		DEL	chr2	16239927	chr2	16240561	634.0	True		False		54	0	54	-10,302	-2,54	-348,9	-52,3					54	0	54	0	0	0
1662	1662		DEL	chr2	16241414	chr2	16242145	731.0	True		False		79	0	79	-10,456	-2,67	-345,9	-61,1					79	0	79	0	0	0
1663	1663		DEL	chr2	16242584	chr2	16243018	434.0	True		False		54	0	54	-10,67	-4,16	-164,9	-23,3					54	0	54	0	0	0
1664	1664		DEL	chr2	16244272	chr2	16244883	611.0	True		False		55	0	55	-10,269	-3,43	-264,9	-44,1					55	0	55	0	0	0
1665	1665		DEL	chr2	16245754	chr2	16245983	229.0	True		False		43	0	43	-10,47	-4,13	-30,9	-12,2					43	0	43	0	0	0
1666	1666		DEL	chr2	16246322	chr2	16247074	752.0	True		False		67	0	67	-10,336	-2,76	-422,9	-59,1					67	0	67	0	0	0
1667	1667		DEL	chr2	16248117	chr2	16248884	767.0	True		False		46	0	46	-10,568	-1,87	-407,9	-76,2					46	0	46	0	0	0
1668	1668		DEL	chr2	16248617	chr2	16249619	1002.0	True		False		30	0	30	-10,716	-2,367	-717,9	-367,2					30	0	30	0	0	0
1670	1670		DEL	chr2	16250748	chr2	16251288	540.0	True		False		29	0	29	-10,272	-3,41	-309,9	-46,3					29	0	29	0	0	0
1671	1671		DEL	chr2	16251286	chr2	16251758	472.0	True		False		59	1	60	-3,8	-1,8	-10,9	-3,3					59	1	60	0	0	0
1672	1672		DEL	chr2	16253137	chr2	16253671	534.0	True		False		52	0	52	-10,167	-3,25	-176,9	-25,3					52	0	52	0	0	0
1673	1673		DEL	chr2	16254032	chr2	16254500	468.0	True		False		61	0	61	-10,151	-3,27	-200,9	-26,3					60	0	60	1	0	1
1674	1674		DEL	chr2	16255914	chr2	16256421	507.0	True		False		63	0	63	-10,386	-3,26	-185,9	-25,3					62	0	62	1	0	1
1675	1675		DEL	chr2	16256629	chr2	16257151	522.0	True		False		46	0	46	-10,248	-3,24	-315,9	-25,1					46	0	46	0	0	0
1676	1676		DEL	chr2	16257645	chr2	16258023	378.0	True		False		72	1	73	-10,9	-3,3	-10,9	-2,4					72	1	73	0	0	0
1677	1677		DEL	chr2	16259554	chr2	16259699	145.0	True		False		65	0	65	-10,8	-4,5	-21,9	-7,2					65	0	65	0	0	0
1678	1678		DEL	chr2	16260060	chr2	16260496	436.0	True		False		48	2	50	-10,9	-1,1	-10,9	-1,1					48	2	50	0	0	0
1679	1679		DEL	chr2	16261824	chr2	16262115	291.0	True		False		53	0	53	-10,218	-3,28	-259,9	-28,3					53	0	53	0	0	0
1700	1700		DEL	chr2	16262928	chr2	16286733	23805.0	True		False		4	3	7	-10,9	-1,1	-10,9	-1,1					4	3	7	0	0	0
1680	1680		DEL	chr2	16263141	chr2	16263827	686.0	True		False		58	0	58	-10,306	-1,63	-382,9	-71,2					57	0	57	1	0	1
1681	1681		DEL	chr2	16264612	chr2	16265066	454.0	True		False		53	0	53	-10,207	-3,30	-185,9	-24,3					53	0	53	0	0	0
1682	1682		DEL	chr2	16265922	chr2	16266411	489.0	True		False		62	0	62	-10,135	-3,17	-154,9	-21,3					62	0	62	0	0	0
1683	1683		DEL	chr2	16266722	chr2	16267278	556.0	True		False		51	0	51	-10,210	-3,30	-227,9	-34,3					50	0	50	1	0	1
1684	1684		DEL	chr2	16268118	chr2	16268737	619.0	True		False		47	0	47	-10,302	-2,55	-507,9	-46,3					47	0	47	0	0	0
1685	1685		DEL	chr2	16269775	chr2	16270766	991.0	True		False		69	0	69	-10,644	-2,220	-704,9	-236,2					69	0	69	0	0	0
1686	1686		DEL	chr2	16271609	chr2	16271783	174.0	True		False		56	0	56	-10,18	-4,10	-104,9	-12,4					55	0	55	1	0	1
1687	1687		DEL	chr2	16272285	chr2	16272879	594.0	True		False		63	0	63	-10,211	-3,35	-410,9	-32,3					63	0	63	0	0	0
1688	1688		DEL	chr2	16273404	chr2	16273702	298.0	True		False		17	0	17	-10,246	-3,22	-224,9	-28,3					17	0	17	0	0	0
1690	1690		DEL	chr2	16274792	chr2	16275671	879.0	True		False		66	0	66	-10,556	-1,122	-584,9	-117,2					66	0	66	0	0	0
1691	1691		DEL	chr2	16275993	chr2	16276192	199.0	True		False		20	0	20	-10,146	-3,20	-198,9	-17,4					20	0	20	0	0	0
1692	1692		DEL	chr2	16277163	chr2	16277216	53.0	True		False		18	0	18	-10,14	-3,10	-30,9	-13,3					17	0	17	1	0	1
1752	1752_1	1752_2	BND	chr2	16277801	chr2	16348990		True	True	False	True	8	3	11	-6,9	-1,1	-9,9	-1,1	-9,9	-1,1	-6,9	-1,1	8	3	11	0	0	0
1693	1693		INV	chr2	16277912	chr2	16278593	681.0	True		False		7	1	8	-10,9	-3,3	-10,9	-3,3					7	1	8	0	0	0
1694	1694		DEL	chr2	16277965	chr2	16278935	970.0	True		False		21	0	21	-10,702	-2,236	-714,9	-239,2					21	0	21	0	0	0
2017	2017		DUP	chr2	16278972	chr2	16662754	383782.0	False		False		12	7	19	-5,2	0,0	-4,4	0,0					12	7	19	0	0	0
1695	1695		DEL	chr2	16279154	chr2	16279736	582.0	True		False		55	0	55	-10,152	-3,22	-173,9	-24,2					55	0	55	0	0	0
1696	1696		DEL	chr2	16280908	chr2	16281573	665.0	True		False		43	0	43	-10,293	-2,54	-308,9	-47,3					43	0	43	0	0	0
1697	1697		DEL	chr2	16282131	chr2	16282787	656.0	True		False		26	0	26	-10,349	-2,71	-347,9	-64,1					26	0	26	0	0	0
1698	1698		DEL	chr2	16282818	chr2	16283377	559.0	True		False		42	1	43	-10,9	-2,3	-10,9	-3,3					42	1	43	0	0	0
1699	1699		DEL	chr2	16284864	chr2	16285434	570.0	True		False		35	0	35	-10,244	-1,48	-504,9	-75,2					35	0	35	0	0	0
1701	1701		DEL	chr2	16285454	chr2	16286077	623.0	True		False		60	1	61	-3,9	0,8	-10,9	-3,3					60	1	61	0	0	0
1702	1702		DEL	chr2	16287315	chr2	16287415	100.0	True		False		62	0	62	-10,89	-4,10	-26,9	-7,5					62	0	62	0	0	0
1703	1703		DEL	chr2	16288519	chr2	16289394	875.0	True		False		72	0	72	-10,290	-2,86	-591,9	-123,1					71	0	71	1	0	1
1704	1704		DEL	chr2	16289510	chr2	16290051	541.0	True		False		41	0	41	-10,244	-2,36	-256,9	-40,3					41	0	41	0	0	0
1705	1705		DEL	chr2	16290573	chr2	16291027	454.0	True		False		36	1	37	-10,9	-3,3	-10,9	-3,3					36	1	37	0	0	0
1707	1707		DEL	chr2	16291875	chr2	16292643	768.0	True		False		28	0	28	-10,452	-1,98	-578,9	-79,2					28	0	28	0	0	0
1708	1708		DEL	chr2	16294142	chr2	16294751	609.0	True		False		64	0	64	-10,261	-3,42	-270,9	-47,2					63	0	63	1	0	1
1709	1709		DEL	chr2	16295400	chr2	16295999	599.0	True		False		78	0	78	-10,205	-2,30	-173,9	-25,3					78	0	78	0	0	0
1710	1710		DEL	chr2	16296981	chr2	16297527	546.0	True		False		59	0	59	-10,190	-3,33	-430,9	-32,3					59	0	59	0	0	0
1711	1711		DEL	chr2	16297517	chr2	16298563	1046.0	True		False		45	0	45	-10,702	-2,236	-622,9	-215,2					45	0	45	0	0	0
1712	1712		DEL	chr2	16298909	chr2	16299251	342.0	True		False		28	0	28	-10,134	-3,22	-207,9	-25,3					28	0	28	0	0	0
1714	1714		DEL	chr2	16300591	chr2	16300659	68.0	True		False		56	2	58	-10,9	-1,1	-2,9	-1,2					56	2	58	0	0	0
1438	1438		DEL	chr2	16301917	chr2	16302325	408.0	True		False		44	0	44	-10,161	-3,20	-222,9	-22,3					44	0	44	0	0	0
1715	1715		DEL	chr2	16303626	chr2	16304103	477.0	True		False		45	0	45	-10,198	-3,26	-319,9	-25,3					45	0	45	0	0	0
1716	1716		DEL	chr2	16304339	chr2	16305013	674.0	True		False		63	0	63	-10,238	-3,38	-259,9	-48,1					63	0	63	0	0	0
1717	1717		DEL	chr2	16305615	chr2	16306050	435.0	True		False		49	0	49	-10,164	-3,22	-183,9	-23,2					49	0	49	0	0	0
1718	1718		DEL	chr2	16307796	chr2	16307953	157.0	True		False		75	0	75	-10,38	-5,7	-59,9	-7,4					75	0	75	0	0	0
1719	1719		DEL	chr2	16308761	chr2	16309326	565.0	True		False		53	0	53	-10,28	-1,17	-209,9	-31,1					53	0	53	0	0	0
1720	1720		DEL	chr2	16310234	chr2	16310818	584.0	True		False		70	0	70	-10,166	-1,27	-204,9	-34,3					69	0	69	1	0	1
1721	1721		DEL	chr2	16311193	chr2	16311809	616.0	True		False		70	0	70	-10,435	-3,32	-213,9	-39,3					70	0	70	0	0	0
1722	1722		DEL	chr2	16313092	chr2	16313665	573.0	True		False		41	0	41	-10,315	-2,52	-439,9	-48,3					41	0	41	0	0	0
1723	1723		DEL	chr2	16313445	chr2	16314143	698.0	True		False		51	0	51	-10,239	-3,41	-442,9	-52,2					51	0	51	0	0	0
1724	1724		DEL	chr2	16314596	chr2	16315277	681.0	True		False		60	0	60	-10,88	-3,29	-240,9	-46,2					60	0	60	0	0	0
1725	1725		DEL	chr2	16316540	chr2	16317034	494.0	True		False		63	0	63	-10,160	-3,22	-168,9	-22,3					63	0	63	0	0	0
1726	1726		DEL	chr2	16317489	chr2	16317575	86.0	True		False		40	1	41	-10,9	-3,3	-10,9	-3,3					40	1	41	0	0	0
1727	1727		DEL	chr2	16319075	chr2	16319333	258.0	True		False		48	0	48	-10,211	-3,31	-171,9	-33,2					47	0	47	1	0	1
1728	1728		DEL	chr2	16319832	chr2	16320440	608.0	True		False		5	0	5	-10,507	-2,103	-606,9	-116,2					5	0	5	0	0	0
1729	1729		DEL	chr2	16321341	chr2	16321508	167.0	True		False		42	1	43	-10,8	-3,2	-10,9	-2,4					42	1	43	0	0	0
1730	1730		DEL	chr2	16322348	chr2	16322891	543.0	True		False		22	0	22	-10,471	-3,37	-442,9	-38,3					22	0	22	0	0	0
1731	1731		DEL	chr2	16323416	chr2	16323769	353.0	True		False		18	5	23	-7,6	0,1	-10,9	0,0					18	5	23	0	0	0
1732	1732		DEL	chr2	16324251	chr2	16324477	226.0	True		False		17	1	18	-10,9	-3,2	-10,9	-2,4					17	1	18	0	0	0
1733	1733		DEL	chr2	16325109	chr2	16325202	93.0	True		False		50	1	51	0,9	0,9	-10,9	-2,4					50	1	51	0	0	0
1734	1734		DEL	chr2	16326981	chr2	16327540	559.0	True		False		51	0	51	-10,196	-3,29	-336,9	-29,3					50	0	50	1	0	1
1735	1735		DEL	chr2	16327919	chr2	16328038	119.0	True		False		25	2	27	-10,9	-1,1	-10,9	-1,1					25	2	27	0	0	0
1736	1736		DEL	chr2	16328938	chr2	16329006	68.0	True		False		56	1	57	-10,9	-3,3	-3,9	-2,4					56	1	57	0	0	0
1737	1737		DEL	chr2	16330554	chr2	16330654	100.0	True		False		42	1	43	-5,7	-2,5	-10,9	-2,5					41	1	42	1	0	1
1749	1749		DUP	chr2	16331842	chr2	16347325	15483.0	False		False		16	17	33	-8,9	0,0	-10,9	0,0					16	17	33	0	0	0
1739	1739		DEL	chr2	16332564	chr2	16332745	181.0	True		False		52	5	57	-4,9	0,1	-10,7	-2,1					52	5	57	0	0	0
1740	1740		DEL	chr2	16335168	chr2	16335831	663.0	True		False		56	0	56	-10,274	-3,47	-469,9	-54,2					56	0	56	0	0	0
1741	1741		DEL	chr2	16336613	chr2	16337105	492.0	True		False		61	0	61	-10,264	-2,24	-172,9	-23,3					61	0	61	0	0	0
1742	1742		DEL	chr2	16337941	chr2	16338602	661.0	True		False		43	0	43	-10,478	-2,66	-581,9	-72,2					43	0	43	0	0	0
1743	1743		DEL	chr2	16339075	chr2	16339692	617.0	True		False		64	0	64	-10,188	-3,29	-183,9	-27,3					64	0	64	0	0	0
1744	1744		DEL	chr2	16340672	chr2	16341207	535.0	True		False		77	0	77	-10,156	-3,23	-274,9	-22,3					77	0	77	0	0	0
1745	1745		DEL	chr2	16341777	chr2	16342388	611.0	True		False		66	0	66	-10,241	-3,41	-245,9	-40,3					66	0	66	0	0	0
1746	1746		DEL	chr2	16343075	chr2	16343646	571.0	True		False		47	0	47	-10,248	-3,42	-187,9	-37,3					46	0	46	1	0	1
1747	1747		DEL	chr2	16344213	chr2	16344787	574.0	True		False		59	0	59	-10,181	-3,27	-186,9	-27,3					58	0	58	1	0	1
1748	1748		DEL	chr2	16345263	chr2	16345561	298.0	True		False		46	1	47	-3,9	0,8	-10,9	-3,3					46	1	47	0	0	0
1751	1751		DEL	chr2	16346813	chr2	16347417	604.0	True		False		65	0	65	-10,195	-1,28	-198,9	-29,2					64	0	64	1	0	1
1753	1753		DEL	chr2	16348318	chr2	16348901	583.0	True		False		56	0	56	-10,282	-3,43	-270,9	-45,3					56	0	56	0	0	0
1755	1755		DEL	chr2	16349337	chr2	16349979	642.0	True		False		52	0	52	-10,226	-3,39	-383,9	-35,3					52	0	52	0	0	0
1439	1439		DEL	chr2	16350889	chr2	16351164	275.0	True		False		19	0	19	-10,36	-3,20	-197,9	-27,3					19	0	19	0	0	0
1756	1756		DEL	chr2	16351603	chr2	16351808	205.0	True		False		88	1	89	-10,9	-3,3	-10,9	-3,3					88	1	89	0	0	0
1757	1757		DEL	chr2	16353763	chr2	16354134	371.0	True		False		34	0	34	-10,169	-3,23	-198,9	-24,3					34	0	34	0	0	0
1759	1759		DEL	chr2	16354708	chr2	16355016	308.0	True		False		48	4	52	-8,8	0,1	-8,7	0,0					47	4	51	1	0	1
1761	1761		DEL	chr2	16356173	chr2	16357040	867.0	True		False		66	0	66	-10,399	-1,102	-557,9	-87,2					66	0	66	0	0	0
1762	1762		DEL	chr2	16357429	chr2	16357829	400.0	True		False		25	0	25	-10,100	-3,19	-399,9	-21,3					24	0	24	1	0	1
16124	16124_1	16124_2	BND	chr2	16358266	chrX	147842334		False	False	False	True	2	238	240	0,0	0,0	0,0	0,0	0,0	0,0	0,0	0,0	2	238	240	0	0	0
1764	1764		DEL	chr2	16360111	chr2	16360621	510.0	True		False		57	0	57	-10,176	-3,25	-187,9	-25,3					57	0	57	0	0	0
1765	1765		DEL	chr2	16361402	chr2	16362017	615.0	True		False		66	0	66	-10,340	-3,27	-420,9	-33,1					66	0	66	0	0	0
1766	1766		DEL	chr2	16362256	chr2	16362755	499.0	True		False		38	0	38	-10,158	-3,23	-242,9	-23,3					38	0	38	0	0	0
1767	1767		DEL	chr2	16363722	chr2	16364315	593.0	True		False		46	0	46	-10,269	-3,45	-206,9	-42,3					46	0	46	0	0	0
1768	1768		DEL	chr2	16364516	chr2	16365227	711.0	True		False		64	0	64	-10,472	-2,52	-466,9	-50,2					63	0	63	1	0	1
1769	1769		DEL	chr2	16366112	chr2	16366725	613.0	True		False		74	0	74	-10,328	-3,25	-214,8	-34,2					74	0	74	0	0	0
1440	1440		DEL	chr2	16367268	chr2	16367717	449.0	True		False		52	0	52	-10,278	-1,24	-266,9	-20,3					52	0	52	0	0	0
1770	1770		DEL	chr2	16368340	chr2	16368847	507.0	True		False		71	1	72	-2,7	-2,7	-10,9	-3,1					71	1	72	0	0	0
1771	1771		DEL	chr2	16369994	chr2	16371157	1163.0	True		False		81	0	81	-10,716	-2,367	-717,9	-367,2					81	0	81	0	0	0
1772	1772		DEL	chr2	16370887	chr2	16371479	592.0	True		False		32	0	32	-10,255	-3,41	-269,9	-40,2					32	0	32	0	0	0
1773	1773		DEL	chr2	16371889	chr2	16372354	465.0	True		False		61	1	62	-10,9	-3,3	-10,9	-3,3					61	1	62	0	0	0
1774	1774		DEL	chr2	16373567	chr2	16374480	913.0	True		False		50	0	50	-10,547	-2,134	-605,9	-138,2					50	0	50	0	0	0
1776	1776		DEL	chr2	16374897	chr2	16375533	636.0	True		False		80	0	80	-10,201	-3,33	-225,9	-43,2					80	0	80	0	0	0
1777	1777		DEL	chr2	16376014	chr2	16376743	729.0	True		False		51	0	51	-10,374	-2,74	-359,9	-79,2					50	0	50	1	0	1
1778	1778		DEL	chr2	16378156	chr2	16378745	589.0	True		False		76	0	76	-10,203	-2,26	-207,9	-41,2					76	0	76	0	0	0
1779	1779		DEL	chr2	16378553	chr2	16379155	602.0	True		False		45	0	45	-10,179	-3,26	-505,9	-35,3					45	0	45	0	0	0
1780	1780		DEL	chr2	16380211	chr2	16380295	84.0	True		False		43	1	44	-10,9	-3,3	-10,9	-2,4					42	1	43	1	0	1
1782	1782		DEL	chr2	16381625	chr2	16382269	644.0	True		False		74	0	74	-10,214	-1,49	-256,9	-40,2					74	0	74	0	0	0
1783	1783		DEL	chr2	16383233	chr2	16383833	600.0	True		False		53	0	53	-10,224	-3,37	-216,9	-32,3					53	0	53	0	0	0
1784	1784		DEL	chr2	16384479	chr2	16384962	483.0	True		False		50	0	50	-10,173	-3,23	-176,9	-22,3					50	0	50	0	0	0
1785	1785		DEL	chr2	16387310	chr2	16387856	546.0	True		False		78	0	78	-10,344	-2,18	-135,9	-16,2					78	0	78	0	0	0
1786	1786		DEL	chr2	16388373	chr2	16388724	351.0	True		False		50	0	50	-10,155	-3,21	-200,9	-19,3					50	0	50	0	0	0
1787	1787		DEL	chr2	16390073	chr2	16390223	150.0	True		False		42	0	42	-10,135	-4,18	-116,9	-20,3					42	0	42	0	0	0
1788	1788		DEL	chr2	16390735	chr2	16390992	257.0	True		False		61	1	62	-10,9	-3,3	-5,9	-2,4					61	1	62	0	0	0
1789	1789		DEL	chr2	16392374	chr2	16393146	772.0	True		False		59	0	59	-10,389	-1,82	-401,9	-65,2					58	0	58	1	0	1
1790	1790		DEL	chr2	16393705	chr2	16393923	218.0	True		False		21	0	21	-10,22	-3,12	-68,9	-16,4					21	0	21	0	0	0
1799	1799		DUP	chr2	16394560	chr2	16395336	776.0	True		False		2	4	6	-10,9	-3,3	-10,9	-3,3					2	4	6	0	0	0
1808	1808		DEL	chr2	16396043	chr2	16396145	102.0	True		False		38	2	40	-8,9	-1,2	-10,9	-1,1					38	2	40	0	0	0
1809	1809		DEL	chr2	16397769	chr2	16398318	549.0	True		False		61	0	61	-10,195	-3,28	-375,9	-28,1					61	0	61	0	0	0
1810	1810		DEL	chr2	16399583	chr2	16400133	550.0	True		False		54	0	54	-10,223	-2,35	-266,9	-35,3					54	0	54	0	0	0
1441	1441		DEL	chr2	16400126	chr2	16400920	794.0	True		False		19	0	19	-10,563	-1,110	-427,9	-122,2					19	0	19	0	0	0
1811	1811		DEL	chr2	16402021	chr2	16402509	488.0	True		False		50	0	50	-10,163	-2,21	-175,9	-25,3					50	0	50	0	0	0
1812	1812		DEL	chr2	16402922	chr2	16403365	443.0	True		False		61	0	61	-10,140	-3,19	-313,9	-17,3					60	0	60	1	0	1
1813	1813		DEL	chr2	16404700	chr2	16405239	539.0	True		False		42	0	42	-10,186	-3,32	-325,9	-33,3					42	0	42	0	0	0
1814	1814		DEL	chr2	16406301	chr2	16407016	715.0	True		False		53	0	53	-10,467	-2,98	-469,9	-81,2					53	0	53	0	0	0
1815	1815		DEL	chr2	16407117	chr2	16407542	425.0	True		False		28	0	28	-10,141	-3,27	-315,9	-28,2					27	0	27	1	0	1
1816	1816		DEL	chr2	16408408	chr2	16408915	507.0	True		False		39	0	39	-10,195	-2,26	-202,9	-25,3					39	0	39	0	0	0
1817	1817		DEL	chr2	16409181	chr2	16409402	221.0	True		False		22	1	23	-1,9	0,9	-10,9	-2,4					22	1	23	0	0	0
1818	1818		DEL	chr2	16410015	chr2	16410176	161.0	True		False		54	1	55	-10,9	-2,3	-10,9	-3,3					54	1	55	0	0	0
1819	1819		DEL	chr2	16411857	chr2	16413136	1279.0	True		False		69	0	69	-10,716	-2,367	-717,9	-367,2					69	0	69	0	0	0
1820	1820		DEL	chr2	16413465	chr2	16414103	638.0	True		False		58	0	58	-10,246	-2,58	-429,9	-38,2					57	0	57	1	0	1
1821	1821		DEL	chr2	16414620	chr2	16415247	627.0	True		False		60	0	60	-10,181	-3,33	-325,9	-37,3					60	0	60	0	0	0
1822	1822		DEL	chr2	16415717	chr2	16416582	865.0	True		False		59	0	59	-10,672	-1,159	-675,9	-162,1					58	0	58	1	0	1
1823	1823		DEL	chr2	16417434	chr2	16418039	605.0	True		False		57	0	57	-10,217	-2,31	-247,9	-41,3					57	0	57	0	0	0
1824	1824		DEL	chr2	16418071	chr2	16418851	780.0	True		False		40	0	40	-10,375	-2,63	-290,9	-71,2					39	0	39	1	0	1
1825	1825		DEL	chr2	16420251	chr2	16420673	422.0	True		False		71	0	71	-10,121	-1,16	-132,9	-15,4					71	0	71	0	0	0
1826	1826		DEL	chr2	16421507	chr2	16421861	354.0	True		False		59	0	59	-10,60	-4,14	-66,9	-13,4					59	0	59	0	0	0
1827	1827		DEL	chr2	16422287	chr2	16423004	717.0	True		False		59	0	59	-10,261	-2,49	-290,9	-49,2					59	0	59	0	0	0
1828	1828		DEL	chr2	16423433	chr2	16423918	485.0	True		False		45	0	45	-10,207	-1,24	-175,9	-22,2					45	0	45	0	0	0
1829	1829		DEL	chr2	16424325	chr2	16424849	524.0	True		False		53	1	54	-2,9	0,9	-10,9	-3,3					53	1	54	0	0	0
1830	1830		DEL	chr2	16426691	chr2	16427248	557.0	True		False		75	0	75	-10,128	-3,27	-437,9	-31,3					75	0	75	0	0	0
1831	1831		DEL	chr2	16427275	chr2	16427704	429.0	True		False		53	0	53	-10,116	-4,13	-118,9	-14,4					53	0	53	0	0	0
1832	1832		DEL	chr2	16428260	chr2	16428766	506.0	True		False		55	0	55	-10,81	-2,21	-205,9	-30,3					54	0	54	1	0	1
1834	1834		DEL	chr2	16429627	chr2	16429963	336.0	True		False		30	0	30	-10,122	-4,18	-161,9	-20,2					30	0	30	0	0	0
1835	1835		DEL	chr2	16430634	chr2	16431313	679.0	True		False		23	0	23	-10,432	-2,90	-413,9	-72,2					23	0	23	0	0	0
1836	1836		DEL	chr2	16431917	chr2	16432518	601.0	True		False		36	0	36	-10,251	-3,37	-276,9	-52,2					36	0	36	0	0	0
1837	1837		DEL	chr2	16433385	chr2	16434138	753.0	True		False		72	0	72	-10,520	-2,73	-392,9	-70,2					71	0	71	1	0	1
1838	1838		DEL	chr2	16434193	chr2	16434843	650.0	True		False		47	0	47	-10,495	-2,49	-314,9	-48,3					47	0	47	0	0	0
1842	1842		DEL	chr2	16435987	chr2	16436972	985.0	True		False		60	0	60	-10,685	-1,163	-244,9	-101,2					60	0	60	0	0	0
1843	1843		DEL	chr2	16437390	chr2	16437943	553.0	True		False		61	0	61	-10,163	-3,25	-174,9	-23,3					61	0	61	0	0	0
1844	1844		DEL	chr2	16438008	chr2	16438688	680.0	True		False		10	0	10	-10,385	-3,63	-449,9	-88,2					10	0	10	0	0	0
1845	1845		DEL	chr2	16438776	chr2	16439291	515.0	True		False		44	1	45	-10,9	-3,3	-10,9	-3,3					44	1	45	0	0	0
1847	1847		DEL	chr2	16441521	chr2	16442193	672.0	True		False		53	0	53	-10,269	-2,51	-296,9	-52,2					53	0	53	0	0	0
1848	1848		DEL	chr2	16443476	chr2	16444121	645.0	True		False		35	0	35	-10,359	-2,73	-364,9	-64,2					35	0	35	0	0	0
1849	1849		DEL	chr2	16443692	chr2	16444500	808.0	True		False		44	0	44	-10,402	-2,71	-430,9	-84,2					43	0	43	1	0	1
1850	1850		DEL	chr2	16445966	chr2	16446538	572.0	True		False		57	0	57	-10,177	-3,30	-480,9	-30,2					57	0	57	0	0	0
1851	1851		DEL	chr2	16446351	chr2	16447692	1341.0	True		False		43	0	43	-10,716	-2,367	-717,9	-367,2					42	0	42	1	0	1
1852	1852		DEL	chr2	16448040	chr2	16448816	776.0	True		False		35	0	35	-10,407	-1,88	-388,9	-56,3					34	0	34	1	0	1
1442	1442		DEL	chr2	16449312	chr2	16449437	125.0	True		False		32	0	32	-10,66	-3,10	-37,9	-9,4					32	0	32	0	0	0
1853	1853		DEL	chr2	16450052	chr2	16450158	106.0	True		False		46	1	47	-10,9	-3,3	-10,9	-3,3					46	1	47	0	0	0
1854	1854		DEL	chr2	16451542	chr2	16451831	289.0	True		False		20	3	23	-5,9	-1,2	-10,9	-1,1					20	3	23	0	0	0
1855	1855		DEL	chr2	16453216	chr2	16453763	547.0	True		False		47	0	47	-10,241	-3,40	-327,9	-38,3					46	0	46	1	0	1
1856	1856		DEL	chr2	16454622	chr2	16455180	558.0	True		False		67	0	67	-10,317	-3,27	-186,9	-26,3					67	0	67	0	0	0
1857	1857		DEL	chr2	16455342	chr2	16455762	420.0	True		False		58	0	58	-10,256	-2,14	-72,9	-17,3					58	0	58	0	0	0
1858	1858		DEL	chr2	16457146	chr2	16457755	609.0	True		False		64	0	64	-10,376	-3,42	-358,9	-36,2					64	0	64	0	0	0
1860	1860		DEL	chr2	16459261	chr2	16459870	609.0	True		False		76	0	76	-10,172	-3,26	-181,9	-30,3					75	0	75	1	0	1
1861	1861		DEL	chr2	16460561	chr2	16460981	420.0	True		False		44	0	44	-10,175	-3,22	-391,9	-23,3					44	0	44	0	0	0
1862	1862		DEL	chr2	16462120	chr2	16462710	590.0	True		False		32	0	32	-10,343	-2,55	-333,9	-52,3					32	0	32	0	0	0
1863	1863		DEL	chr2	16463398	chr2	16464000	602.0	True		False		69	0	69	-10,228	-3,36	-236,9	-37,1					68	0	68	1	0	1
1864	1864		DEL	chr2	16464437	chr2	16464866	429.0	True		False		54	0	54	-10,140	-3,20	-177,9	-23,3					54	0	54	0	0	0
1443	1443		DEL	chr2	16465333	chr2	16465914	581.0	True		False		58	0	58	-10,176	-3,28	-166,9	-24,3					58	0	58	0	0	0
1865	1865		DEL	chr2	16466711	chr2	16466899	188.0	True		False		34	2	36	-10,9	-1,1	-10,9	-1,1					34	2	36	0	0	0
1866	1866		DEL	chr2	16468215	chr2	16468855	640.0	True		False		50	0	50	-10,219	-3,37	-508,9	-34,3					50	0	50	0	0	0
1867	1867		DEL	chr2	16470082	chr2	16470717	635.0	True		False		73	0	73	-10,128	-3,31	-494,9	-43,2					73	0	73	0	0	0
1868	1868		DEL	chr2	16470812	chr2	16471396	584.0	True		False		34	0	34	-10,313	-1,33	-260,9	-35,3					34	0	34	0	0	0
1869	1869		DEL	chr2	16471566	chr2	16471797	231.0	True		False		22	1	23	-10,9	-3,3	-10,9	-3,3					22	1	23	0	0	0
1870	1870		DEL	chr2	16472706	chr2	16472755	49.0	True		False		41	1	42	-10,9	-3,3	-3,9	-2,4					41	1	42	0	0	0
1871	1871		DEL	chr2	16474704	chr2	16475351	647.0	True		False		79	0	79	-10,201	-3,40	-367,9	-33,3					79	0	79	0	0	0
1872	1872		DEL	chr2	16476338	chr2	16476741	403.0	True		False		48	0	48	-10,174	-3,22	-306,9	-22,3					48	0	48	0	0	0
1873	1873		DEL	chr2	16477154	chr2	16477255	101.0	True		False		44	0	44	-10,25	-5,7	-18,9	-9,4					44	0	44	0	0	0
1874	1874		DEL	chr2	16478591	chr2	16479161	570.0	True		False		49	0	49	-10,477	-3,31	-382,9	-43,3					49	0	49	0	0	0
1875	1875		DEL	chr2	16479261	chr2	16479860	599.0	True		False		49	0	49	-10,276	-2,49	-276,9	-45,3					49	0	49	0	0	0
1876	1876		DEL	chr2	16480635	chr2	16481129	494.0	True		False		36	0	36	-10,202	-3,28	-148,9	-27,1					35	0	35	1	0	1
1444	1444		DEL	chr2	16481602	chr2	16481778	176.0	True		False		45	1	46	-10,9	-3,2	-10,9	-2,4					44	1	45	1	0	1
1877	1877		DEL	chr2	16482728	chr2	16483157	429.0	True		False		69	0	69	-10,154	-2,20	-61,9	-18,3					69	0	69	0	0	0
1878	1878		DEL	chr2	16484006	chr2	16484477	471.0	True		False		15	0	15	-10,262	-3,42	-236,9	-31,3					15	0	15	0	0	0
1879	1879		DEL	chr2	16484699	chr2	16484814	115.0	True		False		65	1	66	-10,9	-3,3	-10,9	-2,4					64	1	65	1	0	1
1880	1880		DEL	chr2	16486902	chr2	16487594	692.0	True		False		72	0	72	-10,249	-3,44	-260,9	-44,3					72	0	72	0	0	0
1881	1881		DEL	chr2	16488347	chr2	16488942	595.0	True		False		69	0	69	-10,215	-2,35	-411,9	-36,3					69	0	69	0	0	0
1882	1882		DEL	chr2	16489228	chr2	16489628	400.0	True		False		58	0	58	-10,3	-3,3	-87,9	-14,4					58	0	58	0	0	0
1883	1883		DEL	chr2	16490359	chr2	16491102	743.0	True		False		54	0	54	-10,367	-2,74	-359,9	-66,2					53	0	53	1	0	1
1884	1884		DEL	chr2	16491363	chr2	16491983	620.0	True		False		58	0	58	-10,257	-2,49	-427,9	-40,3					58	0	58	0	0	0
1885	1885		DEL	chr2	16492605	chr2	16493252	647.0	True		False		7	0	7	-10,461	-2,83	-646,9	-119,1					7	0	7	0	0	0
1886	1886		DEL	chr2	16493525	chr2	16494102	577.0	True		False		28	0	28	-10,328	-2,57	-400,9	-47,3					27	0	27	1	0	1
1887	1887		DEL	chr2	16495660	chr2	16495972	312.0	True		False		75	0	75	-10,17	-4,9	-128,9	-12,4					74	0	74	1	0	1
1888	1888		DEL	chr2	16496379	chr2	16496898	519.0	True		False		23	0	23	-10,172	-3,24	-179,9	-23,2					23	0	23	0	0	0
1889	1889		DEL	chr2	16497083	chr2	16497168	85.0	True		False		64	1	65	-3,9	0,8	-10,9	-3,3					63	1	64	1	0	1
1890	1890		DEL	chr2	16499401	chr2	16499962	561.0	True		False		72	0	72	-10,302	-3,26	-189,9	-29,3					72	0	72	0	0	0
1891	1891		DEL	chr2	16500965	chr2	16501620	655.0	True		False		54	0	54	-10,281	-3,48	-573,9	-64,2					54	0	54	0	0	0
1892	1892		DEL	chr2	16502296	chr2	16502505	209.0	True		False		78	0	78	-10,69	-5,8	-69,9	-8,5					78	0	78	0	0	0
1893	1893		DEL	chr2	16503345	chr2	16503957	612.0	True		False		73	0	73	-10,214	-3,34	-392,9	-31,3					73	0	73	0	0	0
1894	1894		DEL	chr2	16504129	chr2	16504699	570.0	True		False		12	0	12	-10,355	-3,44	-320,9	-50,3					12	0	12	0	0	0
1895	1895		DEL	chr2	16504869	chr2	16504928	59.0	True		False		53	1	54	-10,9	-3,3	-10,9	-3,3					52	1	53	1	0	1
1897	1897		DEL	chr2	16506565	chr2	16507149	584.0	True		False		53	0	53	-10,59	-3,26	-236,9	-30,3					53	0	53	0	0	0
1898	1898		DEL	chr2	16508259	chr2	16508879	620.0	True		False		38	0	38	-10,429	-3,49	-327,9	-61,2					37	0	37	1	0	1
1899	1899		DEL	chr2	16509700	chr2	16510318	618.0	True		False		62	0	62	-10,239	-3,38	-238,9	-34,3					62	0	62	0	0	0
1900	1900		DEL	chr2	16510484	chr2	16511158	674.0	True		False		30	0	30	-10,360	-2,67	-354,9	-58,2					29	0	29	1	0	1
1901	1901		DEL	chr2	16511895	chr2	16512099	204.0	True		False		68	0	68	-10,26	-4,10	-1,9	-1,2					67	0	67	1	0	1
1903	1903		DEL	chr2	16513203	chr2	16513955	752.0	True		False		69	0	69	-10,114	-3,52	-181,9	-49,3					69	0	69	0	0	0
1429	1429		DEL	chr2	16514243	chr2	16514895	652.0	True		False		59	0	59	-10,332	-2,61	-448,9	-57,1					59	0	59	0	0	0
1904	1904		DEL	chr2	16515601	chr2	16516247	646.0	True		False		51	0	51	-10,239	-3,38	-254,9	-41,3					51	0	51	0	0	0
1905	1905		DEL	chr2	16516826	chr2	16517268	442.0	True		False		63	0	63	-10,231	-2,14	-137,9	-16,3					63	0	63	0	0	0
1906	1906		DEL	chr2	16518140	chr2	16518215	75.0	True		False		71	1	72	-9,1	-9,1	-10,9	-2,4					70	1	71	1	0	1
1907	1907		DEL	chr2	16519886	chr2	16520487	601.0	True		False		68	0	68	-10,206	-3,32	-166,9	-32,3					68	0	68	0	0	0
1908	1908		DEL	chr2	16520926	chr2	16521561	635.0	True		False		45	0	45	-10,308	-3,49	-350,9	-43,3					45	0	45	0	0	0
1909	1909		DEL	chr2	16522034	chr2	16522530	496.0	True		False		48	0	48	-10,198	-3,30	-126,9	-25,3					48	0	48	0	0	0
1910	1910		DEL	chr2	16523731	chr2	16524309	578.0	True		False		62	0	62	-10,180	-2,26	-119,9	-31,3					62	0	62	0	0	0
1911	1911		DEL	chr2	16525248	chr2	16525858	610.0	True		False		51	0	51	-10,263	-3,40	-278,9	-44,2					51	0	51	0	0	0
1912	1912		DEL	chr2	16526178	chr2	16526408	230.0	True		False		62	0	62	-10,10	-5,6	-95,9	-11,4					61	0	61	1	0	1
1913	1913		DEL	chr2	16527063	chr2	16527781	718.0	True		False		36	0	36	-10,716	-2,367	-717,9	-367,2					36	0	36	0	0	0
1914	1914		DEL	chr2	16528499	chr2	16529091	592.0	True		False		72	0	72	-10,165	-2,25	-323,9	-24,3					72	0	72	0	0	0
1445	1445		DEL	chr2	16531154	chr2	16531767	613.0	True		False		55	0	55	-10,230	-3,36	-257,9	-41,3					55	0	55	0	0	0
1916	1916		DEL	chr2	16533164	chr2	16533702	538.0	True		False		61	0	61	-10,241	-3,26	-439,9	-25,3					61	0	61	0	0	0
1917	1917		DEL	chr2	16533772	chr2	16534508	736.0	True		False		32	0	32	-10,308	-3,51	-337,9	-60,2					32	0	32	0	0	0
1918	1918		DEL	chr2	16534654	chr2	16534810	156.0	True		False		60	2	62	-10,9	-1,1	-10,9	-1,1					60	2	62	0	0	0
1919	1919		DEL	chr2	16536427	chr2	16536837	410.0	True		False		22	0	22	-10,160	-1,19	-284,9	-22,3					22	0	22	0	0	0
1920	1920		DEL	chr2	16537816	chr2	16538449	633.0	True		False		47	0	47	-10,77	-1,42	-321,9	-59,2					46	0	46	1	0	1
1921	1921		DEL	chr2	16538788	chr2	16539238	450.0	True		False		59	0	59	-10,135	-3,17	-112,9	-15,4					59	0	59	0	0	0
1922	1922		DEL	chr2	16540095	chr2	16540666	571.0	True		False		65	0	65	-10,190	-3,31	-173,9	-24,3					65	0	65	0	0	0
1923	1923		DEL	chr2	16541192	chr2	16541761	569.0	True		False		47	0	47	-10,228	-3,40	-239,9	-42,3					47	0	47	0	0	0
1924	1924		DEL	chr2	16542247	chr2	16542330	83.0	True		False		71	2	73	-10,9	-1,1	-10,9	-1,1					71	2	73	0	0	0
1925	1925		DEL	chr2	16543925	chr2	16544833	908.0	True		False		68	0	68	-10,662	-1,160	-584,9	-144,2					67	0	67	1	0	1
1926	1926		DEL	chr2	16545326	chr2	16545946	620.0	True		False		60	0	60	-10,375	-3,42	-417,9	-49,2					60	0	60	0	0	0
1928	1928		DEL	chr2	16548204	chr2	16548802	598.0	True		False		87	0	87	-10,156	-3,25	-148,9	-21,3					87	0	87	0	0	0
1929	1929		DEL	chr2	16549000	chr2	16549702	702.0	True		False		60	0	60	-10,289	-3,49	-154,9	-44,3					60	0	60	0	0	0
1930	1930		DEL	chr2	16550016	chr2	16550724	708.0	True		False		38	0	38	-10,281	-2,49	-505,9	-65,2					38	0	38	0	0	0
1932	1932		DEL	chr2	16551490	chr2	16551768	278.0	True		False		91	0	91	-10,82	-2,9	-4,9	-3,4					90	0	90	1	0	1
1933	1933		DEL	chr2	16553337	chr2	16553722	385.0	True		False		63	0	63	-10,111	-2,14	-131,9	-14,4					63	0	63	0	0	0
1934	1934		DEL	chr2	16553811	chr2	16554244	433.0	True		False		63	1	64	-8,9	-1,4	-10,9	-3,3					63	1	64	0	0	0
1936	1936		DEL	chr2	16556866	chr2	16557295	429.0	True		False		14	0	14	-10,413	-3,35	0,7	0,4					14	0	14	0	0	0
1937	1937		DEL	chr2	16557618	chr2	16557667	49.0	True		False		59	1	60	-10,9	-3,3	-10,9	-2,4					59	1	60	0	0	0
1938	1938		DEL	chr2	16559240	chr2	16559562	322.0	True		False		55	0	55	-10,90	-4,11	-113,9	-13,2					55	0	55	0	0	0
1939	1939		DEL	chr2	16561012	chr2	16561656	644.0	True		False		75	0	75	-10,212	-2,31	-458,9	-32,3					75	0	75	0	0	0
1941	1941		DEL	chr2	16562102	chr2	16562918	816.0	True		False		58	0	58	-10,469	-2,97	-520,9	-99,2					58	0	58	0	0	0
1942	1942		DEL	chr2	16563730	chr2	16563938	208.0	True		False		53	0	53	-10,65	-1,10	-1,9	-1,5					53	0	53	0	0	0
1944	1944		DEL	chr2	16564981	chr2	16565895	914.0	True		False		72	0	72	-10,648	-2,179	-592,9	-171,2					71	0	71	1	0	1
1945	1945		DEL	chr2	16566560	chr2	16567212	652.0	True		False		69	0	69	-10,295	-1,38	-228,9	-35,3					69	0	69	0	0	0
1946	1946		DEL	chr2	16567912	chr2	16568586	674.0	True		False		62	0	62	-10,283	-2,58	-368,9	-55,1					62	0	62	0	0	0
1947	1947		DEL	chr2	16569290	chr2	16569860	570.0	True		False		54	0	54	-10,227	-3,36	-358,9	-34,3					53	0	53	1	0	1
1948	1948		DEL	chr2	16569958	chr2	16570500	542.0	True		False		55	0	55	-10,201	-3,28	-343,9	-32,3					55	0	55	0	0	0
1949	1949		DEL	chr2	16571460	chr2	16572127	667.0	True		False		91	0	91	-10,491	-3,28	-58,9	-26,2					90	0	90	1	0	1
1950	1950		DEL	chr2	16573426	chr2	16573878	452.0	True		False		61	0	61	-10,156	-3,21	-274,9	-21,3					60	0	60	1	0	1
1951	1951		DEL	chr2	16574576	chr2	16574988	412.0	True		False		37	0	37	-10,164	-3,24	-285,9	-22,1					37	0	37	0	0	0
1952	1952		DEL	chr2	16576617	chr2	16577148	531.0	True		False		38	0	38	-10,159	-3,36	-281,9	-41,3					37	0	37	1	0	1
1953	1953		DEL	chr2	16577157	chr2	16577748	591.0	True		False		70	0	70	-10,195	-1,28	-33,9	-18,3					70	0	70	0	0	0
1954	1954		DEL	chr2	16578950	chr2	16579314	364.0	True		False		51	0	51	-10,133	-3,17	-178,9	-15,4					51	0	51	0	0	0
1956	1956_1	1956_2	BND	chr2	16579255	chr2	16583139		True	True	False	True	5	3	8	-5,9	-1,1	-10,9	-1,1	-10,9	-1,1	-5,9	-1,1	5	3	8	0	0	0
1955	1955		DEL	chr2	16580704	chr2	16581814	1110.0	True		False		67	0	67	-10,716	-2,367	-717,9	-367,2					66	0	66	1	0	1
1958	1958		DEL	chr2	16582481	chr2	16583016	535.0	True		False		70	0	70	-10,155	-3,22	-174,9	-24,2					69	0	69	1	0	1
1959	1959		DEL	chr2	16584025	chr2	16584484	459.0	True		False		67	0	67	-10,151	-3,20	-159,9	-20,3					67	0	67	0	0	0
1961	1961		DEL	chr2	16586481	chr2	16587147	666.0	True		False		65	0	65	-10,306	-2,51	-299,9	-49,3					65	0	65	0	0	0
1962	1962		DEL	chr2	16588161	chr2	16588711	550.0	True		False		62	0	62	-10,454	-3,35	-200,9	-28,3					62	0	62	0	0	0
1963	1963		DEL	chr2	16589210	chr2	16589687	477.0	True		False		26	1	27	-5,9	-1,6	-10,9	-3,3					26	1	27	0	0	0
1964	1964		DEL	chr2	16590206	chr2	16590680	474.0	True		False		70	1	71	-4,9	-1,7	-10,9	-3,3					69	1	70	1	0	1
1965	1965		DEL	chr2	16592522	chr2	16593125	603.0	True		False		48	0	48	-10,338	-2,61	-341,9	-57,2					48	0	48	0	0	0
1966	1966		DEL	chr2	16600317	chr2	16600515	198.0	True		False		37	1	38	-10,9	-4,2	-10,9	-2,4					37	1	38	0	0	0
1967	1967		DEL	chr2	16601004	chr2	16601515	511.0	True		False		54	1	55	-10,9	-3,3	-10,9	-3,3					54	1	55	0	0	0
1968	1968		DEL	chr2	16602685	chr2	16602959	274.0	True		False		20	0	20	-10,272	-3,19	-85,9	-17,3					20	0	20	0	0	0
1969	1969		DEL	chr2	16603450	chr2	16603564	114.0	True		False		40	1	41	-10,9	-3,3	-10,9	-3,3					40	1	41	0	0	0
1970	1970		DEL	chr2	16605357	chr2	16606070	713.0	True		False		53	0	53	-10,252	-3,41	-274,9	-44,3					53	0	53	0	0	0
1972	1972		DEL	chr2	16605870	chr2	16606257	387.0	True		False		41	2	43	-10,9	-1,1	-10,9	-1,1					41	2	43	0	0	0
1973	1973		DEL	chr2	16608122	chr2	16608657	535.0	True		False		65	0	65	-10,318	-1,35	-251,9	-28,3					65	0	65	0	0	0
1974	1974		DEL	chr2	16609560	chr2	16610161	601.0	True		False		55	0	55	-10,266	-2,46	-265,9	-46,3					55	0	55	0	0	0
1975	1975		DEL	chr2	16609920	chr2	16610733	813.0	True		False		7	0	7	-10,433	-2,110	-683,9	-160,1					7	0	7	0	0	0
1977	1977		DEL	chr2	16611682	chr2	16612255	573.0	True		False		25	0	25	-10,290	-2,43	-440,9	-47,3					24	0	24	1	0	1
1446	1446		DEL	chr2	16612313	chr2	16612873	560.0	True		False		67	1	68	-2,7	-2,7	-10,9	-3,3					67	1	68	0	0	0
1978	1978		DEL	chr2	16613982	chr2	16614468	486.0	True		False		57	0	57	-10,292	-3,21	-191,9	-22,3					57	0	57	0	0	0
1979	1979		DEL	chr2	16614848	chr2	16615533	685.0	True		False		54	0	54	-10,202	-3,31	-390,9	-49,2					53	0	53	1	0	1
1980	1980		DEL	chr2	16617116	chr2	16617695	579.0	True		False		64	0	64	-10,392	-3,31	-393,9	-34,3					64	0	64	0	0	0
1981	1981		DEL	chr2	16618024	chr2	16618702	678.0	True		False		26	0	26	-10,414	-2,86	-553,9	-80,2					26	0	26	0	0	0
1982	1982		DEL	chr2	16619722	chr2	16620374	652.0	True		False		64	0	64	-10,515	-2,53	-283,9	-48,1					63	0	63	1	0	1
1983	1983		DEL	chr2	16620769	chr2	16621611	842.0	True		False		56	0	56	-10,433	-2,89	-595,9	-90,2					56	0	56	0	0	0
1984	1984		DEL	chr2	16622048	chr2	16622901	853.0	True		False		65	0	65	-10,435	-2,75	-482,9	-104,2					65	0	65	0	0	0
1985	1985		DEL	chr2	16623409	chr2	16624180	771.0	True		False		81	0	81	-10,430	-1,93	-333,9	-69,2					81	0	81	0	0	0
1986	1986		DEL	chr2	16624513	chr2	16625151	638.0	True		False		5	0	5	-10,337	-3,85	-404,9	-99,2					5	0	5	0	0	0
1987	1987		DEL	chr2	16625159	chr2	16625382	223.0	True		False		46	1	47	-8,9	-1,4	-10,9	-3,3					46	1	47	0	0	0
1988	1988		DEL	chr2	16627706	chr2	16628152	446.0	True		False		45	0	45	-10,201	-3,28	-209,9	-25,3					45	0	45	0	0	0
1989	1989		DEL	chr2	16628041	chr2	16628647	606.0	True		False		41	0	41	-10,333	-1,59	-503,9	-62,2					40	0	40	1	0	1
1447	1447		DEL	chr2	16629497	chr2	16630216	719.0	True		False		28	0	28	-10,490	-2,101	-522,9	-106,2					28	0	28	0	0	0
1990	1990		DEL	chr2	16630965	chr2	16631427	462.0	True		False		38	1	39	-10,9	-3,3	-10,9	-3,3					38	1	39	0	0	0
1992	1992		DEL	chr2	16632653	chr2	16632800	147.0	True		False		55	1	56	-10,9	-1,3	-10,9	-2,4					55	1	56	0	0	0
1993	1993		DEL	chr2	16634638	chr2	16635347	709.0	True		False		60	0	60	-10,318	-2,61	-501,9	-63,2					60	0	60	0	0	0
1994	1994		DEL	chr2	16635662	chr2	16636204	542.0	True		False		15	0	15	-10,334	-3,49	-284,9	-47,1					15	0	15	0	0	0
1995	1995		DEL	chr2	16636464	chr2	16636750	286.0	True		False		42	2	44	-10,9	-1,1	-10,9	-1,1					42	2	44	0	0	0
1996	1996		DEL	chr2	16637882	chr2	16638278	396.0	True		False		15	0	15	-10,204	-3,32	-377,9	-26,3					15	0	15	0	0	0
1998	1998		DEL	chr2	16640423	chr2	16640900	477.0	True		False		31	0	31	-10,188	-3,24	-465,9	-31,3					31	0	31	0	0	0
2001	2001		DEL	chr2	16642345	chr2	16642909	564.0	True		False		30	0	30	-10,283	-2,42	-320,9	-42,3					30	0	30	0	0	0
2002	2002		DEL	chr2	16643373	chr2	16643966	593.0	True		False		76	0	76	-10,200	-2,34	-204,9	-32,3					76	0	76	0	0	0
2003	2003		DEL	chr2	16645062	chr2	16645628	566.0	True		False		77	0	77	-10,172	-1,28	-100,9	-18,2					77	0	77	0	0	0
2004	2004		DEL	chr2	16646970	chr2	16647634	664.0	True		False		71	0	71	-10,282	-1,58	-453,9	-54,2					71	0	71	0	0	0
2005	2005		DEL	chr2	16648925	chr2	16649329	404.0	True		False		13	0	13	-10,262	-3,35	-294,9	-38,3					13	0	13	0	0	0
2006	2006		DEL	chr2	16649642	chr2	16649808	166.0	True		False		50	1	51	-10,9	-3,3	-10,9	-3,3					50	1	51	0	0	0
2007	2007		DEL	chr2	16650990	chr2	16651572	582.0	True		False		55	1	56	-10,9	-3,3	-10,9	-3,3					55	1	56	0	0	0
2008	2008		DEL	chr2	16652668	chr2	16653368	700.0	True		False		39	0	39	-10,138	-3,48	-12,9	-10,2					39	0	39	0	0	0
2009	2009		DEL	chr2	16654342	chr2	16654864	522.0	True		False		39	0	39	-10,7	-3,7	-239,9	-30,3					39	0	39	0	0	0
2010	2010		DEL	chr2	16655134	chr2	16655230	96.0	True		False		54	1	55	-10,9	-4,2	-10,9	-2,5					54	1	55	0	0	0
2011	2011		DEL	chr2	16656142	chr2	16656575	433.0	True		False		12	0	12	-10,431	-3,41	-78,9	-28,3					12	0	12	0	0	0
2012	2012		DEL	chr2	16656788	chr2	16656844	56.0	True		False		49	1	50	-10,9	-3,3	-10,9	-3,3					49	1	50	0	0	0
2013	2013		DEL	chr2	16658641	chr2	16659013	372.0	True		False		41	0	41	-10,103	-4,15	-226,9	-17,4					41	0	41	0	0	0
2014	2014		DEL	chr2	16660111	chr2	16660752	641.0	True		False		58	0	58	-10,249	-2,43	-422,9	-64,1					58	0	58	0	0	0
2016	2016		DEL	chr2	16661025	chr2	16661320	295.0	True		False		35	0	35	-10,49	-2,13	-147,9	-14,4					34	0	34	1	0	1
2019	2019		DUP	chr2	16661235	chr2	16663812	2577.0	False		False		7	5	12	-7,2	0,0	-6,5	0,0					7	5	12	0	0	0
1449	1449		DEL	chr2	16661815	chr2	16662047	232.0	True		False		81	1	82	-10,9	-3,3	-10,9	-2,4					80	1	81	1	0	1
2020	2020		DEL	chr2	16663486	chr2	16664085	599.0	True		False		29	0	29	-10,317	-3,53	-333,9	-57,2					29	0	29	0	0	0
2022	2022		DEL	chr2	16664731	chr2	16664842	111.0	True		False		19	0	19	-10,88	-4,16	-9,9	-7,3					19	0	19	0	0	0
2025	2025		DEL	chr2	16666041	chr2	16666300	259.0	True		False		47	1	48	-10,9	-3,3	-10,9	-3,3					47	1	48	0	0	0
2026	2026		DEL	chr2	16668110	chr2	16668576	466.0	True		False		40	0	40	-10,196	-3,27	-184,9	-193,0					40	0	40	0	0	0
2027	2027		DEL	chr2	16669763	chr2	16670339	576.0	True		False		44	0	44	-10,378	-2,35	-231,9	-35,3					44	0	44	0	0	0
2028	2028		DEL	chr2	16670512	chr2	16670618	106.0	True		False		26	1	27	-10,9	-3,3	-10,9	-3,3					26	1	27	0	0	0
2029	2029		DEL	chr2	16672274	chr2	16672847	573.0	True		False		61	0	61	-10,196	-3,29	-219,9	-33,3					61	0	61	0	0	0
2030	2030		DEL	chr2	16673351	chr2	16673459	108.0	True		False		40	0	40	-10,15	-2,6	-64,9	-8,5					40	0	40	0	0	0
2031	2031		DEL	chr2	16673975	chr2	16674507	532.0	True		False		26	0	26	-10,363	-3,55	-376,9	-56,3					26	0	26	0	0	0
2048	2048		DEL	chr2	22602774	chr2	22603200	426.0	True		False		6	0	6	-10,207	-2,91	-383,9	-111,2					5	0	5	1	0	1
14911	14911_1	14911_2	BND	chr2	32916229	chr4	1580701		True	True	False	True	5	0	5	-704,9	-152,1	-103,9	-54,2	-103,9	-54,2	-704,9	-152,1	5	0	5	0	0	0
15193	15193_1	15193_2	BND	chr2	32916230	chr6	170087603		True	True	False	True	6	0	6	-336,9	-100,1	-10,287	-3,59	-10,287	-3,59	-336,9	-100,1	5	0	5	1	0	1
15317	15317_1	15317_2	BND	chr2	32916230	chr8	143841185		True	True	False	True	6	0	6	-595,9	-137,1	-446,9	-66,3	-446,9	-66,3	-595,9	-137,1	5	0	5	1	0	1
15643	15643_1	15643_2	BND	chr2	32916230	chr14	101713076		True	True	False	True	8	0	8	-472,9	-103,1	-81,9	-36,3	-81,9	-36,3	-472,9	-103,1	7	0	7	1	0	1
15271	15271_1	15271_2	BND	chr2	32916230	chr8	1043197		True	True	False	True	5	1	6	-10,9	-3,1	-10,9	-3,3	-10,9	-3,3	-10,9	-3,1	5	1	6	0	0	0
15883	15883_1	15883_2	BND	chr2	32916230	chr19	1049823		True	True	False	True	6	0	6	-501,9	-130,2	-417,9	-95,2	-417,9	-95,2	-501,9	-130,2	5	0	5	1	0	1
15653	15653_1	15653_2	BND	chr2	32916230	chr14	105665315		True	True	False	True	5	1	6	-10,9	-3,1	-10,5	-4,2	-10,5	-4,2	-10,9	-3,1	4	1	5	1	0	1
16019	16019_1	16019_2	BND	chr2	32916230	chr21	45224730		True	True	False	True	10	0	10	-404,8	-84,0	-10,301	-3,39	-10,301	-3,39	-404,8	-84,0	9	0	9	1	0	1
15007	15007_1	15007_2	BND	chr2	32916230	chr5	675279		True	True	False	True	6	0	6	-621,6	-144,0	-10,338	-3,73	-10,338	-3,73	-621,6	-144,0	6	0	6	0	0	0
15942	15942_1	15942_2	BND	chr2	32916230	chr20	24836194		True	True	False	True	7	0	7	-485,9	-102,1	-443,9	-80,2	-443,9	-80,2	-485,9	-102,1	6	0	6	1	0	1
15204	15204_1	15204_2	BND	chr2	32916231	chr7	5296654		True	True	False	True	6	0	6	-459,9	-106,2	-10,345	-2,90	-10,345	-2,90	-459,9	-106,2	5	0	5	1	0	1
15888	15888_1	15888_2	BND	chr2	32916231	chr19	2702276		True	True	False	True	5	0	5	-702,9	-151,1	-372,9	-104,2	-372,9	-104,2	-702,9	-151,1	5	0	5	0	0	0
15623	15623_1	15623_2	BND	chr2	32916232	chr14	63396245		True	True	False	True	5	0	5	-472,9	-82,3	-10,243	-3,71	-10,243	-3,71	-472,9	-82,3	5	0	5	0	0	0
15216	15216_1	15216_2	BND	chr2	32916232	chr7	45000328		True	True	False	True	7	0	7	-349,9	-83,2	-10,446	-2,88	-10,446	-2,88	-349,9	-83,2	6	0	6	1	0	1
15815	15815_1	15815_2	BND	chr2	32916234	chr17	79081725		True	True	False	True	7	0	7	-515,9	-103,2	-10,104	-3,48	-10,104	-3,48	-515,9	-103,2	6	0	6	1	0	1
15980	15980_1	15980_2	BND	chr2	32916235	chr20	63134651		True	True	False	True	5	0	5	-708,9	-191,1	-10,571	-2,162	-10,571	-2,162	-708,9	-191,1	5	0	5	0	0	0
15890	15890_1	15890_2	BND	chr2	32916238	chr19	3478748		True	True	False	True	7	0	7	-400,9	-66,3	-10,476	-1,84	-10,476	-1,84	-400,9	-66,3	7	0	7	0	0	0
15971	15971_1	15971_2	BND	chr2	32916242	chr20	62446215		True	True	False	True	6	0	6	-345,9	-73,1	-10,349	-2,80	-10,349	-2,80	-345,9	-73,1	5	0	5	1	0	1
15306	15306_1	15306_2	BND	chr2	32916242	chr8	130024532		True	True	False	True	5	0	5	-709,9	-152,1	-552,9	-104,2	-552,9	-104,2	-709,9	-152,1	5	0	5	0	0	0
15494	15494_1	15494_2	BND	chr2	32916247	chr11	64021951		False	False	False	True	1	6	7	-10,4	0,0	-7,5	0,0	-7,5	0,0	-10,4	0,0	1	5	6	0	1	1
15278	15278_1	15278_2	BND	chr2	32916294	chr8	22599035		True	True	False	True	5	1	6	-10,9	-3,3	-10,9	-3,3	-10,9	-3,3	-10,9	-3,3	4	1	5	1	0	1
15455	15455_1	15455_2	BND	chr2	32916308	chr10	132835858		True	True	False	True	5	1	6	-10,9	-3,3	-10,9	-3,3	-10,9	-3,3	-10,9	-3,3	4	1	5	1	0	1
15568	15568_1	15568_2	BND	chr2	32916316	chr12	129698545		True	True	False	True	4	1	5	-10,9	-3,3	-10,9	-3,3	-10,9	-3,3	-10,9	-3,3	4	1	5	0	0	0
16022	16022_1	16022_2	BND	chr2	32916319	chr21	45553614		True	True	False	True	4	2	6	-10,628	-1,181	-10,546	-2,148	-10,546	-2,148	-10,628	-1,181	3	2	5	1	0	1
15602	15602_1	15602_2	BND	chr2	32916361	chr13	113788086		True	True	False	True	6	0	6	-543,9	-93,2	-10,346	-2,85	-10,346	-2,85	-543,9	-93,2	5	0	5	1	0	1
14870	14870_1	14870_2	BND	chr2	32916403	chr3	93470361		True	True	False	True	8	0	8	-524,3	-132,0	-398,9	-63,3	-398,9	-63,3	-524,3	-132,0	8	0	8	0	0	0
15254	15254_1	15254_2	BND	chr2	32916530	chr7	150995538		True	True	False	True	4	2	6	-10,475	-2,120	-10,627	-1,153	-10,627	-1,153	-10,475	-2,120	4	1	5	0	1	1
2189	2189		DEL	chr2	33231414	chr2	33231922	508.0	True		False		5	0	5	-10,361	-2,111	-325,9	-118,2					5	0	5	0	0	0
2194	2194		DEL	chr2	35488286	chr2	35488935	649.0	True		False		5	0	5	-10,441	-2,157	-619,9	-157,2					5	0	5	0	0	0
2200	2200		DEL	chr2	37311709	chr2	37312402	693.0	True		False		6	0	6	-10,559	-2,206	-639,9	-218,2					5	0	5	1	0	1
2219	2219		DEL	chr2	40837406	chr2	40838068	662.0	True		False		5	0	5	-10,650	-2,174	-421,9	-149,2					5	0	5	0	0	0
2231	2231		DEL	chr2	43353531	chr2	43353656	125.0	True		False		6	0	6	-10,74	-3,40	-124,9	-51,3					6	0	6	0	0	0
2235	2235		DEL	chr2	44036922	chr2	44037076	154.0	True		False		5	0	5	-10,152	-3,65	-119,9	-58,3					5	0	5	0	0	0
2244	2244		DEL	chr2	46091788	chr2	46092389	601.0	True		False		5	0	5	-10,554	-2,206	-565,9	-207,2					5	0	5	0	0	0
16126	16126_1	16126_2	BND	chr2	47092142	chrX	154456748		True	True	False	True	6	0	6	-468,9	-124,0	-634,9	-138,0	-634,9	-138,0	-468,9	-124,0	5	0	5	1	0	1
2258	2258		DEL	chr2	47788735	chr2	47788907	172.0	True		False		5	0	5	-10,96	-3,54	-171,9	-71,3					5	0	5	0	0	0
2263	2263		DEL	chr2	48953250	chr2	48953780	530.0	True		False		5	0	5	-10,462	-2,141	-455,9	-158,2					5	0	5	0	0	0
2270	2270		DEL	chr2	50139215	chr2	50139819	604.0	True		False		6	0	6	-10,578	-2,149	-510,9	-139,2					5	0	5	1	0	1
2327	2327		DEL	chr2	65925941	chr2	65964836	38895.0	True		False		6	0	6	-10,487	-2,107	-588,9	-133,1					5	0	5	1	0	1
16130	16130_1	16130_2	BND	chr2	89671921	chrY	11379994		True	True	False	True	7	0	7	-690,9	-129,1	-500,9	-89,2	-500,9	-89,2	-690,9	-129,1	7	0	7	0	0	0
15066	15066_1	15066_2	BND	chr2	89827962	chr5	49660307		True	True	False	True	6	0	6	-62,9	-36,0	-10,268	-3,58	-10,268	-3,58	-62,9	-36,0	5	0	5	1	0	1
15415	15415_1	15415_2	BND	chr2	89833107	chr10	41879278		True	True	False	True	5	0	5	-548,49	-126,47	-530,13	-173,6	-530,13	-173,6	-548,49	-126,47	5	0	5	0	0	0
14951	14951_1	14951_2	BND	chr2	89833938	chr4	49153177		True	True	False	True	7	0	7	-10,29	-2,20	-636,9	-133,0	-636,9	-133,0	-10,29	-2,20	6	0	6	1	0	1
16034	16034_1	16034_2	BND	chr2	89839665	chr21	10692733		True	True	False	True	5	0	5	-100,8	-75,0	-627,9	-127,2	-627,9	-127,2	-100,8	-75,0	5	0	5	0	0	0
2440	2440		DUP	chr2	90381002	chr2	90399895	18893.0	True		False		6	0	6	-581,9	-127,1	-10,515	-2,92					5	0	5	1	0	1
2443	2443		DUP	chr2	91407627	chr2	91409338	1711.0	True		False		6	0	6	-562,9	-111,2	-10,551	-2,109					5	0	5	1	0	1
2444	2444_1	2444_2	BND	chr2	91411457	chr2	91416018		True	True	False	True	6	0	6	-10,314	-1,70	-10,405	-2,83	-10,405	-2,83	-10,314	-1,70	5	0	5	1	0	1
15563	15563_1	15563_2	BND	chr2	91749188	chr12	123389109		True	True	False	True	9	0	9	-10,447	-1,110	-10,387	-3,62	-10,387	-3,62	-10,447	-1,110	8	0	8	1	0	1
2458	2458		DUP	chr2	92308744	chr2	93108595	799851.0	True		False		8	0	8	-505,9	-120,1	-10,470	-2,101					7	0	7	1	0	1
2469	2469		DEL	chr2	93450023	chr2	94089883	639860.0	True		False		5	0	5	-10,629	-1,141	-596,9	-127,2					5	0	5	0	0	0
15932	15932_1	15932_2	BND	chr2	93874521	chr20	28819924		True	True	False	True	5	0	5	-717,9	-156,0	-511,9	-108,2	-511,9	-108,2	-717,9	-156,0	5	0	5	0	0	0
2490	2490_1	2490_2	BND	chr2	97123690	chr2	97579763		True	True	False	True	7	0	7	-516,9	-85,2	-462,9	-74,2	-462,9	-74,2	-516,9	-85,2	6	0	6	1	0	1
2314	2314		DUP	chr2	97548345	chr2	97550084	1739.0	True		False		9	0	9	-391,9	-71,2	-10,391	-3,68					8	0	8	1	0	1
2494	2494		DEL	chr2	98620116	chr2	98620660	544.0	True		False		6	0	6	-10,352	-2,95	-525,9	-96,2					5	0	5	1	0	1
15333	15333_1	15333_2	BND	chr2	103131942	chr9	37638024		True	True	False	True	6	0	6	-8,582	-1,139	-10,476	-3,77	-10,476	-3,77	-8,582	-1,139	5	0	5	1	0	1
2317	2317		DEL	chr2	108477971	chr2	108478365	394.0	True		False		6	0	6	-10,362	-3,67	-137,9	-58,3					5	0	5	1	0	1
14948	14948_1	14948_2	BND	chr2	109199400	chr4	49150455		True	True	False	True	7	0	7	-509,9	-96,2	-361,9	-60,3	-361,9	-60,3	-509,9	-96,2	6	0	6	1	0	1
14956	14956_1	14956_2	BND	chr2	109199425	chr4	49641007		True	True	False	True	7	0	7	-681,9	-126,1	-10,716	0,138	-10,716	0,138	-681,9	-126,1	7	0	7	0	0	0
15949	15949_1	15949_2	BND	chr2	109199484	chr20	31068755		True	True	False	True	9	0	9	-438,9	-103,2	-10,417	-3,52	-10,417	-3,52	-438,9	-103,2	8	0	8	1	0	1
16132	16132_1	16132_2	BND	chr2	109199494	chrY	11747755		True	True	False	True	7	0	7	-568,9	-130,1	-10,538	-1,131	-10,538	-1,131	-568,9	-130,1	6	0	6	1	0	1
14940	14940_1	14940_2	BND	chr2	109199599	chr4	49103980		True	True	False	True	6	0	6	-10,688	-2,182	-10,711	0,194	-10,711	0,194	-10,688	-2,182	5	0	5	1	0	1
14937	14937_1	14937_2	BND	chr2	109199654	chr4	49106198		True	True	False	True	6	0	6	-10,568	-2,113	-8,0	-8,0	-8,0	-8,0	-10,568	-2,113	5	0	5	1	0	1
14926	14926_1	14926_2	BND	chr2	162752901	chr4	39348464		True	True	False	True	5	0	5	-670,7	-155,1	-10,279	-3,88	-10,279	-3,88	-670,7	-155,1	5	0	5	0	0	0
2724	2724		DEL	chr2	174213827	chr2	174214511	684.0	True		False		6	0	6	-10,616	-2,162	-606,9	-163,2					5	0	5	1	0	1
2737	2737		DEL	chr2	178432255	chr2	178443265	11010.0	True		False		5	0	5	-10,643	0,143	-655,9	-147,0					5	0	5	0	0	0
2773	2773		DEL	chr2	193665948	chr2	193666469	521.0	True		False		5	0	5	-10,515	-2,142	-485,9	-144,2					5	0	5	0	0	0
15658	15658_1	15658_2	BND	chr2	201589571	chr14	54800782		True	True	False	True	7	0	7	-10,597	0,122	-548,9	-89,2	-548,9	-89,2	-10,597	0,122	6	0	6	1	0	1
2846	2846		DEL	chr2	219950416	chr2	219950929	513.0	True		False		5	0	5	-10,468	-2,141	-503,9	-145,2					5	0	5	0	0	0
2923	2923		DEL	chr2	240334689	chr2	240334922	233.0	True		False		5	0	5	-10,176	-2,90	-77,9	-53,2					5	0	5	0	0	0
11730	11730		DEL	chr20	24342825	chr20	24343517	692.0	True		False		9	0	9	-10,535	-1,168	-457,9	-156,2					8	0	8	1	0	1
11736	11736		DEL	chr20	26364240	chr20	26366207	1967.0	True		False		7	0	7	-10,248	-1,78	-521,9	-113,0					6	0	6	1	0	1
11741	11741		DUP	chr20	26481492	chr20	26491786	10294.0	True		False		5	0	5	-541,9	-123,2	-10,598	-2,128					5	0	5	0	0	0
11775	11775_1	11775_2	BND	chr20	28654556	chr20	28719164		True	True	False	True	7	0	7	-596,9	-115,1	-565,8	-124,1	-565,8	-124,1	-596,9	-115,1	6	0	6	1	0	1
22891	22891_1	22891_2	BND	chr20	28782594	chr21	5358336		True	True	False	True	6	0	6	-10,527	-2,96	-10,599	-1,140	-10,599	-1,140	-10,527	-2,96	6	0	6	0	0	0
11789	11789		DEL	chr20	28809749	chr20	28821020	11271.0	True		False		8	0	8	-10,480	0,110	-502,9	-61,3					7	0	7	1	0	1
11781	11781		DEL	chr20	28810449	chr20	28811071	622.0	True		False		7	0	7	-10,523	-1,168	-409,9	-140,2					6	0	6	1	0	1
22938	22938_1	22938_2	BND	chr20	28817932	chr22	16274465		True	True	False	True	6	0	6	-10,492	-2,86	-6,587	0,142	-6,587	0,142	-10,492	-2,86	5	0	5	1	0	1
11834	11834		DEL	chr20	28831389	chr20	29212083	380694.0	True		False		6	0	6	-10,549	-2,113	-607,4	-142,0					5	0	5	1	0	1
11819	11819		DUP	chr20	28840891	chr20	29152541	311650.0	True		False		5	0	5	-255,9	-121,2	-10,576	-2,128					5	0	5	0	0	0
11804	11804		DUP	chr20	28870890	chr20	28872112	1222.0	True		False		6	0	6	-638,9	-139,1	-10,253	-2,105					5	0	5	1	0	1
11845	11845		INV	chr20	29078951	chr20	29499034	420083.0	True		False		7	0	7	-639,9	-162,2	-588,9	-164,2					6	0	6	1	0	1
11706	11706_1	11706_2	BND	chr20	29541417	chr20	30343005		True	True	False	True	6	0	6	-10,435	-2,88	-10,580	-1,137	-10,580	-1,137	-10,435	-2,88	5	0	5	1	0	1
11876	11876_1	11876_2	BND	chr20	29720816	chr20	30148845		True	True	False	True	6	0	6	-554,9	-105,2	-524,9	-100,2	-524,9	-100,2	-554,9	-105,2	5	0	5	1	0	1
12069	12069		DEL	chr20	31056136	chr20	31186511	130375.0	True		False		5	0	5	-10,228	-1,95	-284,9	-69,3					5	0	5	0	0	0
11918	11918		DUP	chr20	31056576	chr20	31057967	1391.0	True		False		10	0	10	-412,9	-73,2	-10,396	-2,78					9	0	9	1	0	1
11943	11943		DEL	chr20	31056864	chr20	31063568	6704.0	True		False		7	0	7	-10,486	-2,97	-168,9	-67,1					6	0	6	1	0	1
12017	12017		DUP	chr20	31058389	chr20	31072973	14584.0	True		False		5	1	6	-10,9	-3,3	-10,9	-3,3					4	1	5	1	0	1
11958	11958		DUP	chr20	31058875	chr20	31066476	7601.0	True		False		7	0	7	-182,9	-90,2	-10,229	-3,50					6	0	6	1	0	1
12013	12013		DUP	chr20	31059780	chr20	31072638	12858.0	True		False		7	0	7	-568,9	-119,2	-10,636	-1,153					6	0	6	1	0	1
12067	12067		DEL	chr20	31061530	chr20	31185017	123487.0	True		False		7	0	7	-10,475	-1,131	-541,9	-105,2					6	0	6	1	0	1
12063	12063		DUP	chr20	31063557	chr20	31185276	121719.0	True		False		9	0	9	-262,8	-91,0	-10,452	-2,86					9	0	9	0	0	0
12050	12050		DUP	chr20	31065058	chr20	31075679	10621.0	True		False		6	0	6	-535,9	-92,2	-10,4	-3,4					5	0	5	1	0	1
12070	12070		DUP	chr20	31067287	chr20	31187150	119863.0	True		False		5	0	5	-604,9	-126,2	-10,617	-2,125					5	0	5	0	0	0
12049	12049		DEL	chr20	31068154	chr20	31075414	7260.0	True		False		7	0	7	-10,634	-1,158	-606,9	-143,2					6	0	6	1	0	1
12035	12035		DEL	chr20	31071733	chr20	31074104	2371.0	True		False		6	0	6	-10,680	0,160	-548,9	-132,2					5	0	5	1	0	1
22902	22902_1	22902_2	BND	chr20	31242752	chr21	10733575		True	True	False	True	6	0	6	-10,582	-2,107	-6,587	0,142	-6,587	0,142	-10,582	-2,107	5	0	5	1	0	1
12077	12077		DEL	chr20	31303846	chr20	31304250	404.0	True		False		7	0	7	-10,308	-2,114	-353,9	-100,3					6	0	6	1	0	1
12095	12095		DEL	chr20	35584815	chr20	35585608	793.0	True		False		4	1	5	-10,9	-2,3	-4,8	-2,6					4	1	5	0	0	0
12158	12158		DEL	chr20	55298343	chr20	55298911	568.0	True		False		6	0	6	-10,530	-2,143	-567,9	-153,2					5	0	5	1	0	1
12204	12204		DEL	chr21	7920008	chr21	7920778	770.0	True		False		5	0	5	-10,522	-2,147	-500,9	-152,2					5	0	5	0	0	0
12219	12219		DEL	chr21	10326943	chr21	10327449	506.0	True		False		5	0	5	-10,360	-2,93	-368,9	-93,3					5	0	5	0	0	0
12229	12229		DEL	chr21	10687996	chr21	10688204	208.0	True		False		6	0	6	-10,194	-2,89	-88,9	-57,2					5	0	5	1	0	1
12230	12230		DEL	chr21	10688822	chr21	10689634	812.0	True		False		6	0	6	-10,511	-2,143	-79,9	-59,2					5	0	5	1	0	1
12241	12241		DEL	chr21	10736446	chr21	10737277	831.0	True		False		7	0	7	-10,716	-2,367	-717,9	-367,2					7	0	7	0	0	0
12269	12269		DEL	chr21	22422290	chr21	22422976	686.0	True		False		5	0	5	-10,684	-1,192	-611,9	-162,2					5	0	5	0	0	0
12257	12257		DEL	chr21	25673912	chr21	25674787	875.0	True		False		6	0	6	-10,716	-2,367	-717,9	-367,2					6	0	6	0	0	0
12283	12283		DEL	chr21	26727941	chr21	26728621	680.0	True		False		5	0	5	-10,599	-2,155	-662,9	-173,2					5	0	5	0	0	0
12284	12284		DEL	chr21	26969587	chr21	26970187	600.0	True		False		5	0	5	-10,598	-2,212	-525,9	-203,2					5	0	5	0	0	0
12302	12302		DEL	chr21	32070190	chr21	32070846	656.0	True		False		5	0	5	-10,330	-2,136	-529,9	-166,2					5	0	5	0	0	0
12321	12321		DEL	chr21	37724350	chr21	37724734	384.0	True		False		5	0	5	-10,360	-3,78	-359,9	-88,3					5	0	5	0	0	0
12388	12388_1	12388_2	BND	chr22	10781359	chr22	11068942		True	True	False	True	6	0	6	-10,134	-2,70	-10,365	-2,110	-10,365	-2,110	-10,134	-2,70	6	0	6	0	0	0
12390	12390		DEL	chr22	11212465	chr22	11215210	2745.0	True		False		5	0	5	-10,715	-1,240	-591,9	-210,2					5	0	5	0	0	0
12410	12410_1	12410_2	BND	chr22	18730620	chr22	18892427		True	True	False	True	6	0	6	-636,9	-139,1	-611,9	-128,1	-611,9	-128,1	-636,9	-139,1	5	0	5	1	0	1
12421	12421_1	12421_2	BND	chr22	18952234	chr22	20288311		True	True	False	True	7	0	7	-631,9	-131,1	-563,9	-79,2	-563,9	-79,2	-631,9	-131,1	6	0	6	1	0	1
12413	12413		DEL	chr22	19091281	chr22	19091384	103.0	True		False		5	0	5	-10,65	-2,45	-69,9	-37,3					5	0	5	0	0	0
12492	12492_1	12492_2	BND	chr22	29414238	chr22	32139011		True	True	False	True	7	0	7	-474,9	-85,2	-540,9	-112,1	-540,9	-112,1	-474,9	-85,2	6	0	6	1	0	1
3034	3034		DEL	chr3	40243027	chr3	40243418	391.0	True		False		7	0	7	-10,253	-3,78	-213,9	-83,3					6	0	6	1	0	1
3049	3049_1	3049_2	BND	chr3	46053773	chr3	46427357		True	True	False	True	6	0	6	-10,182	-2,85	-10,591	-1,132	-10,591	-1,132	-10,182	-2,85	6	0	6	0	0	0
3099	3099		DEL	chr3	65301638	chr3	65302081	443.0	True		False		6	0	6	-10,237	-2,97	-442,9	-117,2					5	0	5	1	0	1
3100	3100		DEL	chr3	65665633	chr3	65666310	677.0	True		False		5	0	5	-10,652	-1,180	-560,9	-160,2					5	0	5	0	0	0
3128	3128		DEL	chr3	77290239	chr3	77290984	745.0	True		False		11	0	11	-10,344	-2,61	-48,9	-33,2					10	0	10	1	0	1
3160	3160		DEL	chr3	90365595	chr3	90366267	672.0	True		False		5	0	5	-10,621	-2,166	-595,9	-164,2					5	0	5	0	0	0
16726	16726_1	16726_2	BND	chr3	90455815	chr20	30977246		True	True	False	True	9	0	9	-493,3	-124,0	-10,427	-1,89	-10,427	-1,89	-493,3	-124,0	8	0	8	1	0	1
16401	16401_1	16401_2	BND	chr3	90521826	chr6	60240846		True	True	False	True	5	0	5	-44,78	-34,64	-14,66	-14,42	-14,66	-14,42	-44,78	-34,64	5	0	5	0	0	0
3171	3171		DUP	chr3	90650563	chr3	90660826	10263.0	True		False		6	0	6	-626,9	-113,2	-8,603	0,142					6	0	6	0	0	0
16403	16403_1	16403_2	BND	chr3	90650603	chr6	60231896		True	True	False	True	7	0	7	-615,9	-122,1	-529,9	-84,0	-529,9	-84,0	-615,9	-122,1	6	0	6	1	0	1
16404	16404_1	16404_2	BND	chr3	90691605	chr6	60230733		True	True	False	True	6	0	6	-593,9	-114,2	-586,9	-131,1	-586,9	-131,1	-593,9	-114,2	5	0	5	1	0	1
3180	3180		DEL	chr3	90863198	chr3	90892066	28868.0	True		False		6	0	6	-10,560	-1,115	-585,9	-124,1					5	0	5	1	0	1
3218	3218		DEL	chr3	90864589	chr3	91173018	308429.0	True		False		8	0	8	-10,474	-1,105	-552,9	-85,2					7	0	7	1	0	1
3081	3081		DEL	chr3	90867471	chr3	90964330	96859.0	True		False		13	0	13	-10,333	-2,80	-482,9	-58,2					12	0	12	1	0	1
3211	3211		DUP	chr3	90914654	chr3	91153392	238738.0	True		False		7	0	7	-543,9	-119,1	-10,517	-1,108					6	0	6	1	0	1
16418	16418_1	16418_2	BND	chr3	91299587	chr6	60627485		True	True	False	True	9	0	9	-452,9	-87,2	-73,9	-49,1	-73,9	-49,1	-452,9	-87,2	8	0	8	1	0	1
16409	16409_1	16409_2	BND	chr3	91525077	chr6	60234752		True	True	False	True	7	0	7	-360,9	-73,1	-422,9	-78,2	-422,9	-78,2	-360,9	-73,1	6	0	6	1	0	1
3233	3233		DEL	chr3	91557708	chr3	91561023	3315.0	True		False		5	0	5	-10,553	-2,111	-617,9	-122,2					5	0	5	0	0	0
16609	16609_1	16609_2	BND	chr3	93470361	chr14	16096375		True	True	False	True	4	1	5	-10,9	-3,1	-10,9	-3,3	-10,9	-3,3	-10,9	-3,1	4	1	5	0	0	0
16608	16608_1	16608_2	BND	chr3	93470361	chr14	16093728		True	True	False	True	5	0	5	-653,9	-142,0	-10,571	-1,133	-10,571	-1,133	-653,9	-142,0	5	0	5	0	0	0
3279	3279		DEL	chr3	102413504	chr3	102414068	564.0	True		False		5	0	5	-10,562	-2,207	-524,9	-203,2					5	0	5	0	0	0
3303	3303		DEL	chr3	109292852	chr3	109292995	143.0	True		False		5	0	5	-10,46	-2,35	-27,9	-20,2					5	0	5	0	0	0
16430	16430_1	16430_2	BND	chr3	112644418	chr6	153422143		True	True	False	True	5	0	5	-7,664	0,156	-539,9	-120,1	-539,9	-120,1	-7,664	0,156	5	0	5	0	0	0
16744	16744_1	16744_2	BND	chr3	130082245	chr21	32437307		True	True	False	True	6	0	6	-10,197	-2,85	-10,602	-1,142	-10,602	-1,142	-10,197	-2,85	6	0	6	0	0	0
3345	3345		DEL	chr3	141098715	chr3	141099331	616.0	True		False		5	0	5	-10,530	-2,154	-604,9	-154,2					5	0	5	0	0	0
3346	3346		DEL	chr3	159333821	chr3	159334463	642.0	True		False		6	0	6	-10,500	-2,159	-489,9	-151,2					5	0	5	1	0	1
3457	3457		DEL	chr3	165884386	chr3	165884934	548.0	True		False		6	0	6	-10,265	-2,107	-402,9	-108,2					5	0	5	1	0	1
16782	16782_1	16782_2	BND	chr3	174796726	chrX	97966556		False	False	False	True	1	4	5	-10,8	0,0	-9,6	0,0	-9,6	0,0	-10,8	0,0	1	4	5	0	0	0
3482	3482		DEL	chr3	180275481	chr3	180275853	372.0	False		False		4	13	17	-10,9	0,0	-2,1	0,0					4	13	17	0	0	0
17341	17341_1	17341_2	BND	chr4	5706357	chr7	138621995		True	True	False	True	6	0	6	-542,9	-115,2	-598,9	-135,1	-598,9	-135,1	-542,9	-115,2	5	0	5	1	0	1
17518	17518_1	17518_2	BND	chr4	9191776	chr12	8205973		True	True	False	True	6	0	6	-10,570	-1,131	-10,548	-2,116	-10,548	-2,116	-10,570	-1,131	5	0	5	1	0	1
3686	3686		DEL	chr4	35840945	chr4	35841315	370.0	True		False		5	0	5	-10,258	-3,83	-369,9	-86,3					5	0	5	0	0	0
3694	3694		DEL	chr4	38116832	chr4	38117538	706.0	True		False		6	0	6	-10,652	-2,172	-695,9	-188,1					5	0	5	1	0	1
3888	3888		DUP	chr4	49092745	chr4	49153285	60540.0	True		False		5	0	5	-661,9	-147,0	-10,660	-1,154					5	0	5	0	0	0
3774	3774		DUP	chr4	49096142	chr4	49108481	12339.0	True		False		6	0	6	-593,9	-132,0	-10,518	-2,83					5	0	5	1	0	1
17434	17434_1	17434_2	BND	chr4	49096466	chr10	41884108		True	True	False	True	5	1	6	-10,9	-3,3	-10,9	-3,3	-10,9	-3,3	-10,9	-3,3	4	1	5	1	0	1
3992	3992_1	3992_2	BND	chr4	49097269	chr4	49657508		True	True	False	True	5	1	6	-10,9	-3,3	-10,9	-3,3	-10,9	-3,3	-10,9	-3,3	5	1	6	0	0	0
3668	3668		DUP	chr4	49098522	chr4	49102683	4161.0	True		False		6	0	6	-570,9	-120,1	-10,638	-1,127					5	0	5	1	0	1
3833	3833		DEL	chr4	49102727	chr4	49131619	28892.0	True		False		6	0	6	-10,362	-2,95	-611,9	-128,1					5	0	5	1	0	1
4013	4013_1	4013_2	BND	chr4	49102930	chr4	49657920		True	True	False	True	5	0	5	-10,393	-3,77	-10,436	-3,80	-10,436	-3,80	-10,393	-3,77	5	0	5	0	0	0
3818	3818		DEL	chr4	49103068	chr4	49120416	17348.0	True		False		6	0	6	-10,255	-3,58	-125,9	-52,3					5	0	5	1	0	1
3781	3781		DUP	chr4	49103552	chr4	49108813	5261.0	True		False		3	2	5	-10,9	-1,1	-10,9	-1,1					3	2	5	0	0	0
17206	17206_1	17206_2	BND	chr4	49108240	chr5	49667237		True	True	False	True	7	0	7	-492,9	-101,2	-6,565	0,134	-6,565	0,134	-492,9	-101,2	6	0	6	1	0	1
3850	3850		DUP	chr4	49108318	chr4	49142224	33906.0	True		False		5	0	5	-670,9	-152,0	-10,600	-2,119					5	0	5	0	0	0
17083	17083_1	17083_2	BND	chr4	49108501	chr5	49601676		True	True	False	True	6	0	6	-10,512	-2,98	-7,589	0,138	-7,589	0,138	-10,512	-2,98	5	0	5	1	0	1
3795	3795		DEL	chr4	49108600	chr4	49118578	9978.0	True		False		8	0	8	-10,520	-2,128	-638,9	-150,2					7	0	7	1	0	1
17212	17212_1	17212_2	BND	chr4	49110680	chr5	49659937		True	True	False	True	8	0	8	-533,9	-88,2	-10,480	0,117	-10,480	0,117	-533,9	-88,2	7	0	7	1	0	1
4018	4018_1	4018_2	BND	chr4	49110850	chr4	49657883		True	True	False	True	7	0	7	-10,529	-1,117	-10,476	-1,68	-10,476	-1,68	-10,529	-1,117	7	0	7	0	0	0
3865	3865		DEL	chr4	49111580	chr4	49147272	35692.0	True		False		8	0	8	-10,317	-3,44	-145,9	-34,3					8	0	8	0	0	0
17450	17450_1	17450_2	BND	chr4	49112465	chr10	41879499		True	True	False	True	6	0	6	-7,581	-1,141	-6,587	0,142	-6,587	0,142	-7,581	-1,141	5	0	5	1	0	1
17407	17407_1	17407_2	BND	chr4	49117686	chr10	41859896		True	True	False	True	5	1	6	-10,9	-3,3	-3,7	-3,2	-3,7	-3,2	-10,9	-3,3	4	1	5	1	0	1
3838	3838		DEL	chr4	49117718	chr4	49137756	20038.0	True		False		5	0	5	-10,643	-1,150	-663,9	-145,1					5	0	5	0	0	0
3832	3832		DEL	chr4	49118128	chr4	49126560	8432.0	True		False		7	0	7	-10,628	-1,116	-419,9	-67,1					6	0	6	1	0	1
17408	17408_1	17408_2	BND	chr4	49118338	chr10	41860930		True	True	False	True	7	0	7	0,5	0,0	-639,9	-135,0	-639,9	-135,0	0,5	0,0	6	0	6	1	0	1
3853	3853		DUP	chr4	49118828	chr4	49145394	26566.0	True		False		3	3	6	-10,9	-3,3	-10,9	-3,3					3	2	5	0	1	1
17451	17451_1	17451_2	BND	chr4	49118877	chr10	41883127		True	True	False	True	6	0	6	-519,9	-122,2	-598,7	-139,0	-598,7	-139,0	-519,9	-122,2	5	0	5	1	0	1
17477	17477_1	17477_2	BND	chr4	49119050	chr10	41904363		True	True	False	True	6	0	6	-10,571	-1,133	-10,596	-1,137	-10,596	-1,137	-10,571	-1,133	5	0	5	1	0	1
3839	3839		DEL	chr4	49119067	chr4	49139623	20556.0	True		False		6	0	6	-10,546	-2,118	-593,9	-131,1					5	0	5	1	0	1
3922	3922_1	3922_2	BND	chr4	49121222	chr4	49642981		True	True	False	True	6	0	6	-10,499	-2,83	-10,235	-3,59	-10,235	-3,59	-10,499	-2,83	5	0	5	1	0	1
17478	17478_1	17478_2	BND	chr4	49136038	chr10	41903509		True	True	False	True	17	0	17	-314,6	-99,1	-630,9	-98,1	-630,9	-98,1	-314,6	-99,1	16	0	16	1	0	1
3997	3997_1	3997_2	BND	chr4	49137321	chr4	49657739		True	True	False	True	9	0	9	-10,285	-2,98	-10,410	-2,75	-10,410	-2,75	-10,285	-2,98	9	0	9	0	0	0
3917	3917		INV	chr4	49140470	chr4	49640551	500081.0	True		False		6	0	6	-82,57	-64,48	-136,60	-74,55					5	0	5	1	0	1
17158	17158_1	17158_2	BND	chr4	49142079	chr5	49658178		True	True	False	True	5	0	5	-715,9	-239,2	-10,716	-1,240	-10,716	-1,240	-715,9	-239,2	5	0	5	0	0	0
17776	17776_1	17776_2	BND	chr4	49142080	chrY	11721909		True	True	False	True	5	0	5	-664,9	-151,0	-649,9	-136,1	-649,9	-136,1	-664,9	-151,0	5	0	5	0	0	0
3889	3889		DEL	chr4	49143743	chr4	49152719	8976.0	True		False		5	0	5	-10,287	-3,70	-157,9	-79,2					5	0	5	0	0	0
3858	3858		DEL	chr4	49145706	chr4	49146584	878.0	True		False		5	0	5	-10,283	-3,82	-6,9	-6,2					5	0	5	0	0	0
17163	17163_1	17163_2	BND	chr4	49146988	chr5	49657436		True	True	False	True	8	1	9	-10,9	-3,3	-10,9	-3,2	-10,9	-3,2	-10,9	-3,3	7	1	8	1	0	1
17400	17400_1	17400_2	BND	chr4	49147273	chr10	38488077		True	True	False	True	6	0	6	-610,6	-138,0	-607,4	-142,0	-607,4	-142,0	-610,6	-138,0	5	0	5	1	0	1
17480	17480_1	17480_2	BND	chr4	49147273	chr10	41903509		True	True	False	True	7	0	7	-483,9	-80,2	-548,6	-132,0	-548,6	-132,0	-483,9	-80,2	6	0	6	1	0	1
17750	17750_1	17750_2	BND	chr4	49149140	chrY	11747662		True	True	False	True	7	0	7	-191,9	-51,3	-545,7	-132,1	-545,7	-132,1	-191,9	-51,3	6	0	6	1	0	1
17102	17102_1	17102_2	BND	chr4	49150440	chr5	49601502		True	True	False	True	7	0	7	-253,9	-106,2	-500,9	-92,2	-500,9	-92,2	-253,9	-106,2	6	0	6	1	0	1
3881	3881		DUP	chr4	49150527	chr4	49151068	541.0	True		False		10	0	10	-602,9	-84,1	-10,363	-2,61					9	0	9	1	0	1
3891	3891		DEL	chr4	49152206	chr4	49152935	729.0	True		False		6	0	6	-10,482	-3,74	-249,9	-57,3					5	0	5	1	0	1
17666	17666_1	17666_2	BND	chr4	49153593	chr20	31072739		True	True	False	True	7	0	7	-562,9	-94,2	-22,9	-14,3	-22,9	-14,3	-562,9	-94,2	6	0	6	1	0	1
3905	3905_1	3905_2	BND	chr4	49156156	chr4	49631296		True	True	False	True	6	0	6	-21,9	-17,2	-250,9	-66,3	-250,9	-66,3	-21,9	-17,2	5	0	5	1	0	1
17181	17181_1	17181_2	BND	chr4	49640445	chr5	49658777		True	True	False	True	4	2	6	-10,9	-1,1	-10,9	-1,1	-10,9	-1,1	-10,9	-1,1	4	2	6	0	0	0
3968	3968		DUP	chr4	49652147	chr4	49652886	739.0	True		False		5	0	5	-537,9	-129,2	-10,263	-3,67					5	0	5	0	0	0
17463	17463_1	17463_2	BND	chr4	49655933	chr10	41883091		True	True	False	True	5	0	5	-7,664	0,156	-383,9	-109,2	-383,9	-109,2	-7,664	0,156	5	0	5	0	0	0
17347	17347_1	17347_2	BND	chr4	49710480	chr8	43241414		False	False	False	True	1	4	5	-10,8	0,0	-9,7	0,0	-9,7	0,0	-10,8	0,0	1	4	5	0	0	0
17348	17348_1	17348_2	BND	chr4	49710581	chr8	43238287		True	True	False	True	8	0	8	-717,9	-367,2	-717,9	-367,2	-717,9	-367,2	-717,9	-367,2	7	0	7	1	0	1
17349	17349_1	17349_2	BND	chr4	49711421	chr8	43239754		True	True	False	True	5	0	5	-682,9	-144,1	-7,664	0,156	-7,664	0,156	-682,9	-144,1	5	0	5	0	0	0
4037	4037_1	4037_2	BND	chr4	51107155	chr4	51107578		True	True	False	True	8	0	8	-10,274	-2,94	-4,490	0,129	-4,490	0,129	-10,274	-2,94	7	0	7	1	0	1
4065	4065		DEL	chr4	58494775	chr4	58495650	875.0	True		False		6	0	6	-10,681	-2,229	-702,9	-235,2					5	0	5	1	0	1
17507	17507_1	17507_2	BND	chr4	67434698	chr11	34980366		True	True	False	True	5	2	7	-7,5	-1,3	-10,9	-1,1	-10,9	-1,1	-7,5	-1,3	4	2	6	1	0	1
4121	4121		DEL	chr4	74717522	chr4	74723634	6112.0	True		False		7	0	7	-10,496	-2,95	-364,9	-71,2					6	0	6	1	0	1
4162	4162		DEL	chr4	91232409	chr4	91233088	679.0	True		False		5	0	5	-10,591	-2,210	-678,9	-233,2					5	0	5	0	0	0
4187	4187		DEL	chr4	101094217	chr4	101094991	774.0	True		False		5	0	5	-10,601	-2,212	-708,9	-237,2					5	0	5	0	0	0
4085	4085		DEL	chr4	116489796	chr4	116490306	510.0	True		False		5	0	5	-10,423	-3,89	-470,9	-87,3					5	0	5	0	0	0
4235	4235		DEL	chr4	119342529	chr4	119343530	1001.0	True		False		6	0	6	-10,517	-2,109	-480,9	-81,3					5	0	5	1	0	1
4239	4239		DEL	chr4	122321429	chr4	122321540	111.0	False		False		2	4	6	-10,9	0,0	-9,8	0,0					2	3	5	0	1	1
17524	17524_1	17524_2	BND	chr4	123677357	chr12	66057681		True	True	False	True	5	0	5	-10,487	-2,94	-7,652	0,155	-7,652	0,155	-10,487	-2,94	5	0	5	0	0	0
4249	4249		DEL	chr4	127912990	chr4	127913329	339.0	True		False		5	0	5	-10,167	-2,86	-6,9	-6,2					5	0	5	0	0	0
4276	4276		DEL	chr4	135464867	chr4	135465379	512.0	True		False		5	0	5	-10,361	-2,144	-476,9	-141,2					5	0	5	0	0	0
4299	4299		DUP	chr4	143999924	chr4	144119243	119319.0	True		False		7	0	7	-529,9	-106,2	-10,450	-2,85					6	0	6	1	0	1
4328	4328		DEL	chr4	154280286	chr4	154281027	741.0	True		False		5	0	5	-10,688	-2,231	-694,9	-233,2					5	0	5	0	0	0
4341	4341		DEL	chr4	160647943	chr4	160648865	922.0	True		False		6	0	6	-10,669	-2,226	-685,9	-230,2					6	0	6	0	0	0
4357	4357		DEL	chr4	163155950	chr4	163156411	461.0	True		False		5	0	5	-10,390	-2,101	-398,9	-83,3					5	0	5	0	0	0
4384	4384		DEL	chr4	170336285	chr4	170336793	508.0	True		False		5	0	5	-10,394	-2,137	-507,9	-156,2					5	0	5	0	0	0
4393	4393		DEL	chr4	175747455	chr4	175747812	357.0	True		False		6	0	6	-10,264	-3,82	-278,9	-83,3					5	0	5	1	0	1
4437	4437		DEL	chr4	188505884	chr4	188507913	2029.0	True		False		7	0	7	-10,579	-2,166	-600,9	-163,2					6	0	6	1	0	1
18394	18394_1	18394_2	BND	chr5	5595128	chr15	52297171		True	True	False	True	7	0	7	-466,9	-105,0	-550,9	-120,0	-550,9	-120,0	-466,9	-105,0	6	0	6	1	0	1
18594	18594_1	18594_2	BND	chr5	18538887	chrX	114471997		True	True	False	True	6	0	6	-284,9	-80,2	-10,574	-1,137	-10,574	-1,137	-284,9	-80,2	5	0	5	1	0	1
4548	4548		DEL	chr5	26967243	chr5	26967482	239.0	True		False		5	0	5	-10,100	-2,63	-99,9	-64,2					5	0	5	0	0	0
4556	4556		DEL	chr5	30776837	chr5	30777802	965.0	True		False		6	0	6	-10,716	-2,367	-717,9	-367,2					5	0	5	1	0	1
4581	4581		DEL	chr5	38675999	chr5	38676788	789.0	True		False		5	0	5	-10,710	-2,238	-696,9	-234,2					5	0	5	0	0	0
4616	4616_1	4616_2	BND	chr5	46527023	chr5	46539244		True	True	False	True	6	0	6	-10,607	-2,116	-10,567	-1,131	-10,567	-1,131	-10,607	-2,116	5	0	5	1	0	1
4627	4627		DEL	chr5	47058200	chr5	47128757	70557.0	True		False		8	0	8	-10,444	-2,88	-584,9	-82,2					7	0	7	1	0	1
4629	4629		DEL	chr5	47107268	chr5	47130789	23521.0	True		False		7	0	7	-10,514	-1,114	-517,9	-102,2					6	0	6	1	0	1
18659	18659_1	18659_2	BND	chr5	49599435	chrY	56839005		True	True	False	True	6	0	6	-457,9	-80,2	-302,9	-86,0	-302,9	-86,0	-457,9	-80,2	5	0	5	1	0	1
18533	18533_1	18533_2	BND	chr5	49601490	chr20	31106869		True	True	False	True	5	1	6	-10,9	-3,3	-9,9	0,3	-9,9	0,3	-10,9	-3,3	4	1	5	1	0	1
18515	18515_1	18515_2	BND	chr5	49601504	chr20	31054913		True	True	False	True	8	0	8	-1,9	-1,4	-10,35	-2,24	-10,35	-2,24	-1,9	-1,4	7	0	7	1	0	1
4641	4641_1	4641_2	BND	chr5	49601506	chr5	49657203		True	True	False	True	6	1	7	-10,9	-3,3	-4,9	-2,3	-4,9	-2,3	-10,9	-3,3	5	1	6	1	0	1
18561	18561_1	18561_2	BND	chr5	49602001	chr21	10668940		True	True	False	True	8	0	8	-523,9	-120,1	-639,9	-129,0	-639,9	-129,0	-523,9	-120,1	7	0	7	1	0	1
18406	18406_1	18406_2	BND	chr5	49602006	chr16	34071636		True	True	False	True	8	0	8	-155,9	-77,2	-7,622	0,151	-7,622	0,151	-155,9	-77,2	7	0	7	1	0	1
18241	18241_1	18241_2	BND	chr5	49602209	chr10	41876700		True	True	False	True	11	0	11	-10,138	-3,27	-182,9	-72,2	-182,9	-72,2	-10,138	-3,27	10	0	10	1	0	1
18635	18635_1	18635_2	BND	chr5	49602210	chrY	11722960		True	True	False	True	9	0	9	-10,97	-3,30	-446,9	-53,1	-446,9	-53,1	-10,97	-3,30	8	0	8	1	0	1
4666	4666		DUP	chr5	49656261	chr5	49661081	4820.0	True		False		8	0	8	-457,9	-76,1	-9,492	0,118					7	0	7	1	0	1
18299	18299_1	18299_2	BND	chr5	49658116	chr10	41903437		True	True	False	True	7	0	7	-173,5	-82,0	-512,9	-93,2	-512,9	-93,2	-173,5	-82,0	6	0	6	1	0	1
18441	18441_1	18441_2	BND	chr5	49658299	chr17	21973592		True	True	False	True	10	1	11	-10,9	-3,3	-10,9	-3,3	-10,9	-3,3	-10,9	-3,3	10	1	11	0	0	0
18509	18509_1	18509_2	BND	chr5	49658620	chr20	28897418		True	True	False	True	7	0	7	-10,100	-3,40	-639,9	-135,0	-639,9	-135,0	-10,100	-3,40	6	0	6	1	0	1
18442	18442_1	18442_2	BND	chr5	49658774	chr17	21985739		True	True	False	True	5	1	6	-10,9	-3,3	-10,9	-3,3	-10,9	-3,3	-10,9	-3,3	4	1	5	1	0	1
18530	18530_1	18530_2	BND	chr5	49658778	chr20	31067431		True	True	False	True	6	1	7	-10,9	-3,3	-10,9	-3,3	-10,9	-3,3	-10,9	-3,3	5	1	6	1	0	1
18601	18601_1	18601_2	BND	chr5	49659767	chrY	11747657		True	True	False	True	6	0	6	-311,9	-90,2	-631,9	-136,1	-631,9	-136,1	-311,9	-90,2	5	0	5	1	0	1
18624	18624_1	18624_2	BND	chr5	49659786	chrY	11300899		True	True	False	True	6	0	6	-372,9	-100,2	-10,429	-2,89	-10,429	-2,89	-372,9	-100,2	5	0	5	1	0	1
18447	18447_1	18447_2	BND	chr5	49659791	chr17	21983237		True	True	False	True	9	0	9	-663,9	-99,2	-219,5	-89,0	-219,5	-89,0	-663,9	-99,2	8	0	8	1	0	1
18246	18246_1	18246_2	BND	chr5	49659827	chr10	41874162		True	True	False	True	7	0	7	-639,9	-128,0	-626,9	-119,1	-626,9	-119,1	-639,9	-128,0	6	0	6	1	0	1
18545	18545_1	18545_2	BND	chr5	49659941	chr20	31186858		True	True	False	True	6	0	6	-9,591	-1,140	-10,407	-3,64	-10,407	-3,64	-9,591	-1,140	5	0	5	1	0	1
18544	18544_1	18544_2	BND	chr5	49659947	chr20	31185922		True	True	False	True	5	0	5	-10,635	-1,141	-10,304	-3,75	-10,304	-3,75	-10,635	-1,141	5	0	5	0	0	0
18282	18282_1	18282_2	BND	chr5	49660768	chr10	41889446		True	True	False	True	5	0	5	-561,9	-95,2	-660,9	-125,2	-660,9	-125,2	-561,9	-95,2	5	0	5	0	0	0
18250	18250_1	18250_2	BND	chr5	49661090	chr10	41870661		True	True	False	True	7	0	7	-10,628	-2,146	-10,662	0,155	-10,662	0,155	-10,628	-2,146	6	0	6	1	0	1
18456	18456_1	18456_2	BND	chr5	49661352	chr17	21982974		True	True	False	True	5	0	5	-621,9	-119,2	-455,9	-100,1	-455,9	-100,1	-621,9	-119,2	5	0	5	0	0	0
18306	18306_1	18306_2	BND	chr5	49661834	chr10	41903588		True	True	False	True	5	0	5	-10,398	-3,77	-10,573	-2,134	-10,573	-2,134	-10,398	-3,77	5	0	5	0	0	0
18523	18523_1	18523_2	BND	chr5	49666257	chr20	31058690		True	True	False	True	6	0	6	-8,584	0,140	-10,541	-2,113	-10,541	-2,113	-8,584	0,140	5	0	5	1	0	1
4716	4716		DUP	chr5	49723329	chr5	49895156	171827.0	True		False		8	0	8	-522,9	-110,1	-10,484	-2,95					8	0	8	0	0	0
4713	4713		DUP	chr5	49749214	chr5	49832946	83732.0	True		False		5	0	5	-613,9	-137,1	-10,604	-2,125					5	0	5	0	0	0
4719	4719		DEL	chr5	49916398	chr5	49925207	8809.0	True		False		7	0	7	-10,511	-1,114	-602,9	-121,0					6	0	6	1	0	1
4732	4732		DEL	chr5	50180355	chr5	50180456	101.0	True		False		5	0	5	-10,7	-3,7	-45,9	-33,2					5	0	5	0	0	0
4735	4735		DEL	chr5	50239754	chr5	50240485	731.0	True		False		7	0	7	-10,504	-2,140	-588,9	-154,2					6	0	6	1	0	1
18507	18507_1	18507_2	BND	chr5	50243518	chr20	28820685		True	True	False	True	5	0	5	-10,651	-1,152	-586,9	-118,2	-586,9	-118,2	-10,651	-1,152	5	0	5	0	0	0
18190	18190_1	18190_2	BND	chr5	51925599	chr8	62362856		True	True	False	True	6	0	6	-7,578	0,134	-6,587	0,142	-6,587	0,142	-7,578	0,134	5	0	5	1	0	1
18474	18474_1	18474_2	BND	chr5	53172307	chr18	64389475		True	True	False	True	7	0	7	-10,482	-2,100	-637,9	-130,1	-637,9	-130,1	-10,482	-2,100	6	0	6	1	0	1
4756	4756		DEL	chr5	58924041	chr5	58924565	524.0	True		False		5	0	5	-10,290	-2,127	-386,9	-160,1					5	0	5	0	0	0
18344	18344_1	18344_2	BND	chr5	60721764	chr11	119763867		True	True	False	True	8	0	8	-487,9	-78,2	-506,7	-124,1	-506,7	-124,1	-487,9	-78,2	7	0	7	1	0	1
4779	4779		DEL	chr5	68399225	chr5	68399367	142.0	True		False		5	0	5	-10,32	-2,25	-62,9	-41,2					5	0	5	0	0	0
18469	18469_1	18469_2	BND	chr5	85087147	chr17	46980638		True	True	False	True	6	0	6	-639,9	-141,0	-10,522	-2,95	-10,522	-2,95	-639,9	-141,0	5	0	5	1	0	1
4833	4833		DEL	chr5	87523916	chr5	87524596	680.0	True		False		5	0	5	-10,678	-2,179	-679,9	-185,1					5	0	5	0	0	0
4847	4847		DEL	chr5	92651810	chr5	92652370	560.0	True		False		5	0	5	-10,558	-2,151	-340,9	-148,2					5	0	5	0	0	0
4879	4879		DEL	chr5	104298353	chr5	104298846	493.0	True		False		5	0	5	-10,388	-2,136	-352,9	-146,2					5	0	5	0	0	0
4894	4894		DEL	chr5	111705255	chr5	111705624	369.0	True		False		5	0	5	-10,148	-2,87	-335,9	-102,3					5	0	5	0	0	0
18551	18551_1	18551_2	BND	chr5	126729443	chr20	31426290		True	True	False	True	6	0	6	-10,522	-1,111	-606,5	-141,1	-606,5	-141,1	-10,522	-1,111	5	0	5	1	0	1
5012	5012		DUP	chr5	154636720	chr5	154644423	7703.0	True		False		6	0	6	-615,9	-131,1	-10,449	-2,82					5	0	5	1	0	1
5165	5165		DEL	chr6	19113160	chr6	19113574	414.0	True		False		5	0	5	-10,320	-3,75	-413,9	-104,2					5	0	5	0	0	0
5261	5261		DEL	chr6	32491636	chr6	32537340	45704.0	True		False		5	0	5	-10,332	-3,78	-180,9	-65,3					5	0	5	0	0	0
18998	18998_1	18998_2	BND	chr6	32653251	chr10	68540223		True	True	False	True	8	0	8	-10,578	0,103	-5,500	-1,128	-5,500	-1,128	-10,578	0,103	7	0	7	1	0	1
5416	5416		DEL	chr6	39735965	chr6	39736658	693.0	True		False		5	0	5	-10,649	-2,221	-622,9	-215,2					5	0	5	0	0	0
5428	5428		DEL	chr6	42668438	chr6	42669359	921.0	True		False		6	0	6	-10,705	-2,237	-583,9	-209,2					5	0	5	1	0	1
5435	5435		DUP	chr6	44181420	chr6	44182298	878.0	True		False		5	1	6	-10,9	-3,3	0,9	0,9					4	1	5	1	0	1
5470	5470		DEL	chr6	59272292	chr6	59492501	220209.0	True		False		7	0	7	-10,490	-2,88	-506,9	-101,2					6	0	6	1	0	1
18976	18976_1	18976_2	BND	chr6	60232750	chr9	60534511		True	True	False	True	12	0	12	-10,306	-2,58	-3,401	0,115	-3,401	0,115	-10,306	-2,58	11	0	11	1	0	1
19196	19196_1	19196_2	BND	chr6	60239641	chrX	62596265		True	True	False	True	5	0	5	-337,9	-104,2	-10,634	-1,141	-10,634	-1,141	-337,9	-104,2	5	0	5	0	0	0
19197	19197_1	19197_2	BND	chr6	61402416	chrX	62596269		True	True	False	True	5	0	5	-717,9	-156,0	-7,656	0,155	-7,656	0,155	-717,9	-156,0	5	0	5	0	0	0
19170	19170_1	19170_2	BND	chr6	62337970	chr21	23604525		True	True	False	True	6	0	6	-7,586	0,141	-10,383	-2,88	-10,383	-2,88	-7,586	0,141	5	0	5	1	0	1
5558	5558		DEL	chr6	88138969	chr6	88139839	870.0	True		False		5	0	5	-10,591	-2,210	-652,9	-221,2					5	0	5	0	0	0
5619	5619		DEL	chr6	110100599	chr6	110101315	716.0	True		False		6	0	6	-10,573	-2,170	-659,9	-180,2					5	0	5	1	0	1
5633	5633		DEL	chr6	118928866	chr6	118929386	520.0	True		False		6	0	6	-10,476	-2,110	-224,9	-89,2					5	0	5	1	0	1
19043	19043_1	19043_2	BND	chr6	131716750	chr12	92545092		True	True	False	True	6	0	6	-507,9	-100,2	-607,4	-142,0	-607,4	-142,0	-507,9	-100,2	5	0	5	1	0	1
5705	5705		DEL	chr6	144963146	chr6	144963769	623.0	True		False		5	0	5	-10,268	-2,102	-331,9	-136,2					5	0	5	0	0	0
19138	19138_1	19138_2	BND	chr6	158350260	chr18	14222497		True	True	False	True	5	1	6	-10,9	-2,3	0,6	0,6	0,6	0,6	-10,9	-2,3	4	1	5	1	0	1
5766	5766		DEL	chr6	159027971	chr6	159028273	302.0	True		False		5	0	5	-10,155	-2,76	-216,9	-70,3					5	0	5	0	0	0
5848	5848		DEL	chr7	747553	chr7	748249	696.0	True		False		5	0	5	-10,518	-2,102	-643,9	-129,2					5	0	5	0	0	0
5858	5858		DEL	chr7	2969456	chr7	2969925	469.0	True		False		5	0	5	-10,193	-2,95	-243,9	-95,3					5	0	5	0	0	0
19397	19397_1	19397_2	BND	chr7	19814035	chr9	12462646		False	False	False	True	5	9	14	-10,3	0,0	-4,1	0,0	-4,1	0,0	-10,3	0,0	5	8	13	0	1	1
5936	5936		DEL	chr7	30230640	chr7	30231525	885.0	True		False		5	0	5	-10,716	-2,367	-717,9	-367,2					5	0	5	0	0	0
19639	19639_1	19639_2	BND	chr7	57932998	chr20	28866976		True	True	False	True	5	0	5	-620,9	-125,2	-717,9	-156,0	-717,9	-156,0	-620,9	-125,2	5	0	5	0	0	0
6029	6029		DEL	chr7	57981009	chr7	57981766	757.0	True		False		6	0	6	-10,586	-2,209	-697,9	-234,2					5	0	5	1	0	1
6039	6039		DUP	chr7	60421695	chr7	60573971	152276.0	True		False		10	0	10	-494,9	-91,2	-10,305	-3,38					9	0	9	1	0	1
19575	19575_1	19575_2	BND	chr7	60932634	chr16	36124110		True	True	False	True	7	0	7	-549,9	-118,1	-457,9	-69,3	-457,9	-69,3	-549,9	-118,1	6	0	6	1	0	1
6041	6041		DUP	chr7	60996032	chr7	60996926	894.0	True		False		11	0	11	-352,9	-53,3	-10,378	-2,90					10	0	10	1	0	1
19582	19582_1	19582_2	BND	chr7	61050221	chr16	36191676		True	True	False	True	3	5	8	-10,9	0,0	-10,2	-1,0	-10,2	-1,0	-10,9	0,0	2	5	7	1	0	1
19564	19564_1	19564_2	BND	chr7	62379369	chr16	32116173		True	True	False	True	7	0	7	-225,9	-99,0	-5,156	0,97	-5,156	0,97	-225,9	-99,0	6	0	6	1	0	1
6302	6302		DEL	chr7	110780603	chr7	110781230	627.0	True		False		6	0	6	-10,411	-2,118	-364,9	-115,2					5	0	5	1	0	1
6321	6321		DEL	chr7	124707932	chr7	124708928	996.0	True		False		5	0	5	-10,716	-2,367	-717,9	-367,2					5	0	5	0	0	0
6361	6361		DEL	chr7	139131548	chr7	139132227	679.0	True		False		5	0	5	-10,310	-2,147	-564,9	-161,2					5	0	5	0	0	0
6390	6390		DEL	chr7	142460654	chr7	142497504	36850.0	True		False		5	0	5	-10,350	-2,156	-484,9	-151,2					5	0	5	0	0	0
19411	19411_1	19411_2	BND	chr7	142767890	chr9	33803057		True	True	False	True	6	0	6	-10,494	-2,111	-573,9	-109,2	-573,9	-109,2	-10,494	-2,111	5	0	5	1	0	1
6434	6434		DEL	chr7	146145701	chr7	146146276	575.0	True		False		5	0	5	-10,395	-2,148	-574,9	-149,2					5	0	5	0	0	0
19669	19669_1	19669_2	BND	chr7	152383186	chr21	10428505		True	True	False	True	13	0	13	-10,135	-3,47	-10,297	-2,48	-10,297	-2,48	-10,135	-3,47	12	0	12	1	0	1
19665	19665_1	19665_2	BND	chr7	152392609	chr21	10418864		True	True	False	True	10	0	10	-291,71	-70,63	-346,9	-83,2	-346,9	-83,2	-291,71	-70,63	9	0	9	1	0	1
6503	6503		DEL	chr7	156841899	chr7	156842655	756.0	True		False		5	0	5	-10,583	-2,209	-506,9	-201,2					5	0	5	0	0	0
20130	20130_1	20130_2	BND	chr8	1337466	chrX	2520502		True	True	False	True	5	0	5	-119,38	-94,30	0,2	0,1	0,2	0,1	-119,38	-94,30	5	0	5	0	0	0
6550	6550		DEL	chr8	3899997	chr8	3900536	539.0	True		False		6	0	6	-10,459	-2,117	-408,9	-110,2					5	0	5	1	0	1
20079	20079_1	20079_2	BND	chr8	19667096	chr17	63991102		True	True	False	True	6	0	6	-10,598	0,138	-10,366	-2,99	-10,366	-2,99	-10,598	0,138	5	0	5	1	0	1
6620	6620		DEL	chr8	29776316	chr8	29776645	329.0	True		False		6	0	6	-10,310	-2,164	-282,9	-158,2					5	0	5	1	0	1
20057	20057_1	20057_2	BND	chr8	36030350	chr15	42766421		True	True	False	True	6	0	6	-639,9	-139,0	-10,415	-2,80	-10,415	-2,80	-639,9	-139,0	5	0	5	1	0	1
20118	20118_1	20118_2	BND	chr8	43237644	chr22	11213184		True	True	False	True	7	0	7	-438,9	-57,3	-539,9	-69,3	-539,9	-69,3	-438,9	-57,3	6	0	6	1	0	1
6659	6659_1	6659_2	BND	chr8	43237770	chr8	43241397		True	True	False	True	11	0	11	-560,9	-89,1	-183,9	-61,0	-183,9	-61,0	-560,9	-89,1	10	0	10	1	0	1
20036	20036_1	20036_2	BND	chr8	43238144	chr14	16094828		True	True	False	True	7	0	7	-10,348	-3,77	-48,9	-34,2	-48,9	-34,2	-10,348	-3,77	6	0	6	1	0	1
6658	6658		DEL	chr8	43239370	chr8	43240908	1538.0	True		False		8	0	8	-10,636	-2,222	-639,9	-223,1					7	0	7	1	0	1
20123	20123_1	20123_2	BND	chr8	43240874	chr22	11213282		True	True	False	True	8	0	8	-654,9	-145,1	-7,653	0,155	-7,653	0,155	-654,9	-145,1	7	0	7	1	0	1
20041	20041_1	20041_2	BND	chr8	43241612	chr14	16096529		True	True	False	True	6	0	6	-10,579	-1,126	-10,480	-3,71	-10,480	-3,71	-10,579	-1,126	6	0	6	0	0	0
20124	20124_1	20124_2	BND	chr8	43241714	chr22	11212004		True	True	False	True	5	0	5	-582,9	-158,2	-10,350	-2,140	-10,350	-2,140	-582,9	-158,2	5	0	5	0	0	0
6688	6688		DEL	chr8	49749623	chr8	49749690	67.0	True		False		4	2	6	-10,9	-1,1	-10,9	-1,1					4	2	6	0	0	0
6725	6725		DEL	chr8	57307533	chr8	57308383	850.0	True		False		5	0	5	-10,571	-2,208	-618,9	-214,2					5	0	5	0	0	0
6728	6728		DEL	chr8	58463366	chr8	58464172	806.0	True		False		5	0	5	-10,702	-2,236	-627,9	-216,2					5	0	5	0	0	0
6746	6746		DEL	chr8	64150864	chr8	64150988	124.0	False		False		2	6	8	-7,5	0,0	-6,5	0,0					2	5	7	0	1	1
6794	6794		DEL	chr8	87724693	chr8	87725179	486.0	True		False		6	0	6	-10,406	-2,134	-478,9	-141,2					5	0	5	1	0	1
20072	20072_1	20072_2	BND	chr8	132908423	chr16	17247179		True	True	False	True	6	0	6	-538,9	-121,0	-6,580	0,141	-6,580	0,141	-538,9	-121,0	5	0	5	1	0	1
6921	6921		DUP	chr8	133866605	chr8	134670864	804259.0	True		False		7	0	7	-434,9	-70,3	-10,279	-2,81					6	0	6	1	0	1
20014	20014_1	20014_2	BND	chr8	133891191	chr12	92101517		True	True	False	True	7	0	7	-10,434	-3,73	-8,557	0,132	-8,557	0,132	-10,434	-3,73	6	0	6	1	0	1
6950	6950		DUP	chr8	143307146	chr8	143308091	945.0	True		False		6	0	6	-332,9	-71,3	-10,510	-2,113					5	0	5	1	0	1
6981	6981		DEL	chr9	6056913	chr9	6058041	1128.0	True		False		9	0	9	-10,422	-2,75	-379,9	-53,3					9	0	9	0	0	0
20256	20256_1	20256_2	BND	chr9	10208422	chr10	127849022		True	True	False	True	5	0	5	-10,638	-1,145	-563,9	-128,2	-563,9	-128,2	-10,638	-1,145	5	0	5	0	0	0
6988	6988		DEL	chr9	10729414	chr9	10730095	681.0	True		False		5	0	5	-10,656	-2,223	-569,9	-207,2					5	0	5	0	0	0
7007	7007		DEL	chr9	17952666	chr9	17952787	121.0	True		False		6	0	6	-10,14	-2,12	-112,9	-42,3					5	0	5	1	0	1
7015	7015		DEL	chr9	20431502	chr9	20432109	607.0	True		False		5	0	5	-10,426	-2,147	-542,9	-144,2					5	0	5	0	0	0
7044	7044		DEL	chr9	33180674	chr9	33181274	600.0	True		False		6	0	6	-10,519	-2,136	-555,9	-166,2					5	0	5	1	0	1
20397	20397_1	20397_2	BND	chr9	34904709	chrX	22441688		True	True	False	True	5	0	5	-10,268	-2,115	-10,652	-1,148	-10,652	-1,148	-10,268	-2,115	5	0	5	0	0	0
7090	7090_1	7090_2	BND	chr9	40930764	chr9	60526015		True	True	False	True	6	0	6	-171,9	-104,0	-524,9	-94,2	-524,9	-94,2	-171,9	-104,0	5	0	5	1	0	1
20284	20284_1	20284_2	BND	chr9	41004696	chr13	49015974		True	True	False	True	7	0	7	-10,507	-2,103	-626,9	-124,1	-626,9	-124,1	-10,507	-2,103	6	0	6	1	0	1
7176	7176		DEL	chr9	87372454	chr9	87373289	835.0	True		False		6	0	6	-10,607	-2,171	-683,9	-186,1					5	0	5	1	0	1
7278	7278		DEL	chr9	130035142	chr9	130035316	174.0	True		False		5	0	5	-10,61	-2,44	-70,9	-44,2					5	0	5	0	0	0
12640	12640_1	12640_2	BND	chrX	2630217	chrX	2632010		True	True	False	True	7	0	7	-543,9	-124,1	-581,9	-98,1	-581,9	-98,1	-543,9	-124,1	7	0	7	0	0	0
12855	12855		DEL	chrY	10813067	chrY	11029160	216093.0	False		False		1	4	5	-10,9	0,0	-9,6	0,0					1	4	5	0	0	0
12966	12966		DEL	chrY	56826367	chrY	56826834	467.0	True		False		5	1	6	-10,9	-3,3	-10,9	-3,3					5	0	5	0	1	1
