event	id_be1	id_be2	type	chrom_be1	pos_be1	chrom_be2	pos_be2	length	imprecise_be1	imprecise_be2	secondary_be1	secondary_be2	junction_support_pe	junction_support_sr	junction_support_su	confidence_interval_pos_be1	confidence_interval_pos_95_be1	confidence_interval_end_be1	confidence_interval_end_95_be1	confidence_interval_pos_be2	confidence_interval_pos_95_be2	confidence_interval_end_be2	confidence_interval_end_95_be2	tum_support_pe	tum_support_sr	tum_support_su	norm_support_pe	norm_support_sr	norm_support_su
13717	13717_1	13717_2	BND	chr1	1002425	chr12	34428257		False	False	False	True	1	4	5	-8,8	0,0	-8,8	0,0	-8,8	0,0	-8,8	0,0	1	4	5	0	0	0
13444	13444_1	13444_2	BND	chr1	1479939	chr6	41964432		False	False	False	True	1	4	5	-8,8	0,0	-8,8	0,0	-8,8	0,0	-8,8	0,0	1	4	5	0	0	0
13468	13468_1	13468_2	BND	chr1	3409802	chr6	86364689		False	False	False	True	1	4	5	-8,8	0,0	-10,9	0,0	-10,9	0,0	-8,8	0,0	1	4	5	0	0	0
13295	13295_1	13295_2	BND	chr1	4015470	chr3	197895069		False	False	False	True	1	4	5	-8,8	0,0	-8,8	0,0	-8,8	0,0	-8,8	0,0	1	4	5	0	0	0
13201	13201_1	13201_2	BND	chr1	4296014	chr2	194754205		True	True	False	True	1	4	5	-9,5	-1,0	-7,8	0,1	-7,8	0,1	-9,5	-1,0	1	4	5	0	0	0
13183	13183_1	13183_2	BND	chr1	4544915	chr2	165743030		False	False	False	True	1	4	5	-10,9	0,0	-8,8	0,0	-8,8	0,0	-10,9	0,0	1	4	5	0	0	0
13962	13962_1	13962_2	BND	chr1	5042150	chr22	27837963		False	False	False	True	1	4	5	-10,9	0,0	-10,9	0,0	-10,9	0,0	-10,9	0,0	1	4	5	0	0	0
13657	13657_1	13657_2	BND	chr1	5701889	chr10	85494491		False	False	False	True	1	4	5	-10,9	0,0	-10,9	0,0	-10,9	0,0	-10,9	0,0	1	4	5	0	0	0
13734	13734_1	13734_2	BND	chr1	8107856	chr12	91086712		True	True	False	True	1	4	5	-8,8	0,0	-5,9	0,3	-5,9	0,3	-8,8	0,0	1	4	5	0	0	0
52	52_1	52_2	BND	chr1	8191886	chr1	8192002		False	False	False	True	1	4	5	-8,8	0,0	-8,8	0,0	-8,8	0,0	-8,8	0,0	1	4	5	0	0	0
13946	13946_1	13946_2	BND	chr1	8582366	chr21	29537051		False	False	False	True	1	4	5	-8,8	0,0	-8,8	0,0	-8,8	0,0	-8,8	0,0	1	4	5	0	0	0
53	53_1	53_2	BND	chr1	8929112	chr1	8929310		True	True	False	True	2	3	5	-10,9	-1,1	-10,9	-1,1	-10,9	-1,1	-10,9	-1,1	2	3	5	0	0	0
13432	13432_1	13432_2	BND	chr1	8968571	chr6	12297587		True	True	False	True	1	4	5	-6,9	0,1	-10,6	-1,0	-10,6	-1,0	-6,9	0,1	1	4	5	0	0	0
13888	13888_1	13888_2	BND	chr1	9087254	chr18	79342518		False	False	False	True	1	4	5	-8,8	0,0	-8,8	0,0	-8,8	0,0	-8,8	0,0	1	4	5	0	0	0
13733	13733_1	13733_2	BND	chr1	13239092	chr12	85551954		False	False	False	True	1	4	5	-10,9	0,0	-10,9	0,0	-10,9	0,0	-10,9	0,0	1	4	5	0	0	0
13921	13921_1	13921_2	BND	chr1	14155561	chr20	7542002		False	False	False	True	1	4	5	-8,8	0,0	-8,8	0,0	-8,8	0,0	-8,8	0,0	1	4	5	0	0	0
13908	13908_1	13908_2	BND	chr1	15602410	chr19	50123884		False	False	False	True	1	4	5	-10,9	0,0	-8,8	0,0	-8,8	0,0	-10,9	0,0	1	4	5	0	0	0
13261	13261_1	13261_2	BND	chr1	15745561	chr3	106307860		False	False	False	True	1	4	5	-8,8	0,0	-8,8	0,0	-8,8	0,0	-8,8	0,0	1	4	5	0	0	0
13284	13284_1	13284_2	BND	chr1	16417455	chr3	170204535		True	True	False	True	1	4	5	-7,9	0,3	-10,9	0,0	-10,9	0,0	-7,9	0,3	1	4	5	0	0	0
13622	13622_1	13622_2	BND	chr1	17202293	chr9	118770721		False	False	False	True	2	4	6	-10,9	0,0	-10,9	0,0	-10,9	0,0	-10,9	0,0	2	4	6	0	0	0
13231	13231_1	13231_2	BND	chr1	17322763	chr3	45256708		False	False	False	True	1	4	5	-10,9	0,0	-10,9	0,0	-10,9	0,0	-10,9	0,0	1	4	5	0	0	0
13807	13807_1	13807_2	BND	chr1	18095199	chr15	74025411		True	True	False	True	1	4	5	-7,9	0,1	-8,8	0,0	-8,8	0,0	-7,9	0,1	1	4	5	0	0	0
13346	13346_1	13346_2	BND	chr1	20440549	chr4	158153283		False	False	False	True	1	4	5	-10,9	0,0	-8,8	0,0	-8,8	0,0	-10,9	0,0	1	4	5	0	0	0
100	100		INV	chr1	22306537	chr1	22306660	123.0	True		False		2	3	5	-10,9	-1,1	-10,9	-1,1					2	3	5	0	0	0
13656	13656_1	13656_2	BND	chr1	23130055	chr10	78492438		False	False	False	True	1	4	5	-10,9	0,0	-10,9	0,0	-10,9	0,0	-10,9	0,0	1	4	5	0	0	0
13590	13590_1	13590_2	BND	chr1	23686449	chr9	17353442		False	False	False	True	2	4	6	-10,9	0,0	-10,9	0,0	-10,9	0,0	-10,9	0,0	2	4	6	0	0	0
13775	13775_1	13775_2	BND	chr1	23899811	chr14	36764179		True	True	False	True	3	5	8	-7,5	0,0	-9,1	-1,0	-9,1	-1,0	-7,5	0,0	3	5	8	0	0	0
105	105_1	105_2	BND	chr1	24406455	chr1	24406590		True	True	False	True	2	3	5	-9,9	-1,2	-10,9	-1,1	-10,9	-1,1	-9,9	-1,2	2	3	5	0	0	0
13779	13779_1	13779_2	BND	chr1	24836315	chr14	52491019		True	True	False	True	1	4	5	-8,7	-1,0	-8,7	-1,2	-8,7	-1,2	-8,7	-1,0	1	4	5	0	0	0
13600	13600_1	13600_2	BND	chr1	26099380	chr9	63821854		False	False	False	True	1	4	5	-8,8	0,0	-10,9	0,0	-10,9	0,0	-8,8	0,0	1	4	5	0	0	0
13094	13094_1	13094_2	BND	chr1	27492977	chr2	18944832		True	True	False	True	1	4	5	-10,9	0,0	-10,6	-3,0	-10,6	-3,0	-10,9	0,0	1	4	5	0	0	0
13433	13433_1	13433_2	BND	chr1	29374256	chr6	12900822		False	False	False	True	1	4	5	-10,9	0,0	-8,8	0,0	-8,8	0,0	-10,9	0,0	1	4	5	0	0	0
14003	14003_1	14003_2	BND	chr1	30087282	chrX	77252562		False	False	False	True	1	4	5	-10,9	0,0	-10,9	0,0	-10,9	0,0	-10,9	0,0	1	4	5	0	0	0
13963	13963_1	13963_2	BND	chr1	30754403	chr22	30690627		False	False	False	True	1	4	5	-8,8	0,0	-10,9	0,0	-10,9	0,0	-8,8	0,0	1	4	5	0	0	0
13568	13568_1	13568_2	BND	chr1	31112791	chr8	69288186		False	False	False	True	1	4	5	-8,8	0,0	-10,9	0,0	-10,9	0,0	-8,8	0,0	1	4	5	0	0	0
13145	13145_1	13145_2	BND	chr1	31433474	chr2	65566675		False	False	False	True	1	4	5	-10,9	0,0	-8,8	0,0	-8,8	0,0	-10,9	0,0	1	4	5	0	0	0
13930	13930_1	13930_2	BND	chr1	31539765	chr20	50771253		True	True	False	True	5	0	5	-505,8	-113,2	-249,9	-79,2	-249,9	-79,2	-505,8	-113,2	5	0	5	0	0	0
124	124		INV	chr1	31669683	chr1	31669780	97.0	True		False		2	3	5	-10,1	-1,1	-10,9	-1,1					2	3	5	0	0	0
13367	13367_1	13367_2	BND	chr1	31922901	chr5	30333122		False	False	False	True	1	4	5	-8,8	0,0	-10,9	0,0	-10,9	0,0	-8,8	0,0	1	4	5	0	0	0
13297	13297_1	13297_2	BND	chr1	31928113	chr4	91766741		False	False	False	True	1	4	5	-8,8	0,0	-8,8	0,0	-8,8	0,0	-8,8	0,0	1	4	5	0	0	0
137	137		INV	chr1	34079145	chr1	34079253	108.0	True		False		2	3	5	-9,1	-2,1	-10,4	-2,1					2	3	5	0	0	0
13162	13162_1	13162_2	BND	chr1	34553649	chr2	111844581		False	False	False	True	1	4	5	-10,9	0,0	-8,8	0,0	-8,8	0,0	-10,9	0,0	1	4	5	0	0	0
13093	13093_1	13093_2	BND	chr1	35151570	chr2	15715408		False	False	False	True	1	4	5	-10,9	0,0	-8,8	0,0	-8,8	0,0	-10,9	0,0	1	4	5	0	0	0
13366	13366_1	13366_2	BND	chr1	35303787	chr5	29872221		False	False	False	True	1	4	5	-8,8	0,0	-8,8	0,0	-8,8	0,0	-8,8	0,0	1	4	5	0	0	0
13427	13427_1	13427_2	BND	chr1	35456931	chr6	6800537		False	False	False	True	1	4	5	-10,9	0,0	-10,9	0,0	-10,9	0,0	-10,9	0,0	1	4	5	0	0	0
13160	13160_1	13160_2	BND	chr1	35475292	chr2	103080190		False	False	False	True	1	4	5	-8,8	0,0	-8,8	0,0	-8,8	0,0	-8,8	0,0	1	4	5	0	0	0
140	140		INV	chr1	35478400	chr1	35478582	182.0	True		False		3	2	5	-10,5	-2,3	0,3	0,3					3	2	5	0	0	0
13803	13803_1	13803_2	BND	chr1	35582454	chr15	64347650		False	False	False	True	1	4	5	-10,9	0,0	-10,9	0,0	-10,9	0,0	-10,9	0,0	1	4	5	0	0	0
13502	13502_1	13502_2	BND	chr1	35928887	chr7	11041851		True	True	False	True	1	4	5	-6,9	0,1	-10,6	-1,0	-10,6	-1,0	-6,9	0,1	1	4	5	0	0	0
13750	13750_1	13750_2	BND	chr1	37014316	chr13	29837655		False	False	False	True	1	4	5	-10,9	0,0	-8,8	0,0	-8,8	0,0	-10,9	0,0	1	4	5	0	0	0
13205	13205_1	13205_2	BND	chr1	37828244	chr2	210685211		False	False	False	True	1	4	5	-8,8	0,0	-10,9	0,0	-10,9	0,0	-8,8	0,0	1	4	5	0	0	0
13700	13700_1	13700_2	BND	chr1	39138943	chr12	6362936		True	True	False	True	11	0	11	-10,299	-2,69	-260,9	-43,3	-260,9	-43,3	-10,299	-2,69	11	0	11	0	0	0
13322	13322_1	13322_2	BND	chr1	39354346	chr4	86877741		False	False	False	True	1	4	5	-8,8	0,0	-10,9	0,0	-10,9	0,0	-8,8	0,0	1	4	5	0	0	0
14006	14006_1	14006_2	BND	chr1	39737076	chrX	81445691		False	False	False	True	1	4	5	-8,8	0,0	-8,8	0,0	-8,8	0,0	-8,8	0,0	1	4	5	0	0	0
13521	13521_1	13521_2	BND	chr1	39873788	chr7	75581022		False	False	False	True	1	4	5	-8,8	0,0	-8,8	0,0	-8,8	0,0	-8,8	0,0	1	4	5	0	0	0
453	453_1	453_2	BND	chr1	40969671	chr1	118179612		False	False	False	True	1	4	5	-8,8	0,0	-8,8	0,0	-8,8	0,0	-8,8	0,0	1	4	5	0	0	0
13479	13479_1	13479_2	BND	chr1	41167989	chr6	117063088		False	False	False	True	2	4	6	-10,9	0,0	-10,9	0,0	-10,9	0,0	-10,9	0,0	2	4	6	0	0	0
13852	13852_1	13852_2	BND	chr1	41182810	chr17	33551076		False	False	False	True	1	4	5	-8,8	0,0	-10,9	0,0	-10,9	0,0	-8,8	0,0	1	4	5	0	0	0
13996	13996_1	13996_2	BND	chr1	42261216	chrX	67194387		False	False	False	True	1	4	5	-8,8	0,0	-10,9	0,0	-10,9	0,0	-8,8	0,0	1	4	5	0	0	0
13163	13163_1	13163_2	BND	chr1	44162214	chr2	118812402		False	False	False	True	1	4	5	-8,8	0,0	-10,9	0,0	-10,9	0,0	-8,8	0,0	1	4	5	0	0	0
13329	13329_1	13329_2	BND	chr1	44557423	chr4	100732571		True	True	False	True	1	4	5	-8,8	0,0	-9,6	0,1	-9,6	0,1	-8,8	0,0	1	4	5	0	0	0
165	165_1	165_2	BND	chr1	45603118	chr1	45603250		True	True	False	True	2	3	5	-10,9	-1,1	-10,9	-1,1	-10,9	-1,1	-10,9	-1,1	2	3	5	0	0	0
13755	13755_1	13755_2	BND	chr1	45833881	chr13	64104514		False	False	False	True	1	4	5	-8,8	0,0	-8,8	0,0	-8,8	0,0	-8,8	0,0	1	4	5	0	0	0
14023	14023_1	14023_2	BND	chr1	48344981	chrX	111019372		True	True	False	True	1	4	5	-9,4	-1,0	-7,9	0,1	-7,9	0,1	-9,4	-1,0	1	4	5	0	0	0
13758	13758_1	13758_2	BND	chr1	48646524	chr13	71674451		False	False	False	True	1	4	5	-8,8	0,0	-8,8	0,0	-8,8	0,0	-8,8	0,0	1	4	5	0	0	0
171	171		INV	chr1	49549345	chr1	49549458	113.0	True		False		2	3	5	-6,5	-3,1	-6,2	-2,2					2	3	5	0	0	0
13283	13283_1	13283_2	BND	chr1	49791634	chr3	167625947		True	True	False	True	1	4	5	-8,8	0,0	-9,8	-1,0	-9,8	-1,0	-8,8	0,0	1	4	5	0	0	0
172	172_1	172_2	BND	chr1	49901388	chr1	49901474		False	False	False	True	1	4	5	-10,2	0,0	-8,8	0,0	-8,8	0,0	-10,2	0,0	1	4	5	0	0	0
13682	13682_1	13682_2	BND	chr1	50195087	chr11	56665558		False	False	False	True	1	4	5	-10,9	0,0	-10,9	0,0	-10,9	0,0	-10,9	0,0	1	4	5	0	0	0
13712	13712_1	13712_2	BND	chr1	50891506	chr12	28962273		True	True	False	True	1	4	5	-8,8	0,0	-10,0	-1,0	-10,0	-1,0	-8,8	0,0	1	4	5	0	0	0
13365	13365_1	13365_2	BND	chr1	51192523	chr5	28244435		True	True	False	True	1	4	5	0,5	0,5	-8,8	0,0	-8,8	0,0	0,5	0,5	1	4	5	0	0	0
13190	13190_1	13190_2	BND	chr1	51590640	chr2	173826880		False	False	False	True	1	4	5	-10,9	0,0	-8,8	0,0	-8,8	0,0	-10,9	0,0	1	4	5	0	0	0
13730	13730_1	13730_2	BND	chr1	51725462	chr12	75213206		False	False	False	True	1	4	5	-8,8	0,0	-8,8	0,0	-8,8	0,0	-8,8	0,0	1	4	5	0	0	0
177	177_1	177_2	BND	chr1	52412500	chr1	52412668		False	False	False	True	1	6	7	-10,9	0,0	-9,6	0,0	-9,6	0,0	-10,9	0,0	1	6	7	0	0	0
178	178_1	178_2	BND	chr1	52497768	chr1	52497955		True	True	False	True	1	4	5	0,1	0,1	-8,0	-8,0	-8,0	-8,0	0,1	0,1	1	4	5	0	0	0
594	594_1	594_2	BND	chr1	53202822	chr1	170803895		False	False	False	True	1	4	5	-8,8	0,0	-8,8	0,0	-8,8	0,0	-8,8	0,0	1	4	5	0	0	0
13907	13907_1	13907_2	BND	chr1	53959921	chr19	47426914		False	False	False	True	1	4	5	-10,9	0,0	-8,8	0,0	-8,8	0,0	-10,9	0,0	1	4	5	0	0	0
13708	13708_1	13708_2	BND	chr1	54073919	chr12	18691538		False	False	False	True	1	4	5	-10,9	0,0	-8,8	0,0	-8,8	0,0	-10,9	0,0	1	4	5	0	0	0
13945	13945_1	13945_2	BND	chr1	54547411	chr21	25613606		True	True	False	True	1	4	5	-8,8	0,0	-9,7	-1,1	-9,7	-1,1	-8,8	0,0	1	4	5	0	0	0
190	190_1	190_2	BND	chr1	54974322	chr1	54974463		False	False	False	True	1	4	5	-8,8	0,0	-8,8	0,0	-8,8	0,0	-8,8	0,0	1	4	5	0	0	0
13990	13990_1	13990_2	BND	chr1	57174622	chrX	46879741		False	False	False	True	1	4	5	-8,8	0,0	-10,9	0,0	-10,9	0,0	-8,8	0,0	1	4	5	0	0	0
13643	13643_1	13643_2	BND	chr1	57853585	chr10	30097778		True	True	False	True	1	4	5	0,0	0,0	0,7	0,7	0,7	0,7	0,0	0,0	1	4	5	0	0	0
13885	13885_1	13885_2	BND	chr1	58024197	chr18	60878344		False	False	False	True	1	4	5	-8,8	0,0	-8,8	0,0	-8,8	0,0	-8,8	0,0	1	4	5	0	0	0
13640	13640_1	13640_2	BND	chr1	58346768	chr10	23758602		False	False	False	True	1	4	5	-10,9	0,0	-10,9	0,0	-10,9	0,0	-10,9	0,0	1	4	5	0	0	0
201	201_1	201_2	BND	chr1	58353473	chr1	58353663		True	True	False	True	2	3	5	-6,9	-1,1	0,4	0,1	0,4	0,1	-6,9	-1,1	2	3	5	0	0	0
13798	13798_1	13798_2	BND	chr1	58561548	chr15	28827831		False	False	False	True	1	4	5	-8,8	0,0	-8,8	0,0	-8,8	0,0	-8,8	0,0	1	4	5	0	0	0
13729	13729_1	13729_2	BND	chr1	58754660	chr12	74403940		False	False	False	True	1	4	5	-10,9	0,0	-8,8	0,0	-8,8	0,0	-10,9	0,0	1	4	5	0	0	0
13802	13802_1	13802_2	BND	chr1	59425715	chr15	61988150		False	False	False	True	1	4	5	-8,8	0,0	-8,8	0,0	-8,8	0,0	-8,8	0,0	1	4	5	0	0	0
13778	13778_1	13778_2	BND	chr1	59481531	chr14	49261470		False	False	False	True	1	4	5	-8,8	0,0	-8,8	0,0	-8,8	0,0	-8,8	0,0	1	4	5	0	0	0
13900	13900_1	13900_2	BND	chr1	59490996	chr19	8130640		False	False	False	True	3	4	7	-10,9	0,0	-9,8	0,0	-9,8	0,0	-10,9	0,0	3	4	7	0	0	0
13291	13291_1	13291_2	BND	chr1	60564363	chr3	189228920		False	False	False	True	1	4	5	-10,9	0,0	-8,8	0,0	-8,8	0,0	-10,9	0,0	1	4	5	0	0	0
13443	13443_1	13443_2	BND	chr1	60676004	chr6	40415047		False	False	False	True	1	4	5	-10,9	0,0	-10,9	0,0	-10,9	0,0	-10,9	0,0	1	4	5	0	0	0
13801	13801_1	13801_2	BND	chr1	61195467	chr15	61398637		False	False	False	True	1	4	5	-10,9	0,0	-10,9	0,0	-10,9	0,0	-10,9	0,0	1	4	5	0	0	0
13185	13185_1	13185_2	BND	chr1	61230270	chr2	168381457		False	False	False	True	1	4	5	-10,9	0,0	-8,8	0,0	-8,8	0,0	-10,9	0,0	1	4	5	0	0	0
13361	13361_1	13361_2	BND	chr1	61596928	chr5	15146018		False	False	False	True	1	4	5	-8,8	0,0	-10,9	0,0	-10,9	0,0	-8,8	0,0	1	4	5	0	0	0
13244	13244_1	13244_2	BND	chr1	61925263	chr3	73002658		True	True	False	True	6	0	6	-8,460	-2,104	-10,297	-3,59	-10,297	-3,59	-8,460	-2,104	6	0	6	0	0	0
13407	13407_1	13407_2	BND	chr1	62166381	chr5	145858367		False	False	False	True	1	4	5	-8,8	0,0	-8,8	0,0	-8,8	0,0	-8,8	0,0	1	4	5	0	0	0
13497	13497_1	13497_2	BND	chr1	62353404	chr7	1631295		False	False	False	True	1	4	5	-10,9	0,0	-10,9	0,0	-10,9	0,0	-10,9	0,0	1	4	5	0	0	0
13292	13292_1	13292_2	BND	chr1	62458145	chr3	192694963		False	False	False	True	1	4	5	-8,8	0,0	-10,9	0,0	-10,9	0,0	-8,8	0,0	1	4	5	0	0	0
14010	14010_1	14010_2	BND	chr1	62511803	chrX	87382604		False	False	False	True	1	4	5	-8,8	0,0	-10,9	0,0	-10,9	0,0	-8,8	0,0	1	4	5	0	0	0
13434	13434_1	13434_2	BND	chr1	62685880	chr6	14772231		False	False	False	True	1	4	5	-10,9	0,0	-8,8	0,0	-8,8	0,0	-10,9	0,0	1	4	5	0	0	0
13092	13092_1	13092_2	BND	chr1	62812779	chr2	13968685		False	False	False	True	1	4	5	-10,9	0,0	-10,9	0,0	-10,9	0,0	-10,9	0,0	1	4	5	0	0	0
13221	13221_1	13221_2	BND	chr1	63204034	chr3	14779228		False	False	False	True	1	4	5	-10,9	0,0	-10,9	0,0	-10,9	0,0	-10,9	0,0	1	4	5	0	0	0
221	221		INV	chr1	63220150	chr1	63220245	95.0	True		False		2	3	5	-10,4	-1,1	-10,9	-1,1					2	3	5	0	0	0
13252	13252_1	13252_2	BND	chr1	63429300	chr3	86464496		False	False	False	True	1	4	5	-8,8	0,0	-10,9	0,0	-10,9	0,0	-8,8	0,0	1	4	5	0	0	0
13139	13139_1	13139_2	BND	chr1	64215242	chr2	56769426		False	False	False	True	1	4	5	-8,8	0,0	-10,9	0,0	-10,9	0,0	-8,8	0,0	1	4	5	0	0	0
13132	13132_1	13132_2	BND	chr1	64416882	chr2	44589884		True	True	False	True	5	0	5	-10,494	-1,113	-470,9	-101,0	-470,9	-101,0	-10,494	-1,113	5	0	5	0	0	0
13565	13565_1	13565_2	BND	chr1	64451106	chr8	66805743		False	False	False	True	1	4	5	-10,9	0,0	-10,9	0,0	-10,9	0,0	-10,9	0,0	1	4	5	0	0	0
13484	13484_1	13484_2	BND	chr1	64696488	chr6	128169041		False	False	False	True	1	4	5	-8,8	0,0	-10,9	0,0	-10,9	0,0	-8,8	0,0	1	4	5	0	0	0
13340	13340_1	13340_2	BND	chr1	65538699	chr4	133693661		False	False	False	True	1	4	5	-10,9	0,0	-10,9	0,0	-10,9	0,0	-10,9	0,0	1	4	5	0	0	0
13359	13359_1	13359_2	BND	chr1	65699762	chr5	6301644		True	True	False	True	1	4	5	-10,9	0,0	-7,8	0,1	-7,8	0,1	-10,9	0,0	1	4	5	0	0	0
13135	13135_1	13135_2	BND	chr1	66727680	chr2	51894562		False	False	False	True	1	4	5	-10,9	0,0	-8,8	0,0	-8,8	0,0	-10,9	0,0	1	4	5	0	0	0
13328	13328_1	13328_2	BND	chr1	67602512	chr4	96675453		False	False	False	True	1	4	5	-10,9	0,0	-10,9	0,0	-10,9	0,0	-10,9	0,0	1	4	5	0	0	0
13883	13883_1	13883_2	BND	chr1	68666886	chr18	50776745		False	False	False	True	1	4	5	-8,8	0,0	-10,9	0,0	-10,9	0,0	-8,8	0,0	1	4	5	0	0	0
13242	13242_1	13242_2	BND	chr1	68770438	chr3	72477051		False	False	False	True	1	4	5	-10,9	0,0	-10,9	0,0	-10,9	0,0	-10,9	0,0	1	4	5	0	0	0
616	616_1	616_2	BND	chr1	69497590	chr1	178225220		False	False	False	True	1	4	5	-8,8	0,0	-8,8	0,0	-8,8	0,0	-8,8	0,0	1	4	5	0	0	0
13719	13719_1	13719_2	BND	chr1	69933154	chr12	39113402		False	False	False	True	1	4	5	-10,9	0,0	-8,8	0,0	-8,8	0,0	-10,9	0,0	1	4	5	0	0	0
13349	13349_1	13349_2	BND	chr1	70084298	chr4	183162566		False	False	False	True	1	4	5	-8,8	0,0	-10,9	0,0	-10,9	0,0	-8,8	0,0	1	4	5	0	0	0
13316	13316_1	13316_2	BND	chr1	70697691	chr4	63475323		False	False	False	True	1	4	5	-10,9	0,0	-8,8	0,0	-8,8	0,0	-10,9	0,0	1	4	5	0	0	0
13876	13876_1	13876_2	BND	chr1	70876633	chr18	10021563		False	False	False	True	1	4	5	-8,8	0,0	-8,8	0,0	-8,8	0,0	-8,8	0,0	1	4	5	0	0	0
13749	13749_1	13749_2	BND	chr1	70971845	chr13	21511476		False	False	False	True	1	4	5	-8,8	0,0	-8,8	0,0	-8,8	0,0	-8,8	0,0	1	4	5	0	0	0
13321	13321_1	13321_2	BND	chr1	71317177	chr4	85472583		False	False	False	True	1	4	5	-8,8	0,0	-8,8	0,0	-8,8	0,0	-8,8	0,0	1	4	5	0	0	0
13401	13401_1	13401_2	BND	chr1	72487352	chr5	119593125		True	True	False	True	1	4	5	-10,6	-1,0	-7,9	0,1	-7,9	0,1	-10,6	-1,0	1	4	5	0	0	0
13360	13360_1	13360_2	BND	chr1	72710551	chr5	12257791		False	False	False	True	1	4	5	-8,8	0,0	-10,9	0,0	-10,9	0,0	-8,8	0,0	1	4	5	0	0	0
13348	13348_1	13348_2	BND	chr1	73083356	chr4	183039556		False	False	False	True	1	4	5	-8,8	0,0	-10,9	0,0	-10,9	0,0	-8,8	0,0	1	4	5	0	0	0
13318	13318_1	13318_2	BND	chr1	73323087	chr4	73758281		False	False	False	True	1	4	5	-8,8	0,0	-10,9	0,0	-10,9	0,0	-8,8	0,0	1	4	5	0	0	0
13743	13743_1	13743_2	BND	chr1	74474109	chr12	116977329		False	False	False	True	1	4	5	-10,9	0,0	-10,9	0,0	-10,9	0,0	-10,9	0,0	1	4	5	0	0	0
13227	13227_1	13227_2	BND	chr1	74707884	chr3	28270849		False	False	False	True	1	4	5	-8,8	0,0	-8,8	0,0	-8,8	0,0	-8,8	0,0	1	4	5	0	0	0
14007	14007_1	14007_2	BND	chr1	74861449	chrX	81903364		True	True	False	True	1	4	5	-8,7	0,1	-9,5	-1,0	-9,5	-1,0	-8,7	0,1	1	4	5	0	0	0
13571	13571_1	13571_2	BND	chr1	74926708	chr8	93142280		False	False	False	True	1	4	5	-10,9	0,0	-8,8	0,0	-8,8	0,0	-10,9	0,0	1	4	5	0	0	0
272	272		INV	chr1	75120844	chr1	75120982	138.0	True		False		1	4	5	-9,4	-2,1	-9,4	-2,1					1	4	5	0	0	0
13993	13993_1	13993_2	BND	chr1	75872337	chrX	54943919		False	False	False	True	1	4	5	-10,9	0,0	-8,8	0,0	-8,8	0,0	-10,9	0,0	1	4	5	0	0	0
13845	13845_1	13845_2	BND	chr1	75876886	chr17	55082993		False	False	False	True	1	4	5	-10,9	0,0	-8,8	0,0	-8,8	0,0	-10,9	0,0	1	4	5	0	0	0
439	439_1	439_2	BND	chr1	76516785	chr1	114629199		False	False	False	True	1	4	5	-8,8	0,0	-8,8	0,0	-8,8	0,0	-8,8	0,0	1	4	5	0	0	0
281	281_1	281_2	BND	chr1	76655757	chr1	76655965		True	True	False	True	1	4	5	-6,8	0,1	-5,9	0,1	-5,9	0,1	-6,8	0,1	1	4	5	0	0	0
13355	13355_1	13355_2	BND	chr1	76998404	chr5	1587308		False	False	False	True	1	4	5	-8,8	0,0	-10,9	0,0	-10,9	0,0	-8,8	0,0	1	4	5	0	0	0
13981	13981_1	13981_2	BND	chr1	77366074	chrX	12066650		False	False	False	True	1	4	5	-10,9	0,0	-8,8	0,0	-8,8	0,0	-10,9	0,0	1	4	5	0	0	0
288	288		INV	chr1	78032803	chr1	78032953	150.0	True		False		2	3	5	-10,6	-1,1	-2,9	-1,1					2	3	5	0	0	0
13342	13342_1	13342_2	BND	chr1	78200519	chr4	140205514		False	False	False	True	1	4	5	-8,8	0,0	-8,8	0,0	-8,8	0,0	-8,8	0,0	1	4	5	0	0	0
13166	13166_1	13166_2	BND	chr1	78332119	chr2	125158336		True	True	False	True	1	4	5	-8,9	0,1	-10,5	-4,0	-10,5	-4,0	-8,9	0,1	1	4	5	0	0	0
13992	13992_1	13992_2	BND	chr1	78461872	chrX	53065077		False	False	False	True	1	4	5	-8,8	0,0	-8,8	0,0	-8,8	0,0	-8,8	0,0	1	4	5	0	0	0
13334	13334_1	13334_2	BND	chr1	78529385	chr4	116370484		False	False	False	True	1	4	5	-8,8	0,0	-10,9	0,0	-10,9	0,0	-8,8	0,0	1	4	5	0	0	0
13282	13282_1	13282_2	BND	chr1	78792035	chr3	165612121		False	False	False	True	1	4	5	-10,9	0,0	-8,8	0,0	-8,8	0,0	-10,9	0,0	1	4	5	0	0	0
13856	13856_1	13856_2	BND	chr1	79093249	chr17	68956378		False	False	False	True	1	4	5	-8,8	0,0	-8,8	0,0	-8,8	0,0	-8,8	0,0	1	4	5	0	0	0
13762	13762_1	13762_2	BND	chr1	79324155	chr13	103319481		False	False	False	True	1	4	5	-8,8	0,0	-8,8	0,0	-8,8	0,0	-8,8	0,0	1	4	5	0	0	0
13505	13505_1	13505_2	BND	chr1	79354919	chr7	17854955		False	False	False	True	1	4	5	-8,8	0,0	-10,9	0,0	-10,9	0,0	-8,8	0,0	1	4	5	0	0	0
307	307		INV	chr1	80872939	chr1	80873032	93.0	True		False		1	4	5	-10,2	0,0	-8,8	-1,1					1	4	5	0	0	0
308	308_1	308_2	BND	chr1	80928435	chr1	80928573		True	True	False	True	2	4	6	-8,6	-3,0	-3,9	0,1	-3,9	0,1	-8,6	-3,0	2	4	6	0	0	0
13668	13668_1	13668_2	BND	chr1	81172900	chr10	116961193		False	False	False	True	1	4	5	-8,8	0,0	-8,8	0,0	-8,8	0,0	-8,8	0,0	1	4	5	0	0	0
13533	13533_1	13533_2	BND	chr1	81274459	chr7	116825616		False	False	False	True	1	4	5	-10,9	0,0	-10,9	0,0	-10,9	0,0	-10,9	0,0	1	4	5	0	0	0
314	314_1	314_2	BND	chr1	81440580	chr1	81440699		True	True	False	True	1	4	5	-3,0	-3,0	-8,8	0,0	-8,8	0,0	-3,0	-3,0	1	4	5	0	0	0
13847	13847_1	13847_2	BND	chr1	81590264	chr17	2389128		False	False	False	True	1	4	5	-10,9	0,0	-8,8	0,0	-8,8	0,0	-10,9	0,0	1	4	5	0	0	0
317	317_1	317_2	BND	chr1	81939873	chr1	81939961		False	False	False	True	1	4	5	-10,4	0,0	-8,8	0,0	-8,8	0,0	-10,4	0,0	1	4	5	0	0	0
13554	13554_1	13554_2	BND	chr1	81944723	chr8	21231129		False	False	False	True	1	4	5	-8,8	0,0	-10,9	0,0	-10,9	0,0	-8,8	0,0	1	4	5	0	0	0
13875	13875_1	13875_2	BND	chr1	82532009	chr18	5003664		True	True	False	True	1	4	5	-8,7	0,1	-10,9	0,0	-10,9	0,0	-8,7	0,1	1	4	5	0	0	0
13683	13683_1	13683_2	BND	chr1	83941488	chr11	57376218		False	False	False	True	1	4	5	-8,8	0,0	-10,9	0,0	-10,9	0,0	-8,8	0,0	1	4	5	0	0	0
13747	13747_1	13747_2	BND	chr1	85470853	chr12	129919734		False	False	False	True	1	4	5	-8,8	0,0	-10,9	0,0	-10,9	0,0	-8,8	0,0	1	4	5	0	0	0
340	340		INV	chr1	85729197	chr1	85729349	152.0	True		False		1	4	5	-9,9	0,1	-10,1	-8,0					1	4	5	0	0	0
349	349_1	349_2	BND	chr1	86476374	chr1	86476543		True	True	False	True	2	3	5	-10,6	-1,0	-10,6	-1,0	-10,6	-1,0	-10,6	-1,0	2	3	5	0	0	0
350	350_1	350_2	BND	chr1	86509907	chr1	86509993		False	False	False	True	1	4	5	-8,8	0,0	-8,8	0,0	-8,8	0,0	-8,8	0,0	1	4	5	0	0	0
13587	13587_1	13587_2	BND	chr1	86674459	chr9	14795516		False	False	False	True	1	4	5	-10,9	0,0	-8,8	0,0	-8,8	0,0	-10,9	0,0	1	4	5	0	0	0
13759	13759_1	13759_2	BND	chr1	88045200	chr13	72471436		False	False	False	True	1	4	5	-8,8	0,0	-8,8	0,0	-8,8	0,0	-8,8	0,0	1	4	5	0	0	0
354	354_1	354_2	BND	chr1	88697719	chr1	88697898		False	False	False	True	1	4	5	-8,8	0,0	-8,8	0,0	-8,8	0,0	-8,8	0,0	1	4	5	0	0	0
13364	13364_1	13364_2	BND	chr1	89732619	chr5	24483149		False	False	False	True	1	4	5	-10,9	0,0	-10,9	0,0	-10,9	0,0	-10,9	0,0	1	4	5	0	0	0
13467	13467_1	13467_2	BND	chr1	90425850	chr6	84091137		False	False	False	True	1	4	5	-8,8	0,0	-8,8	0,0	-8,8	0,0	-8,8	0,0	1	4	5	0	0	0
13248	13248_1	13248_2	BND	chr1	91795743	chr3	81553735		False	False	False	True	1	4	5	-8,8	0,0	-8,8	0,0	-8,8	0,0	-8,8	0,0	1	4	5	0	0	0
13704	13704_1	13704_2	BND	chr1	94024541	chr12	11556687		False	False	False	True	1	4	5	-8,8	0,0	-8,8	0,0	-8,8	0,0	-8,8	0,0	1	4	5	0	0	0
13290	13290_1	13290_2	BND	chr1	96556697	chr3	188834336		False	False	False	True	1	4	5	-10,9	0,0	-10,9	0,0	-10,9	0,0	-10,9	0,0	1	4	5	0	0	0
13314	13314_1	13314_2	BND	chr1	96754141	chr4	55913933		False	False	False	True	1	4	5	-8,8	0,0	-8,8	0,0	-8,8	0,0	-8,8	0,0	1	4	5	0	0	0
390	390_1	390_2	BND	chr1	97427731	chr1	97428117		True	True	False	True	1	4	5	-10,3	-1,0	-8,8	0,0	-8,8	0,0	-10,3	-1,0	1	4	5	0	0	0
13489	13489_1	13489_2	BND	chr1	98522244	chr6	141550931		False	False	False	True	1	4	5	-8,8	0,0	-8,8	0,0	-8,8	0,0	-8,8	0,0	1	4	5	0	0	0
13800	13800_1	13800_2	BND	chr1	98638948	chr15	51899088		False	False	False	True	1	4	5	-8,8	0,0	-8,8	0,0	-8,8	0,0	-8,8	0,0	1	4	5	0	0	0
13877	13877_1	13877_2	BND	chr1	99208038	chr18	21470320		False	False	False	True	1	4	5	-8,8	0,0	-8,8	0,0	-8,8	0,0	-8,8	0,0	1	4	5	0	0	0
13722	13722_1	13722_2	BND	chr1	99592609	chr12	48239903		False	False	False	True	1	4	5	-8,8	0,0	-8,8	0,0	-8,8	0,0	-8,8	0,0	1	4	5	0	0	0
13327	13327_1	13327_2	BND	chr1	99812254	chr4	94932141		False	False	False	True	1	4	5	-10,9	0,0	-10,9	0,0	-10,9	0,0	-10,9	0,0	1	4	5	0	0	0
13882	13882_1	13882_2	BND	chr1	99879766	chr18	50504951		False	False	False	True	1	4	5	-8,8	0,0	-10,9	0,0	-10,9	0,0	-8,8	0,0	1	4	5	0	0	0
394	394_1	394_2	BND	chr1	99916937	chr1	99917080		False	False	False	True	1	4	5	-10,9	0,0	-9,6	0,0	-9,6	0,0	-10,9	0,0	1	4	5	0	0	0
13922	13922_1	13922_2	BND	chr1	100105047	chr20	10731057		False	False	False	True	1	4	5	-10,9	0,0	-8,8	0,0	-8,8	0,0	-10,9	0,0	1	4	5	0	0	0
13989	13989_1	13989_2	BND	chr1	100964581	chrX	43029899		True	True	False	True	1	4	5	-8,7	-1,0	-9,1	-2,1	-9,1	-2,1	-8,7	-1,0	1	4	5	0	0	0
13597	13597_1	13597_2	BND	chr1	101093363	chr9	33554125		False	False	False	True	1	4	5	-8,8	0,0	-8,8	0,0	-8,8	0,0	-8,8	0,0	1	4	5	0	0	0
399	399_1	399_2	BND	chr1	101412026	chr1	101412121		True	True	False	True	2	3	5	-9,4	-1,1	-8,9	-1,1	-8,9	-1,1	-9,4	-1,1	2	3	5	0	0	0
13780	13780_1	13780_2	BND	chr1	102282099	chr14	59773978		False	False	False	True	1	4	5	-8,8	0,0	-8,8	0,0	-8,8	0,0	-8,8	0,0	1	4	5	0	0	0
13088	13088_1	13088_2	BND	chr1	103323474	chr2	5102140		False	False	False	True	1	4	5	-10,9	0,0	-10,9	0,0	-10,9	0,0	-10,9	0,0	1	4	5	0	0	0
13566	13566_1	13566_2	BND	chr1	103556513	chr8	68097649		False	False	False	True	1	4	5	-8,8	0,0	-8,8	0,0	-8,8	0,0	-8,8	0,0	1	4	5	0	0	0
13582	13582_1	13582_2	BND	chr1	104043042	chr9	11247644		False	False	False	True	1	4	5	-8,8	0,0	-8,8	0,0	-8,8	0,0	-8,8	0,0	1	4	5	0	0	0
13968	13968_1	13968_2	BND	chr1	104494644	chr22	31431927		False	False	False	True	1	4	5	-8,8	0,0	-10,9	0,0	-10,9	0,0	-8,8	0,0	1	4	5	0	0	0
13406	13406_1	13406_2	BND	chr1	104603243	chr5	145684455		False	False	False	True	1	4	5	-8,8	0,0	-8,8	0,0	-8,8	0,0	-8,8	0,0	1	4	5	0	0	0
13437	13437_1	13437_2	BND	chr1	104763172	chr6	23862978		False	False	False	True	1	4	5	-10,9	0,0	-10,9	0,0	-10,9	0,0	-10,9	0,0	1	4	5	0	0	0
13574	13574_1	13574_2	BND	chr1	104926787	chr8	105281156		False	False	False	True	1	4	5	-10,9	0,0	-8,8	0,0	-8,8	0,0	-10,9	0,0	1	4	5	0	0	0
13464	13464_1	13464_2	BND	chr1	105253468	chr6	80327950		False	False	False	True	1	4	5	-8,8	0,0	-10,9	0,0	-10,9	0,0	-8,8	0,0	1	4	5	0	0	0
13240	13240_1	13240_2	BND	chr1	105367988	chr3	62676222		False	False	False	True	1	4	5	-10,9	0,0	-8,8	0,0	-8,8	0,0	-10,9	0,0	1	4	5	0	0	0
13429	13429_1	13429_2	BND	chr1	105461168	chr6	9544959		False	False	False	True	1	4	5	-8,8	0,0	-8,8	0,0	-8,8	0,0	-8,8	0,0	1	4	5	0	0	0
414	414_1	414_2	BND	chr1	105608594	chr1	105608702		True	True	False	True	1	4	5	-4,0	-4,0	0,7	0,3	0,7	0,3	-4,0	-4,0	1	4	5	0	0	0
13445	13445_1	13445_2	BND	chr1	106197159	chr6	45290712		False	False	False	True	1	4	5	-10,9	0,0	-10,9	0,0	-10,9	0,0	-10,9	0,0	1	4	5	0	0	0
13470	13470_1	13470_2	BND	chr1	110391628	chr6	88042516		False	False	False	True	1	4	5	-10,9	0,0	-8,8	0,0	-8,8	0,0	-10,9	0,0	1	4	5	0	0	0
14031	14031_1	14031_2	BND	chr1	110910947	chrX	135936708		False	False	False	True	1	4	5	-10,9	0,0	-10,9	0,0	-10,9	0,0	-10,9	0,0	1	4	5	0	0	0
13309	13309_1	13309_2	BND	chr1	111017015	chr4	35921803		False	False	False	True	1	4	5	-10,9	0,0	-10,9	0,0	-10,9	0,0	-10,9	0,0	1	4	5	0	0	0
13170	13170_1	13170_2	BND	chr1	111578209	chr2	134933505		True	True	False	True	1	4	5	-6,8	0,1	-8,8	-1,0	-8,8	-1,0	-6,8	0,1	1	4	5	0	0	0
13858	13858_1	13858_2	BND	chr1	111678838	chr17	81006363		False	False	False	True	1	4	5	-8,8	0,0	-10,9	0,0	-10,9	0,0	-8,8	0,0	1	4	5	0	0	0
13241	13241_1	13241_2	BND	chr1	111911420	chr3	65498768		False	False	False	True	1	4	5	-8,8	0,0	-8,8	0,0	-8,8	0,0	-8,8	0,0	1	4	5	0	0	0
13728	13728_1	13728_2	BND	chr1	112273624	chr12	70958000		False	False	False	True	1	4	5	-10,9	0,0	-8,8	0,0	-8,8	0,0	-10,9	0,0	1	4	5	0	0	0
544	544_1	544_2	BND	chr1	112848754	chr1	154525210		False	False	False	True	1	4	5	-8,8	0,0	-8,8	0,0	-8,8	0,0	-8,8	0,0	1	4	5	0	0	0
436	436		INV	chr1	113824914	chr1	113825041	127.0	True		False		1	4	5	-9,2	-2,1	-9,2	-2,1					1	4	5	0	0	0
13267	13267_1	13267_2	BND	chr1	113833402	chr3	112605327		True	True	False	True	1	4	5	-9,4	-1,0	-9,5	-1,0	-9,5	-1,0	-9,4	-1,0	1	4	5	0	0	0
13987	13987_1	13987_2	BND	chr1	114144896	chrX	26863566		False	False	False	True	1	4	5	-10,9	0,0	-8,8	0,0	-8,8	0,0	-10,9	0,0	1	4	5	0	0	0
13991	13991_1	13991_2	BND	chr1	114940834	chrX	51389401		False	False	False	True	1	4	5	-10,9	0,0	-10,9	0,0	-10,9	0,0	-10,9	0,0	1	4	5	0	0	0
444	444_1	444_2	BND	chr1	115836645	chr1	115836737		False	False	False	True	1	4	5	-10,9	0,0	-8,9	0,0	-8,9	0,0	-10,9	0,0	1	4	5	0	0	0
446	446		INV	chr1	115979847	chr1	115980057	210.0	True		False		1	4	5	-10,9	0,0	-10,6	-3,0					1	4	5	0	0	0
447	447		INV	chr1	116142473	chr1	116142582	109.0	True		False		2	4	6	-9,6	-3,1	-8,6	0,0					2	4	6	0	0	0
13250	13250_1	13250_2	BND	chr1	116396284	chr3	83368045		False	False	False	True	1	4	5	-10,9	0,0	-10,9	0,0	-10,9	0,0	-10,9	0,0	1	4	5	0	0	0
13161	13161_1	13161_2	BND	chr1	117069641	chr2	105491908		True	True	False	True	1	4	5	-9,4	-1,0	-10,5	-1,0	-10,5	-1,0	-9,4	-1,0	1	4	5	0	0	0
13783	13783_1	13783_2	BND	chr1	118368910	chr14	78816129		False	False	False	True	1	4	5	-8,8	0,0	-10,9	0,0	-10,9	0,0	-8,8	0,0	1	4	5	0	0	0
457	457		INV	chr1	119060299	chr1	119060455	156.0	True		False		1	4	5	-10,9	-1,1	-10,9	-1,1					1	4	5	0	0	0
13573	13573_1	13573_2	BND	chr1	119220461	chr8	100336637		False	False	False	True	1	4	5	-10,9	0,0	-8,8	0,0	-8,8	0,0	-10,9	0,0	1	4	5	0	0	0
13986	13986_1	13986_2	BND	chr1	121500849	chrX	20235445		False	False	False	True	1	4	5	-8,8	0,0	-10,9	0,0	-10,9	0,0	-8,8	0,0	1	4	5	0	0	0
459	459		DUP	chr1	122621753	chr1	122672115	50362.0	True		False		7	0	7	-421,9	-83,2	-10,388	-2,67					6	0	6	1	0	1
499	499		DEL	chr1	123637886	chr1	124565681	927795.0	True		False		6	0	6	-10,450	-2,90	-520,9	-97,1					5	0	5	1	0	1
495	495		DUP	chr1	123726936	chr1	124454061	727125.0	True		False		8	0	8	-394,9	-76,2	-10,369	-2,79					7	0	7	1	0	1
13595	13595_1	13595_2	BND	chr1	145791351	chr9	30030381		False	False	False	True	1	4	5	-10,9	0,0	-8,8	0,0	-8,8	0,0	-10,9	0,0	1	4	5	0	0	0
13226	13226_1	13226_2	BND	chr1	145964273	chr3	21634293		False	False	False	True	1	4	5	-10,9	0,0	-8,8	0,0	-8,8	0,0	-10,9	0,0	1	4	5	0	0	0
13569	13569_1	13569_2	BND	chr1	150115382	chr8	71912191		False	False	False	True	1	4	5	-8,8	0,0	-10,9	0,0	-10,9	0,0	-8,8	0,0	1	4	5	0	0	0
13873	13873_1	13873_2	BND	chr1	150183243	chr17	66100568		False	False	False	True	1	4	5	-8,8	0,0	-10,9	0,0	-10,9	0,0	-8,8	0,0	1	4	5	0	0	0
652	652_1	652_2	BND	chr1	150360858	chr1	189113262		False	False	False	True	1	4	5	-10,9	0,0	-10,9	0,0	-10,9	0,0	-10,9	0,0	1	4	5	0	0	0
13413	13413_1	13413_2	BND	chr1	150367721	chr5	163675243		False	False	False	True	1	4	5	-10,9	0,0	-8,8	0,0	-8,8	0,0	-10,9	0,0	1	4	5	0	0	0
13396	13396_1	13396_2	BND	chr1	151930694	chr5	105960022		False	False	False	True	1	4	5	-8,8	0,0	-8,8	0,0	-8,8	0,0	-8,8	0,0	1	4	5	0	0	0
13977	13977_1	13977_2	BND	chr1	152060267	chrX	7202940		False	False	False	True	1	4	5	-10,9	0,0	-8,8	0,0	-8,8	0,0	-10,9	0,0	1	4	5	0	0	0
14001	14001_1	14001_2	BND	chr1	152094519	chrX	76232066		False	False	False	True	1	4	5	-10,9	0,0	-8,8	0,0	-8,8	0,0	-10,9	0,0	1	4	5	0	0	0
13476	13476_1	13476_2	BND	chr1	153004254	chr6	109338428		True	True	False	True	1	4	5	-2,9	0,1	-10,2	-1,0	-10,2	-1,0	-2,9	0,1	1	4	5	0	0	0
13326	13326_1	13326_2	BND	chr1	153622963	chr4	94775983		False	False	False	True	1	4	5	-10,9	0,0	-8,8	0,0	-8,8	0,0	-10,9	0,0	1	4	5	0	0	0
13277	13277_1	13277_2	BND	chr1	153714615	chr3	146235691		False	False	False	True	1	4	5	-8,8	0,0	-8,8	0,0	-8,8	0,0	-8,8	0,0	1	4	5	0	0	0
13560	13560_1	13560_2	BND	chr1	153808869	chr8	53174933		False	False	False	True	1	4	5	-10,9	0,0	-8,8	0,0	-8,8	0,0	-10,9	0,0	1	4	5	0	0	0
13524	13524_1	13524_2	BND	chr1	154768061	chr7	84739859		False	False	False	True	1	4	5	-10,9	0,0	-10,9	0,0	-10,9	0,0	-10,9	0,0	1	4	5	0	0	0
546	546		DEL	chr1	154768776	chr1	154769129	353.0	False		False		1	4	5	-10,9	0,0	-9,8	0,0					1	4	5	0	0	0
551	551		INV	chr1	157062342	chr1	157062593	251.0	True		False		1	4	5	-10,9	-1,1	-10,9	-1,1					1	4	5	0	0	0
13577	13577_1	13577_2	BND	chr1	158451940	chr8	126813786		False	False	False	True	1	4	5	-10,9	0,0	-10,9	0,0	-10,9	0,0	-10,9	0,0	1	4	5	0	0	0
13860	13860_1	13860_2	BND	chr1	158572095	chr17	1554406		False	False	False	True	1	4	5	-8,8	0,0	-8,8	0,0	-8,8	0,0	-8,8	0,0	1	4	5	0	0	0
13664	13664_1	13664_2	BND	chr1	159555153	chr10	102162711		True	True	False	True	1	4	5	-10,9	0,0	-3,9	0,1	-3,9	0,1	-10,9	0,0	1	4	5	0	0	0
13171	13171_1	13171_2	BND	chr1	160209232	chr2	135307625		False	False	False	True	1	4	5	-10,9	0,0	-10,9	0,0	-10,9	0,0	-10,9	0,0	1	4	5	0	0	0
13765	13765_1	13765_2	BND	chr1	160268840	chr13	33318736		False	False	False	True	1	4	5	-8,8	0,0	-8,8	0,0	-8,8	0,0	-8,8	0,0	1	4	5	0	0	0
566	566_1	566_2	BND	chr1	160855173	chr1	160855374		False	False	False	True	1	4	5	-10,9	0,0	-10,9	0,0	-10,9	0,0	-10,9	0,0	1	4	5	0	0	0
13666	13666_1	13666_2	BND	chr1	161095481	chr10	108017029		False	False	False	True	1	4	5	-8,8	0,0	-8,8	0,0	-8,8	0,0	-8,8	0,0	1	4	5	0	0	0
13363	13363_1	13363_2	BND	chr1	161773930	chr5	23938564		False	False	False	True	1	4	5	-10,9	0,0	-10,9	0,0	-10,9	0,0	-10,9	0,0	1	4	5	0	0	0
13410	13410_1	13410_2	BND	chr1	162552439	chr5	156487871		False	False	False	True	1	4	5	-10,9	0,0	-10,9	0,0	-10,9	0,0	-10,9	0,0	1	4	5	0	0	0
13740	13740_1	13740_2	BND	chr1	163620388	chr12	104093608		False	False	False	True	1	4	5	-10,9	0,0	-8,8	0,0	-8,8	0,0	-10,9	0,0	1	4	5	0	0	0
13217	13217_1	13217_2	BND	chr1	164504650	chr3	3190777		True	True	False	True	7	0	7	-558,9	-98,0	-10,240	-1,68	-10,240	-1,68	-558,9	-98,0	6	0	6	1	0	1
13936	13936_1	13936_2	BND	chr1	164822450	chr20	28775311		False	False	False	True	1	4	5	-10,9	0,0	-10,9	0,0	-10,9	0,0	-10,9	0,0	1	4	5	0	0	0
13193	13193_1	13193_2	BND	chr1	164844062	chr2	180423143		False	False	False	True	1	4	5	-10,9	0,0	-10,9	0,0	-10,9	0,0	-10,9	0,0	1	4	5	0	0	0
13769	13769_1	13769_2	BND	chr1	164919194	chr13	69438267		False	False	False	True	1	4	5	-10,9	0,0	-8,8	0,0	-8,8	0,0	-10,9	0,0	1	4	5	0	0	0
582	582_1	582_2	BND	chr1	166771025	chr1	166771135		True	True	False	True	2	3	5	-10,9	-1,1	-10,9	-1,1	-10,9	-1,1	-10,9	-1,1	2	3	5	0	0	0
13289	13289_1	13289_2	BND	chr1	166809404	chr3	188053291		False	False	False	True	1	4	5	-10,9	0,0	-8,8	0,0	-8,8	0,0	-10,9	0,0	1	4	5	0	0	0
13864	13864_1	13864_2	BND	chr1	167685013	chr17	13332997		False	False	False	True	1	4	5	-8,8	0,0	-10,9	0,0	-10,9	0,0	-8,8	0,0	1	4	5	0	0	0
13662	13662_1	13662_2	BND	chr1	168179960	chr10	98289803		False	False	False	True	1	4	5	-10,9	0,0	-8,8	0,0	-8,8	0,0	-10,9	0,0	1	4	5	0	0	0
13817	13817_1	13817_2	BND	chr1	170358853	chr15	44944697		True	True	False	True	1	4	5	-8,8	0,0	-10,8	-1,0	-10,8	-1,0	-8,8	0,0	1	4	5	0	0	0
13184	13184_1	13184_2	BND	chr1	170387519	chr2	168210014		False	False	False	True	1	4	5	-8,8	0,0	-8,8	0,0	-8,8	0,0	-8,8	0,0	1	4	5	0	0	0
592	592_1	592_2	BND	chr1	170398544	chr1	170398665		True	True	False	True	2	3	5	-10,8	-1,1	-10,9	-1,1	-10,9	-1,1	-10,8	-1,1	2	3	5	0	0	0
13397	13397_1	13397_2	BND	chr1	170591774	chr5	106560549		False	False	False	True	1	4	5	-8,8	0,0	-8,8	0,0	-8,8	0,0	-8,8	0,0	1	4	5	0	0	0
13944	13944_1	13944_2	BND	chr1	170654351	chr20	55604164		True	True	False	True	1	4	5	-10,9	0,0	-8,7	0,1	-8,7	0,1	-10,9	0,0	1	4	5	0	0	0
13086	13086_1	13086_2	BND	chr1	170792282	chr2	244530		False	False	False	True	1	4	5	-8,8	0,0	-10,9	0,0	-10,9	0,0	-8,8	0,0	1	4	5	0	0	0
13500	13500_1	13500_2	BND	chr1	170855836	chr7	8271487		False	False	False	True	1	4	5	-8,8	0,0	-8,8	0,0	-8,8	0,0	-8,8	0,0	1	4	5	0	0	0
13985	13985_1	13985_2	BND	chr1	170927992	chrX	19682358		False	False	False	True	1	4	5	-8,8	0,0	-8,8	0,0	-8,8	0,0	-8,8	0,0	1	4	5	0	0	0
13529	13529_1	13529_2	BND	chr1	171410114	chr7	91698215		False	False	False	True	1	4	5	-8,8	0,0	-10,9	0,0	-10,9	0,0	-8,8	0,0	1	4	5	0	0	0
13224	13224_1	13224_2	BND	chr1	171504148	chr3	17716358		False	False	False	True	1	4	5	-8,8	0,0	-10,9	0,0	-10,9	0,0	-8,8	0,0	1	4	5	0	0	0
13389	13389_1	13389_2	BND	chr1	171867240	chr5	64278991		False	False	False	True	1	4	5	-10,9	0,0	-8,8	0,0	-8,8	0,0	-10,9	0,0	1	4	5	0	0	0
600	600_1	600_2	BND	chr1	171971522	chr1	171971646		True	True	False	True	1	4	5	-10,9	-1,1	0,9	0,1	0,9	0,1	-10,9	-1,1	1	4	5	0	0	0
13194	13194_1	13194_2	BND	chr1	172276526	chr2	181671998		False	False	False	True	1	4	5	-8,8	0,0	-10,9	0,0	-10,9	0,0	-8,8	0,0	1	4	5	0	0	0
13458	13458_1	13458_2	BND	chr1	172728071	chr6	73038460		False	False	False	True	1	4	5	-8,8	0,0	-8,8	0,0	-8,8	0,0	-8,8	0,0	1	4	5	0	0	0
13561	13561_1	13561_2	BND	chr1	172909408	chr8	56936342		False	False	False	True	1	4	5	-10,9	0,0	-8,8	0,0	-8,8	0,0	-10,9	0,0	1	4	5	0	0	0
13386	13386_1	13386_2	BND	chr1	173695462	chr5	61217593		False	False	False	True	1	4	5	-10,9	0,0	-10,9	0,0	-10,9	0,0	-10,9	0,0	1	4	5	0	0	0
603	603_1	603_2	BND	chr1	173894954	chr1	173895078		False	False	False	True	1	4	5	-10,9	0,0	-9,6	0,0	-9,6	0,0	-10,9	0,0	1	4	5	0	0	0
605	605_1	605_2	BND	chr1	174091540	chr1	174091669		False	False	False	True	1	4	5	-8,8	0,0	-8,8	0,0	-8,8	0,0	-8,8	0,0	1	4	5	0	0	0
14030	14030_1	14030_2	BND	chr1	174141288	chrX	132036780		False	False	False	True	1	4	5	-10,9	0,0	-10,9	0,0	-10,9	0,0	-10,9	0,0	1	4	5	0	0	0
13323	13323_1	13323_2	BND	chr1	174384439	chr4	91266255		False	False	False	True	1	4	5	-10,9	0,0	-10,9	0,0	-10,9	0,0	-10,9	0,0	1	4	5	0	0	0
607	607		INV	chr1	174986817	chr1	174987082	265.0	True		False		1	4	5	-10,9	-1,1	-10,9	-1,1					1	4	5	0	0	0
13581	13581_1	13581_2	BND	chr1	177497932	chr9	9118130		False	False	False	True	1	4	5	-8,8	0,0	-10,9	0,0	-10,9	0,0	-8,8	0,0	1	4	5	0	0	0
13195	13195_1	13195_2	BND	chr1	177862239	chr2	182233929		False	False	False	True	1	4	5	-8,8	0,0	-8,8	0,0	-8,8	0,0	-8,8	0,0	1	4	5	0	0	0
13608	13608_1	13608_2	BND	chr1	178042835	chr9	93916432		False	False	False	True	1	4	5	-8,8	0,0	-10,9	0,0	-10,9	0,0	-8,8	0,0	1	4	5	0	0	0
615	615		INV	chr1	178207179	chr1	178207279	100.0	True		False		4	1	5	-10,0	-10,0	-10,9	-2,3					4	1	5	0	0	0
692	692_1	692_2	BND	chr1	178267636	chr1	199146613		False	False	False	True	1	4	5	-8,8	0,0	-8,8	0,0	-8,8	0,0	-8,8	0,0	1	4	5	0	0	0
13953	13953_1	13953_2	BND	chr1	178416796	chr21	26275757		False	False	False	True	1	4	5	-10,9	0,0	-10,9	0,0	-10,9	0,0	-10,9	0,0	1	4	5	0	0	0
618	618_1	618_2	BND	chr1	178483063	chr1	178483225		True	True	False	True	2	3	5	-10,9	-1,1	-10,9	-1,1	-10,9	-1,1	-10,9	-1,1	2	3	5	0	0	0
13527	13527_1	13527_2	BND	chr1	178727737	chr7	89100653		False	False	False	True	1	4	5	-8,8	0,0	-8,8	0,0	-8,8	0,0	-8,8	0,0	1	4	5	0	0	0
13530	13530_1	13530_2	BND	chr1	179338017	chr7	105143207		False	False	False	True	1	4	5	-10,9	0,0	-8,8	0,0	-8,8	0,0	-10,9	0,0	1	4	5	0	0	0
13243	13243_1	13243_2	BND	chr1	179367983	chr3	72920118		False	False	False	True	1	4	5	-8,8	0,0	-10,9	0,0	-10,9	0,0	-8,8	0,0	1	4	5	0	0	0
13490	13490_1	13490_2	BND	chr1	179502625	chr6	145146478		False	False	False	True	1	4	5	-8,8	0,0	-10,9	0,0	-10,9	0,0	-8,8	0,0	1	4	5	0	0	0
13589	13589_1	13589_2	BND	chr1	179681967	chr9	16965292		True	True	False	True	12	0	12	-10,263	-2,50	-305,9	-68,2	-305,9	-68,2	-10,263	-2,50	11	0	11	1	0	1
13792	13792_1	13792_2	BND	chr1	180289061	chr14	63135878		False	False	False	True	1	4	5	-10,9	0,0	-8,8	0,0	-8,8	0,0	-10,9	0,0	1	4	5	0	0	0
13133	13133_1	13133_2	BND	chr1	180481704	chr2	46128319		False	False	False	True	1	4	5	-10,9	0,0	-10,9	0,0	-10,9	0,0	-10,9	0,0	1	4	5	0	0	0
626	626_1	626_2	BND	chr1	180736709	chr1	180736808		True	True	False	True	2	3	5	-10,6	-1,0	-7,6	-1,0	-7,6	-1,0	-10,6	-1,0	2	3	5	0	0	0
13087	13087_1	13087_2	BND	chr1	181136755	chr2	4800339		False	False	False	True	1	4	5	-10,9	0,0	-8,8	0,0	-8,8	0,0	-10,9	0,0	1	4	5	0	0	0
13893	13893_1	13893_2	BND	chr1	183176182	chr18	27794147		False	False	False	True	1	4	5	-10,9	0,0	-8,8	0,0	-8,8	0,0	-10,9	0,0	1	4	5	0	0	0
13523	13523_1	13523_2	BND	chr1	183495957	chr7	78406168		False	False	False	True	1	4	5	-8,8	0,0	-10,9	0,0	-10,9	0,0	-8,8	0,0	1	4	5	0	0	0
631	631		INV	chr1	183499858	chr1	183499990	132.0	True		False		2	3	5	-9,2	-2,1	-10,1	-2,1					2	3	5	0	0	0
13615	13615_1	13615_2	BND	chr1	183999676	chr9	103331980		False	False	False	True	1	4	5	-10,9	0,0	-10,9	0,0	-10,9	0,0	-10,9	0,0	1	4	5	0	0	0
632	632_1	632_2	BND	chr1	184291460	chr1	184291583		False	False	False	True	1	4	5	-8,8	0,0	-8,8	0,0	-8,8	0,0	-8,8	0,0	1	4	5	0	0	0
13837	13837_1	13837_2	BND	chr1	184528446	chr16	18665633		False	False	False	True	1	4	5	-8,8	0,0	-8,8	0,0	-8,8	0,0	-8,8	0,0	1	4	5	0	0	0
13266	13266_1	13266_2	BND	chr1	184925195	chr3	111004740		True	True	False	True	1	4	5	-5,8	0,1	-10,9	0,0	-10,9	0,0	-5,8	0,1	1	4	5	0	0	0
636	636_1	636_2	BND	chr1	185691302	chr1	185691537		True	True	False	True	2	4	6	-10,11	-10,11	-10,437	-2,155	-10,437	-2,155	-10,11	-10,11	2	4	6	0	0	0
13773	13773_1	13773_2	BND	chr1	186413987	chr13	102941827		False	False	False	True	1	4	5	-10,9	0,0	-10,9	0,0	-10,9	0,0	-10,9	0,0	1	4	5	0	0	0
13710	13710_1	13710_2	BND	chr1	186600045	chr12	22173503		False	False	False	True	1	4	5	-10,9	0,0	-8,8	0,0	-8,8	0,0	-10,9	0,0	1	4	5	0	0	0
13417	13417_1	13417_2	BND	chr1	186804528	chr5	167189463		False	False	False	True	1	4	5	-8,8	0,0	-10,9	0,0	-10,9	0,0	-8,8	0,0	1	4	5	0	0	0
13862	13862_1	13862_2	BND	chr1	187385275	chr17	5724652		False	False	False	True	1	4	5	-10,9	0,0	-8,8	0,0	-8,8	0,0	-10,9	0,0	1	4	5	0	0	0
13631	13631_1	13631_2	BND	chr1	187428712	chr10	6534809		False	False	False	True	1	4	5	-10,9	0,0	-8,8	0,0	-8,8	0,0	-10,9	0,0	1	4	5	0	0	0
13539	13539_1	13539_2	BND	chr1	188264079	chr7	139556619		False	False	False	True	1	4	5	-8,8	0,0	-10,9	0,0	-10,9	0,0	-8,8	0,0	1	4	5	0	0	0
13347	13347_1	13347_2	BND	chr1	188471274	chr4	161701904		False	False	False	True	1	4	5	-8,8	0,0	-8,8	0,0	-8,8	0,0	-8,8	0,0	1	4	5	0	0	0
13898	13898_1	13898_2	BND	chr1	188599586	chr18	75101960		True	True	False	True	1	4	5	-8,8	0,0	-7,9	0,2	-7,9	0,2	-8,8	0,0	1	4	5	0	0	0
13204	13204_1	13204_2	BND	chr1	188888041	chr2	210485615		False	False	False	True	1	4	5	-8,8	0,0	-8,8	0,0	-8,8	0,0	-8,8	0,0	1	4	5	0	0	0
13436	13436_1	13436_2	BND	chr1	189142522	chr6	22550724		False	False	False	True	1	4	5	-8,8	0,0	-10,9	0,0	-10,9	0,0	-8,8	0,0	1	4	5	0	0	0
13270	13270_1	13270_2	BND	chr1	189235155	chr3	116744735		False	False	False	True	1	4	5	-10,9	0,0	-10,9	0,0	-10,9	0,0	-10,9	0,0	1	4	5	0	0	0
13345	13345_1	13345_2	BND	chr1	189644616	chr4	157240656		False	False	False	True	1	4	5	-10,9	0,0	-10,9	0,0	-10,9	0,0	-10,9	0,0	1	4	5	0	0	0
13974	13974_1	13974_2	BND	chr1	190061072	chr22	49001443		False	False	False	True	1	4	5	-8,8	0,0	-10,9	0,0	-10,9	0,0	-8,8	0,0	1	4	5	0	0	0
13511	13511_1	13511_2	BND	chr1	190196712	chr7	54022561		False	False	False	True	1	4	5	-8,8	0,0	-10,9	0,0	-10,9	0,0	-8,8	0,0	1	4	5	0	0	0
13709	13709_1	13709_2	BND	chr1	190224131	chr12	21968455		False	False	False	True	1	4	5	-8,8	0,0	-10,9	0,0	-10,9	0,0	-8,8	0,0	1	4	5	0	0	0
13889	13889_1	13889_2	BND	chr1	190365096	chr18	1968546		False	False	False	True	1	4	5	-8,8	0,0	-8,8	0,0	-8,8	0,0	-8,8	0,0	1	4	5	0	0	0
657	657		INV	chr1	190632294	chr1	190632389	95.0	True		False		2	3	5	-4,0	-4,0	-1,9	-1,3					2	3	5	0	0	0
13774	13774_1	13774_2	BND	chr1	190703874	chr13	108627895		False	False	False	True	1	4	5	-10,9	0,0	-10,9	0,0	-10,9	0,0	-10,9	0,0	1	4	5	0	0	0
13787	13787_1	13787_2	BND	chr1	190902592	chr14	29786998		False	False	False	True	1	4	5	-8,8	0,0	-8,8	0,0	-8,8	0,0	-8,8	0,0	1	4	5	0	0	0
13421	13421_1	13421_2	BND	chr1	191107156	chr5	175488342		False	False	False	True	1	4	5	-10,9	0,0	-8,8	0,0	-8,8	0,0	-10,9	0,0	1	4	5	0	0	0
13549	13549_1	13549_2	BND	chr1	191438627	chr8	2745581		False	False	False	True	1	4	5	-8,8	0,0	-10,9	0,0	-10,9	0,0	-8,8	0,0	1	4	5	0	0	0
14019	14019_1	14019_2	BND	chr1	191594241	chrX	106523617		False	False	False	True	1	4	5	-8,8	0,0	-10,9	0,0	-10,9	0,0	-8,8	0,0	1	4	5	0	0	0
13480	13480_1	13480_2	BND	chr1	192036949	chr6	117177207		False	False	False	True	1	4	5	-10,9	0,0	-10,9	0,0	-10,9	0,0	-10,9	0,0	1	4	5	0	0	0
13412	13412_1	13412_2	BND	chr1	192329765	chr5	159138772		False	False	False	True	1	4	5	-10,9	0,0	-10,9	0,0	-10,9	0,0	-10,9	0,0	1	4	5	0	0	0
13518	13518_1	13518_2	BND	chr1	192516706	chr7	63177762		False	False	False	True	1	4	5	-10,9	0,0	-10,9	0,0	-10,9	0,0	-10,9	0,0	1	4	5	0	0	0
13559	13559_1	13559_2	BND	chr1	193041053	chr8	43578968		False	False	False	True	1	4	5	-10,9	0,0	-10,9	0,0	-10,9	0,0	-10,9	0,0	1	4	5	0	0	0
13637	13637_1	13637_2	BND	chr1	193972063	chr10	19173047		False	False	False	True	1	4	5	-10,9	0,0	-10,9	0,0	-10,9	0,0	-10,9	0,0	1	4	5	0	0	0
13785	13785_1	13785_2	BND	chr1	194100206	chr14	20395148		False	False	False	True	1	4	5	-8,8	0,0	-8,8	0,0	-8,8	0,0	-8,8	0,0	1	4	5	0	0	0
13635	13635_1	13635_2	BND	chr1	194380477	chr10	17316478		False	False	False	True	1	4	5	-10,9	0,0	-10,9	0,0	-10,9	0,0	-10,9	0,0	1	4	5	0	0	0
13390	13390_1	13390_2	BND	chr1	195194664	chr5	71970136		False	False	False	True	1	4	5	-8,8	0,0	-8,8	0,0	-8,8	0,0	-8,8	0,0	1	4	5	0	0	0
676	676_1	676_2	BND	chr1	196092628	chr1	196092803		True	True	False	True	2	3	5	-10,9	-1,1	-10,9	-1,1	-10,9	-1,1	-10,9	-1,1	2	3	5	0	0	0
13260	13260_1	13260_2	BND	chr1	196174470	chr3	105131007		True	True	False	True	1	4	5	-10,0	-3,0	-10,9	0,0	-10,9	0,0	-10,0	-3,0	1	4	5	0	0	0
13811	13811_1	13811_2	BND	chr1	196246977	chr15	26797456		False	False	False	True	1	4	5	-10,9	0,0	-10,9	0,0	-10,9	0,0	-10,9	0,0	1	4	5	0	0	0
13558	13558_1	13558_2	BND	chr1	197151414	chr8	33825959		False	False	False	True	1	4	5	-10,9	0,0	-10,9	0,0	-10,9	0,0	-10,9	0,0	1	4	5	0	0	0
13388	13388_1	13388_2	BND	chr1	197199973	chr5	63283467		False	False	False	True	1	4	5	-8,8	0,0	-8,8	0,0	-8,8	0,0	-8,8	0,0	1	4	5	0	0	0
13337	13337_1	13337_2	BND	chr1	197539013	chr4	126006648		True	True	False	True	1	4	5	-8,8	0,0	-8,9	0,1	-8,9	0,1	-8,8	0,0	1	4	5	0	0	0
13459	13459_1	13459_2	BND	chr1	197704832	chr6	75676020		False	False	False	True	1	4	5	-10,9	0,0	-10,9	0,0	-10,9	0,0	-10,9	0,0	1	4	5	0	0	0
686	686		INV	chr1	197869825	chr1	197869956	131.0	True		False		2	3	5	0,0	0,0	-2,9	-1,3					2	3	5	0	0	0
13957	13957_1	13957_2	BND	chr1	197954021	chr21	39102746		False	False	False	True	1	4	5	-10,9	0,0	-8,8	0,0	-8,8	0,0	-10,9	0,0	1	4	5	0	0	0
13768	13768_1	13768_2	BND	chr1	198225257	chr13	61215204		True	True	False	True	1	4	5	-10,8	-1,0	-10,9	0,0	-10,9	0,0	-10,8	-1,0	1	4	5	0	0	0
13208	13208_1	13208_2	BND	chr1	198757393	chr2	222766212		False	False	False	True	1	4	5	-10,9	0,0	-8,8	0,0	-8,8	0,0	-10,9	0,0	1	4	5	0	0	0
691	691_1	691_2	BND	chr1	198812367	chr1	198812481		True	True	False	True	2	3	5	-9,0	-9,0	0,3	0,3	0,3	0,3	-9,0	-9,0	2	3	5	0	0	0
13481	13481_1	13481_2	BND	chr1	199438755	chr6	120531561		False	False	False	True	1	4	5	-10,9	0,0	-8,8	0,0	-8,8	0,0	-10,9	0,0	1	4	5	0	0	0
13418	13418_1	13418_2	BND	chr1	199440293	chr5	168563039		False	False	False	True	1	4	5	-10,9	0,0	-8,8	0,0	-8,8	0,0	-10,9	0,0	1	4	5	0	0	0
13238	13238_1	13238_2	BND	chr1	199471107	chr3	55754540		True	True	False	True	3	2	5	-10,9	0,1	-10,9	-1,1	-10,9	-1,1	-10,9	0,1	3	2	5	0	0	0
13271	13271_1	13271_2	BND	chr1	200404868	chr3	120188558		False	False	False	True	1	4	5	-8,8	0,0	-10,9	0,0	-10,9	0,0	-8,8	0,0	1	4	5	0	0	0
13256	13256_1	13256_2	BND	chr1	200415043	chr3	99091724		True	True	False	True	1	4	5	-10,9	0,0	-9,6	0,1	-9,6	0,1	-10,9	0,0	1	4	5	0	0	0
13404	13404_1	13404_2	BND	chr1	200518277	chr5	136386927		False	False	False	True	1	4	5	-8,8	0,0	-8,8	0,0	-8,8	0,0	-8,8	0,0	1	4	5	0	0	0
13460	13460_1	13460_2	BND	chr1	200545097	chr6	78040808		False	False	False	True	1	4	5	-8,8	0,0	-8,8	0,0	-8,8	0,0	-8,8	0,0	1	4	5	0	0	0
13311	13311_1	13311_2	BND	chr1	201520595	chr4	42560383		False	False	False	True	1	4	5	-10,9	0,0	-8,8	0,0	-8,8	0,0	-10,9	0,0	1	4	5	0	0	0
13611	13611_1	13611_2	BND	chr1	201894682	chr9	97823182		False	False	False	True	1	4	5	-8,8	0,0	-10,9	0,0	-10,9	0,0	-8,8	0,0	1	4	5	0	0	0
13673	13673_1	13673_2	BND	chr1	202025187	chr11	9476663		False	False	False	True	2	4	6	-10,9	0,0	-10,9	0,0	-10,9	0,0	-10,9	0,0	2	4	6	0	0	0
13702	13702_1	13702_2	BND	chr1	202727933	chr12	7392801		False	False	False	True	1	4	5	-10,9	0,0	-10,9	0,0	-10,9	0,0	-10,9	0,0	1	4	5	0	0	0
13218	13218_1	13218_2	BND	chr1	202915049	chr3	9486084		False	False	False	True	1	4	5	-10,9	0,0	-8,8	0,0	-8,8	0,0	-10,9	0,0	1	4	5	0	0	0
14008	14008_1	14008_2	BND	chr1	204420471	chrX	83716538		False	False	False	True	1	4	5	-8,8	0,0	-10,9	0,0	-10,9	0,0	-8,8	0,0	1	4	5	0	0	0
13859	13859_1	13859_2	BND	chr1	205686850	chr17	940238		False	False	False	True	1	4	5	-8,8	0,0	-10,9	0,0	-10,9	0,0	-8,8	0,0	1	4	5	0	0	0
13276	13276_1	13276_2	BND	chr1	207067262	chr3	145085618		False	False	False	True	1	4	5	-10,9	0,0	-8,8	0,0	-8,8	0,0	-10,9	0,0	1	4	5	0	0	0
719	719		INV	chr1	207118943	chr1	207119301	358.0	True		False		8	0	8	-10,55	-1,50	-10,311	-10,52					7	0	7	1	0	1
13680	13680_1	13680_2	BND	chr1	208357771	chr11	46515093		False	False	False	True	1	4	5	-10,9	0,0	-8,8	0,0	-8,8	0,0	-10,9	0,0	1	4	5	0	0	0
13452	13452_1	13452_2	BND	chr1	209307155	chr6	62165348		False	False	False	True	1	4	5	-10,9	0,0	-10,9	0,0	-10,9	0,0	-10,9	0,0	1	4	5	0	0	0
13232	13232_1	13232_2	BND	chr1	211290548	chr3	47301081		False	False	False	True	1	4	5	-8,8	0,0	-10,9	0,0	-10,9	0,0	-8,8	0,0	1	4	5	0	0	0
13941	13941_1	13941_2	BND	chr1	211809450	chr20	52507829		False	False	False	True	1	4	5	-8,8	0,0	-10,9	0,0	-10,9	0,0	-8,8	0,0	1	4	5	0	0	0
13263	13263_1	13263_2	BND	chr1	212239175	chr3	109379359		True	True	False	True	1	4	5	-10,9	0,0	-7,9	0,3	-7,9	0,3	-10,9	0,0	1	4	5	0	0	0
13251	13251_1	13251_2	BND	chr1	212279251	chr3	86259622		False	False	False	True	1	4	5	-10,9	0,0	-10,9	0,0	-10,9	0,0	-10,9	0,0	1	4	5	0	0	0
13147	13147_1	13147_2	BND	chr1	212776700	chr2	76888492		True	True	False	True	1	4	5	-8,8	0,0	-8,8	0,1	-8,8	0,1	-8,8	0,0	1	4	5	0	0	0
13606	13606_1	13606_2	BND	chr1	214060286	chr9	91677662		True	True	False	True	1	4	5	-8,7	-1,0	-10,9	0,0	-10,9	0,0	-8,7	-1,0	1	4	5	0	0	0
13234	13234_1	13234_2	BND	chr1	214163811	chr3	51077113		False	False	False	True	1	4	5	-8,8	0,0	-10,9	0,0	-10,9	0,0	-8,8	0,0	1	4	5	0	0	0
13474	13474_1	13474_2	BND	chr1	214892006	chr6	100926325		False	False	False	True	1	4	5	-8,8	0,0	-8,8	0,0	-8,8	0,0	-8,8	0,0	1	4	5	0	0	0
13526	13526_1	13526_2	BND	chr1	217468543	chr7	89048224		False	False	False	True	1	4	5	-10,9	0,0	-8,8	0,0	-8,8	0,0	-10,9	0,0	1	4	5	0	0	0
13868	13868_1	13868_2	BND	chr1	217532898	chr17	22329779		False	False	False	True	1	4	5	-8,8	0,0	-10,9	0,0	-10,9	0,0	-8,8	0,0	1	4	5	0	0	0
13866	13866_1	13866_2	BND	chr1	217955949	chr17	14553356		False	False	False	True	1	4	5	-10,9	0,0	-10,9	0,0	-10,9	0,0	-10,9	0,0	1	4	5	0	0	0
13819	13819_1	13819_2	BND	chr1	218003259	chr15	50209201		False	False	False	True	1	4	5	-8,8	0,0	-8,8	0,0	-8,8	0,0	-8,8	0,0	1	4	5	0	0	0
13341	13341_1	13341_2	BND	chr1	218142157	chr4	138619530		False	False	False	True	1	4	5	-8,8	0,0	-10,9	0,0	-10,9	0,0	-8,8	0,0	1	4	5	0	0	0
754	754		INV	chr1	219734329	chr1	219734446	117.0	True		False		1	5	6	-1,0	-1,0	0,0	0,0					1	5	6	0	0	0
13984	13984_1	13984_2	BND	chr1	220971320	chrX	19670859		False	False	False	True	1	4	5	-10,9	0,0	-8,8	0,0	-8,8	0,0	-10,9	0,0	1	4	5	0	0	0
13203	13203_1	13203_2	BND	chr1	221016134	chr2	210330330		False	False	False	True	1	4	5	-8,8	0,0	-10,9	0,0	-10,9	0,0	-8,8	0,0	1	4	5	0	0	0
13279	13279_1	13279_2	BND	chr1	221112732	chr3	154695418		False	False	False	True	1	4	5	-8,8	0,0	-10,9	0,0	-10,9	0,0	-8,8	0,0	1	4	5	0	0	0
13449	13449_1	13449_2	BND	chr1	221143272	chr6	53791599		False	False	False	True	1	4	5	-10,9	0,0	-10,9	0,0	-10,9	0,0	-10,9	0,0	1	4	5	0	0	0
13707	13707_1	13707_2	BND	chr1	221243212	chr12	16787462		True	True	False	True	1	4	5	-5,9	0,1	-10,9	0,0	-10,9	0,0	-5,9	0,1	1	4	5	0	0	0
13938	13938_1	13938_2	BND	chr1	223431608	chr20	34494450		False	False	False	True	1	4	5	-10,9	0,0	-10,9	0,0	-10,9	0,0	-10,9	0,0	1	4	5	0	0	0
13278	13278_1	13278_2	BND	chr1	225100099	chr3	152301447		False	False	False	True	1	4	5	-10,9	0,0	-10,9	0,0	-10,9	0,0	-10,9	0,0	1	4	5	0	0	0
13667	13667_1	13667_2	BND	chr1	225517594	chr10	114838987		False	False	False	True	1	4	5	-10,9	0,0	-8,8	0,0	-8,8	0,0	-10,9	0,0	1	4	5	0	0	0
779	779_1	779_2	BND	chr1	225767200	chr1	225767425		False	False	False	True	1	4	5	-10,9	0,0	-10,9	0,0	-10,9	0,0	-10,9	0,0	1	4	5	0	0	0
13865	13865_1	13865_2	BND	chr1	226733593	chr17	14460415		False	False	False	True	1	4	5	-10,9	0,0	-10,9	0,0	-10,9	0,0	-10,9	0,0	1	4	5	0	0	0
13435	13435_1	13435_2	BND	chr1	226940935	chr6	16489342		False	False	False	True	1	4	5	-8,8	0,0	-8,8	0,0	-8,8	0,0	-8,8	0,0	1	4	5	0	0	0
784	784_1	784_2	BND	chr1	227104114	chr1	227104196		False	False	False	True	1	4	5	-10,9	0,0	-9,6	0,0	-9,6	0,0	-10,9	0,0	1	4	5	0	0	0
785	785		INV	chr1	227384214	chr1	227384414	200.0	True		False		2	3	5	-9,0	-9,0	-10,9	-1,1					2	3	5	0	0	0
13843	13843_1	13843_2	BND	chr1	227581391	chr16	65165159		False	False	False	True	1	4	5	-8,8	0,0	-8,8	0,0	-8,8	0,0	-8,8	0,0	1	4	5	0	0	0
14011	14011_1	14011_2	BND	chr1	227712735	chrX	87647233		True	True	False	True	1	4	5	-10,9	0,0	-8,7	-1,0	-8,7	-1,0	-10,9	0,0	1	4	5	0	0	0
788	788_1	788_2	BND	chr1	227996946	chr1	227997021		True	True	False	True	1	4	5	-10,4	-1,0	-9,4	-1,0	-9,4	-1,0	-10,4	-1,0	1	4	5	0	0	0
13918	13918_1	13918_2	BND	chr1	228133590	chr19	53510447		True	True	False	True	1	4	5	-9,9	-1,1	-8,9	0,2	-8,9	0,2	-9,9	-1,1	1	4	5	0	0	0
13978	13978_1	13978_2	BND	chr1	228194300	chrX	8080411		False	False	False	True	1	4	5	-10,9	0,0	-8,8	0,0	-8,8	0,0	-10,9	0,0	1	4	5	0	0	0
13146	13146_1	13146_2	BND	chr1	230915770	chr2	76147456		False	False	False	True	1	4	5	-10,9	0,0	-8,8	0,0	-8,8	0,0	-10,9	0,0	1	4	5	0	0	0
13842	13842_1	13842_2	BND	chr1	231555417	chr16	49700602		False	False	False	True	1	4	5	-8,8	0,0	-10,9	0,0	-10,9	0,0	-8,8	0,0	1	4	5	0	0	0
13431	13431_1	13431_2	BND	chr1	231886869	chr6	10666784		False	False	False	True	1	4	5	-10,9	0,0	-8,8	0,0	-8,8	0,0	-10,9	0,0	1	4	5	0	0	0
13793	13793_1	13793_2	BND	chr1	232100516	chr14	74333519		False	False	False	True	1	4	5	-10,9	0,0	-8,8	0,0	-8,8	0,0	-10,9	0,0	1	4	5	0	0	0
13694	13694_1	13694_2	BND	chr1	232212573	chr11	85047816		True	True	False	True	2	4	6	-10,9	0,0	-7,8	-1,0	-7,8	-1,0	-10,9	0,0	2	4	6	0	0	0
13493	13493_1	13493_2	BND	chr1	232421578	chr6	153216707		False	False	False	True	1	4	5	-8,8	0,0	-8,8	0,0	-8,8	0,0	-8,8	0,0	1	4	5	0	0	0
13933	13933_1	13933_2	BND	chr1	232908578	chr20	3704994		False	False	False	True	1	4	5	-8,8	0,0	-8,8	0,0	-8,8	0,0	-8,8	0,0	1	4	5	0	0	0
13312	13312_1	13312_2	BND	chr1	232973320	chr4	44362119		False	False	False	True	1	4	5	-10,9	0,0	-8,8	0,0	-8,8	0,0	-10,9	0,0	1	4	5	0	0	0
805	805		DEL	chr1	233729513	chr1	233729726	213.0	True		False		6	0	6	-10,152	-3,51	-108,9	-42,2					6	0	6	0	0	0
13409	13409_1	13409_2	BND	chr1	234750986	chr5	152943497		False	False	False	True	1	4	5	-10,9	0,0	-8,8	0,0	-8,8	0,0	-10,9	0,0	1	4	5	0	0	0
13286	13286_1	13286_2	BND	chr1	234923417	chr3	178499782		False	False	False	True	1	4	5	-10,9	0,0	-10,9	0,0	-10,9	0,0	-10,9	0,0	1	4	5	0	0	0
13639	13639_1	13639_2	BND	chr1	235242855	chr10	22944502		True	True	False	True	1	4	5	-8,8	0,0	-8,9	0,2	-8,9	0,2	-8,8	0,0	1	4	5	0	0	0
13503	13503_1	13503_2	BND	chr1	235449754	chr7	11074859		False	False	False	True	1	4	5	-10,9	0,0	-8,8	0,0	-8,8	0,0	-10,9	0,0	1	4	5	0	0	0
13763	13763_1	13763_2	BND	chr1	235834249	chr13	27727437		False	False	False	True	1	4	5	-8,8	0,0	-10,9	0,0	-10,9	0,0	-8,8	0,0	1	4	5	0	0	0
13786	13786_1	13786_2	BND	chr1	236551010	chr14	24603325		False	False	False	True	1	4	5	-8,8	0,0	-10,9	0,0	-10,9	0,0	-8,8	0,0	1	4	5	0	0	0
13812	13812_1	13812_2	BND	chr1	238101094	chr15	26851325		False	False	False	True	1	4	5	-10,9	0,0	-10,9	0,0	-10,9	0,0	-10,9	0,0	1	4	5	0	0	0
13659	13659_1	13659_2	BND	chr1	238438921	chr10	96006230		False	False	False	True	1	4	5	-8,8	0,0	-8,8	0,0	-8,8	0,0	-8,8	0,0	1	4	5	0	0	0
13492	13492_1	13492_2	BND	chr1	238676581	chr6	146982853		False	False	False	True	1	4	5	-10,9	0,0	-10,9	0,0	-10,9	0,0	-10,9	0,0	1	4	5	0	0	0
13658	13658_1	13658_2	BND	chr1	239461124	chr10	88987027		False	False	False	True	1	4	5	-10,9	0,0	-10,9	0,0	-10,9	0,0	-10,9	0,0	1	4	5	0	0	0
826	826_1	826_2	BND	chr1	239468987	chr1	239469104		True	True	False	True	2	3	5	-10,7	-1,0	-7,9	-1,0	-7,9	-1,0	-10,7	-1,0	2	3	5	0	0	0
14004	14004_1	14004_2	BND	chr1	239520487	chrX	77461706		False	False	False	True	1	4	5	-10,9	0,0	-8,8	0,0	-8,8	0,0	-10,9	0,0	1	4	5	0	0	0
13988	13988_1	13988_2	BND	chr1	240483895	chrX	35964296		False	False	False	True	1	4	5	-10,9	0,0	-10,9	0,0	-10,9	0,0	-10,9	0,0	1	4	5	0	0	0
13972	13972_1	13972_2	BND	chr1	242539115	chr22	39743581		False	False	False	True	1	4	5	-10,9	0,0	-8,8	0,0	-8,8	0,0	-10,9	0,0	1	4	5	0	0	0
13472	13472_1	13472_2	BND	chr1	243469817	chr6	89323283		False	False	False	True	1	4	5	-10,9	0,0	-8,8	0,0	-8,8	0,0	-10,9	0,0	1	4	5	0	0	0
13617	13617_1	13617_2	BND	chr1	243590091	chr9	107141811		False	False	False	True	1	4	5	-10,9	0,0	-8,8	0,0	-8,8	0,0	-10,9	0,0	1	4	5	0	0	0
845	845_1	845_2	BND	chr1	243806005	chr1	243806240		False	False	False	True	1	4	5	-8,8	0,0	-8,8	0,0	-8,8	0,0	-8,8	0,0	1	4	5	0	0	0
13735	13735_1	13735_2	BND	chr1	244611648	chr12	93684555		False	False	False	True	1	4	5	-8,8	0,0	-10,9	0,0	-10,9	0,0	-8,8	0,0	1	4	5	0	0	0
13398	13398_1	13398_2	BND	chr1	245273975	chr5	114835252		False	False	False	True	1	4	5	-8,8	0,0	-8,8	0,0	-8,8	0,0	-8,8	0,0	1	4	5	0	0	0
13330	13330_1	13330_2	BND	chr1	245451442	chr4	103300424		False	False	False	True	1	4	5	-10,9	0,0	-10,9	0,0	-10,9	0,0	-10,9	0,0	1	4	5	0	0	0
13197	13197_1	13197_2	BND	chr1	245957237	chr2	186143529		False	False	False	True	1	4	5	-10,9	0,0	-8,8	0,0	-8,8	0,0	-10,9	0,0	1	4	5	0	0	0
13537	13537_1	13537_2	BND	chr1	246631450	chr7	132931961		False	False	False	True	1	4	5	-8,8	0,0	-8,8	0,0	-8,8	0,0	-8,8	0,0	1	4	5	0	0	0
13971	13971_1	13971_2	BND	chr1	246977309	chr22	30357320		False	False	False	True	1	4	5	-8,8	0,0	-8,8	0,0	-8,8	0,0	-8,8	0,0	1	4	5	0	0	0
13789	13789_1	13789_2	BND	chr1	247216654	chr14	54015528		False	False	False	True	1	4	5	-8,8	0,0	-10,9	0,0	-10,9	0,0	-8,8	0,0	1	4	5	0	0	0
13626	13626_1	13626_2	BND	chr1	247458746	chr9	124128526		False	False	False	True	1	4	5	-8,8	0,0	-10,9	0,0	-10,9	0,0	-8,8	0,0	1	4	5	0	0	0
13182	13182_1	13182_2	BND	chr1	248001088	chr2	163365082		False	False	False	True	1	4	5	-10,9	0,0	-8,8	0,0	-8,8	0,0	-10,9	0,0	1	4	5	0	0	0
13815	13815_1	13815_2	BND	chr1	248311764	chr15	36855947		False	False	False	True	1	4	5	-8,8	0,0	-8,8	0,0	-8,8	0,0	-8,8	0,0	1	4	5	0	0	0
21464	21464_1	21464_2	BND	chr10	371151	chr20	9371475		True	True	False	True	1	4	5	-7,3	-1,3	0,8	0,2	0,8	0,2	-7,3	-1,3	1	4	5	0	0	0
21351	21351_1	21351_2	BND	chr10	2521933	chr15	101091516		True	True	False	True	1	4	5	-8,8	0,0	-4,9	0,3	-4,9	0,3	-8,8	0,0	1	4	5	0	0	0
21293	21293_1	21293_2	BND	chr10	2579097	chr12	90222676		False	False	False	True	1	4	5	-10,9	0,0	-10,9	0,0	-10,9	0,0	-10,9	0,0	1	4	5	0	0	0
21440	21440_1	21440_2	BND	chr10	2666367	chr18	39687933		False	False	False	True	1	4	5	-8,8	0,0	-10,9	0,0	-10,9	0,0	-8,8	0,0	1	4	5	0	0	0
21554	21554_1	21554_2	BND	chr10	3033969	chrX	125538374		True	True	False	True	1	4	5	-10,6	-2,0	-8,0	-8,0	-8,0	-8,0	-10,6	-2,0	1	4	5	0	0	0
21543	21543_1	21543_2	BND	chr10	5720815	chrX	95951440		False	False	False	True	1	4	5	-8,8	0,0	-10,9	0,0	-10,9	0,0	-8,8	0,0	1	4	5	0	0	0
21451	21451_1	21451_2	BND	chr10	6073947	chr19	18358274		False	False	False	True	1	4	5	-10,9	0,0	-8,8	0,0	-8,8	0,0	-10,9	0,0	1	4	5	0	0	0
21340	21340_1	21340_2	BND	chr10	10110519	chr15	55028611		False	False	False	True	1	4	5	-10,9	0,0	-10,9	0,0	-10,9	0,0	-10,9	0,0	1	4	5	0	0	0
6706	6706		INV	chr10	10250396	chr10	10250547	151.0	True		False		3	2	5	-22,25	-12,16	-11,14	-3,6					3	2	5	0	0	0
7125	7125_1	7125_2	BND	chr10	10425348	chr10	98155396		False	False	False	True	1	4	5	-10,9	0,0	-10,9	0,0	-10,9	0,0	-10,9	0,0	1	4	5	0	0	0
21381	21381_1	21381_2	BND	chr10	14676533	chr16	83594589		False	False	False	True	1	4	5	-10,9	0,0	-10,9	0,0	-10,9	0,0	-10,9	0,0	1	4	5	0	0	0
21325	21325_1	21325_2	BND	chr10	15046321	chr14	37950313		False	False	False	True	1	4	5	-10,9	0,0	-8,8	0,0	-8,8	0,0	-10,9	0,0	1	4	5	0	0	0
6722	6722_1	6722_2	BND	chr10	16489509	chr10	16489631		False	False	False	True	1	4	5	-10,9	0,0	-9,6	0,0	-9,6	0,0	-10,9	0,0	1	4	5	0	0	0
21311	21311_1	21311_2	BND	chr10	17556616	chr13	57274774		False	False	False	True	1	4	5	-10,9	0,0	-8,8	0,0	-8,8	0,0	-10,9	0,0	1	4	5	0	0	0
21376	21376_1	21376_2	BND	chr10	18569015	chr16	73200154		False	False	False	True	2	4	6	-10,9	0,0	-10,9	0,0	-10,9	0,0	-10,9	0,0	2	4	6	0	0	0
21421	21421_1	21421_2	BND	chr10	21645430	chr17	53745731		False	False	False	True	1	4	5	-8,8	0,0	-10,9	0,0	-10,9	0,0	-8,8	0,0	1	4	5	0	0	0
21296	21296_1	21296_2	BND	chr10	22073437	chr12	100642992		False	False	False	True	1	4	5	-10,9	0,0	-8,8	0,0	-8,8	0,0	-10,9	0,0	1	4	5	0	0	0
21313	21313_1	21313_2	BND	chr10	23548224	chr13	73177836		False	False	False	True	1	4	5	-10,9	0,0	-8,8	0,0	-8,8	0,0	-10,9	0,0	1	4	5	0	0	0
21289	21289_1	21289_2	BND	chr10	24297777	chr12	88396602		False	False	False	True	1	4	5	-8,8	0,0	-10,9	0,0	-10,9	0,0	-8,8	0,0	1	4	5	0	0	0
21430	21430_1	21430_2	BND	chr10	25353681	chr18	7124202		False	False	False	True	1	4	5	-10,9	0,0	-8,8	0,0	-8,8	0,0	-10,9	0,0	1	4	5	0	0	0
6748	6748		DEL	chr10	26572906	chr10	26626431	53525.0	True		False		7	0	7	-10,339	-2,89	-294,9	-66,3					6	0	6	1	0	1
6749	6749		DEL	chr10	26580028	chr10	26643576	63548.0	True		False		8	0	8	-10,357	-2,66	-548,9	-90,0					7	0	7	1	0	1
6757	6757_1	6757_2	BND	chr10	26643577	chr10	26946302		True	True	False	True	5	0	5	-559,9	-115,0	-559,9	-115,0	-559,9	-115,0	-559,9	-115,0	5	0	5	0	0	0
6755	6755_1	6755_2	BND	chr10	26648627	chr10	26934429		True	True	False	True	5	0	5	-10,473	-1,99	-7,500	0,115	-7,500	0,115	-10,473	-1,99	5	0	5	0	0	0
6754	6754_1	6754_2	BND	chr10	26650713	chr10	26934305		True	True	False	True	9	0	9	-554,9	-86,0	-520,9	-77,2	-520,9	-77,2	-554,9	-86,0	8	0	8	1	0	1
6752	6752		INV	chr10	26749036	chr10	26749270	234.0	True		False		2	3	5	-10,9	-1,1	-10,9	-1,1					2	3	5	0	0	0
21442	21442_1	21442_2	BND	chr10	27972378	chr18	45779496		False	False	False	True	1	4	5	-8,8	0,0	-8,8	0,0	-8,8	0,0	-8,8	0,0	1	4	5	0	0	0
6771	6771_1	6771_2	BND	chr10	31511673	chr10	31511815		False	False	False	True	1	4	5	-10,9	0,0	-9,6	0,0	-9,6	0,0	-10,9	0,0	1	4	5	0	0	0
21527	21527_1	21527_2	BND	chr10	32289399	chrX	34285008		False	False	False	True	1	4	5	-10,9	0,0	-8,8	0,0	-8,8	0,0	-10,9	0,0	1	4	5	0	0	0
21315	21315_1	21315_2	BND	chr10	32374393	chr13	79750732		False	False	False	True	1	4	5	-8,8	0,0	-10,9	0,0	-10,9	0,0	-8,8	0,0	1	4	5	0	0	0
21481	21481_1	21481_2	BND	chr10	34120020	chr20	31599610		True	True	False	True	1	4	5	-2,9	0,3	-8,8	0,0	-8,8	0,0	-2,9	0,3	1	4	5	0	0	0
21545	21545_1	21545_2	BND	chr10	34836166	chrX	99764158		False	False	False	True	1	4	5	-10,9	0,0	-10,9	0,0	-10,9	0,0	-10,9	0,0	1	4	5	0	0	0
21385	21385_1	21385_2	BND	chr10	35497738	chr17	17858236		False	False	False	True	1	4	5	-8,8	0,0	-8,8	0,0	-8,8	0,0	-8,8	0,0	1	4	5	0	0	0
6799	6799		INV	chr10	37668366	chr10	37668528	162.0	False		False		1	4	5	-8,8	0,0	0,0	0,0					1	4	5	0	0	0
21426	21426_1	21426_2	BND	chr10	39058755	chr17	68854567		False	False	False	True	1	4	5	-10,9	0,0	-10,9	0,0	-10,9	0,0	-10,9	0,0	1	4	5	0	0	0
21323	21323_1	21323_2	BND	chr10	39220886	chr14	26015029		False	False	False	True	1	4	5	-10,9	0,0	-10,9	0,0	-10,9	0,0	-10,9	0,0	1	4	5	0	0	0
6816	6816		INV	chr10	39255124	chr10	39255253	129.0	True		False		2	3	5	0,9	0,1	0,9	0,3					2	3	5	0	0	0
6829	6829_1	6829_2	BND	chr10	41827995	chr10	41828140		False	False	False	True	1	4	5	-8,8	0,0	-8,8	0,0	-8,8	0,0	-8,8	0,0	1	4	5	0	0	0
6838	6838		DUP	chr10	41859067	chr10	41864229	5162.0	True		False		7	0	7	-388,9	-72,2	-10,400	-1,86					7	0	7	0	0	0
21577	21577_1	21577_2	BND	chr10	41859678	chrY	11643808		True	True	False	True	7	0	7	-37,9	-26,2	-10,414	-2,89	-10,414	-2,89	-37,9	-26,2	6	0	6	1	0	1
6863	6863		DUP	chr10	41863191	chr10	41882660	19469.0	True		False		5	1	6	-10,9	-3,3	-10,9	-3,3					4	1	5	1	0	1
21570	21570_1	21570_2	BND	chr10	41874293	chrY	10999963		True	True	False	True	7	0	7	-10,411	-2,84	-10,420	-1,93	-10,420	-1,93	-10,411	-2,84	6	0	6	1	0	1
21499	21499_1	21499_2	BND	chr10	41879282	chr21	10692754		True	True	False	True	5	0	5	-418,9	-86,1	-509,9	-97,2	-509,9	-97,2	-418,9	-86,1	5	0	5	0	0	0
21395	21395_1	21395_2	BND	chr10	41879285	chr17	21976488		True	True	False	True	6	0	6	-422,9	-85,1	-7,523	0,115	-7,523	0,115	-422,9	-85,1	5	0	5	1	0	1
6870	6870		DEL	chr10	41882809	chr10	41883979	1170.0	True		False		7	0	7	-10,397	-2,75	-449,9	-92,2					6	0	6	1	0	1
6928	6928		DUP	chr10	41895203	chr10	41908939	13736.0	True		False		7	0	7	-266,9	-56,3	-10,264	-3,66					6	0	6	1	0	1
6898	6898		DEL	chr10	41896802	chr10	41898475	1673.0	True		False		6	0	6	-6,474	0,105	-437,9	-79,2					5	0	5	1	0	1
21276	21276_1	21276_2	BND	chr10	43032761	chr12	46977646		False	False	False	True	1	4	5	-8,8	0,0	-10,9	0,0	-10,9	0,0	-8,8	0,0	1	4	5	0	0	0
21303	21303_1	21303_2	BND	chr10	43491263	chr12	126133049		False	False	False	True	1	4	5	-10,9	0,0	-8,8	0,0	-8,8	0,0	-10,9	0,0	1	4	5	0	0	0
21532	21532_1	21532_2	BND	chr10	43757722	chrX	54817074		True	True	False	True	1	4	5	-10,6	-1,0	-10,9	0,0	-10,9	0,0	-10,6	-1,0	1	4	5	0	0	0
21337	21337_1	21337_2	BND	chr10	45321270	chr15	45578973		False	False	False	True	1	4	5	-8,8	0,0	-10,9	0,0	-10,9	0,0	-8,8	0,0	1	4	5	0	0	0
21353	21353_1	21353_2	BND	chr10	47023778	chr15	101520428		True	True	False	True	2	3	5	-10,6	-1,0	-10,6	-1,0	-10,6	-1,0	-10,6	-1,0	2	3	5	0	0	0
21326	21326_1	21326_2	BND	chr10	48356350	chr14	49519967		False	False	False	True	1	4	5	-8,8	0,0	-10,9	0,0	-10,9	0,0	-8,8	0,0	1	4	5	0	0	0
21259	21259_1	21259_2	BND	chr10	49391731	chr11	113153671		False	False	False	True	1	4	5	-8,8	0,0	-10,9	0,0	-10,9	0,0	-8,8	0,0	1	4	5	0	0	0
21372	21372_1	21372_2	BND	chr10	49619958	chr16	63655831		False	False	False	True	1	4	5	-10,9	0,0	-8,8	0,0	-8,8	0,0	-10,9	0,0	1	4	5	0	0	0
21332	21332_1	21332_2	BND	chr10	50863691	chr14	90533725		False	False	False	True	1	4	5	-8,8	0,0	-10,9	0,0	-10,9	0,0	-8,8	0,0	1	4	5	0	0	0
21447	21447_1	21447_2	BND	chr10	52498363	chr18	66447720		False	False	False	True	1	4	5	-8,8	0,0	-8,8	0,0	-8,8	0,0	-8,8	0,0	1	4	5	0	0	0
21539	21539_1	21539_2	BND	chr10	53053645	chrX	82638024		False	False	False	True	1	4	5	-10,9	0,0	-10,9	0,0	-10,9	0,0	-10,9	0,0	1	4	5	0	0	0
21248	21248_1	21248_2	BND	chr10	53104306	chr11	33308566		False	False	False	True	1	4	5	-10,9	0,0	-10,9	0,0	-10,9	0,0	-10,9	0,0	1	4	5	0	0	0
7005	7005_1	7005_2	BND	chr10	53856528	chr10	53856638		True	True	False	True	2	3	5	-10,9	-1,1	-10,9	-1,1	-10,9	-1,1	-10,9	-1,1	2	3	5	0	0	0
7006	7006		INV	chr10	54124438	chr10	54124554	116.0	True		False		2	3	5	-10,9	-1,1	-10,9	-1,1					2	3	5	0	0	0
21350	21350_1	21350_2	BND	chr10	54702388	chr15	97787929		False	False	False	True	1	4	5	-8,8	0,0	-10,9	0,0	-10,9	0,0	-8,8	0,0	1	4	5	0	0	0
21454	21454_1	21454_2	BND	chr10	56383320	chr19	37649261		False	False	False	True	1	4	5	-8,8	0,0	-8,8	0,0	-8,8	0,0	-8,8	0,0	1	4	5	0	0	0
21324	21324_1	21324_2	BND	chr10	57532676	chr14	35894043		False	False	False	True	1	4	5	-10,9	0,0	-10,9	0,0	-10,9	0,0	-10,9	0,0	1	4	5	0	0	0
21556	21556_1	21556_2	BND	chr10	58059256	chrX	131407642		True	True	False	True	1	4	5	-9,6	0,1	-8,8	0,0	-8,8	0,0	-9,6	0,1	1	4	5	0	0	0
21441	21441_1	21441_2	BND	chr10	61533376	chr18	45734625		False	False	False	True	1	4	5	-10,9	0,0	-10,9	0,0	-10,9	0,0	-10,9	0,0	1	4	5	0	0	0
21414	21414_1	21414_2	BND	chr10	62644974	chr17	27288822		False	False	False	True	1	4	5	-10,9	0,0	-10,9	0,0	-10,9	0,0	-10,9	0,0	1	4	5	0	0	0
21250	21250_1	21250_2	BND	chr10	62902192	chr11	42912603		False	False	False	True	2	4	6	-10,9	0,0	-10,9	0,0	-10,9	0,0	-10,9	0,0	2	4	6	0	0	0
21547	21547_1	21547_2	BND	chr10	65547492	chrX	100263382		False	False	False	True	1	4	5	-10,9	0,0	-10,9	0,0	-10,9	0,0	-10,9	0,0	1	4	5	0	0	0
7043	7043_1	7043_2	BND	chr10	66074315	chr10	66074535		True	True	False	True	2	3	5	-10,9	-1,1	-10,9	-1,1	-10,9	-1,1	-10,9	-1,1	2	3	5	0	0	0
21455	21455_1	21455_2	BND	chr10	66215781	chr19	7221403		True	True	False	True	1	4	5	-8,7	0,1	-8,8	-1,0	-8,8	-1,0	-8,7	0,1	1	4	5	0	0	0
21536	21536_1	21536_2	BND	chr10	66252914	chrX	67917290		True	True	False	True	1	4	5	-6,9	0,1	-8,9	0,1	-8,9	0,1	-6,9	0,1	1	4	5	0	0	0
21329	21329_1	21329_2	BND	chr10	66645409	chr14	74553869		False	False	False	True	1	4	5	-10,9	0,0	-10,9	0,0	-10,9	0,0	-10,9	0,0	1	4	5	0	0	0
21425	21425_1	21425_2	BND	chr10	66800577	chr17	65772164		False	False	False	True	1	4	5	-8,8	0,0	-10,9	0,0	-10,9	0,0	-8,8	0,0	1	4	5	0	0	0
21258	21258_1	21258_2	BND	chr10	68157850	chr11	106987655		False	False	False	True	1	4	5	-8,8	0,0	-10,9	0,0	-10,9	0,0	-8,8	0,0	1	4	5	0	0	0
21260	21260_1	21260_2	BND	chr10	73447985	chr11	119861547		False	False	False	True	1	4	5	-10,9	0,0	-8,8	0,0	-8,8	0,0	-10,9	0,0	1	4	5	0	0	0
7057	7057		INV	chr10	73448492	chr10	73448622	130.0	True		False		2	3	5	0,6	0,3	0,8	0,3					2	3	5	0	0	0
7178	7178_1	7178_2	BND	chr10	73478159	chr10	120189074		True	True	False	True	1	4	5	0,8	0,1	-3,9	0,1	-3,9	0,1	0,8	0,1	1	4	5	0	0	0
21538	21538_1	21538_2	BND	chr10	74309168	chrX	80518271		True	True	False	True	1	4	5	-9,0	-9,0	-9,2	-2,1	-9,2	-2,1	-9,0	-9,0	1	4	5	0	0	0
21522	21522_1	21522_2	BND	chr10	76606791	chrX	22789982		False	False	False	True	1	4	5	-8,8	0,0	-10,9	0,0	-10,9	0,0	-8,8	0,0	1	4	5	0	0	0
21279	21279_1	21279_2	BND	chr10	77065730	chr12	48039098		False	False	False	True	1	4	5	-8,8	0,0	-10,9	0,0	-10,9	0,0	-8,8	0,0	1	4	5	0	0	0
21520	21520_1	21520_2	BND	chr10	78073335	chrX	21140773		False	False	False	True	1	4	5	-10,9	0,0	-8,8	0,0	-8,8	0,0	-10,9	0,0	1	4	5	0	0	0
21537	21537_1	21537_2	BND	chr10	78327297	chrX	76129822		False	False	False	True	1	4	5	-8,8	0,0	-8,8	0,0	-8,8	0,0	-8,8	0,0	1	4	5	0	0	0
7074	7074		DEL	chr10	80027306	chr10	80033766	6460.0	True		False		7	0	7	-10,400	-2,79	-415,9	-82,0					6	0	6	1	0	1
7077	7077		DEL	chr10	80029160	chr10	80044853	15693.0	True		False		6	0	6	-10,326	-2,72	-536,9	-99,2					5	0	5	1	0	1
21377	21377_1	21377_2	BND	chr10	80535591	chr16	75469418		True	True	False	True	12	0	12	-4,299	0,75	-399,9	-54,0	-399,9	-54,0	-4,299	0,75	11	0	11	1	0	1
21461	21461_1	21461_2	BND	chr10	81298668	chr19	53949736		False	False	False	True	1	4	5	-10,9	0,0	-8,8	0,0	-8,8	0,0	-10,9	0,0	1	4	5	0	0	0
7082	7082		INV	chr10	81604986	chr10	81605101	115.0	True		False		2	3	5	-9,5	-2,1	0,7	0,3					2	3	5	0	0	0
21314	21314_1	21314_2	BND	chr10	83279489	chr13	74720033		False	False	False	True	1	4	5	-8,8	0,0	-10,9	0,0	-10,9	0,0	-8,8	0,0	1	4	5	0	0	0
21546	21546_1	21546_2	BND	chr10	85088722	chrX	99888989		False	False	False	True	1	4	5	-8,8	0,0	-10,9	0,0	-10,9	0,0	-8,8	0,0	1	4	5	0	0	0
21482	21482_1	21482_2	BND	chr10	85552666	chr20	34396774		False	False	False	True	1	4	5	-8,8	0,0	-8,8	0,0	-8,8	0,0	-8,8	0,0	1	4	5	0	0	0
21292	21292_1	21292_2	BND	chr10	85553674	chr12	90121339		False	False	False	True	1	4	5	-10,9	0,0	-8,8	0,0	-8,8	0,0	-10,9	0,0	1	4	5	0	0	0
21558	21558_1	21558_2	BND	chr10	86608276	chrX	155751901		True	True	False	True	1	4	5	-10,5	-1,0	-8,7	-1,0	-8,7	-1,0	-10,5	-1,0	1	4	5	0	0	0
7094	7094_1	7094_2	BND	chr10	87956311	chr10	87956433		True	True	False	True	1	4	5	-10,9	0,0	-7,9	0,1	-7,9	0,1	-10,9	0,0	1	4	5	0	0	0
7096	7096_1	7096_2	BND	chr10	88475292	chr10	88475541		False	False	False	True	1	4	5	-8,8	0,0	-8,8	0,0	-8,8	0,0	-8,8	0,0	1	4	5	0	0	0
21285	21285_1	21285_2	BND	chr10	88749810	chr12	79278627		False	False	False	True	1	4	5	-8,8	0,0	-10,9	0,0	-10,9	0,0	-8,8	0,0	1	4	5	0	0	0
7099	7099_1	7099_2	BND	chr10	89486718	chr10	89486814		True	True	False	True	1	4	5	-7,8	0,3	-7,6	0,0	-7,6	0,0	-7,8	0,3	1	4	5	0	0	0
21342	21342_1	21342_2	BND	chr10	92865937	chr15	61452587		False	False	False	True	1	4	5	-10,9	0,0	-10,9	0,0	-10,9	0,0	-10,9	0,0	1	4	5	0	0	0
21348	21348_1	21348_2	BND	chr10	92872100	chr15	85544221		False	False	False	True	1	4	5	-10,9	0,0	-8,8	0,0	-8,8	0,0	-10,9	0,0	1	4	5	0	0	0
7108	7108		INV	chr10	92902707	chr10	92902829	122.0	True		False		1	4	5	-8,8	0,0	-9,0	-9,0					1	4	5	0	0	0
21380	21380_1	21380_2	BND	chr10	93946596	chr16	83006971		False	False	False	True	1	4	5	-8,8	0,0	-8,8	0,0	-8,8	0,0	-8,8	0,0	1	4	5	0	0	0
7113	7113		INV	chr10	94286634	chr10	94286747	113.0	True		False		2	3	5	-9,2	-2,1	-10,1	-2,1					2	3	5	0	0	0
21463	21463_1	21463_2	BND	chr10	95255048	chr20	2324241		False	False	False	True	1	4	5	-8,8	0,0	-8,8	0,0	-8,8	0,0	-8,8	0,0	1	4	5	0	0	0
7127	7127		INV	chr10	98319320	chr10	98319467	147.0	True		False		2	3	5	-7,0	-7,0	-7,0	-7,0					2	3	5	0	0	0
21271	21271_1	21271_2	BND	chr10	101587679	chr12	24282547		False	False	False	True	1	4	5	-8,8	0,0	-10,9	0,0	-10,9	0,0	-8,8	0,0	1	4	5	0	0	0
21521	21521_1	21521_2	BND	chr10	101950167	chrX	22683661		False	False	False	True	1	4	5	-10,9	0,0	-8,8	0,0	-8,8	0,0	-10,9	0,0	1	4	5	0	0	0
21529	21529_1	21529_2	BND	chr10	102631134	chrX	40882066		False	False	False	True	1	4	5	-10,9	0,0	-10,9	0,0	-10,9	0,0	-10,9	0,0	1	4	5	0	0	0
21317	21317_1	21317_2	BND	chr10	102944598	chr13	96469746		False	False	False	True	1	4	5	-8,8	0,0	-10,9	0,0	-10,9	0,0	-8,8	0,0	1	4	5	0	0	0
21467	21467_1	21467_2	BND	chr10	103625104	chr20	21578372		False	False	False	True	1	4	5	-8,8	0,0	-8,8	0,0	-8,8	0,0	-8,8	0,0	1	4	5	0	0	0
21305	21305_1	21305_2	BND	chr10	103954552	chr13	41574979		False	False	False	True	1	4	5	-10,9	0,0	-10,9	0,0	-10,9	0,0	-10,9	0,0	1	4	5	0	0	0
7229	7229_1	7229_2	BND	chr10	105882868	chr10	131299079		False	False	False	True	1	4	5	-10,9	0,0	-10,9	0,0	-10,9	0,0	-10,9	0,0	1	4	5	0	0	0
21528	21528_1	21528_2	BND	chr10	108058072	chrX	35831944		False	False	False	True	1	4	5	-8,8	0,0	-8,8	0,0	-8,8	0,0	-8,8	0,0	1	4	5	0	0	0
21356	21356_1	21356_2	BND	chr10	109383215	chr16	14092709		False	False	False	True	1	4	5	-8,8	0,0	-10,9	0,0	-10,9	0,0	-8,8	0,0	1	4	5	0	0	0
21382	21382_1	21382_2	BND	chr10	111391492	chr16	89542897		False	False	False	True	1	4	5	-10,9	0,0	-8,8	0,0	-8,8	0,0	-10,9	0,0	1	4	5	0	0	0
7160	7160_1	7160_2	BND	chr10	112232552	chr10	112232705		True	True	False	True	1	4	5	0,2	0,2	-6,0	-6,0	-6,0	-6,0	0,2	0,2	1	4	5	0	0	0
21428	21428_1	21428_2	BND	chr10	112276449	chr18	1788262		False	False	False	True	1	4	5	-10,9	0,0	-10,9	0,0	-10,9	0,0	-10,9	0,0	1	4	5	0	0	0
21446	21446_1	21446_2	BND	chr10	114631631	chr18	64403358		False	False	False	True	1	4	5	-10,9	0,0	-8,8	0,0	-8,8	0,0	-10,9	0,0	1	4	5	0	0	0
21516	21516_1	21516_2	BND	chr10	115172755	chr22	28592959		False	False	False	True	1	4	5	-10,9	0,0	-8,8	0,0	-8,8	0,0	-10,9	0,0	1	4	5	0	0	0
21333	21333_1	21333_2	BND	chr10	115590527	chr14	93625678		False	False	False	True	1	4	5	-8,8	0,0	-8,8	0,0	-8,8	0,0	-8,8	0,0	1	4	5	0	0	0
21249	21249_1	21249_2	BND	chr10	115778828	chr11	33803245		False	False	False	True	1	4	5	-10,9	0,0	-10,9	0,0	-10,9	0,0	-10,9	0,0	1	4	5	0	0	0
21485	21485_1	21485_2	BND	chr10	118441084	chr20	47749028		False	False	False	True	1	4	5	-10,9	0,0	-8,8	0,0	-8,8	0,0	-10,9	0,0	1	4	5	0	0	0
7174	7174		INV	chr10	119526006	chr10	119526191	185.0	True		False		2	3	5	-10,9	-1,1	-10,9	-1,1					2	3	5	0	0	0
21424	21424_1	21424_2	BND	chr10	119889085	chr17	65692240		False	False	False	True	1	4	5	-8,8	0,0	-8,8	0,0	-8,8	0,0	-8,8	0,0	1	4	5	0	0	0
21256	21256_1	21256_2	BND	chr10	121072636	chr11	91478185		False	False	False	True	1	4	5	-8,8	0,0	-10,9	0,0	-10,9	0,0	-8,8	0,0	1	4	5	0	0	0
7183	7183		INV	chr10	121769536	chr10	121769669	133.0	True		False		2	3	5	-10,9	-1,1	-10,9	-1,1					2	3	5	0	0	0
21327	21327_1	21327_2	BND	chr10	125367183	chr14	53658099		False	False	False	True	1	4	5	-10,9	0,0	-10,9	0,0	-10,9	0,0	-10,9	0,0	1	4	5	0	0	0
21544	21544_1	21544_2	BND	chr10	126206510	chrX	99646878		False	False	False	True	1	4	5	-8,8	0,0	-10,9	0,0	-10,9	0,0	-8,8	0,0	1	4	5	0	0	0
7207	7207		INV	chr10	126403028	chr10	126403137	109.0	True		False		1	4	5	-10,6	-3,0	-3,6	-2,0					1	4	5	0	0	0
21375	21375_1	21375_2	BND	chr10	127548938	chr16	71881331		True	True	False	True	1	4	5	-9,5	-1,0	-8,8	0,0	-8,8	0,0	-9,5	-1,0	1	4	5	0	0	0
21304	21304_1	21304_2	BND	chr10	127768406	chr12	130719039		False	False	False	True	1	4	5	-10,9	0,0	-8,8	0,0	-8,8	0,0	-10,9	0,0	1	4	5	0	0	0
21436	21436_1	21436_2	BND	chr10	127797714	chr18	23113623		False	False	False	True	1	4	5	-10,9	0,0	-8,8	0,0	-8,8	0,0	-10,9	0,0	1	4	5	0	0	0
21253	21253_1	21253_2	BND	chr10	128343210	chr11	82249104		True	True	False	True	1	4	5	-10,9	0,0	-8,9	0,2	-8,9	0,2	-10,9	0,0	1	4	5	0	0	0
21320	21320_1	21320_2	BND	chr10	130192068	chr13	45203351		False	False	False	True	1	4	5	-8,8	0,0	-10,9	0,0	-10,9	0,0	-8,8	0,0	1	4	5	0	0	0
21321	21321_1	21321_2	BND	chr10	130239714	chr13	69184761		False	False	False	True	1	4	5	-8,8	0,0	-10,9	0,0	-10,9	0,0	-8,8	0,0	1	4	5	0	0	0
21299	21299_1	21299_2	BND	chr10	130582474	chr12	120388250		False	False	False	True	1	4	5	-10,9	0,0	-10,9	0,0	-10,9	0,0	-10,9	0,0	1	4	5	0	0	0
21383	21383_1	21383_2	BND	chr10	130755419	chr16	62435677		False	False	False	True	1	4	5	-10,9	0,0	-8,8	0,0	-8,8	0,0	-10,9	0,0	1	4	5	0	0	0
7240	7240		DUP	chr10	132822214	chr10	132823008	794.0	True		False		11	0	11	-368,9	-36,3	-10,260	-3,42					11	0	11	0	0	0
7246	7246		DEL	chr10	133017893	chr10	133018460	567.0	True		False		7	0	7	-7,435	-1,92	-397,9	-67,2					6	0	6	1	0	1
21796	21796_1	21796_2	BND	chr11	1143874	chr12	84887244		False	False	False	True	1	4	5	-10,9	0,0	-10,9	0,0	-10,9	0,0	-10,9	0,0	1	4	5	0	0	0
7638	7638_1	7638_2	BND	chr11	2052438	chr11	129909500		True	True	False	True	1	4	5	-8,8	0,0	-10,6	-1,0	-10,6	-1,0	-8,8	0,0	1	4	5	0	0	0
21919	21919_1	21919_2	BND	chr11	6691233	chrX	85570470		False	False	False	True	1	4	5	-10,9	0,0	-10,9	0,0	-10,9	0,0	-10,9	0,0	1	4	5	0	0	0
7283	7283_1	7283_2	BND	chr11	9739446	chr11	9739537		True	True	False	True	2	3	5	-10,0	-10,0	-10,9	-1,1	-10,9	-1,1	-10,0	-10,0	2	3	5	0	0	0
7294	7294_1	7294_2	BND	chr11	15959842	chr11	15959968		True	True	False	True	1	4	5	-10,6	-1,1	-10,9	-1,1	-10,9	-1,1	-10,6	-1,1	1	4	5	0	0	0
21829	21829_1	21829_2	BND	chr11	16309798	chr15	94581086		False	False	False	True	1	4	5	-10,9	0,0	-10,9	0,0	-10,9	0,0	-10,9	0,0	1	4	5	0	0	0
21923	21923_1	21923_2	BND	chr11	21209218	chrX	116283967		False	False	False	True	1	4	5	-10,9	0,0	-8,8	0,0	-8,8	0,0	-10,9	0,0	1	4	5	0	0	0
21807	21807_1	21807_2	BND	chr11	21956575	chr13	37570403		False	False	False	True	1	4	5	-8,8	0,0	-10,9	0,0	-10,9	0,0	-8,8	0,0	1	4	5	0	0	0
21824	21824_1	21824_2	BND	chr11	23564203	chr15	57278969		False	False	False	True	1	4	5	-10,9	0,0	-8,8	0,0	-8,8	0,0	-10,9	0,0	1	4	5	0	0	0
7315	7315_1	7315_2	BND	chr11	24948620	chr11	24948742		False	False	False	True	2	4	6	-10,9	0,0	-9,9	0,0	-9,9	0,0	-10,9	0,0	2	4	6	0	0	0
21914	21914_1	21914_2	BND	chr11	25914549	chrX	67109562		False	False	False	True	1	4	5	-10,9	0,0	-10,9	0,0	-10,9	0,0	-10,9	0,0	1	4	5	0	0	0
21794	21794_1	21794_2	BND	chr11	26679753	chr12	70263378		False	False	False	True	1	4	5	-8,8	0,0	-8,8	0,0	-8,8	0,0	-8,8	0,0	1	4	5	0	0	0
7331	7331		INV	chr11	29014757	chr11	29014875	118.0	True		False		1	4	5	0,0	0,0	0,9	0,9					1	4	5	0	0	0
21901	21901_1	21901_2	BND	chr11	34722849	chr22	47790225		False	False	False	True	1	4	5	-10,9	0,0	-8,8	0,0	-8,8	0,0	-10,9	0,0	1	4	5	0	0	0
21859	21859_1	21859_2	BND	chr11	37731143	chr18	37113904		False	False	False	True	1	4	5	-10,9	0,0	-8,8	0,0	-8,8	0,0	-10,9	0,0	1	4	5	0	0	0
21809	21809_1	21809_2	BND	chr11	41571676	chr13	66983298		False	False	False	True	1	4	5	-8,8	0,0	-8,8	0,0	-8,8	0,0	-8,8	0,0	1	4	5	0	0	0
7370	7370_1	7370_2	BND	chr11	43641388	chr11	43641481		True	True	False	True	2	3	5	-10,6	-1,0	-3,8	-1,0	-3,8	-1,0	-10,6	-1,0	2	3	5	0	0	0
7375	7375_1	7375_2	BND	chr11	45475956	chr11	45476037		False	False	False	True	1	4	5	-10,9	0,0	-5,9	0,0	-5,9	0,0	-10,9	0,0	1	4	5	0	0	0
21837	21837_1	21837_2	BND	chr11	45935665	chr16	68496139		False	False	False	True	1	4	5	-10,9	0,0	-10,9	0,0	-10,9	0,0	-10,9	0,0	1	4	5	0	0	0
21912	21912_1	21912_2	BND	chr11	46717843	chrX	57204623		False	False	False	True	1	4	5	-8,8	0,0	-10,9	0,0	-10,9	0,0	-8,8	0,0	1	4	5	0	0	0
21910	21910_1	21910_2	BND	chr11	47207900	chrX	53909477		False	False	False	True	1	4	5	-8,8	0,0	-8,8	0,0	-8,8	0,0	-8,8	0,0	1	4	5	0	0	0
21911	21911_1	21911_2	BND	chr11	47875310	chrX	54492918		False	False	False	True	1	4	5	-10,9	0,0	-10,9	0,0	-10,9	0,0	-10,9	0,0	1	4	5	0	0	0
21827	21827_1	21827_2	BND	chr11	48430613	chr15	92507342		False	False	False	True	1	4	5	-8,8	0,0	-10,9	0,0	-10,9	0,0	-8,8	0,0	1	4	5	0	0	0
7397	7397		DEL	chr11	48927188	chr11	48927657	469.0	True		False		6	0	6	-10,338	-2,78	-401,9	-72,2					5	0	5	1	0	1
7399	7399		INV	chr11	49184040	chr11	49184162	122.0	True		False		1	4	5	-9,3	-2,1	-8,3	-2,1					1	4	5	0	0	0
21865	21865_1	21865_2	BND	chr11	55952910	chr19	14788875		False	False	False	True	1	4	5	-10,9	0,0	-10,9	0,0	-10,9	0,0	-10,9	0,0	1	4	5	0	0	0
21892	21892_1	21892_2	BND	chr11	56259602	chr21	24456476		True	True	False	True	5	0	5	-559,9	-115,0	-7,500	0,115	-7,500	0,115	-559,9	-115,0	5	0	5	0	0	0
7450	7450		INV	chr11	57129048	chr11	57129161	113.0	True		False		2	3	5	-10,9	-1,1	-10,9	-1,1					2	3	5	0	0	0
21913	21913_1	21913_2	BND	chr11	57950248	chrX	57391159		False	False	False	True	1	4	5	-8,8	0,0	-10,9	0,0	-10,9	0,0	-8,8	0,0	1	4	5	0	0	0
7456	7456_1	7456_2	BND	chr11	58990445	chr11	58990545		False	False	False	True	1	4	5	-8,8	0,0	-8,8	0,0	-8,8	0,0	-8,8	0,0	1	4	5	0	0	0
21823	21823_1	21823_2	BND	chr11	65420251	chr15	54498415		False	False	False	True	1	4	5	-10,9	0,0	-8,8	0,0	-8,8	0,0	-10,9	0,0	1	4	5	0	0	0
7493	7493		DEL	chr11	67412973	chr11	67413522	549.0	False		False		1	4	5	-10,9	0,0	-10,9	0,0					1	4	5	0	0	0
21909	21909_1	21909_2	BND	chr11	69389338	chrX	52449514		False	False	False	True	1	4	5	-8,8	0,0	-10,9	0,0	-10,9	0,0	-8,8	0,0	1	4	5	0	0	0
21877	21877_1	21877_2	BND	chr11	70194728	chr19	14613379		False	False	False	True	1	4	5	-10,9	0,0	-10,9	0,0	-10,9	0,0	-10,9	0,0	1	4	5	0	0	0
21791	21791_1	21791_2	BND	chr11	74211797	chr12	45048276		False	False	False	True	1	4	5	-8,8	0,0	-10,9	0,0	-10,9	0,0	-8,8	0,0	1	4	5	0	0	0
7514	7514_1	7514_2	BND	chr11	74301597	chr11	74301766		True	True	False	True	2	3	5	-10,9	-1,1	-7,6	-3,0	-7,6	-3,0	-10,9	-1,1	2	3	5	0	0	0
21899	21899_1	21899_2	BND	chr11	74384355	chr21	33000944		False	False	False	True	1	4	5	-8,8	0,0	-8,8	0,0	-8,8	0,0	-8,8	0,0	1	4	5	0	0	0
21878	21878_1	21878_2	BND	chr11	74640901	chr19	16874373		False	False	False	True	1	4	5	-10,9	0,0	-8,8	0,0	-8,8	0,0	-10,9	0,0	1	4	5	0	0	0
21790	21790_1	21790_2	BND	chr11	74665096	chr12	42788681		True	True	False	True	1	4	5	-6,8	0,1	-8,8	0,0	-8,8	0,0	-6,8	0,1	1	4	5	0	0	0
21851	21851_1	21851_2	BND	chr11	76652099	chr17	51899008		False	False	False	True	1	4	5	-10,9	0,0	-10,9	0,0	-10,9	0,0	-10,9	0,0	1	4	5	0	0	0
21811	21811_1	21811_2	BND	chr11	78497242	chr13	85477629		False	False	False	True	1	4	5	-10,9	0,0	-10,9	0,0	-10,9	0,0	-10,9	0,0	1	4	5	0	0	0
21906	21906_1	21906_2	BND	chr11	79927083	chrX	14368421		False	False	False	True	1	4	5	-10,9	0,0	-8,8	0,0	-8,8	0,0	-10,9	0,0	1	4	5	0	0	0
7525	7525		INV	chr11	80293395	chr11	80293508	113.0	True		False		2	3	5	-10,9	-1,1	-10,9	-1,1					2	3	5	0	0	0
21838	21838_1	21838_2	BND	chr11	83844663	chr16	71957282		False	False	False	True	2	4	6	-10,9	0,0	-10,9	0,0	-10,9	0,0	-10,9	0,0	2	4	6	0	0	0
21801	21801_1	21801_2	BND	chr11	84378146	chr12	111964591		False	False	False	True	1	4	5	-8,8	0,0	-8,8	0,0	-8,8	0,0	-8,8	0,0	1	4	5	0	0	0
21884	21884_1	21884_2	BND	chr11	85375083	chr20	32945622		False	False	False	True	1	4	5	-8,8	0,0	-10,9	0,0	-10,9	0,0	-8,8	0,0	1	4	5	0	0	0
7543	7543		INV	chr11	87398233	chr11	87398355	122.0	True		False		1	4	5	0,2	0,2	0,6	0,3					1	4	5	0	0	0
21860	21860_1	21860_2	BND	chr11	87821187	chr18	44185389		False	False	False	True	1	4	5	-8,8	0,0	-8,8	0,0	-8,8	0,0	-8,8	0,0	1	4	5	0	0	0
21836	21836_1	21836_2	BND	chr11	88142764	chr16	61224414		False	False	False	True	1	4	5	-10,9	0,0	-10,9	0,0	-10,9	0,0	-10,9	0,0	1	4	5	0	0	0
21924	21924_1	21924_2	BND	chr11	90622404	chrX	117676499		False	False	False	True	1	4	5	-10,9	0,0	-8,8	0,0	-8,8	0,0	-10,9	0,0	1	4	5	0	0	0
7559	7559_1	7559_2	BND	chr11	91856954	chr11	91857089		True	True	False	True	2	4	6	-6,0	-6,0	-7,0	-7,0	-7,0	-7,0	-6,0	-6,0	2	4	6	0	0	0
21835	21835_1	21835_2	BND	chr11	95226015	chr16	55890570		False	False	False	True	1	4	5	-10,9	0,0	-8,8	0,0	-8,8	0,0	-10,9	0,0	1	4	5	0	0	0
21900	21900_1	21900_2	BND	chr11	95371965	chr21	35253389		False	False	False	True	1	4	5	-10,9	0,0	-10,9	0,0	-10,9	0,0	-10,9	0,0	1	4	5	0	0	0
21908	21908_1	21908_2	BND	chr11	96021314	chrX	37561897		False	False	False	True	1	4	5	-10,9	0,0	-10,9	0,0	-10,9	0,0	-10,9	0,0	1	4	5	0	0	0
21927	21927_1	21927_2	BND	chr11	96751027	chrX	124638113		False	False	False	True	1	4	5	-8,8	0,0	-8,8	0,0	-8,8	0,0	-8,8	0,0	1	4	5	0	0	0
21898	21898_1	21898_2	BND	chr11	97235261	chr21	28284771		False	False	False	True	1	4	5	-10,9	0,0	-8,8	0,0	-8,8	0,0	-10,9	0,0	1	4	5	0	0	0
21826	21826_1	21826_2	BND	chr11	101764520	chr15	89699330		False	False	False	True	1	4	5	-8,8	0,0	-8,8	0,0	-8,8	0,0	-8,8	0,0	1	4	5	0	0	0
7589	7589_1	7589_2	BND	chr11	102778958	chr11	102779057		False	False	False	True	1	4	5	-10,9	0,0	-9,6	0,0	-9,6	0,0	-10,9	0,0	1	4	5	0	0	0
21917	21917_1	21917_2	BND	chr11	103631592	chrX	83239528		False	False	False	True	1	4	5	-8,8	0,0	-10,9	0,0	-10,9	0,0	-8,8	0,0	1	4	5	0	0	0
21929	21929_1	21929_2	BND	chr11	104683392	chrX	130758979		False	False	False	True	1	4	5	-10,9	0,0	-8,8	0,0	-8,8	0,0	-10,9	0,0	1	4	5	0	0	0
21874	21874_1	21874_2	BND	chr11	105385096	chr19	14511270		True	True	False	True	1	4	5	-10,8	-1,0	-1,9	0,1	-1,9	0,1	-10,8	-1,0	1	4	5	0	0	0
21786	21786_1	21786_2	BND	chr11	107741538	chr12	18264423		False	False	False	True	1	4	5	-8,8	0,0	-8,8	0,0	-8,8	0,0	-8,8	0,0	1	4	5	0	0	0
21920	21920_1	21920_2	BND	chr11	109392800	chrX	87775265		False	False	False	True	1	4	5	-8,8	0,0	-10,9	0,0	-10,9	0,0	-8,8	0,0	1	4	5	0	0	0
21902	21902_1	21902_2	BND	chr11	111213495	chr22	42644409		False	False	False	True	1	4	5	-10,9	0,0	-8,8	0,0	-8,8	0,0	-10,9	0,0	1	4	5	0	0	0
7617	7617_1	7617_2	BND	chr11	114407156	chr11	114407297		True	True	False	True	2	4	6	-9,8	-1,1	-7,0	-7,0	-7,0	-7,0	-9,8	-1,1	2	4	6	0	0	0
7633	7633		INV	chr11	125476685	chr11	125476820	135.0	True		False		1	4	5	-8,0	-8,0	-9,4	-2,1					1	4	5	0	0	0
21845	21845_1	21845_2	BND	chr11	128572282	chr16	26519552		False	False	False	True	1	4	5	-8,8	0,0	-8,8	0,0	-8,8	0,0	-8,8	0,0	1	4	5	0	0	0
21795	21795_1	21795_2	BND	chr11	132943186	chr12	81448240		False	False	False	True	1	4	5	-10,9	0,0	-10,9	0,0	-10,9	0,0	-10,9	0,0	1	4	5	0	0	0
7670	7670_1	7670_2	BND	chr12	3248503	chr12	3248623		True	True	False	True	1	4	5	-5,9	0,3	-10,0	-9,0	-10,0	-9,0	-5,9	0,3	1	4	5	0	0	0
7671	7671		INV	chr12	4160621	chr12	4160752	131.0	True		False		2	4	6	-19,0	-19,0	0,29	0,20					2	4	6	0	0	0
22035	22035_1	22035_2	BND	chr12	5414158	chr13	96915100		False	False	False	True	1	4	5	-8,8	0,0	-10,9	0,0	-10,9	0,0	-8,8	0,0	1	4	5	0	0	0
22089	22089_1	22089_2	BND	chr12	8051739	chr17	41578862		False	False	False	True	1	4	5	-8,8	0,0	-8,8	0,0	-8,8	0,0	-8,8	0,0	1	4	5	0	0	0
22192	22192_1	22192_2	BND	chr12	8351602	chrX	116078774		False	False	False	True	1	4	5	-8,8	0,0	-8,8	0,0	-8,8	0,0	-8,8	0,0	1	4	5	0	0	0
7699	7699		DEL	chr12	9405165	chr12	9406037	872.0	True		False		6	0	6	-10,445	-2,85	-429,9	-80,2					5	0	5	1	0	1
22032	22032_1	22032_2	BND	chr12	9702375	chr13	78414351		False	False	False	True	1	4	5	-8,8	0,0	-8,8	0,0	-8,8	0,0	-8,8	0,0	1	4	5	0	0	0
7705	7705		INV	chr12	10382967	chr12	10383091	124.0	True		False		1	4	5	0,9	0,1	0,9	0,1					1	4	5	0	0	0
22021	22021_1	22021_2	BND	chr12	10909103	chr13	41845716		False	False	False	True	1	4	5	-8,8	0,0	-10,9	0,0	-10,9	0,0	-8,8	0,0	1	4	5	0	0	0
22184	22184_1	22184_2	BND	chr12	10912525	chrX	95834262		False	False	False	True	1	4	5	-10,9	0,0	-8,8	0,0	-8,8	0,0	-10,9	0,0	1	4	5	0	0	0
7724	7724		DEL	chr12	11025706	chr12	11081107	55401.0	True		False		7	0	7	-10,414	-2,83	-428,9	-83,2					6	0	6	1	0	1
7713	7713		DUP	chr12	11030059	chr12	11061011	30952.0	True		False		6	0	6	-476,9	-94,2	-10,461	-1,97					5	0	5	1	0	1
7689	7689		DUP	chr12	11053395	chr12	11124406	71011.0	True		False		8	0	8	-497,9	-97,2	-10,499	-2,104					7	0	7	1	0	1
22180	22180_1	22180_2	BND	chr12	12956350	chrX	82180108		True	True	False	True	1	4	5	0,1	0,1	-8,8	0,0	-8,8	0,0	0,1	0,1	1	4	5	0	0	0
22062	22062_1	22062_2	BND	chr12	13793433	chr16	5571230		True	True	False	True	1	4	5	-8,8	0,0	-7,8	0,1	-7,8	0,1	-8,8	0,0	1	4	5	0	0	0
22086	22086_1	22086_2	BND	chr12	13974514	chr17	14048399		True	True	False	True	1	4	5	-6,9	0,1	-8,8	0,0	-8,8	0,0	-6,9	0,1	1	4	5	0	0	0
22165	22165_1	22165_2	BND	chr12	14523289	chrX	15729726		False	False	False	True	1	4	5	-8,8	0,0	-8,8	0,0	-8,8	0,0	-8,8	0,0	1	4	5	0	0	0
7749	7749_1	7749_2	BND	chr12	15726675	chr12	15726754		True	True	False	True	1	4	5	-9,0	-9,0	-7,9	0,3	-7,9	0,3	-9,0	-9,0	1	4	5	0	0	0
7765	7765		INV	chr12	19122999	chr12	19123197	198.0	True		False		2	3	5	-10,9	-1,1	-10,9	-1,1					2	3	5	0	0	0
22074	22074_1	22074_2	BND	chr12	20103452	chr16	61359617		False	False	False	True	1	4	5	-8,8	0,0	-8,8	0,0	-8,8	0,0	-8,8	0,0	1	4	5	0	0	0
22076	22076_1	22076_2	BND	chr12	21064820	chr16	76100875		False	False	False	True	1	4	5	-10,9	0,0	-10,9	0,0	-10,9	0,0	-10,9	0,0	1	4	5	0	0	0
7774	7774_1	7774_2	BND	chr12	22308675	chr12	22308821		True	True	False	True	2	3	5	-10,9	-1,1	-10,9	-1,1	-10,9	-1,1	-10,9	-1,1	2	3	5	0	0	0
22024	22024_1	22024_2	BND	chr12	22459901	chr13	51864157		False	False	False	True	1	4	5	-10,9	0,0	-10,9	0,0	-10,9	0,0	-10,9	0,0	1	4	5	0	0	0
7783	7783		INV	chr12	24149246	chr12	24149376	130.0	True		False		1	4	5	-4,9	0,3	0,9	0,3					1	4	5	0	0	0
7787	7787_1	7787_2	BND	chr12	25106560	chr12	25107620		True	True	False	True	7	0	7	-482,9	-85,0	-450,4	-97,0	-450,4	-97,0	-482,9	-85,0	6	0	6	1	0	1
7788	7788_1	7788_2	BND	chr12	25127786	chr12	25127897		False	False	False	True	1	4	5	-10,9	0,0	-9,6	0,0	-9,6	0,0	-10,9	0,0	1	4	5	0	0	0
22039	22039_1	22039_2	BND	chr12	25314249	chr14	29364325		False	False	False	True	1	4	5	-8,8	0,0	-10,9	0,0	-10,9	0,0	-8,8	0,0	1	4	5	0	0	0
22189	22189_1	22189_2	BND	chr12	25493404	chrX	110222831		False	False	False	True	1	4	5	-10,9	0,0	-8,8	0,0	-8,8	0,0	-10,9	0,0	1	4	5	0	0	0
22128	22128_1	22128_2	BND	chr12	27511290	chr19	48502237		True	True	False	True	1	4	5	-9,6	0,1	-10,4	-1,0	-10,4	-1,0	-9,6	0,1	1	4	5	0	0	0
7803	7803_1	7803_2	BND	chr12	28933739	chr12	28933851		False	False	False	True	1	4	5	-10,9	0,0	-9,6	0,0	-9,6	0,0	-10,9	0,0	1	4	5	0	0	0
22114	22114_1	22114_2	BND	chr12	30401574	chr18	70080418		True	True	False	True	1	4	5	-10,6	-3,0	-10,9	0,0	-10,9	0,0	-10,6	-3,0	1	4	5	0	0	0
7817	7817_1	7817_2	BND	chr12	30944326	chr12	30944564		False	False	False	True	1	4	5	-8,8	0,0	-8,8	0,0	-8,8	0,0	-8,8	0,0	1	4	5	0	0	0
22175	22175_1	22175_2	BND	chr12	31744200	chrX	73695779		False	False	False	True	1	4	5	-8,8	0,0	-10,9	0,0	-10,9	0,0	-8,8	0,0	1	4	5	0	0	0
22106	22106_1	22106_2	BND	chr12	32531686	chr18	33710875		False	False	False	True	1	4	5	-10,9	0,0	-8,8	0,0	-8,8	0,0	-10,9	0,0	1	4	5	0	0	0
7836	7836		INV	chr12	33361758	chr12	33361923	165.0	True		False		1	4	5	-10,9	-1,1	-9,9	-1,1					1	4	5	0	0	0
22171	22171_1	22171_2	BND	chr12	33415682	chrX	54952853		False	False	False	True	1	4	5	-10,9	0,0	-8,8	0,0	-8,8	0,0	-10,9	0,0	1	4	5	0	0	0
7827	7827		DUP	chr12	37048173	chr12	37060463	12290.0	True		False		6	0	6	-463,9	-96,2	-10,395	-2,69					6	0	6	0	0	0
22041	22041_1	22041_2	BND	chr12	37327496	chr14	60897902		False	False	False	True	1	4	5	-10,9	0,0	-10,9	0,0	-10,9	0,0	-10,9	0,0	1	4	5	0	0	0
7869	7869		DEL	chr12	37429807	chr12	37430208	401.0	True		False		7	2	9	-10,9	-1,1	-10,9	-1,1					6	2	8	1	0	1
22049	22049_1	22049_2	BND	chr12	38563168	chr15	38052285		False	False	False	True	1	4	5	-8,8	0,0	-10,9	0,0	-10,9	0,0	-8,8	0,0	1	4	5	0	0	0
7886	7886_1	7886_2	BND	chr12	41151922	chr12	41152037		True	True	False	True	2	4	6	-6,0	-6,0	-9,2	-2,1	-9,2	-2,1	-6,0	-6,0	2	4	6	0	0	0
7893	7893		INV	chr12	42882927	chr12	42883040	113.0	True		False		2	3	5	-10,0	-10,0	-10,9	-1,1					2	3	5	0	0	0
22185	22185_1	22185_2	BND	chr12	43063278	chrX	97964047		True	True	False	True	1	4	5	-3,9	0,7	-10,9	0,0	-10,9	0,0	-3,9	0,7	1	4	5	0	0	0
7895	7895_1	7895_2	BND	chr12	43080506	chr12	43080599		True	True	False	True	2	3	5	-7,0	-7,0	0,5	0,5	0,5	0,5	-7,0	-7,0	2	3	5	0	0	0
22019	22019_1	22019_2	BND	chr12	43593679	chr13	38276494		False	False	False	True	1	4	5	-10,9	0,0	-10,9	0,0	-10,9	0,0	-10,9	0,0	1	4	5	0	0	0
7900	7900		INV	chr12	44363109	chr12	44363399	290.0	True		False		3	2	5	-9,9	-1,1	-10,9	-1,1					3	2	5	0	0	0
7909	7909_1	7909_2	BND	chr12	46111779	chr12	46111957		True	True	False	True	2	3	5	-10,8	-1,0	-10,5	-4,0	-10,5	-4,0	-10,8	-1,0	2	3	5	0	0	0
22099	22099_1	22099_2	BND	chr12	47384427	chr18	22730177		False	False	False	True	1	4	5	-10,9	0,0	-10,9	0,0	-10,9	0,0	-10,9	0,0	1	4	5	0	0	0
22194	22194_1	22194_2	BND	chr12	47658100	chrX	129853193		False	False	False	True	1	4	5	-8,8	0,0	-8,8	0,0	-8,8	0,0	-8,8	0,0	1	4	5	0	0	0
7916	7916		INV	chr12	48450453	chr12	48450585	132.0	True		False		1	4	5	-1,9	0,9	-9,1	-2,1					1	4	5	0	0	0
22038	22038_1	22038_2	BND	chr12	48463591	chr14	27680862		False	False	False	True	1	4	5	-10,9	0,0	-10,9	0,0	-10,9	0,0	-10,9	0,0	1	4	5	0	0	0
7919	7919_1	7919_2	BND	chr12	49271833	chr12	49271944		True	True	False	True	2	3	5	-10,6	-1,1	-10,9	-1,1	-10,9	-1,1	-10,6	-1,1	2	3	5	0	0	0
7926	7926_1	7926_2	BND	chr12	51051908	chr12	51052275		False	False	False	True	1	4	5	-10,9	0,0	-10,9	0,0	-10,9	0,0	-10,9	0,0	1	4	5	0	0	0
22100	22100_1	22100_2	BND	chr12	54498404	chr18	25966727		False	False	False	True	1	4	5	-8,8	0,0	-10,9	0,0	-10,9	0,0	-8,8	0,0	1	4	5	0	0	0
8015	8015_1	8015_2	BND	chr12	57439836	chr12	74315633		False	False	False	True	1	4	5	-10,9	0,0	-10,9	0,0	-10,9	0,0	-10,9	0,0	1	4	5	0	0	0
22034	22034_1	22034_2	BND	chr12	58065279	chr13	94914614		False	False	False	True	1	4	5	-10,9	0,0	-8,8	0,0	-8,8	0,0	-10,9	0,0	1	4	5	0	0	0
7942	7942		INV	chr12	58866952	chr12	58867172	220.0	True		False		1	4	5	-10,9	-1,1	-10,9	-1,1					1	4	5	0	0	0
22043	22043_1	22043_2	BND	chr12	60786220	chr14	84645144		False	False	False	True	1	4	5	-8,8	0,0	-8,8	0,0	-8,8	0,0	-8,8	0,0	1	4	5	0	0	0
22201	22201_1	22201_2	BND	chr12	61085127	chrX	155037158		False	False	False	True	1	4	5	-8,8	0,0	-8,8	0,0	-8,8	0,0	-8,8	0,0	1	4	5	0	0	0
7951	7951_1	7951_2	BND	chr12	61408473	chr12	61408602		True	True	False	True	1	4	5	-10,9	-1,1	-10,9	-1,1	-10,9	-1,1	-10,9	-1,1	1	4	5	0	0	0
22056	22056_1	22056_2	BND	chr12	63798364	chr15	65654952		False	False	False	True	1	4	5	-10,9	0,0	-10,9	0,0	-10,9	0,0	-10,9	0,0	1	4	5	0	0	0
7971	7971		INV	chr12	65114932	chr12	65115283	351.0	True		False		3	2	5	-10,9	-1,1	-10,9	-1,1					3	2	5	0	0	0
7972	7972		INV	chr12	65234950	chr12	65235040	90.0	True		False		1	4	5	-9,0	-9,0	-10,9	-1,1					1	4	5	0	0	0
7981	7981		INV	chr12	67243502	chr12	67243593	91.0	True		False		1	4	5	-1,9	0,9	-1,0	-1,0					1	4	5	0	0	0
7984	7984		INV	chr12	68025948	chr12	68026195	247.0	True		False		2	3	5	-10,9	-1,1	-10,9	-1,1					2	3	5	0	0	0
7986	7986		INV	chr12	68492089	chr12	68492221	132.0	True		False		1	4	5	-8,8	-1,1	-9,0	-9,0					1	4	5	0	0	0
22104	22104_1	22104_2	BND	chr12	69119061	chr18	33074686		False	False	False	True	1	4	5	-8,8	0,0	-8,8	0,0	-8,8	0,0	-8,8	0,0	1	4	5	0	0	0
22132	22132_1	22132_2	BND	chr12	69377195	chr19	29083251		False	False	False	True	1	4	5	-10,9	0,0	-10,9	0,0	-10,9	0,0	-10,9	0,0	1	4	5	0	0	0
7989	7989_1	7989_2	BND	chr12	69719512	chr12	69719616		True	True	False	True	2	4	6	-10,8	-1,1	-10,9	-1,1	-10,9	-1,1	-10,8	-1,1	2	4	6	0	0	0
22066	22066_1	22066_2	BND	chr12	70518771	chr16	18995151		False	False	False	True	1	4	5	-10,9	0,0	-8,8	0,0	-8,8	0,0	-10,9	0,0	1	4	5	0	0	0
22172	22172_1	22172_2	BND	chr12	70963545	chrX	65953738		False	False	False	True	1	4	5	-10,9	0,0	-10,9	0,0	-10,9	0,0	-10,9	0,0	1	4	5	0	0	0
22091	22091_1	22091_2	BND	chr12	71370641	chr17	64959692		False	False	False	True	1	4	5	-10,9	0,0	-10,9	0,0	-10,9	0,0	-10,9	0,0	1	4	5	0	0	0
8004	8004		INV	chr12	72309140	chr12	72309247	107.0	True		False		2	3	5	-10,9	-1,1	-10,9	-1,1					2	3	5	0	0	0
8010	8010_1	8010_2	BND	chr12	72595775	chr12	72595906		True	True	False	True	2	3	5	-5,5	-1,3	-8,9	-1,1	-8,9	-1,1	-5,5	-1,3	2	3	5	0	0	0
22037	22037_1	22037_2	BND	chr12	74912823	chr14	22935517		False	False	False	True	1	4	5	-10,9	0,0	-10,9	0,0	-10,9	0,0	-10,9	0,0	1	4	5	0	0	0
8216	8216_1	8216_2	BND	chr12	74969722	chr12	122704045		False	False	False	True	1	4	5	-10,9	0,0	-10,9	0,0	-10,9	0,0	-10,9	0,0	1	4	5	0	0	0
22147	22147_1	22147_2	BND	chr12	75172054	chr20	53875912		True	True	False	True	1	4	5	-10,4	-3,0	-8,8	0,0	-8,8	0,0	-10,4	-3,0	1	4	5	0	0	0
8028	8028		INV	chr12	77101693	chr12	77101796	103.0	True		False		2	3	5	-10,1	-1,1	-10,9	-1,1					2	3	5	0	0	0
22193	22193_1	22193_2	BND	chr12	78876471	chrX	125653748		False	False	False	True	1	4	5	-10,9	0,0	-8,8	0,0	-8,8	0,0	-10,9	0,0	1	4	5	0	0	0
8039	8039_1	8039_2	BND	chr12	79630670	chr12	79630828		False	False	False	True	1	4	5	-10,9	0,0	-9,6	0,0	-9,6	0,0	-10,9	0,0	1	4	5	0	0	0
22174	22174_1	22174_2	BND	chr12	80389961	chrX	68150636		False	False	False	True	1	4	5	-8,8	0,0	-10,9	0,0	-10,9	0,0	-8,8	0,0	1	4	5	0	0	0
8043	8043_1	8043_2	BND	chr12	80447293	chr12	80447489		False	False	False	True	1	4	5	-8,8	0,0	-8,8	0,0	-8,8	0,0	-8,8	0,0	1	4	5	0	0	0
8044	8044		INV	chr12	80516913	chr12	80517046	133.0	True		False		2	3	5	0,7	0,1	-5,9	0,3					2	3	5	0	0	0
22113	22113_1	22113_2	BND	chr12	81282191	chr18	69432198		False	False	False	True	1	4	5	-8,8	0,0	-10,9	0,0	-10,9	0,0	-8,8	0,0	1	4	5	0	0	0
8050	8050_1	8050_2	BND	chr12	82244674	chr12	82244856		True	True	False	True	2	3	5	-10,9	-1,0	-10,9	-1,0	-10,9	-1,0	-10,9	-1,0	2	3	5	0	0	0
22026	22026_1	22026_2	BND	chr12	84170790	chr13	61234064		False	False	False	True	1	4	5	-10,9	0,0	-10,9	0,0	-10,9	0,0	-10,9	0,0	1	4	5	0	0	0
8061	8061		INV	chr12	84182378	chr12	84182481	103.0	True		False		3	2	5	-10,3	-1,1	-10,9	-1,1					3	2	5	0	0	0
22178	22178_1	22178_2	BND	chr12	84282849	chrX	77311389		False	False	False	True	1	4	5	-8,8	0,0	-10,9	0,0	-10,9	0,0	-8,8	0,0	1	4	5	0	0	0
8065	8065		INV	chr12	84453380	chr12	84453619	239.0	True		False		1	5	6	-10,9	-1,1	-10,9	-1,1					1	5	6	0	0	0
8082	8082		INV	chr12	87372732	chr12	87372861	129.0	True		False		2	3	5	-10,9	-1,1	-10,9	-1,1					2	3	5	0	0	0
22136	22136_1	22136_2	BND	chr12	87551076	chr19	57952981		True	True	False	True	1	4	5	-8,7	-1,0	-10,5	-1,0	-10,5	-1,0	-8,7	-1,0	1	4	5	0	0	0
22159	22159_1	22159_2	BND	chr12	88033575	chr22	35931334		False	False	False	True	1	4	5	-10,9	0,0	-8,8	0,0	-8,8	0,0	-10,9	0,0	1	4	5	0	0	0
8085	8085_1	8085_2	BND	chr12	88145045	chr12	88145229		True	True	False	True	1	4	5	-4,9	0,1	-8,7	0,1	-8,7	0,1	-4,9	0,1	1	4	5	0	0	0
8092	8092_1	8092_2	BND	chr12	89621177	chr12	89621286		True	True	False	True	2	3	5	-7,5	-1,2	-10,7	-2,0	-10,7	-2,0	-7,5	-1,2	2	3	5	0	0	0
22162	22162_1	22162_2	BND	chr12	90519841	chr22	44513324		False	False	False	True	1	4	5	-10,9	0,0	-8,8	0,0	-8,8	0,0	-10,9	0,0	1	4	5	0	0	0
22105	22105_1	22105_2	BND	chr12	90700389	chr18	33329532		False	False	False	True	1	4	5	-8,8	0,0	-10,9	0,0	-10,9	0,0	-8,8	0,0	1	4	5	0	0	0
22075	22075_1	22075_2	BND	chr12	91775249	chr16	70549150		False	False	False	True	1	4	5	-10,9	0,0	-10,9	0,0	-10,9	0,0	-10,9	0,0	1	4	5	0	0	0
22146	22146_1	22146_2	BND	chr12	92129127	chr20	52996190		False	False	False	True	1	4	5	-10,9	0,0	-8,8	0,0	-8,8	0,0	-10,9	0,0	1	4	5	0	0	0
22054	22054_1	22054_2	BND	chr12	92658366	chr15	58758581		False	False	False	True	1	4	5	-10,9	0,0	-10,9	0,0	-10,9	0,0	-10,9	0,0	1	4	5	0	0	0
22095	22095_1	22095_2	BND	chr12	94061770	chr18	6549045		False	False	False	True	1	4	5	-10,9	0,0	-8,8	0,0	-8,8	0,0	-10,9	0,0	1	4	5	0	0	0
8113	8113		INV	chr12	95024805	chr12	95024961	156.0	True		False		1	4	5	-9,0	-9,0	-9,0	-9,0					1	4	5	0	0	0
8119	8119_1	8119_2	BND	chr12	95583322	chr12	95583439		True	True	False	True	2	3	5	-5,9	-1,1	0,7	0,1	0,7	0,1	-5,9	-1,1	2	3	5	0	0	0
22148	22148_1	22148_2	BND	chr12	96868786	chr20	63646029		False	False	False	True	1	4	5	-8,8	0,0	-8,8	0,0	-8,8	0,0	-8,8	0,0	1	4	5	0	0	0
8129	8129		INV	chr12	97903447	chr12	97903588	141.0	True		False		3	2	5	-7,6	-3,3	-10,3	-3,1					3	2	5	0	0	0
22196	22196_1	22196_2	BND	chr12	98013014	chrX	134632020		False	False	False	True	1	4	5	-10,9	0,0	-10,9	0,0	-10,9	0,0	-10,9	0,0	1	4	5	0	0	0
22179	22179_1	22179_2	BND	chr12	98276425	chrX	80399405		True	True	False	True	1	4	5	-9,5	-1,0	-10,9	0,0	-10,9	0,0	-9,5	-1,0	1	4	5	0	0	0
8132	8132		DEL	chr12	98580288	chr12	98580571	283.0	True		False		8	0	8	-10,173	-3,42	-142,9	-43,3					7	0	7	1	0	1
22044	22044_1	22044_2	BND	chr12	98986306	chr14	87921745		False	False	False	True	1	4	5	-10,9	0,0	-10,9	0,0	-10,9	0,0	-10,9	0,0	1	4	5	0	0	0
8133	8133		INV	chr12	99094804	chr12	99094929	125.0	True		False		1	4	5	-1,9	0,1	-1,9	0,1					1	4	5	0	0	0
22017	22017_1	22017_2	BND	chr12	99138969	chr13	38111713		False	False	False	True	1	4	5	-10,9	0,0	-10,9	0,0	-10,9	0,0	-10,9	0,0	1	4	5	0	0	0
22107	22107_1	22107_2	BND	chr12	100970474	chr18	44193701		False	False	False	True	1	4	5	-10,9	0,0	-8,8	0,0	-8,8	0,0	-10,9	0,0	1	4	5	0	0	0
8144	8144_1	8144_2	BND	chr12	102032543	chr12	102032658		True	True	False	True	1	4	5	-10,9	-1,1	-10,9	-1,1	-10,9	-1,1	-10,9	-1,1	1	4	5	0	0	0
22067	22067_1	22067_2	BND	chr12	102528288	chr16	30499238		False	False	False	True	1	4	5	-8,8	0,0	-8,8	0,0	-8,8	0,0	-8,8	0,0	1	4	5	0	0	0
22139	22139_1	22139_2	BND	chr12	102935881	chr20	25565656		False	False	False	True	1	4	5	-10,9	0,0	-10,9	0,0	-10,9	0,0	-10,9	0,0	1	4	5	0	0	0
8158	8158_1	8158_2	BND	chr12	104135644	chr12	104135886		True	True	False	True	2	3	5	-10,9	-1,1	-8,9	-1,1	-8,9	-1,1	-10,9	-1,1	2	3	5	0	0	0
22102	22102_1	22102_2	BND	chr12	104197515	chr18	30388478		False	False	False	True	1	4	5	-10,9	0,0	-10,9	0,0	-10,9	0,0	-10,9	0,0	1	4	5	0	0	0
22183	22183_1	22183_2	BND	chr12	105126570	chrX	93110500		False	False	False	True	1	4	5	-10,9	0,0	-8,8	0,0	-8,8	0,0	-10,9	0,0	1	4	5	0	0	0
22168	22168_1	22168_2	BND	chr12	109603324	chrX	41818953		False	False	False	True	1	4	5	-8,8	0,0	-8,8	0,0	-8,8	0,0	-8,8	0,0	1	4	5	0	0	0
22164	22164_1	22164_2	BND	chr12	111545163	chrX	1332276		False	False	False	True	1	4	5	-10,9	0,0	-10,9	0,0	-10,9	0,0	-10,9	0,0	1	4	5	0	0	0
22187	22187_1	22187_2	BND	chr12	112836658	chrX	103053264		True	True	False	True	1	4	5	-8,8	-1,0	-8,8	0,0	-8,8	0,0	-8,8	-1,0	1	4	5	0	0	0
22071	22071_1	22071_2	BND	chr12	115179072	chr16	50965129		False	False	False	True	1	4	5	-8,8	0,0	-8,8	0,0	-8,8	0,0	-8,8	0,0	1	4	5	0	0	0
8186	8186		INV	chr12	115382982	chr12	115383150	168.0	True		False		2	3	5	-10,7	-1,1	-10,9	-1,1					2	3	5	0	0	0
22077	22077_1	22077_2	BND	chr12	117807810	chr16	82889323		False	False	False	True	1	4	5	-8,8	0,0	-8,8	0,0	-8,8	0,0	-8,8	0,0	1	4	5	0	0	0
8199	8199_1	8199_2	BND	chr12	118064357	chr12	118064492		True	True	False	True	2	3	5	-8,9	-1,1	-8,9	-1,1	-8,9	-1,1	-8,9	-1,1	2	3	5	0	0	0
8200	8200_1	8200_2	BND	chr12	118336077	chr12	118336248		False	False	False	True	1	4	5	-10,9	0,0	-9,6	0,0	-9,6	0,0	-10,9	0,0	1	4	5	0	0	0
22025	22025_1	22025_2	BND	chr12	118426700	chr13	59554790		False	False	False	True	1	4	5	-8,8	0,0	-8,8	0,0	-8,8	0,0	-8,8	0,0	1	4	5	0	0	0
22090	22090_1	22090_2	BND	chr12	121734417	chr17	42397441		True	True	False	True	6	0	6	-545,9	-101,1	-226,9	-54,3	-226,9	-54,3	-545,9	-101,1	6	0	6	0	0	0
22195	22195_1	22195_2	BND	chr12	127283563	chrX	133154326		False	False	False	True	1	4	5	-8,8	0,0	-10,9	0,0	-10,9	0,0	-8,8	0,0	1	4	5	0	0	0
8254	8254		INV	chr12	129991070	chr12	129991191	121.0	True		False		2	4	6	-20,4	-20,4	-19,21	-12,12					2	4	6	0	0	0
22200	22200_1	22200_2	BND	chr12	130323029	chrX	144976021		False	False	False	True	1	4	5	-10,9	0,0	-8,8	0,0	-8,8	0,0	-10,9	0,0	1	4	5	0	0	0
8256	8256_1	8256_2	BND	chr12	130363852	chr12	130363954		True	True	False	True	1	4	5	0,8	0,8	-6,0	-6,0	-6,0	-6,0	0,8	0,8	1	4	5	0	0	0
8269	8269_1	8269_2	BND	chr12	131293539	chr12	131667102		True	True	False	True	6	0	6	-340,9	-80,1	-233,9	-65,3	-233,9	-65,3	-340,9	-80,1	5	0	5	1	0	1
8344	8344		DUP	chr13	16151106	chr13	16188625	37519.0	True		False		6	0	6	-448,9	-84,2	-10,474	-1,100					5	0	5	1	0	1
8442	8442		INV	chr13	22044132	chr13	22044263	131.0	True		False		3	2	5	-10,8	-1,0	-4,8	-1,0					3	2	5	0	0	0
22390	22390_1	22390_2	BND	chr13	22509782	chr18	24742380		False	False	False	True	1	4	5	-8,8	0,0	-10,9	0,0	-10,9	0,0	-8,8	0,0	1	4	5	0	0	0
22466	22466_1	22466_2	BND	chr13	28927960	chrX	94213430		False	False	False	True	1	4	5	-8,8	0,0	-8,8	0,0	-8,8	0,0	-8,8	0,0	1	4	5	0	0	0
8488	8488_1	8488_2	BND	chr13	29664827	chr13	29664949		True	True	False	True	2	3	5	-10,9	-1,1	-10,9	-1,1	-10,9	-1,1	-10,9	-1,1	2	3	5	0	0	0
8491	8491_1	8491_2	BND	chr13	30313551	chr13	30313682		False	False	False	True	1	4	5	-10,9	0,0	-9,6	0,0	-9,6	0,0	-10,9	0,0	1	4	5	0	0	0
22465	22465_1	22465_2	BND	chr13	33480239	chrX	86497463		False	False	False	True	1	4	5	-8,8	0,0	-10,9	0,0	-10,9	0,0	-8,8	0,0	1	4	5	0	0	0
22463	22463_1	22463_2	BND	chr13	33607150	chrX	55215785		False	False	False	True	1	4	5	-8,8	0,0	-10,9	0,0	-10,9	0,0	-8,8	0,0	1	4	5	0	0	0
22417	22417_1	22417_2	BND	chr13	36581762	chr20	59946110		True	True	False	True	1	4	5	-9,6	0,1	-5,8	0,1	-5,8	0,1	-9,6	0,1	1	4	5	0	0	0
8516	8516		INV	chr13	36939941	chr13	36940207	266.0	True		False		1	4	5	-10,9	-1,1	-10,9	-1,1					1	4	5	0	0	0
8525	8525		DEL	chr13	42181861	chr13	42182068	207.0	True		False		6	2	8	-6,9	-1,4	-10,9	-1,1					6	1	7	0	1	1
8749	8749_1	8749_2	BND	chr13	43323187	chr13	106718473		False	False	False	True	1	4	5	-8,8	0,0	-8,8	0,0	-8,8	0,0	-8,8	0,0	1	4	5	0	0	0
22385	22385_1	22385_2	BND	chr13	43478064	chr18	6276793		False	False	False	True	1	4	5	-8,8	0,0	-8,8	0,0	-8,8	0,0	-8,8	0,0	1	4	5	0	0	0
22308	22308_1	22308_2	BND	chr13	43663458	chr14	53814586		False	False	False	True	1	4	5	-8,8	0,0	-10,9	0,0	-10,9	0,0	-8,8	0,0	1	4	5	0	0	0
8535	8535_1	8535_2	BND	chr13	45398392	chr13	45398529		False	False	False	True	1	4	5	-10,9	0,0	-9,6	0,0	-9,6	0,0	-10,9	0,0	1	4	5	0	0	0
8541	8541_1	8541_2	BND	chr13	47523199	chr13	47523325		True	True	False	True	2	3	5	-5,4	-1,3	-8,9	-1,1	-8,9	-1,1	-5,4	-1,3	2	3	5	0	0	0
22392	22392_1	22392_2	BND	chr13	47698023	chr18	25800632		False	False	False	True	1	4	5	-10,9	0,0	-10,9	0,0	-10,9	0,0	-10,9	0,0	1	4	5	0	0	0
8543	8543_1	8543_2	BND	chr13	48041765	chr13	48042158		False	False	False	True	1	4	5	-10,9	0,0	-10,9	0,0	-10,9	0,0	-10,9	0,0	1	4	5	0	0	0
22379	22379_1	22379_2	BND	chr13	48979033	chr17	53100532		False	False	False	True	1	4	5	-10,9	0,0	-10,9	0,0	-10,9	0,0	-10,9	0,0	1	4	5	0	0	0
22382	22382_1	22382_2	BND	chr13	50216432	chr17	70240067		False	False	False	True	1	4	5	-8,8	0,0	-8,8	0,0	-8,8	0,0	-8,8	0,0	1	4	5	0	0	0
8550	8550		INV	chr13	50444192	chr13	50444285	93.0	True		False		2	3	5	-10,6	-1,1	-10,9	-1,1					2	3	5	0	0	0
22462	22462_1	22462_2	BND	chr13	52050700	chrX	48274464		True	True	False	True	2	3	5	-8,9	-1,1	-8,9	-1,1	-8,9	-1,1	-8,9	-1,1	2	3	5	0	0	0
8556	8556_1	8556_2	BND	chr13	52401791	chr13	52401946		False	False	False	True	1	4	5	-10,9	0,0	-9,6	0,0	-9,6	0,0	-10,9	0,0	1	4	5	0	0	0
8563	8563_1	8563_2	BND	chr13	54792704	chr13	54792832		True	True	False	True	2	3	5	-10,9	-1,1	-10,9	-1,1	-10,9	-1,1	-10,9	-1,1	2	3	5	0	0	0
22341	22341_1	22341_2	BND	chr13	55828088	chr16	19438410		False	False	False	True	1	4	5	-10,9	0,0	-8,8	0,0	-8,8	0,0	-10,9	0,0	1	4	5	0	0	0
8573	8573_1	8573_2	BND	chr13	56625948	chr13	56626176		True	True	False	True	1	4	5	0,0	0,0	-9,0	-9,0	-9,0	-9,0	0,0	0,0	1	4	5	0	0	0
8576	8576_1	8576_2	BND	chr13	57244871	chr13	57244980		False	False	False	True	1	4	5	-8,8	0,0	-8,8	0,0	-8,8	0,0	-8,8	0,0	1	4	5	0	0	0
8578	8578_1	8578_2	BND	chr13	57432111	chr13	57432220		False	False	False	True	2	4	6	-6,2	0,0	-10,9	0,0	-10,9	0,0	-6,2	0,0	2	4	6	0	0	0
22335	22335_1	22335_2	BND	chr13	57519657	chr15	92607849		False	False	False	True	1	4	5	-8,8	0,0	-10,9	0,0	-10,9	0,0	-8,8	0,0	1	4	5	0	0	0
8580	8580		INV	chr13	57721186	chr13	57721589	403.0	True		False		2	3	5	-4,9	-1,3	-10,9	-1,1					2	3	5	0	0	0
8582	8582_1	8582_2	BND	chr13	58422172	chr13	58422275		True	True	False	True	1	4	5	-10,9	0,0	-6,7	0,1	-6,7	0,1	-10,9	0,0	1	4	5	0	0	0
8596	8596		INV	chr13	61322481	chr13	61322619	138.0	True		False		3	4	7	-10,0	-3,0	-6,9	-1,1					3	4	7	0	0	0
8597	8597		INV	chr13	61662153	chr13	61662328	175.0	True		False		2	3	5	-3,9	0,3	-3,9	-1,1					2	3	5	0	0	0
8601	8601_1	8601_2	BND	chr13	63325879	chr13	63325982		False	False	False	True	1	4	5	-10,9	0,0	-9,6	0,0	-9,6	0,0	-10,9	0,0	1	4	5	0	0	0
8609	8609_1	8609_2	BND	chr13	65409555	chr13	65409684		True	True	False	True	1	4	5	-10,6	-1,0	-10,6	-1,0	-10,6	-1,0	-10,6	-1,0	1	4	5	0	0	0
22456	22456_1	22456_2	BND	chr13	66197531	chrX	39111058		False	False	False	True	1	4	5	-10,9	0,0	-10,9	0,0	-10,9	0,0	-10,9	0,0	1	4	5	0	0	0
8615	8615		INV	chr13	66888683	chr13	66888779	96.0	True		False		2	3	5	-3,9	-1,3	0,9	0,3					2	3	5	0	0	0
22438	22438_1	22438_2	BND	chr13	67911680	chr21	35716593		False	False	False	True	1	4	5	-10,9	0,0	-10,9	0,0	-10,9	0,0	-10,9	0,0	1	4	5	0	0	0
22408	22408_1	22408_2	BND	chr13	68912183	chr20	21531300		False	False	False	True	1	4	5	-10,9	0,0	-10,9	0,0	-10,9	0,0	-10,9	0,0	1	4	5	0	0	0
8625	8625_1	8625_2	BND	chr13	69850795	chr13	69850995		True	True	False	True	2	3	5	-9,9	-1,1	-8,9	-1,1	-8,9	-1,1	-9,9	-1,1	2	3	5	0	0	0
8634	8634_1	8634_2	BND	chr13	73022596	chr13	73022709		True	True	False	True	2	3	5	-9,9	-1,1	-8,9	-1,1	-8,9	-1,1	-9,9	-1,1	2	3	5	0	0	0
22454	22454_1	22454_2	BND	chr13	73367368	chrX	15999510		True	True	False	True	1	4	5	-8,9	0,1	-5,9	0,5	-5,9	0,5	-8,9	0,1	1	4	5	0	0	0
22305	22305_1	22305_2	BND	chr13	76949983	chr14	40744311		False	False	False	True	1	4	5	-10,9	0,0	-10,9	0,0	-10,9	0,0	-10,9	0,0	1	4	5	0	0	0
22461	22461_1	22461_2	BND	chr13	77543849	chrX	48097860		False	False	False	True	1	4	5	-8,8	0,0	-8,8	0,0	-8,8	0,0	-8,8	0,0	1	4	5	0	0	0
8654	8654_1	8654_2	BND	chr13	78445354	chr13	78445677		False	False	False	True	1	4	5	-10,9	0,0	-10,9	0,0	-10,9	0,0	-10,9	0,0	1	4	5	0	0	0
22353	22353_1	22353_2	BND	chr13	80630029	chr17	19791896		False	False	False	True	1	4	5	-8,8	0,0	-8,8	0,0	-8,8	0,0	-8,8	0,0	1	4	5	0	0	0
8685	8685		INV	chr13	85561766	chr13	85561896	130.0	True		False		1	4	5	-9,2	-2,1	-9,4	-2,1					1	4	5	0	0	0
22458	22458_1	22458_2	BND	chr13	85909165	chrX	44018919		False	False	False	True	1	4	5	-8,8	0,0	-10,9	0,0	-10,9	0,0	-8,8	0,0	1	4	5	0	0	0
8696	8696_1	8696_2	BND	chr13	88404655	chr13	88404778		True	True	False	True	2	3	5	-10,9	-1,1	-10,9	-1,1	-10,9	-1,1	-10,9	-1,1	2	3	5	0	0	0
22406	22406_1	22406_2	BND	chr13	90377968	chr20	14318504		False	False	False	True	1	4	5	-10,9	0,0	-10,9	0,0	-10,9	0,0	-10,9	0,0	1	4	5	0	0	0
22470	22470_1	22470_2	BND	chr13	92395906	chrX	124421601		False	False	False	True	1	4	5	-10,9	0,0	-8,8	0,0	-8,8	0,0	-10,9	0,0	1	4	5	0	0	0
22389	22389_1	22389_2	BND	chr13	93154670	chr18	23273124		False	False	False	True	1	4	5	-10,9	0,0	-8,8	0,0	-8,8	0,0	-10,9	0,0	1	4	5	0	0	0
8711	8711		INV	chr13	93802270	chr13	93802385	115.0	True		False		1	4	5	-10,9	-1,1	-10,9	-1,1					1	4	5	0	0	0
8712	8712_1	8712_2	BND	chr13	93847885	chr13	93848009		True	True	False	True	2	3	5	-8,4	-1,1	-8,9	-1,1	-8,9	-1,1	-8,4	-1,1	2	3	5	0	0	0
8716	8716		INV	chr13	96037996	chr13	96038200	204.0	True		False		2	3	5	-9,9	-1,2	-10,9	-1,1					2	3	5	0	0	0
22333	22333_1	22333_2	BND	chr13	96337743	chr15	82095898		False	False	False	True	1	4	5	-10,9	0,0	-8,8	0,0	-8,8	0,0	-10,9	0,0	1	4	5	0	0	0
22351	22351_1	22351_2	BND	chr13	96815614	chr17	7835009		False	False	False	True	1	4	5	-10,9	0,0	-8,8	0,0	-8,8	0,0	-10,9	0,0	1	4	5	0	0	0
22449	22449_1	22449_2	BND	chr13	98177651	chr22	33152546		False	False	False	True	1	4	5	-10,9	0,0	-10,9	0,0	-10,9	0,0	-10,9	0,0	1	4	5	0	0	0
22439	22439_1	22439_2	BND	chr13	98600426	chr21	39102210		False	False	False	True	1	4	5	-10,9	0,0	-10,9	0,0	-10,9	0,0	-10,9	0,0	1	4	5	0	0	0
22336	22336_1	22336_2	BND	chr13	98874951	chr15	92686038		False	False	False	True	1	4	5	-8,8	0,0	-8,8	0,0	-8,8	0,0	-8,8	0,0	1	4	5	0	0	0
22344	22344_1	22344_2	BND	chr13	102444128	chr16	34588048		False	False	False	True	1	4	5	-8,8	0,0	-10,9	0,0	-10,9	0,0	-8,8	0,0	1	4	5	0	0	0
8735	8735		INV	chr13	103188578	chr13	103188712	134.0	True		False		2	3	5	0,1	0,1	-5,9	-1,1					2	3	5	0	0	0
22467	22467_1	22467_2	BND	chr13	104229518	chrX	94280448		True	True	False	True	1	4	5	-8,8	-1,0	-10,4	-1,0	-10,4	-1,0	-8,8	-1,0	1	4	5	0	0	0
22407	22407_1	22407_2	BND	chr13	104231073	chr20	21258932		False	False	False	True	1	4	5	-8,8	0,0	-10,9	0,0	-10,9	0,0	-8,8	0,0	1	4	5	0	0	0
22342	22342_1	22342_2	BND	chr13	105176294	chr16	23968391		False	False	False	True	1	4	5	-10,9	0,0	-10,9	0,0	-10,9	0,0	-10,9	0,0	1	4	5	0	0	0
22396	22396_1	22396_2	BND	chr13	105717030	chr18	75169373		True	True	False	True	1	4	5	-9,4	-1,0	-7,9	0,1	-7,9	0,1	-9,4	-1,0	1	4	5	0	0	0
8751	8751_1	8751_2	BND	chr13	107276979	chr13	107277105		True	True	False	True	2	3	5	0,8	0,3	-6,0	-6,0	-6,0	-6,0	0,8	0,3	2	3	5	0	0	0
8789	8789		DEL	chr13	113346277	chr13	113347285	1008.0	True		False		6	0	6	-10,470	-1,100	-34,9	-25,2					6	0	6	0	0	0
22615	22615_1	22615_2	BND	chr14	19943373	chr22	27176219		False	False	False	True	1	4	5	-8,8	0,0	-10,9	0,0	-10,9	0,0	-8,8	0,0	1	4	5	0	0	0
22576	22576_1	22576_2	BND	chr14	23878631	chr17	15314547		False	False	False	True	1	4	5	-10,9	0,0	-8,8	0,0	-8,8	0,0	-10,9	0,0	1	4	5	0	0	0
8818	8818		INV	chr14	24636993	chr14	24637231	238.0	True		False		1	4	5	-10,9	-1,1	-10,9	-1,1					1	4	5	0	0	0
8821	8821		INV	chr14	25902035	chr14	25902163	128.0	True		False		1	4	5	-9,1	-2,1	-9,1	-2,1					1	4	5	0	0	0
8823	8823		INV	chr14	26359450	chr14	26359557	107.0	True		False		3	4	7	-1,9	-1,1	-1,9	0,3					3	4	7	0	0	0
8824	8824_1	8824_2	BND	chr14	26487731	chr14	26487909		True	True	False	True	2	3	5	-10,9	-1,1	-10,9	-1,1	-10,9	-1,1	-10,9	-1,1	2	3	5	0	0	0
8797	8797_1	8797_2	BND	chr14	26935187	chr14	26935307		True	True	False	True	1	4	5	-7,0	-7,0	0,9	0,0	0,9	0,0	-7,0	-7,0	1	4	5	0	0	0
22573	22573_1	22573_2	BND	chr14	30947486	chr16	65181822		True	True	False	True	1	4	5	-10,6	-1,0	-9,6	0,1	-9,6	0,1	-10,6	-1,0	1	4	5	0	0	0
8837	8837_1	8837_2	BND	chr14	31885475	chr14	31885632		False	False	False	True	1	4	5	-8,8	0,0	-8,8	0,0	-8,8	0,0	-8,8	0,0	1	4	5	0	0	0
9034	9034_1	9034_2	BND	chr14	38298024	chr14	104005183		False	False	False	True	1	4	5	-10,9	0,0	-10,9	0,0	-10,9	0,0	-10,9	0,0	1	4	5	0	0	0
22597	22597_1	22597_2	BND	chr14	38737384	chr18	69990955		False	False	False	True	1	4	5	-10,9	0,0	-10,9	0,0	-10,9	0,0	-10,9	0,0	1	4	5	0	0	0
8869	8869_1	8869_2	BND	chr14	43719008	chr14	43719156		False	False	False	True	1	4	5	-8,8	0,0	-8,8	0,0	-8,8	0,0	-8,8	0,0	1	4	5	0	0	0
22595	22595_1	22595_2	BND	chr14	44449355	chr18	62087831		True	True	False	True	1	4	5	-7,8	0,1	-8,8	0,0	-8,8	0,0	-7,8	0,1	1	4	5	0	0	0
22563	22563_1	22563_2	BND	chr14	47936597	chr15	61137052		False	False	False	True	1	4	5	-10,9	0,0	-8,8	0,0	-8,8	0,0	-10,9	0,0	1	4	5	0	0	0
8886	8886_1	8886_2	BND	chr14	49544675	chr14	49544894		True	True	False	True	2	3	5	-10,9	-1,1	-10,9	-1,1	-10,9	-1,1	-10,9	-1,1	2	3	5	0	0	0
8889	8889_1	8889_2	BND	chr14	49759782	chr14	49759970		True	True	False	True	2	3	5	0,9	0,3	-10,9	-1,1	-10,9	-1,1	0,9	0,3	2	3	5	0	0	0
22614	22614_1	22614_2	BND	chr14	50811480	chr22	17730956		False	False	False	True	2	4	6	-10,9	0,0	-10,9	0,0	-10,9	0,0	-10,9	0,0	2	4	6	0	0	0
22590	22590_1	22590_2	BND	chr14	51326699	chr18	30653193		True	True	False	True	1	4	5	-8,7	0,1	-8,9	0,1	-8,9	0,1	-8,7	0,1	1	4	5	0	0	0
22621	22621_1	22621_2	BND	chr14	56865259	chrX	19096519		False	False	False	True	1	4	5	-8,8	0,0	-10,9	0,0	-10,9	0,0	-8,8	0,0	1	4	5	0	0	0
8902	8902_1	8902_2	BND	chr14	57034937	chr14	57035093		True	True	False	True	2	3	5	-10,6	-1,0	-10,6	-1,0	-10,6	-1,0	-10,6	-1,0	2	3	5	0	0	0
22622	22622_1	22622_2	BND	chr14	58670823	chrX	27360398		False	False	False	True	1	4	5	-8,8	0,0	-8,8	0,0	-8,8	0,0	-8,8	0,0	1	4	5	0	0	0
22564	22564_1	22564_2	BND	chr14	62732961	chr15	67011631		False	False	False	True	1	4	5	-10,9	0,0	-8,8	0,0	-8,8	0,0	-10,9	0,0	1	4	5	0	0	0
22628	22628_1	22628_2	BND	chr14	64128240	chrX	56511141		False	False	False	True	1	4	5	-10,9	0,0	-8,8	0,0	-8,8	0,0	-10,9	0,0	1	4	5	0	0	0
22580	22580_1	22580_2	BND	chr14	66703960	chr17	55858061		False	False	False	True	1	4	5	-10,9	0,0	-10,9	0,0	-10,9	0,0	-10,9	0,0	1	4	5	0	0	0
22625	22625_1	22625_2	BND	chr14	67185216	chrX	46864997		False	False	False	True	1	4	5	-10,9	0,0	-8,8	0,0	-8,8	0,0	-10,9	0,0	1	4	5	0	0	0
22562	22562_1	22562_2	BND	chr14	70366823	chr15	57273640		False	False	False	True	1	4	5	-10,9	0,0	-10,9	0,0	-10,9	0,0	-10,9	0,0	1	4	5	0	0	0
22605	22605_1	22605_2	BND	chr14	75091742	chr20	16325833		False	False	False	True	1	4	5	-8,8	0,0	-10,9	0,0	-10,9	0,0	-8,8	0,0	1	4	5	0	0	0
8966	8966_1	8966_2	BND	chr14	78070371	chr14	78070629		False	False	False	True	1	4	5	-8,8	0,0	-8,8	0,0	-8,8	0,0	-8,8	0,0	1	4	5	0	0	0
22630	22630_1	22630_2	BND	chr14	78187739	chrX	73567436		False	False	False	True	1	4	5	-10,9	0,0	-10,9	0,0	-10,9	0,0	-10,9	0,0	1	4	5	0	0	0
22593	22593_1	22593_2	BND	chr14	78792237	chr18	52036870		False	False	False	True	1	4	5	-8,8	0,0	-10,9	0,0	-10,9	0,0	-8,8	0,0	1	4	5	0	0	0
22620	22620_1	22620_2	BND	chr14	82273567	chrX	11451967		False	False	False	True	1	4	5	-10,9	0,0	-8,8	0,0	-8,8	0,0	-10,9	0,0	1	4	5	0	0	0
22631	22631_1	22631_2	BND	chr14	82380723	chrX	82223181		True	True	False	True	1	4	5	-8,8	0,0	-10,7	-1,0	-10,7	-1,0	-8,8	0,0	1	4	5	0	0	0
8987	8987_1	8987_2	BND	chr14	85403189	chr14	85403337		True	True	False	True	2	4	6	0,3	0,3	0,3	0,3	0,3	0,3	0,3	0,3	2	4	6	0	0	0
22616	22616_1	22616_2	BND	chr14	88280120	chr22	34396289		False	False	False	True	2	4	6	-10,9	0,0	-10,9	0,0	-10,9	0,0	-10,9	0,0	2	4	6	0	0	0
8994	8994		INV	chr14	88487504	chr14	88487638	134.0	True		False		2	4	6	-3,8	-1,6	-4,7	-2,5					2	4	6	0	0	0
8996	8996_1	8996_2	BND	chr14	88849539	chr14	88849631		True	True	False	True	2	3	5	-10,9	-1,1	-5,9	-1,1	-5,9	-1,1	-10,9	-1,1	2	3	5	0	0	0
22609	22609_1	22609_2	BND	chr14	95598397	chr20	34488135		False	False	False	True	1	4	5	-8,8	0,0	-10,9	0,0	-10,9	0,0	-8,8	0,0	1	4	5	0	0	0
22568	22568_1	22568_2	BND	chr14	102200506	chr16	17815103		False	False	False	True	1	4	5	-8,8	0,0	-8,8	0,0	-8,8	0,0	-8,8	0,0	1	4	5	0	0	0
22618	22618_1	22618_2	BND	chr14	102637132	chr22	40202275		False	False	False	True	1	4	5	-10,9	0,0	-8,8	0,0	-8,8	0,0	-10,9	0,0	1	4	5	0	0	0
9086	9086		DEL	chr15	20340752	chr15	20343572	2820.0	True		False		18	2	20	-10,9	-3,3	-10,9	-3,3					18	1	19	0	1	1
9090	9090		INV	chr15	20365371	chr15	20365473	102.0	True		False		3	2	5	-10,9	-1,1	-10,9	-1,1					3	2	5	0	0	0
9093	9093		INV	chr15	20400535	chr15	20400743	208.0	True		False		3	3	6	-10,21	-2,21	-10,523	-2,172					3	3	6	0	0	0
22728	22728_1	22728_2	BND	chr15	23658361	chr19	15536260		False	False	False	True	1	4	5	-8,8	0,0	-10,9	0,0	-10,9	0,0	-8,8	0,0	1	4	5	0	0	0
9111	9111		DUP	chr15	24168351	chr15	24383993	215642.0	True		False		9	0	9	-331,9	-55,2	-10,330	-2,69					8	0	8	1	0	1
22766	22766_1	22766_2	BND	chr15	24962565	chr22	21599848		False	False	False	True	1	4	5	-10,9	0,0	-8,8	0,0	-8,8	0,0	-10,9	0,0	1	4	5	0	0	0
22697	22697_1	22697_2	BND	chr15	25153695	chr16	7541534		False	False	False	True	1	4	5	-8,8	0,0	-8,8	0,0	-8,8	0,0	-8,8	0,0	1	4	5	0	0	0
9140	9140_1	9140_2	BND	chr15	30735448	chr15	31670419		True	True	False	True	9	0	9	-10,333	-3,51	-10,324	-2,60	-10,324	-2,60	-10,333	-3,51	8	0	8	1	0	1
22722	22722_1	22722_2	BND	chr15	36495981	chr18	42293601		False	False	False	True	1	4	5	-8,8	0,0	-8,8	0,0	-8,8	0,0	-8,8	0,0	1	4	5	0	0	0
9160	9160_1	9160_2	BND	chr15	38019028	chr15	38019169		True	True	False	True	2	4	6	-503,9	-167,2	-5,9	-5,1	-5,9	-5,1	-503,9	-167,2	2	4	6	0	0	0
9164	9164		INV	chr15	39007665	chr15	39007808	143.0	True		False		2	3	5	-10,3	-3,0	-2,9	0,3					2	3	5	0	0	0
22723	22723_1	22723_2	BND	chr15	43546243	chr18	51683046		False	False	False	True	1	4	5	-10,9	0,0	-10,9	0,0	-10,9	0,0	-10,9	0,0	1	4	5	0	0	0
22717	22717_1	22717_2	BND	chr15	46671267	chr17	59795632		True	True	False	True	1	4	5	-6,9	0,1	-8,9	0,1	-8,9	0,1	-6,9	0,1	1	4	5	0	0	0
22715	22715_1	22715_2	BND	chr15	47561527	chr17	55358086		True	True	False	True	1	4	5	-8,7	0,1	-10,6	-1,0	-10,6	-1,0	-8,7	0,1	1	4	5	0	0	0
9198	9198		INV	chr15	49787227	chr15	49787377	150.0	True		False		3	2	5	-17,0	-17,0	-8,6	-4,4					3	2	5	0	0	0
9200	9200		INV	chr15	49993569	chr15	49993750	181.0	True		False		2	3	5	-4,0	-4,0	-7,3	-3,1					2	3	5	0	0	0
9210	9210		INV	chr15	52771367	chr15	52771485	118.0	True		False		2	3	5	-10,9	-2,3	-10,9	-2,3					2	3	5	0	0	0
22786	22786_1	22786_2	BND	chr15	54416567	chrX	136910147		False	False	False	True	1	4	5	-10,9	0,0	-8,8	0,0	-8,8	0,0	-10,9	0,0	1	4	5	0	0	0
22710	22710_1	22710_2	BND	chr15	56716527	chr17	38866306		False	False	False	True	1	4	5	-10,9	0,0	-8,8	0,0	-8,8	0,0	-10,9	0,0	1	4	5	0	0	0
9219	9219		DEL	chr15	57170653	chr15	57170779	126.0	False		False		1	8	9	-10,9	0,0	-8,9	0,0					1	7	8	0	1	1
9220	9220		INV	chr15	57209809	chr15	57209988	179.0	True		False		3	3	6	-10,9	-1,1	-6,9	-1,1					3	3	6	0	0	0
22718	22718_1	22718_2	BND	chr15	58774508	chr17	64723491		True	True	False	True	1	4	5	-8,8	0,0	-8,9	0,2	-8,9	0,2	-8,8	0,0	1	4	5	0	0	0
9229	9229_1	9229_2	BND	chr15	58985203	chr15	58985327		True	True	False	True	2	3	5	-10,6	-1,0	0,8	0,0	0,8	0,0	-10,6	-1,0	2	3	5	0	0	0
22782	22782_1	22782_2	BND	chr15	64616530	chrX	77285547		False	False	False	True	1	4	5	-8,8	0,0	-8,8	0,0	-8,8	0,0	-8,8	0,0	1	4	5	0	0	0
22781	22781_1	22781_2	BND	chr15	65012164	chrX	51413561		False	False	False	True	1	4	5	-10,9	0,0	-10,9	0,0	-10,9	0,0	-10,9	0,0	1	4	5	0	0	0
22784	22784_1	22784_2	BND	chr15	65050822	chrX	98056336		False	False	False	True	1	4	5	-8,8	0,0	-10,9	0,0	-10,9	0,0	-8,8	0,0	1	4	5	0	0	0
9247	9247		DEL	chr15	67771161	chr15	67771176	15.0	True		False		2	5	7	-9,6	-1,0	-10,9	0,0					1	5	6	1	0	1
9287	9287_1	9287_2	BND	chr15	75689563	chr15	77897334		True	True	False	True	6	0	6	-465,9	-90,2	-426,9	-80,2	-426,9	-80,2	-465,9	-90,2	5	0	5	1	0	1
9321	9321_1	9321_2	BND	chr15	77618526	chr15	88515107		True	True	False	True	6	0	6	-471,7	-104,2	-401,9	-85,2	-401,9	-85,2	-471,7	-104,2	6	0	6	0	0	0
9295	9295_1	9295_2	BND	chr15	79108689	chr15	79108837		True	True	False	True	2	3	5	-10,9	-1,1	-10,9	-1,1	-10,9	-1,1	-10,9	-1,1	2	3	5	0	0	0
22719	22719_1	22719_2	BND	chr15	79276614	chr18	7870621		False	False	False	True	1	5	6	-8,5	0,0	-8,5	0,0	-8,5	0,0	-8,5	0,0	1	5	6	0	0	0
22702	22702_1	22702_2	BND	chr15	79303550	chr16	64129154		True	True	False	True	1	4	5	-10,7	-1,0	-7,7	0,1	-7,7	0,1	-10,7	-1,0	1	4	5	0	0	0
22704	22704_1	22704_2	BND	chr15	81053104	chr17	6006901		False	False	False	True	1	4	5	-10,9	0,0	-8,8	0,0	-8,8	0,0	-10,9	0,0	1	4	5	0	0	0
9298	9298		INV	chr15	81425582	chr15	81425676	94.0	True		False		1	5	6	0,4	0,3	0,2	0,2					1	5	6	0	0	0
9307	9307		INV	chr15	83854059	chr15	83854248	189.0	True		False		1	4	5	-10,9	-1,1	-10,9	-1,1					1	4	5	0	0	0
9309	9309_1	9309_2	BND	chr15	84172266	chr15	84571344		True	True	False	True	5	0	5	-509,9	-111,2	-360,9	-80,2	-360,9	-80,2	-509,9	-111,2	5	0	5	0	0	0
9310	9310_1	9310_2	BND	chr15	84584253	chr15	84584334		True	True	False	True	1	4	5	0,9	0,1	0,8	0,1	0,8	0,1	0,9	0,1	1	4	5	0	0	0
22739	22739_1	22739_2	BND	chr15	84876485	chr19	52726405		False	False	False	True	1	4	5	-10,9	0,0	-8,8	0,0	-8,8	0,0	-10,9	0,0	1	4	5	0	0	0
9311	9311		INV	chr15	85057843	chr15	85057972	129.0	True		False		2	3	5	-9,2	-2,1	-10,1	-2,1					2	3	5	0	0	0
22779	22779_1	22779_2	BND	chr15	86228903	chrX	20113920		False	False	False	True	1	4	5	-8,8	0,0	-10,9	0,0	-10,9	0,0	-8,8	0,0	1	4	5	0	0	0
9317	9317_1	9317_2	BND	chr15	87198463	chr15	87198606		False	False	False	True	1	4	5	-10,9	0,0	-9,6	0,0	-9,6	0,0	-10,9	0,0	1	4	5	0	0	0
22716	22716_1	22716_2	BND	chr15	87375006	chr17	55949186		False	False	False	True	1	4	5	-8,8	0,0	-8,8	0,0	-8,8	0,0	-8,8	0,0	1	4	5	0	0	0
22762	22762_1	22762_2	BND	chr15	88971695	chr21	37620033		False	False	False	True	1	4	5	-8,8	0,0	-10,9	0,0	-10,9	0,0	-8,8	0,0	1	4	5	0	0	0
9328	9328_1	9328_2	BND	chr15	91417389	chr15	91417511		False	False	False	True	1	4	5	-8,8	0,0	-8,8	0,0	-8,8	0,0	-8,8	0,0	1	4	5	0	0	0
22783	22783_1	22783_2	BND	chr15	92327917	chrX	80927056		False	False	False	True	1	4	5	-8,8	0,0	-8,8	0,0	-8,8	0,0	-8,8	0,0	1	4	5	0	0	0
9335	9335_1	9335_2	BND	chr15	93076758	chr15	93076896		True	True	False	True	2	3	5	-8,7	-1,1	-8,9	-1,1	-8,9	-1,1	-8,7	-1,1	2	3	5	0	0	0
9337	9337_1	9337_2	BND	chr15	93734345	chr15	93734421		False	False	False	True	1	4	5	-10,9	0,0	-5,9	0,0	-5,9	0,0	-10,9	0,0	1	4	5	0	0	0
22721	22721_1	22721_2	BND	chr15	94639501	chr18	25109614		False	False	False	True	1	4	5	-8,8	0,0	-10,9	0,0	-10,9	0,0	-8,8	0,0	1	4	5	0	0	0
9342	9342_1	9342_2	BND	chr15	95316989	chr15	95317077		True	True	False	True	1	4	5	-9,6	0,1	-9,6	0,0	-9,6	0,0	-9,6	0,1	1	4	5	0	0	0
22726	22726_1	22726_2	BND	chr15	95619546	chr18	64858189		False	False	False	True	1	4	5	-10,9	0,0	-10,9	0,0	-10,9	0,0	-10,9	0,0	1	4	5	0	0	0
22740	22740_1	22740_2	BND	chr15	96875624	chr19	53833650		True	True	False	True	7	0	7	-10,422	-2,91	-10,220	-3,42	-10,220	-3,42	-10,422	-2,91	6	0	6	1	0	1
9378	9378		DEL	chr16	948759	chr16	949885	1126.0	True		False		6	0	6	-10,238	-2,67	-318,9	-80,2					5	0	5	1	0	1
9387	9387		DEL	chr16	4201526	chr16	4201852	326.0	True		False		7	0	7	-10,227	-3,50	-240,9	-48,3					6	0	6	1	0	1
22847	22847_1	22847_2	BND	chr16	4584355	chr17	60572950		True	True	False	True	1	4	5	-10,9	0,0	-3,9	0,1	-3,9	0,1	-10,9	0,0	1	4	5	0	0	0
9391	9391_1	9391_2	BND	chr16	5157960	chr16	5158088		False	False	False	True	1	4	5	-8,8	0,0	-8,8	0,0	-8,8	0,0	-8,8	0,0	1	4	5	0	0	0
9393	9393_1	9393_2	BND	chr16	6333411	chr16	6333525		True	True	False	True	2	3	5	-10,9	-1,1	-8,9	-1,1	-8,9	-1,1	-10,9	-1,1	2	3	5	0	0	0
9396	9396_1	9396_2	BND	chr16	7970318	chr16	7970438		False	False	False	True	1	4	5	-10,9	0,0	-8,9	0,0	-8,9	0,0	-10,9	0,0	1	4	5	0	0	0
22913	22913_1	22913_2	BND	chr16	9245606	chrX	150377836		True	True	False	True	1	4	5	-9,6	0,1	-10,9	0,0	-10,9	0,0	-9,6	0,1	1	4	5	0	0	0
9702	9702_1	9702_2	BND	chr16	15024837	chr16	70016069		True	True	False	True	5	0	5	-488,9	-104,2	-283,9	-60,3	-283,9	-60,3	-488,9	-104,2	5	0	5	0	0	0
22865	22865_1	22865_2	BND	chr16	17035388	chr19	45447612		False	False	False	True	1	4	5	-8,8	0,0	-8,8	0,0	-8,8	0,0	-8,8	0,0	1	4	5	0	0	0
22899	22899_1	22899_2	BND	chr16	20755450	chrX	56484404		False	False	False	True	1	4	5	-10,9	0,0	-10,9	0,0	-10,9	0,0	-10,9	0,0	1	4	5	0	0	0
22861	22861_1	22861_2	BND	chr16	24096970	chr18	56660753		False	False	False	True	2	4	6	-10,9	0,0	-10,9	0,0	-10,9	0,0	-10,9	0,0	2	4	6	0	0	0
9433	9433		INV	chr16	24265709	chr16	24265797	88.0	True		False		2	4	6	0,6	0,0	-4,8	-1,0					2	4	6	0	0	0
9439	9439		INV	chr16	25363250	chr16	25363361	111.0	True		False		2	3	5	-4,9	-1,1	0,9	0,3					2	3	5	0	0	0
22887	22887_1	22887_2	BND	chr16	26500269	chr22	17548125		False	False	False	True	1	4	5	-8,8	0,0	-8,8	0,0	-8,8	0,0	-8,8	0,0	1	4	5	0	0	0
22912	22912_1	22912_2	BND	chr16	26636299	chrX	140860041		False	False	False	True	1	4	5	-8,8	0,0	-10,9	0,0	-10,9	0,0	-8,8	0,0	1	4	5	0	0	0
22841	22841_1	22841_2	BND	chr16	31762884	chr17	21967613		False	False	False	True	1	4	5	-10,9	0,0	-10,9	0,0	-10,9	0,0	-10,9	0,0	1	4	5	0	0	0
9561	9561_1	9561_2	BND	chr16	34586906	chr16	46390395		True	True	False	True	4	3	7	-10,9	-1,3	-10,9	-2,3	-10,9	-2,3	-10,9	-1,3	4	3	7	0	0	0
9507	9507_1	9507_2	BND	chr16	35348388	chr16	35348483		False	False	False	True	1	4	5	-8,8	0,0	-8,8	0,0	-8,8	0,0	-8,8	0,0	1	4	5	0	0	0
9572	9572		INV	chr16	46390549	chr16	46390752	203.0	True		False		3	3	6	-10,9	-3,3	-10,6	-3,1					3	3	6	0	0	0
9636	9636_1	9636_2	BND	chr16	46812810	chr16	46812953		True	True	False	True	1	4	5	-8,8	0,1	-8,8	0,0	-8,8	0,0	-8,8	0,1	1	4	5	0	0	0
9637	9637_1	9637_2	BND	chr16	47501222	chr16	47501310		True	True	False	True	1	4	5	-9,4	-1,0	-6,9	0,3	-6,9	0,3	-9,4	-1,0	1	4	5	0	0	0
22900	22900_1	22900_2	BND	chr16	49154707	chrX	62977541		False	False	False	True	1	4	5	-8,8	0,0	-10,9	0,0	-10,9	0,0	-8,8	0,0	1	4	5	0	0	0
9645	9645_1	9645_2	BND	chr16	51280170	chr16	51280295		False	False	False	True	1	4	5	-10,9	0,0	-9,6	0,0	-9,6	0,0	-10,9	0,0	1	4	5	0	0	0
22859	22859_1	22859_2	BND	chr16	54828373	chr18	38379506		False	False	False	True	1	4	5	-8,8	0,0	-10,9	0,0	-10,9	0,0	-8,8	0,0	1	4	5	0	0	0
9666	9666_1	9666_2	BND	chr16	57204046	chr16	57204167		True	True	False	True	2	3	5	-10,9	-1,1	-10,9	-1,1	-10,9	-1,1	-10,9	-1,1	2	3	5	0	0	0
9677	9677_1	9677_2	BND	chr16	60560090	chr16	60560206		True	True	False	True	1	4	5	-8,8	0,0	-10,7	-1,0	-10,7	-1,0	-8,8	0,0	1	4	5	0	0	0
9678	9678		INV	chr16	60675973	chr16	60676189	216.0	True		False		2	3	5	-10,9	-1,1	-10,9	-1,1					2	3	5	0	0	0
22901	22901_1	22901_2	BND	chr16	63760154	chrX	70775810		True	True	False	True	4	1	5	-6,7	-4,1	-10,9	-3,3	-10,9	-3,3	-6,7	-4,1	4	1	5	0	0	0
22850	22850_1	22850_2	BND	chr16	64030168	chr17	71232459		True	True	False	True	1	4	5	-10,4	-1,0	-4,0	-4,0	-4,0	-4,0	-10,4	-1,0	1	4	5	0	0	0
9685	9685		INV	chr16	64259347	chr16	64259485	138.0	True		False		2	3	5	-10,9	-1,1	-10,9	-1,1					2	3	5	0	0	0
9706	9706		INV	chr16	71171738	chr16	71171851	113.0	True		False		1	4	5	-1,9	0,3	-1,9	0,3					1	4	5	0	0	0
22878	22878_1	22878_2	BND	chr16	72711871	chr20	45665126		False	False	False	True	1	4	5	-10,9	0,0	-8,8	0,0	-8,8	0,0	-10,9	0,0	1	4	5	0	0	0
22895	22895_1	22895_2	BND	chr16	72961702	chrX	10676715		False	False	False	True	1	4	5	-10,9	0,0	-10,9	0,0	-10,9	0,0	-10,9	0,0	1	4	5	0	0	0
22857	22857_1	22857_2	BND	chr16	73936699	chr18	24257608		False	False	False	True	1	4	5	-8,8	0,0	-10,9	0,0	-10,9	0,0	-8,8	0,0	1	4	5	0	0	0
9720	9720		INV	chr16	75985462	chr16	75985602	140.0	True		False		2	4	6	-10,9	-1,1	0,6	0,1					2	4	6	0	0	0
9724	9724		INV	chr16	76607382	chr16	76607566	184.0	True		False		2	3	5	-4,9	-1,3	-10,9	-1,1					2	3	5	0	0	0
9725	9725		INV	chr16	76630011	chr16	76630108	97.0	True		False		2	4	6	-9,0	-9,0	0,9	0,3					2	3	5	0	1	1
22862	22862_1	22862_2	BND	chr16	77085688	chr18	65832320		True	True	False	True	1	4	5	-9,5	-1,0	-6,9	0,1	-6,9	0,1	-9,5	-1,0	1	4	5	0	0	0
22867	22867_1	22867_2	BND	chr16	78430960	chr20	24299785		False	False	False	True	1	4	5	-10,9	0,0	-8,8	0,0	-8,8	0,0	-10,9	0,0	1	4	5	0	0	0
22851	22851_1	22851_2	BND	chr16	79573231	chr17	72867905		False	False	False	True	1	6	7	-10,9	0,0	-10,9	0,0	-10,9	0,0	-10,9	0,0	1	6	7	0	0	0
9745	9745_1	9745_2	BND	chr16	83048864	chr16	83049000		True	True	False	True	2	3	5	-10,9	-1,1	-8,9	-1,1	-8,9	-1,1	-10,9	-1,1	2	3	5	0	0	0
22893	22893_1	22893_2	BND	chr16	83556372	chrX	1460021		False	False	False	True	1	4	5	-10,9	0,0	-8,8	0,0	-8,8	0,0	-10,9	0,0	1	4	5	0	0	0
22858	22858_1	22858_2	BND	chr16	85102825	chr18	31067295		False	False	False	True	1	4	5	-8,8	0,0	-8,8	0,0	-8,8	0,0	-8,8	0,0	1	4	5	0	0	0
9765	9765		DEL	chr16	88053850	chr16	88054330	480.0	True		False		13	0	13	-10,149	-2,43	-191,9	-33,1					12	0	12	1	0	1
9793	9793		DEL	chr17	835763	chr17	836084	321.0	True		False		7	0	7	-10,319	-2,49	-207,9	-53,1					6	0	6	1	0	1
23096	23096_1	23096_2	BND	chr17	1286870	chr21	41829180		False	False	False	True	1	4	5	-8,8	0,0	-8,8	0,0	-8,8	0,0	-8,8	0,0	1	4	5	0	0	0
9806	9806		INV	chr17	3467261	chr17	3467386	125.0	True		False		1	4	5	-5,0	-5,0	-6,9	0,4					1	4	5	0	0	0
9807	9807_1	9807_2	BND	chr17	3989918	chr17	3990016		False	False	False	True	1	4	5	-8,8	0,0	-8,8	0,0	-8,8	0,0	-8,8	0,0	1	4	5	0	0	0
23132	23132_1	23132_2	BND	chr17	9527299	chrX	114967423		True	True	False	True	2	3	5	-8,9	-1,1	-10,6	-1,0	-10,6	-1,0	-8,9	-1,1	2	3	5	0	0	0
23137	23137_1	23137_2	BND	chr17	12276333	chrX	137431898		False	False	False	True	1	4	5	-8,8	0,0	-10,9	0,0	-10,9	0,0	-8,8	0,0	1	4	5	0	0	0
23039	23039_1	23039_2	BND	chr17	12739863	chr18	12698472		False	False	False	True	1	4	5	-8,8	0,0	-10,9	0,0	-10,9	0,0	-8,8	0,0	1	4	5	0	0	0
23040	23040_1	23040_2	BND	chr17	14691038	chr18	14062696		False	False	False	True	1	4	5	-10,9	0,0	-10,9	0,0	-10,9	0,0	-10,9	0,0	1	4	5	0	0	0
9877	9877_1	9877_2	BND	chr17	18388290	chr17	20556090		True	True	False	True	6	0	6	-523,9	-97,1	-237,9	-78,2	-237,9	-78,2	-523,9	-97,1	5	0	5	1	0	1
9881	9881_1	9881_2	BND	chr17	20912015	chr17	20912160		False	False	False	True	1	4	5	-8,8	0,0	-8,8	0,0	-8,8	0,0	-8,8	0,0	1	4	5	0	0	0
9925	9925_1	9925_2	BND	chr17	21634150	chr17	22069069		True	True	False	True	8	0	8	-390,9	-80,1	-392,9	-56,2	-392,9	-56,2	-390,9	-80,1	7	0	7	1	0	1
9906	9906		DUP	chr17	21972973	chr17	21976488	3515.0	True		False		8	0	8	-373,9	-71,2	-10,558	0,91					7	0	7	1	0	1
9985	9985_1	9985_2	BND	chr17	26594790	chr17	26885703		True	True	False	True	9	0	9	-336,9	-63,2	-514,9	-70,2	-514,9	-70,2	-336,9	-63,2	9	0	9	0	0	0
23121	23121_1	23121_2	BND	chr17	27679603	chrX	66343352		False	False	False	True	1	4	5	-8,8	0,0	-8,8	0,0	-8,8	0,0	-8,8	0,0	1	4	5	0	0	0
23099	23099_1	23099_2	BND	chr17	30123732	chr22	34625260		False	False	False	True	1	4	5	-8,8	0,0	-10,9	0,0	-10,9	0,0	-8,8	0,0	1	4	5	0	0	0
10009	10009		INV	chr17	30142341	chr17	30142438	97.0	True		False		2	3	5	-2,0	-2,0	0,5	0,3					2	3	5	0	0	0
23044	23044_1	23044_2	BND	chr17	31822145	chr18	41553712		False	False	False	True	1	4	5	-10,9	0,0	-8,8	0,0	-8,8	0,0	-10,9	0,0	1	4	5	0	0	0
10122	10122_1	10122_2	BND	chr17	32239352	chr17	59660258		True	True	False	True	1	4	5	-8,8	0,0	-8,7	-1,0	-8,7	-1,0	-8,8	0,0	1	4	5	0	0	0
10017	10017		INV	chr17	33357024	chr17	33357061	37.0	True		False		11	0	11	-10,4	-10,4	0,8	0,3					11	0	11	0	0	0
23116	23116_1	23116_2	BND	chr17	34340254	chrX	35893270		False	False	False	True	1	4	5	-8,8	0,0	-8,8	0,0	-8,8	0,0	-8,8	0,0	1	4	5	0	0	0
23042	23042_1	23042_2	BND	chr17	36499598	chr18	28138119		False	False	False	True	1	4	5	-8,8	0,0	-8,8	0,0	-8,8	0,0	-8,8	0,0	1	4	5	0	0	0
10027	10027		INV	chr17	37169392	chr17	37169563	171.0	True		False		2	3	5	-10,9	-1,1	-10,9	-1,1					2	3	5	0	0	0
10030	10030_1	10030_2	BND	chr17	37811820	chr17	37811941		False	False	False	True	1	4	5	-8,8	0,0	-8,8	0,0	-8,8	0,0	-8,8	0,0	1	4	5	0	0	0
23114	23114_1	23114_2	BND	chr17	38976794	chrX	21796677		False	False	False	True	1	4	5	-10,9	0,0	-8,8	0,0	-8,8	0,0	-10,9	0,0	1	4	5	0	0	0
10053	10053		DUP	chr17	41633556	chr17	41633817	261.0	True		False		6	0	6	-484,9	-94,0	-10,460	-1,99					5	0	5	1	0	1
23120	23120_1	23120_2	BND	chr17	42274706	chrX	64442349		False	False	False	True	1	4	5	-10,9	0,0	-8,8	0,0	-8,8	0,0	-10,9	0,0	1	4	5	0	0	0
10060	10060		DEL	chr17	45180528	chr17	45181045	517.0	True		False		8	0	8	-10,359	-2,82	-334,9	-58,2					8	0	8	0	0	0
10073	10073		INV	chr17	46740445	chr17	46740562	117.0	True		False		2	3	5	-10,9	-1,1	0,9	0,1					2	3	5	0	0	0
23133	23133_1	23133_2	BND	chr17	48158410	chrX	117699583		False	False	False	True	1	4	5	-8,8	0,0	-10,9	0,0	-10,9	0,0	-8,8	0,0	1	4	5	0	0	0
10076	10076_1	10076_2	BND	chr17	48182145	chr17	48182252		False	False	False	True	1	4	5	-10,9	0,0	-6,9	0,0	-6,9	0,0	-10,9	0,0	1	4	5	0	0	0
23118	23118_1	23118_2	BND	chr17	48282304	chrX	46746365		False	False	False	True	1	4	5	-10,9	0,0	-10,9	0,0	-10,9	0,0	-10,9	0,0	1	4	5	0	0	0
23078	23078_1	23078_2	BND	chr17	50205855	chr20	34241971		False	False	False	True	1	4	5	-8,8	0,0	-10,9	0,0	-10,9	0,0	-8,8	0,0	1	4	5	0	0	0
10089	10089		INV	chr17	51597332	chr17	51597501	169.0	True		False		1	5	6	-4,6	-2,6	-2,9	-1,3					1	5	6	0	0	0
23065	23065_1	23065_2	BND	chr17	52070274	chr20	18101285		True	True	False	True	1	4	5	-1,9	0,1	-10,8	-1,0	-10,8	-1,0	-1,9	0,1	1	4	5	0	0	0
23060	23060_1	23060_2	BND	chr17	52348938	chr20	1642937		False	False	False	True	1	4	5	-10,9	0,0	-8,8	0,0	-8,8	0,0	-10,9	0,0	1	4	5	0	0	0
23095	23095_1	23095_2	BND	chr17	52386490	chr21	39953850		False	False	False	True	1	4	5	-10,9	0,0	-8,8	0,0	-8,8	0,0	-10,9	0,0	1	4	5	0	0	0
10095	10095_1	10095_2	BND	chr17	53088210	chr17	53088322		True	True	False	True	2	3	5	-10,9	-1,1	-5,9	-1,1	-5,9	-1,1	-10,9	-1,1	2	3	5	0	0	0
10102	10102_1	10102_2	BND	chr17	55039739	chr17	55039874		True	True	False	True	2	3	5	-9,9	-1,1	-8,9	-1,1	-8,9	-1,1	-9,9	-1,1	2	3	5	0	0	0
10104	10104		INV	chr17	55361403	chr17	55361560	157.0	True		False		2	3	5	-3,0	-3,0	-9,1	-2,1					2	3	5	0	0	0
10119	10119		INV	chr17	58874618	chr17	58874762	144.0	True		False		1	4	5	-8,0	-8,0	-9,4	-2,1					1	4	5	0	0	0
10120	10120_1	10120_2	BND	chr17	59266448	chr17	59266569		True	True	False	True	1	4	5	0,8	0,8	-9,6	-2,1	-9,6	-2,1	0,8	0,8	1	4	5	0	0	0
10129	10129_1	10129_2	BND	chr17	61072886	chr17	61073081		False	False	False	True	2	4	6	-8,8	0,0	-10,9	0,0	-10,9	0,0	-8,8	0,0	2	4	6	0	0	0
10131	10131_1	10131_2	BND	chr17	61659598	chr17	61659737		True	True	False	True	2	3	5	-10,9	-1,1	-8,9	-1,1	-8,9	-1,1	-10,9	-1,1	2	3	5	0	0	0
23124	23124_1	23124_2	BND	chr17	61880782	chrX	74138890		False	False	False	True	1	4	5	-8,8	0,0	-8,8	0,0	-8,8	0,0	-8,8	0,0	1	4	5	0	0	0
10133	10133		INV	chr17	62078270	chr17	62078375	105.0	True		False		2	3	5	-10,9	-1,1	-10,9	-1,1					2	3	5	0	0	0
10138	10138_1	10138_2	BND	chr17	63351800	chr17	63352097		True	True	False	True	2	3	5	-10,9	-1,1	-10,9	-1,1	-10,9	-1,1	-10,9	-1,1	2	3	5	0	0	0
23134	23134_1	23134_2	BND	chr17	65060551	chrX	118714259		False	False	False	True	1	4	5	-10,9	0,0	-8,8	0,0	-8,8	0,0	-10,9	0,0	1	4	5	0	0	0
10153	10153		DUP	chr17	65499937	chr17	65500318	381.0	True		False		6	0	6	-335,9	-73,2	-10,454	-2,91					5	0	5	1	0	1
10156	10156		INV	chr17	66064695	chr17	66064794	99.0	True		False		2	3	5	-10,6	-2,1	0,9	0,1					2	3	5	0	0	0
23117	23117_1	23117_2	BND	chr17	67140769	chrX	42345332		False	False	False	True	1	4	5	-10,9	0,0	-10,9	0,0	-10,9	0,0	-10,9	0,0	1	4	5	0	0	0
23103	23103_1	23103_2	BND	chr17	67152646	chr22	19091913		False	False	False	True	1	4	5	-10,9	0,0	-8,8	0,0	-8,8	0,0	-10,9	0,0	1	4	5	0	0	0
10177	10177_1	10177_2	BND	chr17	70804019	chr17	70804112		False	False	False	True	1	4	5	-10,1	0,0	-8,8	0,0	-8,8	0,0	-10,1	0,0	1	4	5	0	0	0
23105	23105_1	23105_2	BND	chr17	74398248	chr22	31587310		False	False	False	True	1	4	5	-10,9	0,0	-10,9	0,0	-10,9	0,0	-10,9	0,0	1	4	5	0	0	0
23047	23047_1	23047_2	BND	chr17	74825946	chr18	65057702		True	True	False	True	1	4	5	-8,8	0,0	-10,8	-1,0	-10,8	-1,0	-8,8	0,0	1	4	5	0	0	0
23043	23043_1	23043_2	BND	chr17	78519426	chr18	40014481		False	False	False	True	1	4	5	-8,8	0,0	-8,8	0,0	-8,8	0,0	-8,8	0,0	1	4	5	0	0	0
10203	10203_1	10203_2	BND	chr17	79303920	chr17	79304000		False	False	False	True	1	4	5	-10,1	0,0	-8,8	0,0	-8,8	0,0	-10,1	0,0	1	4	5	0	0	0
10212	10212		DEL	chr17	80355337	chr17	80355726	389.0	True		False		6	0	6	-10,350	-3,52	-344,9	-72,2					6	0	6	0	0	0
10232	10232		DEL	chr17	83025255	chr17	83025553	298.0	True		False		9	0	9	-10,89	-3,30	-297,9	-38,3					8	0	8	1	0	1
10284	10284_1	10284_2	BND	chr18	10605266	chr18	12230115		True	True	False	True	7	0	7	-164,9	-38,3	-3,9	-3,3	-3,9	-3,3	-164,9	-38,3	7	0	7	0	0	0
10288	10288		DEL	chr18	15010442	chr18	15010483	41.0	False		False		1	9	10	-5,3	0,0	-4,3	0,0					1	9	10	0	0	0
10294	10294		DEL	chr18	15704995	chr18	15706705	1710.0	True		False		6	0	6	-10,455	-1,87	-497,9	-88,1					5	0	5	1	0	1
10313	10313_1	10313_2	BND	chr18	21650125	chr18	21650269		True	True	False	True	1	4	5	-10,9	-1,1	-10,9	-1,1	-10,9	-1,1	-10,9	-1,1	1	4	5	0	0	0
10317	10317_1	10317_2	BND	chr18	22969499	chr18	22969693		True	True	False	True	2	3	5	-6,7	-1,3	-10,9	-1,1	-10,9	-1,1	-6,7	-1,3	2	3	5	0	0	0
23309	23309_1	23309_2	BND	chr18	23447817	chr20	19509125		False	False	False	True	1	4	5	-8,8	0,0	-10,9	0,0	-10,9	0,0	-8,8	0,0	1	4	5	0	0	0
10324	10324		INV	chr18	25616301	chr18	25616561	260.0	True		False		2	3	5	-129,131	-110,113	-25,25	-15,16					2	3	5	0	0	0
23308	23308_1	23308_2	BND	chr18	26205465	chr20	14717701		False	False	False	True	1	4	5	-8,8	0,0	-10,9	0,0	-10,9	0,0	-8,8	0,0	1	4	5	0	0	0
10327	10327_1	10327_2	BND	chr18	26385136	chr18	26385227		True	True	False	True	2	3	5	-10,9	-1,1	-6,9	-1,1	-6,9	-1,1	-10,9	-1,1	2	3	5	0	0	0
23321	23321_1	23321_2	BND	chr18	27079464	chr22	24779151		True	True	False	True	1	4	5	-10,9	0,0	-10,8	-1,0	-10,8	-1,0	-10,9	0,0	1	4	5	0	0	0
10333	10333_1	10333_2	BND	chr18	27329715	chr18	27329803		False	False	False	True	1	4	5	-10,9	0,0	-9,6	0,0	-9,6	0,0	-10,9	0,0	1	4	5	0	0	0
10336	10336_1	10336_2	BND	chr18	28340336	chr18	28340459		True	True	False	True	2	3	5	-9,8	-1,1	-8,9	-1,1	-8,9	-1,1	-9,8	-1,1	2	3	5	0	0	0
10341	10341		INV	chr18	29660001	chr18	29660206	205.0	True		False		2	3	5	-10,5	-3,1	-10,6	-3,1					2	3	5	0	0	0
10360	10360		INV	chr18	34724556	chr18	34724871	315.0	True		False		2	3	5	-10,9	-1,1	-10,9	-1,1					2	3	5	0	0	0
10362	10362_1	10362_2	BND	chr18	35029699	chr18	35029920		True	True	False	True	2	3	5	-1,7	-1,7	-6,0	-6,0	-6,0	-6,0	-1,7	-1,7	2	3	5	0	0	0
23319	23319_1	23319_2	BND	chr18	39798245	chr21	15077176		False	False	False	True	1	4	5	-10,9	0,0	-10,9	0,0	-10,9	0,0	-10,9	0,0	1	4	5	0	0	0
23327	23327_1	23327_2	BND	chr18	40818033	chrX	35633807		False	False	False	True	1	4	5	-10,9	0,0	-10,9	0,0	-10,9	0,0	-10,9	0,0	1	4	5	0	0	0
23306	23306_1	23306_2	BND	chr18	40888239	chr20	7223476		False	False	False	True	1	4	5	-10,9	0,0	-8,8	0,0	-8,8	0,0	-10,9	0,0	1	4	5	0	0	0
10386	10386		INV	chr18	43848813	chr18	43848944	131.0	True		False		2	3	5	-10,9	-1,1	-10,9	-1,1					2	3	5	0	0	0
23330	23330_1	23330_2	BND	chr18	44455356	chrX	70834616		False	False	False	True	1	4	5	-10,9	0,0	-8,8	0,0	-8,8	0,0	-10,9	0,0	1	4	5	0	0	0
23325	23325_1	23325_2	BND	chr18	48369571	chrX	4173653		False	False	False	True	1	4	5	-10,9	0,0	-8,8	0,0	-8,8	0,0	-10,9	0,0	1	4	5	0	0	0
10406	10406		INV	chr18	49897582	chr18	49897698	116.0	True		False		2	3	5	-10,9	-1,1	-8,9	-1,1					2	3	5	0	0	0
10414	10414_1	10414_2	BND	chr18	52984068	chr18	52984292		True	True	False	True	2	3	5	-10,9	-1,1	-10,9	-1,0	-10,9	-1,0	-10,9	-1,1	2	3	5	0	0	0
10417	10417		INV	chr18	53554254	chr18	53554361	107.0	True		False		2	3	5	-10,1	-1,1	-10,9	-1,1					2	3	5	0	0	0
10418	10418_1	10418_2	BND	chr18	53668736	chr18	53668932		True	True	False	True	2	3	5	-8,9	-1,1	-8,9	-1,1	-8,9	-1,1	-8,9	-1,1	2	3	5	0	0	0
23334	23334_1	23334_2	BND	chr18	56048497	chrX	114505324		True	True	False	True	1	4	5	-8,8	0,0	-9,6	0,1	-9,6	0,1	-8,8	0,0	1	4	5	0	0	0
23335	23335_1	23335_2	BND	chr18	57640586	chrX	116783617		False	False	False	True	1	4	5	-8,8	0,0	-8,8	0,0	-8,8	0,0	-8,8	0,0	1	4	5	0	0	0
10446	10446_1	10446_2	BND	chr18	64066699	chr18	64066840		False	False	False	True	1	4	5	-10,9	0,0	-9,8	0,0	-9,8	0,0	-10,9	0,0	1	4	5	0	0	0
23329	23329_1	23329_2	BND	chr18	64153131	chrX	65893169		False	False	False	True	1	4	5	-8,8	0,0	-8,8	0,0	-8,8	0,0	-8,8	0,0	1	4	5	0	0	0
10449	10449_1	10449_2	BND	chr18	64635107	chr18	64635211		True	True	False	True	2	3	5	-10,6	-1,0	-3,8	-1,0	-3,8	-1,0	-10,6	-1,0	2	3	5	0	0	0
10452	10452_1	10452_2	BND	chr18	65222423	chr18	65222518		True	True	False	True	1	4	5	-7,0	0,1	-8,8	0,0	-8,8	0,0	-7,0	0,1	1	4	5	0	0	0
10454	10454		INV	chr18	65678169	chr18	65678328	159.0	True		False		2	3	5	-10,9	-1,1	-10,9	-1,1					2	3	5	0	0	0
23305	23305_1	23305_2	BND	chr18	69642606	chr19	33852337		False	False	False	True	1	4	5	-8,8	0,0	-8,8	0,0	-8,8	0,0	-8,8	0,0	1	4	5	0	0	0
10477	10477		INV	chr18	73077795	chr18	73077926	131.0	True		False		2	3	5	-10,9	-1,1	-10,9	-1,1					2	3	5	0	0	0
10480	10480_1	10480_2	BND	chr18	73611470	chr18	73611551		True	True	False	True	1	4	5	-8,7	0,1	-2,8	0,1	-2,8	0,1	-8,7	0,1	1	4	5	0	0	0
10509	10509		DEL	chr19	423200	chr19	423562	362.0	True		False		10	0	10	-10,232	-3,36	-271,9	-44,2					9	0	9	1	0	1
10532	10532		DEL	chr19	4511510	chr19	4511668	158.0	True		False		5	0	5	-10,155	-3,46	-157,9	-62,3					5	0	5	0	0	0
23447	23447_1	23447_2	BND	chr19	11114846	chrX	93221548		True	True	False	True	1	4	5	-5,0	-5,0	-8,8	0,0	-8,8	0,0	-5,0	-5,0	1	4	5	0	0	0
10565	10565_1	10565_2	BND	chr19	12044435	chr19	12044535		True	True	False	True	2	3	5	-10,9	-1,1	-10,9	-1,1	-10,9	-1,1	-10,9	-1,1	2	3	5	0	0	0
23448	23448_1	23448_2	BND	chr19	14172421	chrX	98120489		True	True	False	True	1	4	5	-5,8	0,1	-8,8	0,1	-8,8	0,1	-5,8	0,1	1	4	5	0	0	0
23441	23441_1	23441_2	BND	chr19	16058480	chrX	64475779		False	False	False	True	1	4	5	-10,9	0,0	-10,9	0,0	-10,9	0,0	-10,9	0,0	1	4	5	0	0	0
10582	10582		DEL	chr19	21089805	chr19	21151778	61973.0	True		False		5	0	5	-10,485	-2,103	-517,9	-104,2					5	0	5	0	0	0
23445	23445_1	23445_2	BND	chr19	28756068	chrX	87365347		False	False	False	True	1	4	5	-10,9	0,0	-8,8	0,0	-8,8	0,0	-10,9	0,0	1	4	5	0	0	0
23436	23436_1	23436_2	BND	chr19	31469968	chrX	16816796		False	False	False	True	1	4	5	-10,9	0,0	-10,9	0,0	-10,9	0,0	-10,9	0,0	1	4	5	0	0	0
10668	10668		INV	chr19	31928526	chr19	31928658	132.0	True		False		3	4	7	-4,9	0,3	-8,4	-5,1					3	4	7	0	0	0
10669	10669_1	10669_2	BND	chr19	31931268	chr19	31931494		True	True	False	True	1	4	5	-10,9	0,0	-1,9	0,1	-1,9	0,1	-10,9	0,0	1	4	5	0	0	0
23444	23444_1	23444_2	BND	chr19	34295455	chrX	81242745		True	True	False	True	1	4	5	0,5	0,1	-10,9	0,0	-10,9	0,0	0,5	0,1	1	4	5	0	0	0
10682	10682		DEL	chr19	34391413	chr19	34392535	1122.0	True		False		8	0	8	-10,403	-2,64	-307,9	-60,3					7	0	7	1	0	1
23456	23456_1	23456_2	BND	chr19	34898714	chrX	153756595		True	True	False	True	1	4	5	-9,1	-2,1	-10,9	0,0	-10,9	0,0	-9,1	-2,1	1	4	5	0	0	0
23434	23434_1	23434_2	BND	chr19	35811982	chr22	42498770		False	False	False	True	1	4	5	-8,8	0,0	-8,8	0,0	-8,8	0,0	-8,8	0,0	1	4	5	0	0	0
10695	10695_1	10695_2	BND	chr19	38544423	chr19	38544565		True	True	False	True	2	3	5	0,9	0,9	-9,0	-9,0	-9,0	-9,0	0,9	0,9	2	3	5	0	0	0
10696	10696_1	10696_2	BND	chr19	39616736	chr19	39616833		False	False	False	True	1	4	5	-8,8	0,0	-8,8	0,0	-8,8	0,0	-8,8	0,0	1	4	5	0	0	0
10703	10703		DEL	chr19	40838692	chr19	40869092	30400.0	True		False		5	0	5	-10,229	-2,73	-348,9	-60,3					5	0	5	0	0	0
23454	23454_1	23454_2	BND	chr19	42981886	chrX	149379215		False	False	False	True	1	4	5	-8,8	0,0	-10,9	0,0	-10,9	0,0	-8,8	0,0	1	4	5	0	0	0
10726	10726		DEL	chr19	46452824	chr19	46453186	362.0	True		False		5	0	5	-10,300	-3,62	-306,9	-64,3					5	0	5	0	0	0
23451	23451_1	23451_2	BND	chr19	50152865	chrX	139671142		False	False	False	True	1	4	5	-10,9	0,0	-10,9	0,0	-10,9	0,0	-10,9	0,0	1	4	5	0	0	0
10747	10747_1	10747_2	BND	chr19	52539144	chr19	52783023		True	True	False	True	6	0	6	-10,470	-2,101	-10,333	-3,57	-10,333	-3,57	-10,470	-2,101	5	0	5	1	0	1
23433	23433_1	23433_2	BND	chr19	53292639	chr22	28563086		False	False	False	True	1	4	5	-10,9	0,0	-10,9	0,0	-10,9	0,0	-10,9	0,0	1	4	5	0	0	0
10770	10770		DUP	chr19	54133727	chr19	54134292	565.0	True		False		11	0	11	-311,9	-66,2	-10,130	-3,20					10	0	10	1	0	1
10788	10788		DUP	chr19	55759202	chr19	55769177	9975.0	True		False		5	0	5	-430,9	-96,2	-10,476	-2,99					5	0	5	0	0	0
10797	10797_1	10797_2	BND	chr19	56849756	chr19	56849902		True	True	False	True	2	3	5	-2,0	-2,0	-6,9	0,4	-6,9	0,4	-2,0	-2,0	2	3	5	0	0	0
14910	14910_1	14910_2	BND	chr2	929967	chr10	79951073		False	False	False	True	1	4	5	-10,9	0,0	-8,8	0,0	-8,8	0,0	-10,9	0,0	1	4	5	0	0	0
874	874		INV	chr2	1337477	chr2	1337659	182.0	True		False		2	4	6	-9,1	-9,1	-2,9	0,8					2	4	6	0	0	0
15514	15514_1	15514_2	BND	chr2	1597550	chr22	48542229		False	False	False	True	1	4	5	-8,8	0,0	-8,8	0,0	-8,8	0,0	-8,8	0,0	1	4	5	0	0	0
15565	15565_1	15565_2	BND	chr2	2008724	chrX	77409168		False	False	False	True	1	4	5	-10,9	0,0	-8,8	0,0	-8,8	0,0	-10,9	0,0	1	4	5	0	0	0
14718	14718_1	14718_2	BND	chr2	2785224	chr7	111781847		True	True	False	True	1	4	5	-8,7	0,1	-8,8	0,0	-8,8	0,0	-8,7	0,1	1	4	5	0	0	0
1027	1027_1	1027_2	BND	chr2	2821403	chr2	46716182		False	False	False	True	1	4	5	-10,9	0,0	-10,9	0,0	-10,9	0,0	-10,9	0,0	1	4	5	0	0	0
15227	15227_1	15227_2	BND	chr2	3592314	chr16	31103565		True	True	False	True	7	0	7	-227,9	-65,1	-434,8	-90,1	-434,8	-90,1	-227,9	-65,1	6	0	6	1	0	1
14690	14690_1	14690_2	BND	chr2	3985648	chr7	33309883		False	False	False	True	1	4	5	-8,8	0,0	-10,9	0,0	-10,9	0,0	-8,8	0,0	1	4	5	0	0	0
15502	15502_1	15502_2	BND	chr2	4896363	chr22	25817299		False	False	False	True	1	4	5	-10,9	0,0	-8,8	0,0	-8,8	0,0	-10,9	0,0	1	4	5	0	0	0
901	901_1	901_2	BND	chr2	5003962	chr2	7875421		True	True	False	True	6	0	6	-10,437	-1,91	-10,358	-3,61	-10,358	-3,61	-10,437	-1,91	5	0	5	1	0	1
897	897_1	897_2	BND	chr2	5918677	chr2	5918764		False	False	False	True	1	4	5	-10,9	0,0	-9,6	0,0	-9,6	0,0	-10,9	0,0	1	4	5	0	0	0
898	898_1	898_2	BND	chr2	6365978	chr2	6366088		True	True	False	True	2	3	5	-10,8	-1,0	-9,9	-1,1	-9,9	-1,1	-10,8	-1,0	2	3	5	0	0	0
14371	14371_1	14371_2	BND	chr2	6795654	chr4	166084105		False	False	False	True	1	4	5	-10,9	0,0	-10,9	0,0	-10,9	0,0	-10,9	0,0	1	4	5	0	0	0
15079	15079_1	15079_2	BND	chr2	6901879	chr13	31056815		False	False	False	True	1	4	5	-8,8	0,0	-8,8	0,0	-8,8	0,0	-8,8	0,0	1	4	5	0	0	0
15052	15052_1	15052_2	BND	chr2	8103024	chr12	111982489		False	False	False	True	1	4	5	-10,9	0,0	-10,9	0,0	-10,9	0,0	-10,9	0,0	1	4	5	0	0	0
14678	14678_1	14678_2	BND	chr2	8843698	chr7	9299834		False	False	False	True	1	4	5	-8,8	0,0	-10,9	0,0	-10,9	0,0	-8,8	0,0	1	4	5	0	0	0
14543	14543_1	14543_2	BND	chr2	9467768	chr5	165025660		False	False	False	True	1	4	5	-10,9	0,0	-8,8	0,0	-8,8	0,0	-10,9	0,0	1	4	5	0	0	0
14786	14786_1	14786_2	BND	chr2	9489243	chr9	1811346		False	False	False	True	1	4	5	-10,9	0,0	-8,8	0,0	-8,8	0,0	-10,9	0,0	1	4	5	0	0	0
14368	14368_1	14368_2	BND	chr2	10247406	chr4	163899536		False	False	False	True	1	4	5	-8,8	0,0	-8,8	0,0	-8,8	0,0	-8,8	0,0	1	4	5	0	0	0
1078	1078_1	1078_2	BND	chr2	11267532	chr2	58746025		False	False	False	True	1	4	5	-10,9	0,0	-10,9	0,0	-10,9	0,0	-10,9	0,0	1	4	5	0	0	0
14191	14191_1	14191_2	BND	chr2	11279200	chr3	1235397		False	False	False	True	1	4	5	-10,9	0,0	-10,9	0,0	-10,9	0,0	-10,9	0,0	1	4	5	0	0	0
918	918		INV	chr2	12268438	chr2	12268593	155.0	True		False		3	3	6	-10,9	-1,1	-10,9	-1,1					3	3	6	0	0	0
928	928_1	928_2	BND	chr2	13886619	chr2	13886860		False	False	False	True	1	4	5	-10,9	0,0	-10,9	0,0	-10,9	0,0	-10,9	0,0	1	4	5	0	0	0
929	929_1	929_2	BND	chr2	13965582	chr2	13965755		False	False	False	True	1	4	5	-8,8	0,0	-8,8	0,0	-8,8	0,0	-8,8	0,0	1	4	5	0	0	0
930	930		INV	chr2	14121098	chr2	14121250	152.0	True		False		2	3	5	-10,9	-1,1	-10,9	-1,1					2	3	5	0	0	0
14963	14963_1	14963_2	BND	chr2	15249803	chr11	11575783		True	True	False	True	1	4	5	-10,9	0,0	-8,8	0,1	-8,8	0,1	-10,9	0,0	1	4	5	0	0	0
15015	15015_1	15015_2	BND	chr2	15506781	chr12	44298390		False	False	False	True	1	4	5	-10,9	0,0	-10,9	0,0	-10,9	0,0	-10,9	0,0	1	4	5	0	0	0
15137	15137_1	15137_2	BND	chr2	15967468	chr14	56473861		False	False	False	True	1	4	5	-8,8	0,0	-10,9	0,0	-10,9	0,0	-8,8	0,0	1	4	5	0	0	0
15044	15044_1	15044_2	BND	chr2	16695403	chr12	95094863		False	False	False	True	1	4	5	-10,9	0,0	-8,8	0,0	-8,8	0,0	-10,9	0,0	1	4	5	0	0	0
15146	15146_1	15146_2	BND	chr2	17492151	chr14	94894387		False	False	False	True	1	4	5	-10,9	0,0	-10,9	0,0	-10,9	0,0	-10,9	0,0	1	4	5	0	0	0
14691	14691_1	14691_2	BND	chr2	18999700	chr7	37235216		False	False	False	True	1	4	5	-8,8	0,0	-8,8	0,0	-8,8	0,0	-8,8	0,0	1	4	5	0	0	0
14791	14791_1	14791_2	BND	chr2	19156660	chr9	9406176		False	False	False	True	1	4	5	-10,9	0,0	-10,9	0,0	-10,9	0,0	-10,9	0,0	1	4	5	0	0	0
14641	14641_1	14641_2	BND	chr2	19537400	chr6	153508872		False	False	False	True	1	4	5	-10,9	0,0	-10,9	0,0	-10,9	0,0	-10,9	0,0	1	4	5	0	0	0
14864	14864_1	14864_2	BND	chr2	19622915	chr10	1859529		False	False	False	True	1	4	5	-10,9	0,0	-8,8	0,0	-8,8	0,0	-10,9	0,0	1	4	5	0	0	0
14585	14585_1	14585_2	BND	chr2	20165473	chr6	53580976		False	False	False	True	1	4	5	-8,8	0,0	-8,8	0,0	-8,8	0,0	-8,8	0,0	1	4	5	0	0	0
15042	15042_1	15042_2	BND	chr2	21207064	chr12	85776974		False	False	False	True	1	4	5	-8,8	0,0	-8,8	0,0	-8,8	0,0	-8,8	0,0	1	4	5	0	0	0
15602	15602_1	15602_2	BND	chr2	21499136	chrY	10961420		False	False	False	True	1	4	5	-8,8	0,0	-8,8	0,0	-8,8	0,0	-8,8	0,0	1	4	5	0	0	0
954	954_1	954_2	BND	chr2	21702260	chr2	21702367		True	True	False	True	2	3	5	-7,0	-1,1	-8,9	-1,1	-8,9	-1,1	-7,0	-1,1	2	3	5	0	0	0
14628	14628_1	14628_2	BND	chr2	22073658	chr6	134498077		False	False	False	True	1	4	5	-8,8	0,0	-8,8	0,0	-8,8	0,0	-8,8	0,0	1	4	5	0	0	0
955	955		INV	chr2	22091058	chr2	22091270	212.0	True		False		1	5	6	-9,1	-1,0	-9,1	-1,0					1	5	6	0	0	0
956	956_1	956_2	BND	chr2	22552179	chr2	22552264		False	False	False	True	1	4	5	-10,7	0,0	-8,8	0,0	-8,8	0,0	-10,7	0,0	1	4	5	0	0	0
14710	14710_1	14710_2	BND	chr2	22853231	chr7	94696946		True	True	False	True	1	4	5	0,5	0,3	0,1	0,1	0,1	0,1	0,5	0,3	1	4	5	0	0	0
14870	14870_1	14870_2	BND	chr2	23802956	chr10	19395881		False	False	False	True	1	4	5	-8,8	0,0	-10,9	0,0	-10,9	0,0	-8,8	0,0	1	4	5	0	0	0
965	965_1	965_2	BND	chr2	27779825	chr2	27779942		False	False	False	True	1	4	5	-10,2	0,0	-8,8	0,0	-8,8	0,0	-10,2	0,0	1	4	5	0	0	0
14827	14827_1	14827_2	BND	chr2	27814988	chr9	107627531		False	False	False	True	1	4	5	-8,8	0,0	-8,8	0,0	-8,8	0,0	-8,8	0,0	1	4	5	0	0	0
15557	15557_1	15557_2	BND	chr2	29625547	chrX	53512077		False	False	False	True	1	4	5	-10,9	0,0	-8,8	0,0	-8,8	0,0	-10,9	0,0	1	4	5	0	0	0
15282	15282_1	15282_2	BND	chr2	29633605	chr17	14407090		False	False	False	True	1	4	5	-8,8	0,0	-8,8	0,0	-8,8	0,0	-8,8	0,0	1	4	5	0	0	0
14937	14937_1	14937_2	BND	chr2	29907670	chr10	122421990		False	False	False	True	1	4	5	-8,8	0,0	-8,8	0,0	-8,8	0,0	-8,8	0,0	1	4	5	0	0	0
971	971_1	971_2	BND	chr2	31461598	chr2	31461680		False	False	False	True	1	4	5	-10,4	0,0	-8,8	0,0	-8,8	0,0	-10,4	0,0	1	4	5	0	0	0
975	975_1	975_2	BND	chr2	32409779	chr2	32409897		False	False	False	True	1	4	5	-8,8	0,0	-8,8	0,0	-8,8	0,0	-8,8	0,0	1	4	5	0	0	0
15082	15082_1	15082_2	BND	chr2	32657568	chr13	43949560		False	False	False	True	1	4	5	-10,9	0,0	-10,9	0,0	-10,9	0,0	-10,9	0,0	1	4	5	0	0	0
15470	15470_1	15470_2	BND	chr2	32867009	chr21	8219870		True	True	False	True	5	0	5	-10,527	-2,103	-397,9	-76,2	-397,9	-76,2	-10,527	-2,103	5	0	5	0	0	0
977	977		INV	chr2	32870881	chr2	32871103	222.0	True		False		3	2	5	-25,4	-18,4	-27,163	-18,128					3	2	5	0	0	0
14548	14548_1	14548_2	BND	chr2	32916215	chr5	181282777		True	True	False	True	7	0	7	-523,9	-86,2	-10,101	-1,37	-10,101	-1,37	-523,9	-86,2	6	0	6	1	0	1
14608	14608_1	14608_2	BND	chr2	32916223	chr6	88067620		True	True	False	True	7	0	7	-443,9	-89,2	-10,287	-2,57	-10,287	-2,57	-443,9	-89,2	6	0	6	1	0	1
15519	15519_1	15519_2	BND	chr2	32916229	chr22	50683855		True	True	False	True	5	1	6	-9,9	-3,1	-3,2	-3,2	-3,2	-3,2	-9,9	-3,1	4	1	5	1	0	1
15504	15504_1	15504_2	BND	chr2	32916230	chr22	32759737		True	True	False	True	5	0	5	-547,9	-111,2	-136,9	-56,3	-136,9	-56,3	-547,9	-111,2	5	0	5	0	0	0
14251	14251_1	14251_2	BND	chr2	32916230	chr3	186718185		True	True	False	True	5	1	6	-10,8	-3,1	-10,9	-3,3	-10,9	-3,3	-10,8	-3,1	5	0	5	0	1	1
15366	15366_1	15366_2	BND	chr2	32916230	chr19	1161406		True	True	False	True	7	0	7	-286,9	-57,3	-10,115	-3,35	-10,115	-3,35	-286,9	-57,3	6	0	6	1	0	1
14742	14742_1	14742_2	BND	chr2	32916230	chr7	158587425		True	True	False	True	6	0	6	-547,9	-126,0	-19,9	-16,2	-19,9	-16,2	-547,9	-126,0	5	0	5	1	0	1
15100	15100_1	15100_2	BND	chr2	32916230	chr13	108214815		True	True	False	True	5	0	5	-520,9	-113,1	-75,9	-37,3	-75,9	-37,3	-520,9	-113,1	5	0	5	0	0	0
14671	14671_1	14671_2	BND	chr2	32916230	chr7	1073677		True	True	False	True	5	0	5	-494,9	-108,2	-1,9	-1,4	-1,9	-1,4	-494,9	-108,2	5	0	5	0	0	0
14387	14387_1	14387_2	BND	chr2	32916231	chr5	1482523		True	True	False	True	5	0	5	-303,9	-76,2	-10,442	-2,85	-10,442	-2,85	-303,9	-76,2	5	0	5	0	0	0
14229	14229_1	14229_2	BND	chr2	32916231	chr3	129121908		True	True	False	True	6	0	6	-546,9	-100,2	-68,9	-35,3	-68,9	-35,3	-546,9	-100,2	5	0	5	1	0	1
14658	14658_1	14658_2	BND	chr2	32916231	chr6	168878901		True	True	False	True	6	0	6	-543,9	-102,2	-219,9	-49,3	-219,9	-49,3	-543,9	-102,2	6	0	6	0	0	0
15361	15361_1	15361_2	BND	chr2	32916234	chr19	518343		True	True	False	True	7	1	8	-1,8	-1,2	-10,9	-3,3	-10,9	-3,3	-1,8	-1,2	6	1	7	1	0	1
15382	15382_1	15382_2	BND	chr2	32916234	chr19	35141318		True	True	False	True	5	0	5	-548,9	-111,2	-442,9	-88,2	-442,9	-88,2	-548,9	-111,2	5	0	5	0	0	0
15078	15078_1	15078_2	BND	chr2	32916242	chr13	30422026		True	True	False	True	7	0	7	-303,9	-47,2	-10,283	-3,54	-10,283	-3,54	-303,9	-47,2	7	0	7	0	0	0
15222	15222_1	15222_2	BND	chr2	32916247	chr16	11492265		True	True	False	True	5	0	5	-510,9	-113,2	-373,9	-73,2	-373,9	-73,2	-510,9	-113,2	5	0	5	0	0	0
15509	15509_1	15509_2	BND	chr2	32916251	chr22	44752525		True	True	False	True	7	0	7	-558,9	-98,1	-10,357	-2,62	-10,357	-2,62	-558,9	-98,1	7	0	7	0	0	0
14942	14942_1	14942_2	BND	chr2	32916301	chr10	132308104		True	True	False	True	6	0	6	-344,9	-56,1	-10,413	-2,73	-10,413	-2,73	-344,9	-56,1	5	0	5	1	0	1
15367	15367_1	15367_2	BND	chr2	32916354	chr19	1500876		True	True	False	True	6	0	6	-446,9	-79,2	-10,382	-2,70	-10,382	-2,70	-446,9	-79,2	5	0	5	1	0	1
15203	15203_1	15203_2	BND	chr2	33050160	chr15	98312723		False	False	False	True	1	4	5	-8,8	0,0	-8,8	0,0	-8,8	0,0	-8,8	0,0	1	4	5	0	0	0
15017	15017_1	15017_2	BND	chr2	33596101	chr12	47034435		False	False	False	True	1	4	5	-8,8	0,0	-8,8	0,0	-8,8	0,0	-8,8	0,0	1	4	5	0	0	0
14815	14815_1	14815_2	BND	chr2	33899318	chr9	76718521		False	False	False	True	1	4	5	-10,9	0,0	-8,8	0,0	-8,8	0,0	-10,9	0,0	1	4	5	0	0	0
14393	14393_1	14393_2	BND	chr2	34614418	chr5	19976677		False	False	False	True	1	4	5	-8,8	0,0	-10,9	0,0	-10,9	0,0	-8,8	0,0	1	4	5	0	0	0
14794	14794_1	14794_2	BND	chr2	35684352	chr9	20358013		False	False	False	True	1	4	5	-8,8	0,0	-8,8	0,0	-8,8	0,0	-8,8	0,0	1	4	5	0	0	0
14535	14535_1	14535_2	BND	chr2	36403717	chr5	145982870		False	False	False	True	1	4	5	-10,9	0,0	-8,8	0,0	-8,8	0,0	-10,9	0,0	1	4	5	0	0	0
14236	14236_1	14236_2	BND	chr2	36887066	chr3	154104297		False	False	False	True	1	4	5	-8,8	0,0	-8,8	0,0	-8,8	0,0	-8,8	0,0	1	4	5	0	0	0
14193	14193_1	14193_2	BND	chr2	36928314	chr3	8875084		False	False	False	True	1	4	5	-10,9	0,0	-10,9	0,0	-10,9	0,0	-10,9	0,0	1	4	5	0	0	0
15593	15593_1	15593_2	BND	chr2	36931048	chrX	140331100		False	False	False	True	1	4	5	-8,8	0,0	-8,8	0,0	-8,8	0,0	-8,8	0,0	1	4	5	0	0	0
15038	15038_1	15038_2	BND	chr2	37513907	chr12	77603756		False	False	False	True	1	4	5	-10,9	0,0	-10,9	0,0	-10,9	0,0	-10,9	0,0	1	4	5	0	0	0
15027	15027_1	15027_2	BND	chr2	37678916	chr12	54212107		False	False	False	True	1	4	5	-10,9	0,0	-8,8	0,0	-8,8	0,0	-10,9	0,0	1	4	5	0	0	0
15086	15086_1	15086_2	BND	chr2	38287474	chr13	63041508		False	False	False	True	1	4	5	-8,8	0,0	-10,9	0,0	-10,9	0,0	-8,8	0,0	1	4	5	0	0	0
15603	15603_1	15603_2	BND	chr2	38702375	chrY	11022936		False	False	False	True	1	4	5	-10,9	0,0	-8,8	0,0	-8,8	0,0	-10,9	0,0	1	4	5	0	0	0
15594	15594_1	15594_2	BND	chr2	39013467	chrX	147069210		False	False	False	True	1	4	5	-10,9	0,0	-8,8	0,0	-8,8	0,0	-10,9	0,0	1	4	5	0	0	0
15190	15190_1	15190_2	BND	chr2	39267641	chr15	54726785		True	True	False	True	1	4	5	-2,9	0,1	0,4	0,1	0,4	0,1	-2,9	0,1	1	4	5	0	0	0
15473	15473_1	15473_2	BND	chr2	39889703	chr21	22995375		False	False	False	True	1	4	5	-8,8	0,0	-10,9	0,0	-10,9	0,0	-8,8	0,0	1	4	5	0	0	0
14913	14913_1	14913_2	BND	chr2	40807478	chr10	82307426		False	False	False	True	1	4	5	-8,8	0,0	-10,9	0,0	-10,9	0,0	-8,8	0,0	1	4	5	0	0	0
14673	14673_1	14673_2	BND	chr2	41316080	chr7	2102240		False	False	False	True	1	4	5	-10,9	0,0	-10,9	0,0	-10,9	0,0	-10,9	0,0	1	4	5	0	0	0
1443	1443_1	1443_2	BND	chr2	41687987	chr2	155450635		False	False	False	True	1	4	5	-8,8	0,0	-8,8	0,0	-8,8	0,0	-8,8	0,0	1	4	5	0	0	0
15085	15085_1	15085_2	BND	chr2	42007076	chr13	63019227		False	False	False	True	1	4	5	-8,8	0,0	-8,8	0,0	-8,8	0,0	-8,8	0,0	1	4	5	0	0	0
15598	15598_1	15598_2	BND	chr2	43174917	chrX	153229528		True	True	False	True	1	4	5	-7,7	0,3	-6,7	-1,3	-6,7	-1,3	-7,7	0,3	1	4	5	0	0	0
1019	1019		INV	chr2	44089000	chr2	44089118	118.0	True		False		2	3	5	-10,9	-1,1	-10,9	-1,1					2	3	5	0	0	0
15371	15371_1	15371_2	BND	chr2	44345511	chr19	6626205		True	True	False	True	7	0	7	-556,9	-97,0	-277,9	-50,3	-277,9	-50,3	-556,9	-97,0	6	0	6	1	0	1
1046	1046_1	1046_2	BND	chr2	44550119	chr2	51456274		False	False	False	True	1	4	5	-8,8	0,0	-8,8	0,0	-8,8	0,0	-8,8	0,0	1	4	5	0	0	0
14244	14244_1	14244_2	BND	chr2	44862628	chr3	174250977		False	False	False	True	1	4	5	-8,8	0,0	-8,8	0,0	-8,8	0,0	-8,8	0,0	1	4	5	0	0	0
14768	14768_1	14768_2	BND	chr2	45360663	chr8	103374068		False	False	False	True	1	4	5	-8,8	0,0	-10,9	0,0	-10,9	0,0	-8,8	0,0	1	4	5	0	0	0
15341	15341_1	15341_2	BND	chr2	45635084	chr18	73481990		False	False	False	True	1	4	5	-10,9	0,0	-8,8	0,0	-8,8	0,0	-10,9	0,0	1	4	5	0	0	0
15092	15092_1	15092_2	BND	chr2	46774002	chr13	77795771		False	False	False	True	1	4	5	-8,8	0,0	-8,8	0,0	-8,8	0,0	-8,8	0,0	1	4	5	0	0	0
14976	14976_1	14976_2	BND	chr2	47660830	chr11	69364806		False	False	False	True	1	4	5	-10,9	0,0	-8,8	0,0	-8,8	0,0	-10,9	0,0	1	4	5	0	0	0
15088	15088_1	15088_2	BND	chr2	48146576	chr13	67034673		False	False	False	True	1	4	5	-8,8	0,0	-10,9	0,0	-10,9	0,0	-8,8	0,0	1	4	5	0	0	0
14242	14242_1	14242_2	BND	chr2	49308980	chr3	173161843		False	False	False	True	1	4	5	-10,9	0,0	-8,8	0,0	-8,8	0,0	-10,9	0,0	1	4	5	0	0	0
14192	14192_1	14192_2	BND	chr2	49338426	chr3	6638388		False	False	False	True	1	4	5	-8,8	0,0	-10,9	0,0	-10,9	0,0	-8,8	0,0	1	4	5	0	0	0
15512	15512_1	15512_2	BND	chr2	49509768	chr22	47336407		False	False	False	True	1	4	5	-10,9	0,0	-8,8	0,0	-8,8	0,0	-10,9	0,0	1	4	5	0	0	0
14504	14504_1	14504_2	BND	chr2	49521148	chr5	58400274		False	False	False	True	1	4	5	-10,9	0,0	-10,9	0,0	-10,9	0,0	-10,9	0,0	1	4	5	0	0	0
15193	15193_1	15193_2	BND	chr2	50101804	chr15	64594001		False	False	False	True	1	4	5	-10,9	0,0	-10,9	0,0	-10,9	0,0	-10,9	0,0	1	4	5	0	0	0
1037	1037_1	1037_2	BND	chr2	50116566	chr2	50116754		False	False	False	True	1	4	5	-10,9	0,0	-9,6	0,0	-9,6	0,0	-10,9	0,0	1	4	5	0	0	0
14838	14838_1	14838_2	BND	chr2	50332896	chr9	128602206		False	False	False	True	1	4	5	-10,9	0,0	-10,9	0,0	-10,9	0,0	-10,9	0,0	1	4	5	0	0	0
1038	1038		INV	chr2	50500583	chr2	50500752	169.0	True		False		2	3	5	-8,1	-8,1	-3,0	-3,0					2	3	5	0	0	0
15021	15021_1	15021_2	BND	chr2	50605630	chr12	48244065		True	True	False	True	1	4	5	-10,0	-1,0	-10,0	-3,0	-10,0	-3,0	-10,0	-1,0	1	4	5	0	0	0
1043	1043_1	1043_2	BND	chr2	50704648	chr2	50704857		True	True	False	True	2	3	5	-10,9	-1,1	-10,9	-1,1	-10,9	-1,1	-10,9	-1,1	2	3	5	0	0	0
14911	14911_1	14911_2	BND	chr2	50794302	chr10	80864945		False	False	False	True	1	4	5	-10,9	0,0	-8,8	0,0	-8,8	0,0	-10,9	0,0	1	4	5	0	0	0
14819	14819_1	14819_2	BND	chr2	50936267	chr9	89660167		False	False	False	True	1	4	5	-10,9	0,0	-8,8	0,0	-8,8	0,0	-10,9	0,0	1	4	5	0	0	0
1045	1045		INV	chr2	51037595	chr2	51037718	123.0	True		False		2	3	5	-9,0	-9,0	-9,9	-1,1					2	3	5	0	0	0
14908	14908_1	14908_2	BND	chr2	51514131	chr10	76260140		True	True	False	True	1	4	5	-9,0	-9,0	-8,9	0,1	-8,9	0,1	-9,0	-9,0	1	4	5	0	0	0
1074	1074_1	1074_2	BND	chr2	52180433	chr2	57788319		False	False	False	True	1	4	5	-10,9	0,0	-10,9	0,0	-10,9	0,0	-10,9	0,0	1	4	5	0	0	0
1050	1050_1	1050_2	BND	chr2	52515141	chr2	52515222		False	False	False	True	1	4	5	-10,9	0,0	-1,6	0,0	-1,6	0,0	-10,9	0,0	1	4	5	0	0	0
1618	1618_1	1618_2	BND	chr2	53662473	chr2	204738829		False	False	False	True	1	4	5	-8,8	0,0	-8,8	0,0	-8,8	0,0	-8,8	0,0	1	4	5	0	0	0
1056	1056_1	1056_2	BND	chr2	53782607	chr2	53782784		True	True	False	True	2	3	5	-8,9	-1,1	-10,9	-1,1	-10,9	-1,1	-8,9	-1,1	2	3	5	0	0	0
15245	15245_1	15245_2	BND	chr2	54260309	chr16	73926173		False	False	False	True	1	4	5	-10,9	0,0	-10,9	0,0	-10,9	0,0	-10,9	0,0	1	4	5	0	0	0
15545	15545_1	15545_2	BND	chr2	55269473	chrX	4314697		False	False	False	True	1	4	5	-10,9	0,0	-10,9	0,0	-10,9	0,0	-10,9	0,0	1	4	5	0	0	0
1062	1062		INV	chr2	55672050	chr2	55672283	233.0	True		False		2	3	5	-10,9	-1,1	-10,9	-1,1					2	3	5	0	0	0
15246	15246_1	15246_2	BND	chr2	55960716	chr16	77413766		True	True	False	True	1	4	5	-9,4	-1,1	-5,8	0,1	-5,8	0,1	-9,4	-1,1	1	4	5	0	0	0
14402	14402_1	14402_2	BND	chr2	56243556	chr5	39645803		False	False	False	True	1	4	5	-10,9	0,0	-8,8	0,0	-8,8	0,0	-10,9	0,0	1	4	5	0	0	0
1068	1068_1	1068_2	BND	chr2	56530572	chr2	56530688		True	True	False	True	2	3	5	-7,8	-1,1	-5,9	-1,1	-5,9	-1,1	-7,8	-1,1	2	3	5	0	0	0
14940	14940_1	14940_2	BND	chr2	56592063	chr10	130833251		False	False	False	True	1	4	5	-10,9	0,0	-10,9	0,0	-10,9	0,0	-10,9	0,0	1	4	5	0	0	0
14634	14634_1	14634_2	BND	chr2	56739472	chr6	146961428		False	False	False	True	1	4	5	-8,8	0,0	-8,8	0,0	-8,8	0,0	-8,8	0,0	1	4	5	0	0	0
1073	1073_1	1073_2	BND	chr2	57311887	chr2	57312019		True	True	False	True	2	3	5	-10,1	-2,1	-3,9	0,7	-3,9	0,7	-10,1	-2,1	2	3	5	0	0	0
15093	15093_1	15093_2	BND	chr2	58128290	chr13	78012706		False	False	False	True	1	4	5	-10,9	0,0	-8,8	0,0	-8,8	0,0	-10,9	0,0	1	4	5	0	0	0
15183	15183_1	15183_2	BND	chr2	58168592	chr15	34280286		False	False	False	True	1	4	5	-8,8	0,0	-10,9	0,0	-10,9	0,0	-8,8	0,0	1	4	5	0	0	0
1076	1076		INV	chr2	58231790	chr2	58231893	103.0	True		False		1	4	5	-9,0	-9,0	-9,4	-2,1					1	4	5	0	0	0
14604	14604_1	14604_2	BND	chr2	59571024	chr6	84212627		True	True	False	True	1	4	5	-9,6	0,1	-9,5	-1,0	-9,5	-1,0	-9,6	0,1	1	4	5	0	0	0
14518	14518_1	14518_2	BND	chr2	60978488	chr5	104208221		False	False	False	True	1	4	5	-8,8	0,0	-8,8	0,0	-8,8	0,0	-8,8	0,0	1	4	5	0	0	0
14555	14555_1	14555_2	BND	chr2	61797432	chr6	9472983		False	False	False	True	1	4	5	-8,8	0,0	-10,9	0,0	-10,9	0,0	-8,8	0,0	1	4	5	0	0	0
14623	14623_1	14623_2	BND	chr2	63132595	chr6	124205076		False	False	False	True	1	4	5	-8,8	0,0	-8,8	0,0	-8,8	0,0	-8,8	0,0	1	4	5	0	0	0
14903	14903_1	14903_2	BND	chr2	63663882	chr10	58507944		False	False	False	True	1	4	5	-8,8	0,0	-8,8	0,0	-8,8	0,0	-8,8	0,0	1	4	5	0	0	0
14796	14796_1	14796_2	BND	chr2	63884236	chr9	22576212		False	False	False	True	1	4	5	-10,9	0,0	-10,9	0,0	-10,9	0,0	-10,9	0,0	1	4	5	0	0	0
14395	14395_1	14395_2	BND	chr2	63904563	chr5	24156582		False	False	False	True	1	4	5	-8,8	0,0	-10,9	0,0	-10,9	0,0	-8,8	0,0	1	4	5	0	0	0
14579	14579_1	14579_2	BND	chr2	64613790	chr6	43960501		False	False	False	True	1	4	5	-8,8	0,0	-8,8	0,0	-8,8	0,0	-8,8	0,0	1	4	5	0	0	0
14693	14693_1	14693_2	BND	chr2	64706945	chr7	37756729		False	False	False	True	1	4	5	-10,9	0,0	-10,9	0,0	-10,9	0,0	-10,9	0,0	1	4	5	0	0	0
14706	14706_1	14706_2	BND	chr2	65843517	chr7	78456073		False	False	False	True	1	4	5	-8,8	0,0	-10,9	0,0	-10,9	0,0	-8,8	0,0	1	4	5	0	0	0
14904	14904_1	14904_2	BND	chr2	65888110	chr10	64178926		False	False	False	True	1	4	5	-8,8	0,0	-8,8	0,0	-8,8	0,0	-8,8	0,0	1	4	5	0	0	0
14642	14642_1	14642_2	BND	chr2	65921126	chr6	155359120		False	False	False	True	1	4	5	-8,8	0,0	-8,8	0,0	-8,8	0,0	-8,8	0,0	1	4	5	0	0	0
1099	1099_1	1099_2	BND	chr2	66434241	chr2	66434332		False	False	False	True	1	4	5	-10,3	0,0	-8,8	0,0	-8,8	0,0	-10,3	0,0	1	4	5	0	0	0
1100	1100_1	1100_2	BND	chr2	66522901	chr2	66523155		False	False	False	True	1	4	5	-8,8	0,0	-8,8	0,0	-8,8	0,0	-8,8	0,0	1	4	5	0	0	0
15097	15097_1	15097_2	BND	chr2	66623040	chr13	97404795		True	True	False	True	1	4	5	-8,8	0,0	-9,0	-9,0	-9,0	-9,0	-8,8	0,0	1	4	5	0	0	0
1101	1101		INV	chr2	66638271	chr2	66638377	106.0	True		False		1	4	5	-9,3	-2,1	-9,3	-2,1					1	4	5	0	0	0
14397	14397_1	14397_2	BND	chr2	66826396	chr5	27957279		False	False	False	True	1	4	5	-10,9	0,0	-8,8	0,0	-8,8	0,0	-10,9	0,0	1	4	5	0	0	0
14797	14797_1	14797_2	BND	chr2	67946960	chr9	24303125		False	False	False	True	1	4	5	-8,8	0,0	-10,9	0,0	-10,9	0,0	-8,8	0,0	1	4	5	0	0	0
15150	15150_1	15150_2	BND	chr2	68311367	chr14	102702439		False	False	False	True	1	4	5	-8,8	0,0	-8,8	0,0	-8,8	0,0	-8,8	0,0	1	4	5	0	0	0
15081	15081_1	15081_2	BND	chr2	68498314	chr13	39647800		False	False	False	True	1	4	5	-10,9	0,0	-8,8	0,0	-8,8	0,0	-10,9	0,0	1	4	5	0	0	0
15001	15001_1	15001_2	BND	chr2	68658301	chr12	15133307		False	False	False	True	1	4	5	-8,8	0,0	-10,9	0,0	-10,9	0,0	-8,8	0,0	1	4	5	0	0	0
1110	1110		INV	chr2	70433385	chr2	70433504	119.0	True		False		1	4	5	-6,9	0,3	-6,9	0,3					1	4	5	0	0	0
14907	14907_1	14907_2	BND	chr2	70561498	chr10	75315208		False	False	False	True	1	4	5	-10,9	0,0	-8,8	0,0	-8,8	0,0	-10,9	0,0	1	4	5	0	0	0
14624	14624_1	14624_2	BND	chr2	70652929	chr6	126180208		False	False	False	True	1	4	5	-10,9	0,0	-8,8	0,0	-8,8	0,0	-10,9	0,0	1	4	5	0	0	0
14351	14351_1	14351_2	BND	chr2	71427649	chr4	116186708		True	True	False	True	1	4	5	-10,9	0,0	-10,5	-4,0	-10,5	-4,0	-10,9	0,0	1	4	5	0	0	0
1522	1522_1	1522_2	BND	chr2	71971378	chr2	179167338		False	False	False	True	1	4	5	-8,8	0,0	-8,8	0,0	-8,8	0,0	-8,8	0,0	1	4	5	0	0	0
15274	15274_1	15274_2	BND	chr2	72649825	chr17	2154833		False	False	False	True	1	4	5	-8,8	0,0	-10,9	0,0	-10,9	0,0	-8,8	0,0	1	4	5	0	0	0
14343	14343_1	14343_2	BND	chr2	72710553	chr4	86080264		False	False	False	True	1	4	5	-8,8	0,0	-10,9	0,0	-10,9	0,0	-8,8	0,0	1	4	5	0	0	0
14727	14727_1	14727_2	BND	chr2	72820952	chr7	129603877		False	False	False	True	1	4	5	-10,9	0,0	-8,8	0,0	-8,8	0,0	-10,9	0,0	1	4	5	0	0	0
14917	14917_1	14917_2	BND	chr2	73282719	chr10	86403626		False	False	False	True	1	4	5	-10,9	0,0	-10,9	0,0	-10,9	0,0	-10,9	0,0	1	4	5	0	0	0
15185	15185_1	15185_2	BND	chr2	77171687	chr15	38312145		False	False	False	True	1	4	5	-10,9	0,0	-10,9	0,0	-10,9	0,0	-10,9	0,0	1	4	5	0	0	0
15010	15010_1	15010_2	BND	chr2	77252714	chr12	31887484		False	False	False	True	1	4	5	-10,9	0,0	-10,9	0,0	-10,9	0,0	-10,9	0,0	1	4	5	0	0	0
15569	15569_1	15569_2	BND	chr2	77819533	chrX	93863056		False	False	False	True	1	4	5	-8,8	0,0	-10,9	0,0	-10,9	0,0	-8,8	0,0	1	4	5	0	0	0
1132	1132_1	1132_2	BND	chr2	78030325	chr2	78030488		False	False	False	True	2	4	6	-10,9	0,0	-10,9	0,0	-10,9	0,0	-10,9	0,0	2	4	6	0	0	0
1313	1313_1	1313_2	BND	chr2	78905620	chr2	120372906		False	False	False	True	1	4	5	-10,9	0,0	-10,9	0,0	-10,9	0,0	-10,9	0,0	1	4	5	0	0	0
15523	15523_1	15523_2	BND	chr2	79082454	chr22	38958516		False	False	False	True	1	4	5	-10,9	0,0	-8,8	0,0	-8,8	0,0	-10,9	0,0	1	4	5	0	0	0
1141	1141_1	1141_2	BND	chr2	79182507	chr2	80160895		False	False	False	True	1	4	5	-10,9	0,0	-10,9	0,0	-10,9	0,0	-10,9	0,0	1	4	5	0	0	0
14723	14723_1	14723_2	BND	chr2	79511854	chr7	121180719		False	False	False	True	1	4	5	-8,8	0,0	-10,9	0,0	-10,9	0,0	-8,8	0,0	1	4	5	0	0	0
15094	15094_1	15094_2	BND	chr2	80129971	chr13	82471444		False	False	False	True	1	4	5	-10,9	0,0	-10,9	0,0	-10,9	0,0	-10,9	0,0	1	4	5	0	0	0
1142	1142_1	1142_2	BND	chr2	80483629	chr2	80483772		True	True	False	True	1	4	5	-10,9	-1,1	-10,9	-1,1	-10,9	-1,1	-10,9	-1,1	1	4	5	0	0	0
15186	15186_1	15186_2	BND	chr2	80818385	chr15	42854626		True	True	False	True	1	4	5	-9,4	-1,0	-7,7	0,1	-7,7	0,1	-9,4	-1,0	1	4	5	0	0	0
15195	15195_1	15195_2	BND	chr2	82773568	chr15	66225917		True	True	False	True	1	4	5	-5,9	0,5	-5,9	0,3	-5,9	0,3	-5,9	0,5	1	4	5	0	0	0
1150	1150_1	1150_2	BND	chr2	83272028	chr2	83272127		True	True	False	True	1	4	5	-6,0	-6,0	0,8	0,3	0,8	0,3	-6,0	-6,0	1	4	5	0	0	0
1153	1153_1	1153_2	BND	chr2	83753474	chr2	83753547		False	False	False	True	1	4	5	-8,8	0,0	-8,8	0,0	-8,8	0,0	-8,8	0,0	1	4	5	0	0	0
14983	14983_1	14983_2	BND	chr2	83798933	chr11	101570260		False	False	False	True	1	4	5	-10,9	0,0	-10,9	0,0	-10,9	0,0	-10,9	0,0	1	4	5	0	0	0
14346	14346_1	14346_2	BND	chr2	84298616	chr4	106015229		False	False	False	True	1	4	5	-10,9	0,0	-10,9	0,0	-10,9	0,0	-10,9	0,0	1	4	5	0	0	0
14837	14837_1	14837_2	BND	chr2	84825299	chr9	126263934		False	False	False	True	1	4	5	-10,9	0,0	-10,9	0,0	-10,9	0,0	-10,9	0,0	1	4	5	0	0	0
14707	14707_1	14707_2	BND	chr2	85333016	chr7	82765299		True	True	False	True	1	4	5	-10,9	0,0	-5,9	0,1	-5,9	0,1	-10,9	0,0	1	4	5	0	0	0
1176	1176		INV	chr2	88042971	chr2	88043096	125.0	True		False		2	4	6	-2,7	-2,7	0,4	0,4					2	4	6	0	0	0
14430	14430_1	14430_2	BND	chr2	89828437	chr5	49658773		True	True	False	True	5	1	6	-10,9	-3,3	-6,0	-6,0	-6,0	-6,0	-10,9	-3,3	5	1	6	0	0	0
14442	14442_1	14442_2	BND	chr2	89831088	chr5	49659805		True	True	False	True	14	0	14	-10,293	-2,55	-344,9	-51,2	-344,9	-51,2	-10,293	-2,55	13	0	13	1	0	1
14454	14454_1	14454_2	BND	chr2	89836693	chr5	49659792		True	True	False	True	5	0	5	-119,9	-55,2	-506,9	-94,2	-506,9	-94,2	-119,9	-55,2	5	0	5	0	0	0
14255	14255_1	14255_2	BND	chr2	91589739	chr4	4226666		True	True	False	True	6	0	6	-10,447	-2,83	-10,457	-2,94	-10,457	-2,94	-10,447	-2,83	5	0	5	1	0	1
15187	15187_1	15187_2	BND	chr2	94666783	chr15	43066172		False	False	False	True	1	4	5	-10,9	0,0	-10,9	0,0	-10,9	0,0	-10,9	0,0	1	4	5	0	0	0
15549	15549_1	15549_2	BND	chr2	95559378	chrX	8364373		False	False	False	True	1	4	5	-8,8	0,0	-8,8	0,0	-8,8	0,0	-8,8	0,0	1	4	5	0	0	0
1245	1245_1	1245_2	BND	chr2	96201844	chr2	96201964		False	False	False	True	2	4	6	-10,9	0,0	0,5	0,0	0,5	0,0	-10,9	0,0	2	4	6	0	0	0
14400	14400_1	14400_2	BND	chr2	98257176	chr5	38128067		False	False	False	True	1	4	5	-8,8	0,0	-10,9	0,0	-10,9	0,0	-8,8	0,0	1	4	5	0	0	0
14562	14562_1	14562_2	BND	chr2	98600542	chr6	19173656		False	False	False	True	1	4	5	-8,8	0,0	-8,8	0,0	-8,8	0,0	-8,8	0,0	1	4	5	0	0	0
15181	15181_1	15181_2	BND	chr2	100191625	chr15	28264028		False	False	False	True	1	4	5	-10,9	0,0	-8,8	0,0	-8,8	0,0	-10,9	0,0	1	4	5	0	0	0
15174	15174_1	15174_2	BND	chr2	101194234	chr15	20252485		False	False	False	True	1	4	5	-8,8	0,0	-10,9	0,0	-10,9	0,0	-8,8	0,0	1	4	5	0	0	0
15301	15301_1	15301_2	BND	chr2	101376711	chr17	70345358		True	True	False	True	1	4	5	-5,9	0,1	-8,8	0,0	-8,8	0,0	-5,9	0,1	1	4	5	0	0	0
15561	15561_1	15561_2	BND	chr2	102213829	chrX	67402446		False	False	False	True	1	4	5	-8,8	0,0	-10,9	0,0	-10,9	0,0	-8,8	0,0	1	4	5	0	0	0
14514	14514_1	14514_2	BND	chr2	102598362	chr5	89561643		False	False	False	True	1	4	5	-8,8	0,0	-10,9	0,0	-10,9	0,0	-8,8	0,0	1	4	5	0	0	0
14214	14214_1	14214_2	BND	chr2	103051192	chr3	84128479		False	False	False	True	1	4	5	-10,9	0,0	-10,9	0,0	-10,9	0,0	-10,9	0,0	1	4	5	0	0	0
14211	14211_1	14211_2	BND	chr2	103080301	chr3	78633647		False	False	False	True	1	4	5	-10,9	0,0	-8,8	0,0	-8,8	0,0	-10,9	0,0	1	4	5	0	0	0
14212	14212_1	14212_2	BND	chr2	103318630	chr3	80603094		False	False	False	True	1	4	5	-10,9	0,0	-10,9	0,0	-10,9	0,0	-10,9	0,0	1	4	5	0	0	0
15199	15199_1	15199_2	BND	chr2	103442193	chr15	81554097		False	False	False	True	1	4	5	-10,9	0,0	-8,8	0,0	-8,8	0,0	-10,9	0,0	1	4	5	0	0	0
14241	14241_1	14241_2	BND	chr2	103891417	chr3	166056893		False	False	False	True	1	4	5	-8,8	0,0	-10,9	0,0	-10,9	0,0	-8,8	0,0	1	4	5	0	0	0
15524	15524_1	15524_2	BND	chr2	103896953	chr22	44336059		False	False	False	True	1	4	5	-10,9	0,0	-8,8	0,0	-8,8	0,0	-10,9	0,0	1	4	5	0	0	0
15330	15330_1	15330_2	BND	chr2	104090358	chr18	9591699		False	False	False	True	1	4	5	-10,9	0,0	-8,8	0,0	-8,8	0,0	-10,9	0,0	1	4	5	0	0	0
15551	15551_1	15551_2	BND	chr2	104190385	chrX	25475229		False	False	False	True	1	4	5	-8,8	0,0	-8,8	0,0	-8,8	0,0	-8,8	0,0	1	4	5	0	0	0
14528	14528_1	14528_2	BND	chr2	104965113	chr5	135165004		False	False	False	True	1	4	5	-8,8	0,0	-10,9	0,0	-10,9	0,0	-8,8	0,0	1	4	5	0	0	0
15392	15392_1	15392_2	BND	chr2	105606497	chr19	20225408		False	False	False	True	1	4	5	-8,8	0,0	-10,9	0,0	-10,9	0,0	-8,8	0,0	1	4	5	0	0	0
1284	1284_1	1284_2	BND	chr2	106360586	chr2	109199850		False	False	False	True	1	5	6	-8,5	0,0	-8,5	0,0	-8,5	0,0	-8,5	0,0	1	4	5	0	1	1
15225	15225_1	15225_2	BND	chr2	107331614	chr16	18016407		False	False	False	True	1	4	5	-10,9	0,0	-10,9	0,0	-10,9	0,0	-10,9	0,0	1	4	5	0	0	0
14600	14600_1	14600_2	BND	chr2	107334434	chr6	71581872		False	False	False	True	1	4	5	-10,9	0,0	-8,8	0,0	-8,8	0,0	-10,9	0,0	1	4	5	0	0	0
14557	14557_1	14557_2	BND	chr2	107380810	chr6	10641655		False	False	False	True	1	4	5	-8,8	0,0	-10,9	0,0	-10,9	0,0	-8,8	0,0	1	4	5	0	0	0
15133	15133_1	15133_2	BND	chr2	107791178	chr14	38465293		False	False	False	True	1	4	5	-10,9	0,0	-10,9	0,0	-10,9	0,0	-10,9	0,0	1	4	5	0	0	0
14795	14795_1	14795_2	BND	chr2	108095667	chr9	20895676		False	False	False	True	1	4	5	-10,9	0,0	-10,9	0,0	-10,9	0,0	-10,9	0,0	1	4	5	0	0	0
1279	1279		INV	chr2	108201801	chr2	108201929	128.0	True		False		2	3	5	-9,8	-1,1	0,9	0,1					2	3	5	0	0	0
14308	14308_1	14308_2	BND	chr2	109199328	chr4	49118842		True	True	False	True	6	0	6	-386,9	-68,2	0,5	0,4	0,5	0,4	-386,9	-68,2	5	0	5	1	0	1
14829	14829_1	14829_2	BND	chr2	112111134	chr9	110636941		False	False	False	True	1	4	5	-10,9	0,0	-8,8	0,0	-8,8	0,0	-10,9	0,0	1	4	5	0	0	0
15281	15281_1	15281_2	BND	chr2	112125397	chr17	13811347		False	False	False	True	1	4	5	-10,9	0,0	-8,8	0,0	-8,8	0,0	-10,9	0,0	1	4	5	0	0	0
15336	15336_1	15336_2	BND	chr2	112989926	chr18	36852102		False	False	False	True	1	4	5	-10,9	0,0	-8,8	0,0	-8,8	0,0	-10,9	0,0	1	4	5	0	0	0
14227	14227_1	14227_2	BND	chr2	113897815	chr3	122792982		False	False	False	True	1	4	5	-10,9	0,0	-8,8	0,0	-8,8	0,0	-10,9	0,0	1	4	5	0	0	0
14525	14525_1	14525_2	BND	chr2	114229197	chr5	125398401		False	False	False	True	1	4	5	-8,8	0,0	-10,9	0,0	-10,9	0,0	-8,8	0,0	1	4	5	0	0	0
1296	1296_1	1296_2	BND	chr2	115046340	chr2	115046549		True	True	False	True	2	3	5	-10,9	-1,1	-10,9	-1,1	-10,9	-1,1	-10,9	-1,1	2	3	5	0	0	0
14248	14248_1	14248_2	BND	chr2	115126283	chr3	178398459		False	False	False	True	1	4	5	-8,8	0,0	-10,9	0,0	-10,9	0,0	-8,8	0,0	1	4	5	0	0	0
14210	14210_1	14210_2	BND	chr2	116135972	chr3	74186637		False	False	False	True	1	4	5	-10,9	0,0	-10,9	0,0	-10,9	0,0	-10,9	0,0	1	4	5	0	0	0
15136	15136_1	15136_2	BND	chr2	116461313	chr14	46944082		False	False	False	True	1	4	5	-8,8	0,0	-8,8	0,0	-8,8	0,0	-8,8	0,0	1	4	5	0	0	0
14199	14199_1	14199_2	BND	chr2	117031715	chr3	25185710		True	True	False	True	1	4	5	-6,9	0,1	-10,6	-1,0	-10,6	-1,0	-6,9	0,1	1	4	5	0	0	0
14355	14355_1	14355_2	BND	chr2	117258260	chr4	126586501		False	False	False	True	1	4	5	-10,9	0,0	-8,8	0,0	-8,8	0,0	-10,9	0,0	1	4	5	0	0	0
14648	14648_1	14648_2	BND	chr2	117385039	chr6	161940257		False	False	False	True	1	4	5	-8,8	0,0	-8,8	0,0	-8,8	0,0	-8,8	0,0	1	4	5	0	0	0
14716	14716_1	14716_2	BND	chr2	118213567	chr7	107912027		False	False	False	True	1	4	5	-8,8	0,0	-8,8	0,0	-8,8	0,0	-8,8	0,0	1	4	5	0	0	0
1307	1307_1	1307_2	BND	chr2	118920871	chr2	118921102		True	True	False	True	3	2	5	-10,9	-1,1	-10,9	-1,1	-10,9	-1,1	-10,9	-1,1	3	2	5	0	0	0
14573	14573_1	14573_2	BND	chr2	119402219	chr6	35714295		True	True	False	True	6	0	6	-6,474	0,105	-422,9	-75,2	-422,9	-75,2	-6,474	0,105	5	0	5	1	0	1
15062	15062_1	15062_2	BND	chr2	120419969	chr12	118577539		False	False	False	True	1	4	5	-8,8	0,0	-8,8	0,0	-8,8	0,0	-8,8	0,0	1	4	5	0	0	0
14283	14283_1	14283_2	BND	chr2	120480841	chr4	45896116		True	True	False	True	1	6	7	-10,9	0,0	-10,4	-1,0	-10,4	-1,0	-10,9	0,0	1	6	7	0	0	0
15030	15030_1	15030_2	BND	chr2	121132822	chr12	59340042		False	False	False	True	1	4	5	-8,8	0,0	-10,9	0,0	-10,9	0,0	-8,8	0,0	1	4	5	0	0	0
15016	15016_1	15016_2	BND	chr2	121653770	chr12	46261077		False	False	False	True	1	4	5	-8,8	0,0	-8,8	0,0	-8,8	0,0	-8,8	0,0	1	4	5	0	0	0
14596	14596_1	14596_2	BND	chr2	122617555	chr6	69522202		True	True	False	True	1	4	5	-8,9	0,1	-9,4	-2,1	-9,4	-2,1	-8,9	0,1	1	4	5	0	0	0
14613	14613_1	14613_2	BND	chr2	122785391	chr6	112287925		True	True	False	True	1	4	5	-9,5	-1,0	0,0	0,0	0,0	0,0	-9,5	-1,0	1	4	5	0	0	0
14713	14713_1	14713_2	BND	chr2	122894627	chr7	99837374		False	False	False	True	1	4	5	-8,8	0,0	-8,8	0,0	-8,8	0,0	-8,8	0,0	1	4	5	0	0	0
14277	14277_1	14277_2	BND	chr2	123104485	chr4	25252213		False	False	False	True	1	4	5	-8,8	0,0	-10,9	0,0	-10,9	0,0	-8,8	0,0	1	4	5	0	0	0
15143	15143_1	15143_2	BND	chr2	123735847	chr14	88402975		True	True	False	True	1	4	5	-9,5	-2,1	-8,8	0,0	-8,8	0,0	-9,5	-2,1	1	4	5	0	0	0
15587	15587_1	15587_2	BND	chr2	123764550	chrX	128126168		False	False	False	True	1	4	5	-10,9	0,0	-10,9	0,0	-10,9	0,0	-10,9	0,0	1	4	5	0	0	0
14597	14597_1	14597_2	BND	chr2	123873591	chr6	69630908		False	False	False	True	1	4	5	-8,8	0,0	-10,9	0,0	-10,9	0,0	-8,8	0,0	1	4	5	0	0	0
14370	14370_1	14370_2	BND	chr2	124414080	chr4	165931072		False	False	False	True	1	4	5	-10,9	0,0	-8,8	0,0	-8,8	0,0	-10,9	0,0	1	4	5	0	0	0
14361	14361_1	14361_2	BND	chr2	124428916	chr4	144181394		False	False	False	True	1	4	5	-10,9	0,0	-10,9	0,0	-10,9	0,0	-10,9	0,0	1	4	5	0	0	0
1329	1329_1	1329_2	BND	chr2	124719374	chr2	124719566		True	True	False	True	2	3	5	-2,9	-1,3	-7,0	-7,0	-7,0	-7,0	-2,9	-1,3	2	3	5	0	0	0
14817	14817_1	14817_2	BND	chr2	125332096	chr9	87895960		False	False	False	True	1	4	5	-8,8	0,0	-8,8	0,0	-8,8	0,0	-8,8	0,0	1	4	5	0	0	0
14987	14987_1	14987_2	BND	chr2	125520262	chr11	122034360		False	False	False	True	1	4	5	-8,8	0,0	-10,9	0,0	-10,9	0,0	-8,8	0,0	1	4	5	0	0	0
15572	15572_1	15572_2	BND	chr2	125659929	chrX	100142644		False	False	False	True	1	4	5	-10,9	0,0	-8,8	0,0	-8,8	0,0	-10,9	0,0	1	4	5	0	0	0
14665	14665_1	14665_2	BND	chr2	127815031	chr7	51478459		False	False	False	True	1	4	5	-10,9	0,0	-8,8	0,0	-8,8	0,0	-10,9	0,0	1	4	5	0	0	0
14581	14581_1	14581_2	BND	chr2	128664127	chr6	46698623		False	False	False	True	1	4	5	-10,9	0,0	-8,8	0,0	-8,8	0,0	-10,9	0,0	1	4	5	0	0	0
14235	14235_1	14235_2	BND	chr2	128703849	chr3	147292185		False	False	False	True	1	4	5	-8,8	0,0	-8,8	0,0	-8,8	0,0	-8,8	0,0	1	4	5	0	0	0
15399	15399_1	15399_2	BND	chr2	129363730	chr19	45096603		False	False	False	True	1	4	5	-10,9	0,0	-10,9	0,0	-10,9	0,0	-10,9	0,0	1	4	5	0	0	0
1366	1366_1	1366_2	BND	chr2	130283229	chr2	131369218		True	True	False	True	6	0	6	-10,151	-2,75	-10,444	-2,87	-10,444	-2,87	-10,151	-2,75	5	0	5	1	0	1
14800	14800_1	14800_2	BND	chr2	131137561	chr9	24879399		False	False	False	True	1	4	5	-10,9	0,0	-8,8	0,0	-8,8	0,0	-10,9	0,0	1	4	5	0	0	0
14722	14722_1	14722_2	BND	chr2	132048787	chr7	119093880		False	False	False	True	1	4	5	-8,8	0,0	-10,9	0,0	-10,9	0,0	-8,8	0,0	1	4	5	0	0	0
15129	15129_1	15129_2	BND	chr2	132271088	chr13	103759029		False	False	False	True	1	4	5	-10,9	0,0	-10,9	0,0	-10,9	0,0	-10,9	0,0	1	4	5	0	0	0
15460	15460_1	15460_2	BND	chr2	132279448	chr20	30512415		True	True	False	True	6	0	6	-10,551	-1,146	-461,9	-126,2	-461,9	-126,2	-10,551	-1,146	5	0	5	1	0	1
14630	14630_1	14630_2	BND	chr2	133211541	chr6	138849787		False	False	False	True	1	4	5	-8,8	0,0	-10,9	0,0	-10,9	0,0	-8,8	0,0	1	4	5	0	0	0
15007	15007_1	15007_2	BND	chr2	133817096	chr12	24825539		True	True	False	True	1	4	5	-8,8	-1,0	-8,8	0,0	-8,8	0,0	-8,8	-1,0	1	4	5	0	0	0
15357	15357_1	15357_2	BND	chr2	133946343	chr18	69348097		False	False	False	True	1	4	5	-10,9	0,0	-10,9	0,0	-10,9	0,0	-10,9	0,0	1	4	5	0	0	0
14218	14218_1	14218_2	BND	chr2	134080451	chr3	97344888		False	False	False	True	1	4	5	-10,9	0,0	-10,9	0,0	-10,9	0,0	-10,9	0,0	1	4	5	0	0	0
15157	15157_1	15157_2	BND	chr2	135405389	chr14	24745082		False	False	False	True	1	4	5	-10,9	0,0	-8,8	0,0	-8,8	0,0	-10,9	0,0	1	4	5	0	0	0
14233	14233_1	14233_2	BND	chr2	135458903	chr3	134502048		False	False	False	True	1	4	5	-10,9	0,0	-10,9	0,0	-10,9	0,0	-10,9	0,0	1	4	5	0	0	0
15554	15554_1	15554_2	BND	chr2	136272871	chrX	35600145		False	False	False	True	1	4	5	-8,8	0,0	-8,8	0,0	-8,8	0,0	-8,8	0,0	1	4	5	0	0	0
14738	14738_1	14738_2	BND	chr2	136704286	chr7	155601308		False	False	False	True	1	4	5	-8,8	0,0	-10,9	0,0	-10,9	0,0	-8,8	0,0	1	4	5	0	0	0
15117	15117_1	15117_2	BND	chr2	136813643	chr13	54615601		False	False	False	True	1	4	5	-10,9	0,0	-8,8	0,0	-8,8	0,0	-10,9	0,0	1	4	5	0	0	0
14785	14785_1	14785_2	BND	chr2	136890303	chr9	134905829		True	True	False	True	6	0	6	-469,9	-101,2	-10,401	-2,74	-10,401	-2,74	-469,9	-101,2	6	0	6	0	0	0
15214	15214_1	15214_2	BND	chr2	137463825	chr15	88632342		False	False	False	True	1	4	5	-8,8	0,0	-10,9	0,0	-10,9	0,0	-8,8	0,0	1	4	5	0	0	0
14647	14647_1	14647_2	BND	chr2	137537992	chr6	161908991		False	False	False	True	1	4	5	-10,9	0,0	-8,8	0,0	-8,8	0,0	-10,9	0,0	1	4	5	0	0	0
14252	14252_1	14252_2	BND	chr2	137541073	chr3	191408009		False	False	False	True	1	4	5	-8,8	0,0	-8,8	0,0	-8,8	0,0	-8,8	0,0	1	4	5	0	0	0
15324	15324_1	15324_2	BND	chr2	137577517	chr17	54442618		False	False	False	True	1	4	5	-8,8	0,0	-10,9	0,0	-10,9	0,0	-8,8	0,0	1	4	5	0	0	0
14388	14388_1	14388_2	BND	chr2	138387708	chr5	3246107		False	False	False	True	1	4	5	-10,9	0,0	-8,8	0,0	-8,8	0,0	-10,9	0,0	1	4	5	0	0	0
15353	15353_1	15353_2	BND	chr2	138597122	chr18	22931141		False	False	False	True	1	4	5	-10,9	0,0	-8,8	0,0	-8,8	0,0	-10,9	0,0	1	4	5	0	0	0
1382	1382_1	1382_2	BND	chr2	138970763	chr2	138970842		True	True	False	True	1	4	5	0,9	0,3	0,0	0,0	0,0	0,0	0,9	0,3	1	4	5	0	0	0
15164	15164_1	15164_2	BND	chr2	139244911	chr14	52834120		False	False	False	True	1	4	5	-10,9	0,0	-10,9	0,0	-10,9	0,0	-10,9	0,0	1	4	5	0	0	0
14721	14721_1	14721_2	BND	chr2	139511630	chr7	116426360		False	False	False	True	1	4	5	-8,8	0,0	-10,9	0,0	-10,9	0,0	-8,8	0,0	1	4	5	0	0	0
14719	14719_1	14719_2	BND	chr2	139733415	chr7	113690791		True	True	False	True	1	4	5	-10,9	0,0	-9,6	0,1	-9,6	0,1	-10,9	0,0	1	4	5	0	0	0
15562	15562_1	15562_2	BND	chr2	139759594	chrX	73879308		False	False	False	True	1	4	5	-8,8	0,0	-8,8	0,0	-8,8	0,0	-8,8	0,0	1	4	5	0	0	0
1386	1386_1	1386_2	BND	chr2	140298813	chr2	140298985		False	False	False	True	1	4	5	-10,9	0,0	-9,6	0,0	-9,6	0,0	-10,9	0,0	1	4	5	0	0	0
15125	15125_1	15125_2	BND	chr2	140521686	chr13	88209565		False	False	False	True	1	4	5	-8,8	0,0	-10,9	0,0	-10,9	0,0	-8,8	0,0	1	4	5	0	0	0
14919	14919_1	14919_2	BND	chr2	140981202	chr10	92476646		False	False	False	True	1	4	5	-10,9	0,0	-8,8	0,0	-8,8	0,0	-10,9	0,0	1	4	5	0	0	0
15576	15576_1	15576_2	BND	chr2	141086659	chrX	104140416		False	False	False	True	1	4	5	-10,9	0,0	-8,8	0,0	-8,8	0,0	-10,9	0,0	1	4	5	0	0	0
14561	14561_1	14561_2	BND	chr2	141512022	chr6	17063123		False	False	False	True	1	4	5	-8,8	0,0	-10,9	0,0	-10,9	0,0	-8,8	0,0	1	4	5	0	0	0
15325	15325_1	15325_2	BND	chr2	142189696	chr17	60259775		False	False	False	True	1	4	5	-8,8	0,0	-8,8	0,0	-8,8	0,0	-8,8	0,0	1	4	5	0	0	0
15029	15029_1	15029_2	BND	chr2	142230194	chr12	59271282		True	True	False	True	1	4	5	-10,7	-1,0	-8,7	0,1	-8,7	0,1	-10,7	-1,0	1	4	5	0	0	0
15127	15127_1	15127_2	BND	chr2	142943998	chr13	96063122		False	False	False	True	1	4	5	-10,9	0,0	-8,8	0,0	-8,8	0,0	-10,9	0,0	1	4	5	0	0	0
15024	15024_1	15024_2	BND	chr2	143125744	chr12	52667100		False	False	False	True	1	4	5	-10,9	0,0	-10,9	0,0	-10,9	0,0	-10,9	0,0	1	4	5	0	0	0
15048	15048_1	15048_2	BND	chr2	143136083	chr12	107054464		False	False	False	True	1	4	5	-8,8	0,0	-8,8	0,0	-8,8	0,0	-8,8	0,0	1	4	5	0	0	0
15581	15581_1	15581_2	BND	chr2	143443638	chrX	115697460		False	False	False	True	1	4	5	-10,9	0,0	-8,8	0,0	-8,8	0,0	-10,9	0,0	1	4	5	0	0	0
15571	15571_1	15571_2	BND	chr2	143471539	chrX	98696180		False	False	False	True	1	4	5	-8,8	0,0	-8,8	0,0	-8,8	0,0	-8,8	0,0	1	4	5	0	0	0
1397	1397		INV	chr2	143489190	chr2	143489311	121.0	True		False		2	4	6	-8,4	-5,2	-5,7	-2,5					2	4	6	0	0	0
15116	15116_1	15116_2	BND	chr2	143870854	chr13	53487915		True	True	False	True	1	4	5	-9,4	-2,1	-4,9	0,6	-4,9	0,6	-9,4	-2,1	1	4	5	0	0	0
1398	1398		INV	chr2	143905163	chr2	143905279	116.0	True		False		2	4	6	-10,7	-1,1	-5,9	-1,1					2	4	6	0	0	0
14203	14203_1	14203_2	BND	chr2	143912316	chr3	42845911		False	False	False	True	1	4	5	-8,8	0,0	-10,9	0,0	-10,9	0,0	-8,8	0,0	1	4	5	0	0	0
15158	15158_1	15158_2	BND	chr2	143947846	chr14	27203878		True	True	False	True	1	4	5	-6,8	0,1	-8,7	-1,0	-8,7	-1,0	-6,8	0,1	1	4	5	0	0	0
14982	14982_1	14982_2	BND	chr2	144317397	chr11	95348675		False	False	False	True	1	4	5	-10,9	0,0	-8,8	0,0	-8,8	0,0	-10,9	0,0	1	4	5	0	0	0
15213	15213_1	15213_2	BND	chr2	144428515	chr15	71004738		False	False	False	True	1	4	5	-10,9	0,0	-8,8	0,0	-8,8	0,0	-10,9	0,0	1	4	5	0	0	0
15553	15553_1	15553_2	BND	chr2	144955388	chrX	33700079		False	False	False	True	1	4	5	-8,8	0,0	-10,9	0,0	-10,9	0,0	-8,8	0,0	1	4	5	0	0	0
14733	14733_1	14733_2	BND	chr2	146395064	chr7	143095392		False	False	False	True	1	4	5	-8,8	0,0	-10,9	0,0	-10,9	0,0	-8,8	0,0	1	4	5	0	0	0
14667	14667_1	14667_2	BND	chr2	146472507	chr7	126861244		False	False	False	True	1	4	5	-8,8	0,0	-8,8	0,0	-8,8	0,0	-8,8	0,0	1	4	5	0	0	0
14620	14620_1	14620_2	BND	chr2	147699818	chr6	120029537		False	False	False	True	1	4	5	-10,9	0,0	-10,9	0,0	-10,9	0,0	-10,9	0,0	1	4	5	0	0	0
14737	14737_1	14737_2	BND	chr2	147721197	chr7	153279514		False	False	False	True	1	4	5	-8,8	0,0	-8,8	0,0	-8,8	0,0	-8,8	0,0	1	4	5	0	0	0
15450	15450_1	15450_2	BND	chr2	148207432	chr20	3531897		False	False	False	True	1	4	5	-10,9	0,0	-8,8	0,0	-8,8	0,0	-10,9	0,0	1	4	5	0	0	0
1413	1413		INV	chr2	148725261	chr2	148725363	102.0	True		False		1	4	5	-6,9	0,4	-2,0	-2,0					1	4	5	0	0	0
14898	14898_1	14898_2	BND	chr2	148963142	chr10	42776098		False	False	False	True	1	4	5	-10,9	0,0	-10,9	0,0	-10,9	0,0	-10,9	0,0	1	4	5	0	0	0
1414	1414		INV	chr2	149551394	chr2	149551498	104.0	True		False		1	4	5	-9,2	-2,1	-9,2	-2,1					1	4	5	0	0	0
14626	14626_1	14626_2	BND	chr2	149836912	chr6	128478626		False	False	False	True	1	4	5	-8,8	0,0	-10,9	0,0	-10,9	0,0	-8,8	0,0	1	4	5	0	0	0
1419	1419		INV	chr2	149935644	chr2	149935768	124.0	True		False		2	3	5	-10,9	-1,1	-10,9	-1,1					2	3	5	0	0	0
14802	14802_1	14802_2	BND	chr2	149942127	chr9	32301542		False	False	False	True	1	4	5	-10,9	0,0	-8,8	0,0	-8,8	0,0	-10,9	0,0	1	4	5	0	0	0
1423	1423		DEL	chr2	150960969	chr2	150961038	69.0	False		False		1	4	5	-8,8	0,0	-10,9	0,0					1	4	5	0	0	0
1429	1429		INV	chr2	151880128	chr2	151880260	132.0	True		False		2	4	6	-10,6	-1,1	-3,9	-1,1					2	4	6	0	0	0
14996	14996_1	14996_2	BND	chr2	152830525	chr12	5533193		False	False	False	True	1	4	5	-10,9	0,0	-10,9	0,0	-10,9	0,0	-10,9	0,0	1	4	5	0	0	0
14341	14341_1	14341_2	BND	chr2	152885204	chr4	84395300		False	False	False	True	1	4	5	-10,9	0,0	-10,9	0,0	-10,9	0,0	-10,9	0,0	1	4	5	0	0	0
14189	14189_1	14189_2	BND	chr2	152913401	chr3	279284		False	False	False	True	1	4	5	-8,8	0,0	-10,9	0,0	-10,9	0,0	-8,8	0,0	1	4	5	0	0	0
14932	14932_1	14932_2	BND	chr2	153135413	chr10	109672093		False	False	False	True	1	4	5	-10,9	0,0	-10,9	0,0	-10,9	0,0	-10,9	0,0	1	4	5	0	0	0
1440	1440		INV	chr2	154383486	chr2	154383591	105.0	True		False		2	3	5	-8,9	0,2	-1,9	-1,3					2	3	5	0	0	0
14980	14980_1	14980_2	BND	chr2	154562692	chr11	89253509		False	False	False	True	1	4	5	-8,8	0,0	-10,9	0,0	-10,9	0,0	-8,8	0,0	1	4	5	0	0	0
14605	14605_1	14605_2	BND	chr2	155068952	chr6	85875389		False	False	False	True	1	4	5	-10,9	0,0	-8,8	0,0	-8,8	0,0	-10,9	0,0	1	4	5	0	0	0
14792	14792_1	14792_2	BND	chr2	155331648	chr9	17359742		True	True	False	True	9	0	9	-4,356	0,87	-10,281	-3,43	-10,281	-3,43	-4,356	0,87	9	0	9	0	0	0
14659	14659_1	14659_2	BND	chr2	155578442	chr6	169371040		False	False	False	True	1	4	5	-8,8	0,0	-10,9	0,0	-10,9	0,0	-8,8	0,0	1	4	5	0	0	0
14934	14934_1	14934_2	BND	chr2	155905105	chr10	110734508		False	False	False	True	2	4	6	-10,9	0,0	-10,9	0,0	-10,9	0,0	-10,9	0,0	2	4	6	0	0	0
15401	15401_1	15401_2	BND	chr2	156278457	chr19	51018218		False	False	False	True	1	4	5	-10,9	0,0	-8,8	0,0	-8,8	0,0	-10,9	0,0	1	4	5	0	0	0
14352	14352_1	14352_2	BND	chr2	156671410	chr4	120776788		False	False	False	True	1	4	5	-8,8	0,0	-8,8	0,0	-8,8	0,0	-8,8	0,0	1	4	5	0	0	0
15467	15467_1	15467_2	BND	chr2	159755064	chr20	60158973		False	False	False	True	1	4	5	-10,9	0,0	-8,8	0,0	-8,8	0,0	-10,9	0,0	1	4	5	0	0	0
15067	15067_1	15067_2	BND	chr2	159875806	chr12	123790620		False	False	False	True	1	4	5	-8,8	0,0	-10,9	0,0	-10,9	0,0	-8,8	0,0	1	4	5	0	0	0
15130	15130_1	15130_2	BND	chr2	160153075	chr13	105026089		False	False	False	True	1	4	5	-10,9	0,0	-10,9	0,0	-10,9	0,0	-10,9	0,0	1	4	5	0	0	0
15121	15121_1	15121_2	BND	chr2	160536879	chr13	73590466		False	False	False	True	1	4	5	-8,8	0,0	-10,9	0,0	-10,9	0,0	-8,8	0,0	1	4	5	0	0	0
14633	14633_1	14633_2	BND	chr2	161749950	chr6	144615036		False	False	False	True	1	4	5	-10,9	0,0	-10,9	0,0	-10,9	0,0	-10,9	0,0	1	4	5	0	0	0
14961	14961_1	14961_2	BND	chr2	161764367	chr11	8302531		False	False	False	True	1	4	5	-8,8	0,0	-10,9	0,0	-10,9	0,0	-8,8	0,0	1	4	5	0	0	0
14589	14589_1	14589_2	BND	chr2	162364961	chr6	62475478		False	False	False	True	1	4	5	-10,9	0,0	-10,9	0,0	-10,9	0,0	-10,9	0,0	1	4	5	0	0	0
1464	1464		INV	chr2	162927053	chr2	162927170	117.0	True		False		4	2	6	-10,5	-1,1	-10,9	-1,1					4	2	6	0	0	0
14712	14712_1	14712_2	BND	chr2	163022489	chr7	99145591		False	False	False	True	1	4	5	-8,8	0,0	-10,9	0,0	-10,9	0,0	-8,8	0,0	1	4	5	0	0	0
14565	14565_1	14565_2	BND	chr2	163460090	chr6	24274622		True	True	False	True	1	4	5	-10,6	-2,0	-8,8	0,0	-8,8	0,0	-10,6	-2,0	1	4	5	0	0	0
1468	1468_1	1468_2	BND	chr2	164280808	chr2	164281009		True	True	False	True	1	4	5	-3,9	0,7	-9,2	-2,1	-9,2	-2,1	-3,9	0,7	1	4	5	0	0	0
14404	14404_1	14404_2	BND	chr2	164910021	chr5	45217247		False	False	False	True	1	4	5	-10,9	0,0	-8,8	0,0	-8,8	0,0	-10,9	0,0	1	4	5	0	0	0
14345	14345_1	14345_2	BND	chr2	165790040	chr4	101824870		False	False	False	True	1	4	5	-8,8	0,0	-10,9	0,0	-10,9	0,0	-8,8	0,0	1	4	5	0	0	0
1476	1476		INV	chr2	166168546	chr2	166168688	142.0	True		False		3	2	5	-9,9	-1,1	-2,9	-1,1					3	2	5	0	0	0
14524	14524_1	14524_2	BND	chr2	166202230	chr5	117979324		False	False	False	True	1	4	5	-8,8	0,0	-10,9	0,0	-10,9	0,0	-8,8	0,0	1	4	5	0	0	0
14594	14594_1	14594_2	BND	chr2	166289019	chr6	67403194		False	False	False	True	1	4	5	-8,8	0,0	-10,9	0,0	-10,9	0,0	-8,8	0,0	1	4	5	0	0	0
1478	1478_1	1478_2	BND	chr2	166334081	chr2	166334197		True	True	False	True	1	4	5	-10,9	-1,1	-8,9	-1,1	-8,9	-1,1	-10,9	-1,1	1	4	5	0	0	0
15170	15170_1	15170_2	BND	chr2	166673100	chr14	72095904		True	True	False	True	1	4	5	-9,6	-2,1	-5,9	0,3	-5,9	0,3	-9,6	-2,1	1	4	5	0	0	0
1481	1481		INV	chr2	166713321	chr2	166713446	125.0	True		False		1	5	6	-5,6	-3,4	-7,4	-5,2					1	5	6	0	0	0
15020	15020_1	15020_2	BND	chr2	166896246	chr12	48146931		False	False	False	True	1	4	5	-10,9	0,0	-8,8	0,0	-8,8	0,0	-10,9	0,0	1	4	5	0	0	0
14398	14398_1	14398_2	BND	chr2	167032603	chr5	30264212		False	False	False	True	1	4	5	-10,9	0,0	-8,8	0,0	-8,8	0,0	-10,9	0,0	1	4	5	0	0	0
15570	15570_1	15570_2	BND	chr2	167200431	chrX	96112466		False	False	False	True	1	4	5	-8,8	0,0	-8,8	0,0	-8,8	0,0	-8,8	0,0	1	4	5	0	0	0
14353	14353_1	14353_2	BND	chr2	167359796	chr4	124284322		True	True	False	True	1	4	5	-10,7	-1,0	-5,8	0,1	-5,8	0,1	-10,7	-1,0	1	4	5	0	0	0
14675	14675_1	14675_2	BND	chr2	168229914	chr7	7820913		False	False	False	True	1	4	5	-10,9	0,0	-10,9	0,0	-10,9	0,0	-10,9	0,0	1	4	5	0	0	0
14372	14372_1	14372_2	BND	chr2	168578651	chr4	169214597		False	False	False	True	1	4	5	-10,9	0,0	-8,8	0,0	-8,8	0,0	-10,9	0,0	1	4	5	0	0	0
14622	14622_1	14622_2	BND	chr2	168849342	chr6	121498600		False	False	False	True	1	4	5	-8,8	0,0	-10,9	0,0	-10,9	0,0	-8,8	0,0	1	4	5	0	0	0
15465	15465_1	15465_2	BND	chr2	169683810	chr20	42344389		False	False	False	True	1	4	5	-10,9	0,0	-10,9	0,0	-10,9	0,0	-10,9	0,0	1	4	5	0	0	0
15464	15464_1	15464_2	BND	chr2	172024568	chr20	41579890		False	False	False	True	1	4	5	-8,8	0,0	-10,9	0,0	-10,9	0,0	-8,8	0,0	1	4	5	0	0	0
14866	14866_1	14866_2	BND	chr2	172590033	chr10	5598537		False	False	False	True	1	4	5	-8,8	0,0	-10,9	0,0	-10,9	0,0	-8,8	0,0	1	4	5	0	0	0
14392	14392_1	14392_2	BND	chr2	173658688	chr5	14918859		False	False	False	True	1	4	5	-8,8	0,0	-10,9	0,0	-10,9	0,0	-8,8	0,0	1	4	5	0	0	0
1504	1504		INV	chr2	173966388	chr2	173966563	175.0	True		False		2	3	5	-10,9	-1,1	-10,9	-1,1					2	3	5	0	0	0
14190	14190_1	14190_2	BND	chr2	174889990	chr3	1175407		False	False	False	True	2	4	6	-10,9	0,0	-10,9	0,0	-10,9	0,0	-10,9	0,0	2	4	6	0	0	0
14541	14541_1	14541_2	BND	chr2	177542098	chr5	163132569		False	False	False	True	1	4	5	-8,8	0,0	-8,8	0,0	-8,8	0,0	-8,8	0,0	1	4	5	0	0	0
1513	1513_1	1513_2	BND	chr2	178115597	chr2	178115678		True	True	False	True	1	4	5	-9,0	-9,0	-1,9	0,9	-1,9	0,9	-9,0	-9,0	1	4	5	0	0	0
1520	1520		DEL	chr2	178450617	chr2	178450965	348.0	True		False		11	0	11	-10,197	-3,24	-281,9	-53,0					10	0	10	1	0	1
14209	14209_1	14209_2	BND	chr2	179460820	chr3	74052465		False	False	False	True	1	4	5	-10,9	0,0	-8,8	0,0	-8,8	0,0	-10,9	0,0	1	4	5	0	0	0
1524	1524_1	1524_2	BND	chr2	179769963	chr2	179770050		False	False	False	True	2	5	7	-7,6	0,0	-6,6	0,0	-6,6	0,0	-7,6	0,0	2	5	7	0	0	0
1525	1525_1	1525_2	BND	chr2	179871548	chr2	179871746		False	False	False	True	1	4	5	-8,8	0,0	-8,8	0,0	-8,8	0,0	-8,8	0,0	1	4	5	0	0	0
14538	14538_1	14538_2	BND	chr2	180870466	chr5	156586065		False	False	False	True	1	4	5	-8,8	0,0	-8,8	0,0	-8,8	0,0	-8,8	0,0	1	4	5	0	0	0
14282	14282_1	14282_2	BND	chr2	181210230	chr4	42769701		False	False	False	True	1	4	5	-10,9	0,0	-8,8	0,0	-8,8	0,0	-10,9	0,0	1	4	5	0	0	0
14701	14701_1	14701_2	BND	chr2	181249081	chr7	67078097		False	False	False	True	1	4	5	-10,9	0,0	-8,8	0,0	-8,8	0,0	-10,9	0,0	1	4	5	0	0	0
1531	1531_1	1531_2	BND	chr2	181390892	chr2	181391015		False	False	False	True	1	4	5	-8,8	0,0	-8,8	0,0	-8,8	0,0	-8,8	0,0	1	4	5	0	0	0
14616	14616_1	14616_2	BND	chr2	181858535	chr6	116685152		False	False	False	True	1	4	5	-8,8	0,0	-8,8	0,0	-8,8	0,0	-8,8	0,0	1	4	5	0	0	0
14590	14590_1	14590_2	BND	chr2	182419350	chr6	62714789		False	False	False	True	1	4	5	-8,8	0,0	-8,8	0,0	-8,8	0,0	-8,8	0,0	1	4	5	0	0	0
14533	14533_1	14533_2	BND	chr2	183138273	chr5	141548807		False	False	False	True	1	4	5	-10,9	0,0	-10,9	0,0	-10,9	0,0	-10,9	0,0	1	4	5	0	0	0
14695	14695_1	14695_2	BND	chr2	183406298	chr7	50044335		False	False	False	True	1	4	5	-10,9	0,0	-10,9	0,0	-10,9	0,0	-10,9	0,0	1	4	5	0	0	0
14619	14619_1	14619_2	BND	chr2	184120858	chr6	119232456		False	False	False	True	2	4	6	-10,9	0,0	-10,9	0,0	-10,9	0,0	-10,9	0,0	2	4	6	0	0	0
1544	1544		INV	chr2	184274074	chr2	184274187	113.0	True		False		2	3	5	0,9	0,9	-9,3	-2,2					2	3	5	0	0	0
15046	15046_1	15046_2	BND	chr2	184477563	chr12	98167366		False	False	False	True	1	4	5	-10,9	0,0	-10,9	0,0	-10,9	0,0	-10,9	0,0	1	4	5	0	0	0
1548	1548		INV	chr2	184687012	chr2	184687160	148.0	True		False		2	3	5	-10,9	-1,1	-10,9	-1,1					2	3	5	0	0	0
14521	14521_1	14521_2	BND	chr2	185692040	chr5	111006037		False	False	False	True	1	4	5	-8,8	0,0	-10,9	0,0	-10,9	0,0	-8,8	0,0	1	4	5	0	0	0
15575	15575_1	15575_2	BND	chr2	185793982	chrX	103219115		False	False	False	True	1	4	5	-8,8	0,0	-10,9	0,0	-10,9	0,0	-8,8	0,0	1	4	5	0	0	0
1552	1552		INV	chr2	185961955	chr2	185962093	138.0	True		False		2	3	5	-10,9	-1,1	-10,9	-1,1					2	3	5	0	0	0
15318	15318_1	15318_2	BND	chr2	186382719	chr17	8065043		False	False	False	True	1	4	5	-8,8	0,0	-10,9	0,0	-10,9	0,0	-8,8	0,0	1	4	5	0	0	0
14249	14249_1	14249_2	BND	chr2	186637690	chr3	179196628		False	False	False	True	1	4	5	-8,8	0,0	-8,8	0,0	-8,8	0,0	-8,8	0,0	1	4	5	0	0	0
14359	14359_1	14359_2	BND	chr2	187362847	chr4	134400006		False	False	False	True	1	4	5	-10,9	0,0	-10,9	0,0	-10,9	0,0	-10,9	0,0	1	4	5	0	0	0
15533	15533_1	15533_2	BND	chr2	188967800	chr22	45371182		True	True	False	True	1	4	5	-7,9	0,1	-6,9	0,1	-6,9	0,1	-7,9	0,1	1	4	5	0	0	0
14215	14215_1	14215_2	BND	chr2	189158784	chr3	85457990		False	False	False	True	1	4	5	-8,8	0,0	-10,9	0,0	-10,9	0,0	-8,8	0,0	1	4	5	0	0	0
1561	1561_1	1561_2	BND	chr2	189203677	chr2	189203825		True	True	False	True	2	3	5	-8,9	-1,1	-8,9	-1,1	-8,9	-1,1	-8,9	-1,1	2	3	5	0	0	0
15354	15354_1	15354_2	BND	chr2	189703348	chr18	33238703		False	False	False	True	1	4	5	-8,8	0,0	-8,8	0,0	-8,8	0,0	-8,8	0,0	1	4	5	0	0	0
15119	15119_1	15119_2	BND	chr2	189771979	chr13	63870538		False	False	False	True	1	4	5	-10,9	0,0	-10,9	0,0	-10,9	0,0	-10,9	0,0	1	4	5	0	0	0
1564	1564_1	1564_2	BND	chr2	190229516	chr2	190229715		True	True	False	True	2	4	6	-10,9	-1,1	-10,9	-1,1	-10,9	-1,1	-10,9	-1,1	2	4	6	0	0	0
14247	14247_1	14247_2	BND	chr2	191093523	chr3	176789133		False	False	False	True	1	4	5	-10,9	0,0	-8,8	0,0	-8,8	0,0	-10,9	0,0	1	4	5	0	0	0
14968	14968_1	14968_2	BND	chr2	191634649	chr11	42230736		False	False	False	True	1	4	5	-10,9	0,0	-10,9	0,0	-10,9	0,0	-10,9	0,0	1	4	5	0	0	0
15047	15047_1	15047_2	BND	chr2	192301231	chr12	104061288		False	False	False	True	1	4	5	-10,9	0,0	-8,8	0,0	-8,8	0,0	-10,9	0,0	1	4	5	0	0	0
15320	15320_1	15320_2	BND	chr2	192338893	chr17	49809629		False	False	False	True	1	4	5	-8,8	0,0	-10,9	0,0	-10,9	0,0	-8,8	0,0	1	4	5	0	0	0
15585	15585_1	15585_2	BND	chr2	192353859	chrX	125060158		True	True	False	True	1	4	5	-8,0	-8,0	-10,3	-1,0	-10,3	-1,0	-8,0	-8,0	1	4	5	0	0	0
15051	15051_1	15051_2	BND	chr2	192847739	chr12	111918786		False	False	False	True	1	4	5	-8,8	0,0	-10,9	0,0	-10,9	0,0	-8,8	0,0	1	4	5	0	0	0
14688	14688_1	14688_2	BND	chr2	192917478	chr7	29894920		False	False	False	True	1	4	5	-8,8	0,0	-10,9	0,0	-10,9	0,0	-8,8	0,0	1	4	5	0	0	0
1578	1578_1	1578_2	BND	chr2	193373446	chr2	193373570		True	True	False	True	2	3	5	-2,9	-1,1	-10,3	-3,0	-10,3	-3,0	-2,9	-1,1	2	3	5	0	0	0
14394	14394_1	14394_2	BND	chr2	194367907	chr5	22549160		False	False	False	True	1	4	5	-8,8	0,0	-8,8	0,0	-8,8	0,0	-8,8	0,0	1	4	5	0	0	0
15319	15319_1	15319_2	BND	chr2	195270744	chr17	12872775		False	False	False	True	1	4	5	-8,8	0,0	-10,9	0,0	-10,9	0,0	-8,8	0,0	1	4	5	0	0	0
15061	15061_1	15061_2	BND	chr2	195593515	chr12	117784974		False	False	False	True	1	4	5	-10,9	0,0	-10,9	0,0	-10,9	0,0	-10,9	0,0	1	4	5	0	0	0
15323	15323_1	15323_2	BND	chr2	195809975	chr17	54419605		False	False	False	True	1	4	5	-8,8	0,0	-10,9	0,0	-10,9	0,0	-8,8	0,0	1	4	5	0	0	0
15113	15113_1	15113_2	BND	chr2	196303784	chr13	38344301		False	False	False	True	1	4	5	-10,9	0,0	-10,9	0,0	-10,9	0,0	-10,9	0,0	1	4	5	0	0	0
14614	14614_1	14614_2	BND	chr2	196708947	chr6	112913534		False	False	False	True	1	4	5	-10,9	0,0	-10,9	0,0	-10,9	0,0	-10,9	0,0	1	4	5	0	0	0
14213	14213_1	14213_2	BND	chr2	196960028	chr3	83370583		False	False	False	True	1	4	5	-8,8	0,0	-10,9	0,0	-10,9	0,0	-8,8	0,0	1	4	5	0	0	0
14200	14200_1	14200_2	BND	chr2	196974993	chr3	36268603		True	True	False	True	1	4	5	-6,9	0,1	0,8	0,8	0,8	0,8	-6,9	0,1	1	4	5	0	0	0
14731	14731_1	14731_2	BND	chr2	197038956	chr7	137904837		False	False	False	True	1	4	5	-8,8	0,0	-10,9	0,0	-10,9	0,0	-8,8	0,0	1	4	5	0	0	0
14935	14935_1	14935_2	BND	chr2	198620763	chr10	115236873		False	False	False	True	1	4	5	-8,8	0,0	-8,8	0,0	-8,8	0,0	-8,8	0,0	1	4	5	0	0	0
1601	1601_1	1601_2	BND	chr2	198740881	chr2	198740992		True	True	False	True	2	4	6	-10,9	0,0	-5,9	0,3	-5,9	0,3	-10,9	0,0	2	4	6	0	0	0
15548	15548_1	15548_2	BND	chr2	198856496	chrX	5620600		False	False	False	True	1	4	5	-8,8	0,0	-10,9	0,0	-10,9	0,0	-8,8	0,0	1	4	5	0	0	0
14609	14609_1	14609_2	BND	chr2	199125636	chr6	90337682		True	True	False	True	1	4	5	-10,7	-1,0	-10,9	0,0	-10,9	0,0	-10,7	-1,0	1	4	5	0	0	0
15120	15120_1	15120_2	BND	chr2	199234714	chr13	68967731		False	False	False	True	1	4	5	-10,9	0,0	-8,8	0,0	-8,8	0,0	-10,9	0,0	1	4	5	0	0	0
14542	14542_1	14542_2	BND	chr2	199411231	chr5	163258340		True	True	False	True	1	4	5	-8,8	-1,1	-9,7	-1,1	-9,7	-1,1	-8,8	-1,1	1	4	5	0	0	0
14544	14544_1	14544_2	BND	chr2	199485323	chr5	171584439		False	False	False	True	1	4	5	-8,8	0,0	-8,8	0,0	-8,8	0,0	-8,8	0,0	1	4	5	0	0	0
1606	1606_1	1606_2	BND	chr2	199761911	chr2	199762076		False	False	False	True	1	4	5	-8,8	0,0	-8,8	0,0	-8,8	0,0	-8,8	0,0	1	4	5	0	0	0
14754	14754_1	14754_2	BND	chr2	199946247	chr8	19878658		False	False	False	True	1	4	5	-10,9	0,0	-8,8	0,0	-8,8	0,0	-10,9	0,0	1	4	5	0	0	0
15498	15498_1	15498_2	BND	chr2	200186801	chr21	31818674		False	False	False	True	1	4	5	-10,9	0,0	-8,8	0,0	-8,8	0,0	-10,9	0,0	1	4	5	0	0	0
14732	14732_1	14732_2	BND	chr2	200492610	chr7	140354667		False	False	False	True	1	4	5	-8,8	0,0	-8,8	0,0	-8,8	0,0	-8,8	0,0	1	4	5	0	0	0
14271	14271_1	14271_2	BND	chr2	200922389	chr4	4798639		False	False	False	True	1	4	5	-8,8	0,0	-10,9	0,0	-10,9	0,0	-8,8	0,0	1	4	5	0	0	0
15451	15451_1	15451_2	BND	chr2	201049185	chr20	6611746		False	False	False	True	1	4	5	-8,8	0,0	-8,8	0,0	-8,8	0,0	-8,8	0,0	1	4	5	0	0	0
14909	14909_1	14909_2	BND	chr2	201132813	chr10	79370962		False	False	False	True	1	4	5	-8,8	0,0	-10,9	0,0	-10,9	0,0	-8,8	0,0	1	4	5	0	0	0
15453	15453_1	15453_2	BND	chr2	201429937	chr20	21290960		False	False	False	True	1	4	5	-10,9	0,0	-10,9	0,0	-10,9	0,0	-10,9	0,0	1	4	5	0	0	0
14637	14637_1	14637_2	BND	chr2	201763588	chr6	148539189		False	False	False	True	1	4	5	-10,9	0,0	-10,9	0,0	-10,9	0,0	-10,9	0,0	1	4	5	0	0	0
14536	14536_1	14536_2	BND	chr2	202295663	chr5	148007279		False	False	False	True	1	4	5	-10,9	0,0	-8,8	0,0	-8,8	0,0	-10,9	0,0	1	4	5	0	0	0
14789	14789_1	14789_2	BND	chr2	202357538	chr9	3530220		True	True	False	True	1	4	5	-8,8	-1,0	-8,8	0,0	-8,8	0,0	-8,8	-1,0	1	4	5	0	0	0
15037	15037_1	15037_2	BND	chr2	202438845	chr12	71338916		False	False	False	True	1	4	5	-8,8	0,0	-8,8	0,0	-8,8	0,0	-8,8	0,0	1	4	5	0	0	0
14978	14978_1	14978_2	BND	chr2	202622497	chr11	79329980		False	False	False	True	1	4	5	-8,8	0,0	-10,9	0,0	-10,9	0,0	-8,8	0,0	1	4	5	0	0	0
1613	1613_1	1613_2	BND	chr2	202787377	chr2	202787646		False	False	False	True	1	4	5	-10,9	0,0	-10,9	0,0	-10,9	0,0	-10,9	0,0	1	4	5	0	0	0
14762	14762_1	14762_2	BND	chr2	202953499	chr8	46750335		False	False	False	True	1	4	5	-10,9	0,0	-8,8	0,0	-8,8	0,0	-10,9	0,0	1	4	5	0	0	0
15019	15019_1	15019_2	BND	chr2	203039318	chr12	48097330		True	True	False	True	1	4	5	-8,8	-1,1	-8,7	-2,1	-8,7	-2,1	-8,8	-1,1	1	4	5	0	0	0
15590	15590_1	15590_2	BND	chr2	203251817	chrX	135386253		True	True	False	True	2	3	5	-10,9	-1,1	-6,9	-1,1	-6,9	-1,1	-10,9	-1,1	2	3	5	0	0	0
14769	14769_1	14769_2	BND	chr2	203386457	chr8	124049044		True	True	False	True	1	4	5	-9,8	-1,0	-10,9	0,0	-10,9	0,0	-9,8	-1,0	1	4	5	0	0	0
1615	1615_1	1615_2	BND	chr2	203857221	chr2	203857492		True	True	False	True	2	3	5	-7,9	-1,2	-10,9	-1,1	-10,9	-1,1	-7,9	-1,2	2	3	5	0	0	0
15171	15171_1	15171_2	BND	chr2	205804262	chr14	94046099		False	False	False	True	1	4	5	-10,9	0,0	-10,9	0,0	-10,9	0,0	-10,9	0,0	1	4	5	0	0	0
14638	14638_1	14638_2	BND	chr2	205840157	chr6	149481322		False	False	False	True	1	4	5	-10,9	0,0	-10,9	0,0	-10,9	0,0	-10,9	0,0	1	4	5	0	0	0
1626	1626		INV	chr2	206206648	chr2	206206813	165.0	True		False		1	4	5	0,8	0,3	-8,8	0,0					1	4	5	0	0	0
15126	15126_1	15126_2	BND	chr2	206459638	chr13	93848930		False	False	False	True	1	4	5	-10,9	0,0	-8,8	0,0	-8,8	0,0	-10,9	0,0	1	4	5	0	0	0
14367	14367_1	14367_2	BND	chr2	206781063	chr4	162664155		False	False	False	True	1	4	5	-8,8	0,0	-8,8	0,0	-8,8	0,0	-8,8	0,0	1	4	5	0	0	0
15564	15564_1	15564_2	BND	chr2	207708603	chrX	76743260		False	False	False	True	1	4	5	-8,8	0,0	-8,8	0,0	-8,8	0,0	-8,8	0,0	1	4	5	0	0	0
1635	1635_1	1635_2	BND	chr2	207760244	chr2	207760739		False	False	False	True	1	4	5	-10,9	0,0	-10,9	0,0	-10,9	0,0	-10,9	0,0	1	4	5	0	0	0
15560	15560_1	15560_2	BND	chr2	207842052	chrX	64424293		True	True	False	True	2	4	6	-10,9	0,0	-8,9	0,1	-8,9	0,1	-10,9	0,0	2	4	6	0	0	0
14981	14981_1	14981_2	BND	chr2	208447637	chr11	94289836		True	True	False	True	1	4	5	-8,7	-1,0	-10,9	0,0	-10,9	0,0	-8,7	-1,0	1	4	5	0	0	0
14223	14223_1	14223_2	BND	chr2	209269869	chr3	113171686		False	False	False	True	1	4	5	-8,8	0,0	-10,9	0,0	-10,9	0,0	-8,8	0,0	1	4	5	0	0	0
14357	14357_1	14357_2	BND	chr2	209884019	chr4	130261593		False	False	False	True	1	4	5	-10,9	0,0	-8,8	0,0	-8,8	0,0	-10,9	0,0	1	4	5	0	0	0
1644	1644_1	1644_2	BND	chr2	210128498	chr2	210128601		True	True	False	True	2	3	5	-10,6	-1,0	-9,8	-1,0	-9,8	-1,0	-10,6	-1,0	2	3	5	0	0	0
15112	15112_1	15112_2	BND	chr2	210691060	chr13	28913978		False	False	False	True	1	4	5	-10,9	0,0	-10,9	0,0	-10,9	0,0	-10,9	0,0	1	4	5	0	0	0
15040	15040_1	15040_2	BND	chr2	211415418	chr12	79916022		True	True	False	True	10	0	10	-9,349	-1,70	-8,306	0,60	-8,306	0,60	-9,349	-1,70	9	0	9	1	0	1
14611	14611_1	14611_2	BND	chr2	211504460	chr6	107937135		False	False	False	True	1	4	5	-8,8	0,0	-8,8	0,0	-8,8	0,0	-8,8	0,0	1	4	5	0	0	0
1651	1651_1	1651_2	BND	chr2	211693279	chr2	211693357		False	False	False	True	1	4	5	-10,9	0,0	-1,6	0,0	-1,6	0,0	-10,9	0,0	1	4	5	0	0	0
15579	15579_1	15579_2	BND	chr2	212281665	chrX	114065506		False	False	False	True	1	4	5	-8,8	0,0	-8,8	0,0	-8,8	0,0	-8,8	0,0	1	4	5	0	0	0
14915	14915_1	14915_2	BND	chr2	213878662	chr10	82956517		False	False	False	True	1	4	5	-10,9	0,0	-10,9	0,0	-10,9	0,0	-10,9	0,0	1	4	5	0	0	0
14377	14377_1	14377_2	BND	chr2	213893835	chr4	176994669		False	False	False	True	1	4	5	-8,8	0,0	-8,8	0,0	-8,8	0,0	-8,8	0,0	1	4	5	0	0	0
15207	15207_1	15207_2	BND	chr2	214080322	chr15	31323993		True	True	False	True	1	4	5	-10,4	-1,0	-10,1	-1,0	-10,1	-1,0	-10,4	-1,0	1	4	5	0	0	0
14801	14801_1	14801_2	BND	chr2	214087682	chr9	28236080		False	False	False	True	1	4	5	-8,8	0,0	-10,9	0,0	-10,9	0,0	-8,8	0,0	1	4	5	0	0	0
15351	15351_1	15351_2	BND	chr2	214678078	chr18	8903350		False	False	False	True	1	4	5	-10,9	0,0	-8,8	0,0	-8,8	0,0	-10,9	0,0	1	4	5	0	0	0
14635	14635_1	14635_2	BND	chr2	214860154	chr6	147385603		False	False	False	True	1	4	5	-8,8	0,0	-8,8	0,0	-8,8	0,0	-8,8	0,0	1	4	5	0	0	0
14234	14234_1	14234_2	BND	chr2	215869834	chr3	139851612		False	False	False	True	1	4	5	-10,9	0,0	-8,8	0,0	-8,8	0,0	-10,9	0,0	1	4	5	0	0	0
14830	14830_1	14830_2	BND	chr2	215993533	chr9	111686205		True	True	False	True	1	4	5	-8,8	-1,0	-8,8	0,0	-8,8	0,0	-8,8	-1,0	1	4	5	0	0	0
14694	14694_1	14694_2	BND	chr2	216197015	chr7	39175218		False	False	False	True	1	4	5	-8,8	0,0	-8,8	0,0	-8,8	0,0	-8,8	0,0	1	4	5	0	0	0
1669	1669_1	1669_2	BND	chr2	216824652	chr2	216824750		False	False	False	True	2	4	6	-10,9	0,0	-7,9	0,0	-7,9	0,0	-10,9	0,0	2	4	6	0	0	0
15355	15355_1	15355_2	BND	chr2	219277409	chr18	51086474		True	True	False	True	1	4	5	-9,4	-1,0	-10,4	-1,0	-10,4	-1,0	-9,4	-1,0	1	4	5	0	0	0
14506	14506_1	14506_2	BND	chr2	219343149	chr5	61008303		True	True	False	True	1	4	5	-10,6	-2,0	-10,9	0,0	-10,9	0,0	-10,6	-2,0	1	4	5	0	0	0
15326	15326_1	15326_2	BND	chr2	221836140	chr17	60609098		True	True	False	True	1	4	5	-9,0	-9,0	-6,8	0,1	-6,8	0,1	-9,0	-9,0	1	4	5	0	0	0
14806	14806_1	14806_2	BND	chr2	222639493	chr9	40885644		False	False	False	True	2	4	6	-10,9	0,0	-10,9	0,0	-10,9	0,0	-10,9	0,0	2	4	6	0	0	0
14602	14602_1	14602_2	BND	chr2	222765012	chr6	79882305		False	False	False	True	1	4	5	-10,9	0,0	-10,9	0,0	-10,9	0,0	-10,9	0,0	1	4	5	0	0	0
15114	15114_1	15114_2	BND	chr2	223305756	chr13	43620182		False	False	False	True	1	4	5	-8,8	0,0	-8,8	0,0	-8,8	0,0	-8,8	0,0	1	4	5	0	0	0
14231	14231_1	14231_2	BND	chr2	224311747	chr3	132567594		False	False	False	True	1	4	5	-10,9	0,0	-8,8	0,0	-8,8	0,0	-10,9	0,0	1	4	5	0	0	0
15008	15008_1	15008_2	BND	chr2	224690933	chr12	29474105		False	False	False	True	1	4	5	-8,8	0,0	-8,8	0,0	-8,8	0,0	-8,8	0,0	1	4	5	0	0	0
15531	15531_1	15531_2	BND	chr2	226434588	chr22	42350780		False	False	False	True	1	4	5	-8,8	0,0	-8,8	0,0	-8,8	0,0	-8,8	0,0	1	4	5	0	0	0
14771	14771_1	14771_2	BND	chr2	226771395	chr8	124908781		False	False	False	True	1	4	5	-8,8	0,0	-10,9	0,0	-10,9	0,0	-8,8	0,0	1	4	5	0	0	0
1690	1690_1	1690_2	BND	chr2	226877536	chr2	226877653		False	False	False	True	1	4	5	-10,9	0,0	-5,9	0,0	-5,9	0,0	-10,9	0,0	1	4	5	0	0	0
1691	1691_1	1691_2	BND	chr2	227035758	chr2	227035820		False	False	False	True	1	4	5	-10,9	0,0	-5,9	0,0	-5,9	0,0	-10,9	0,0	1	4	5	0	0	0
14534	14534_1	14534_2	BND	chr2	227929312	chr5	145756843		False	False	False	True	1	4	5	-10,9	0,0	-10,9	0,0	-10,9	0,0	-10,9	0,0	1	4	5	0	0	0
15123	15123_1	15123_2	BND	chr2	228073857	chr13	81887652		False	False	False	True	1	4	5	-10,9	0,0	-10,9	0,0	-10,9	0,0	-10,9	0,0	1	4	5	0	0	0
14332	14332_1	14332_2	BND	chr2	228457609	chr4	56017626		False	False	False	True	1	4	5	-8,8	0,0	-10,9	0,0	-10,9	0,0	-8,8	0,0	1	4	5	0	0	0
1699	1699		INV	chr2	228529019	chr2	228529136	117.0	True		False		2	3	5	0,8	0,1	-4,9	0,3					2	3	5	0	0	0
14582	14582_1	14582_2	BND	chr2	230278597	chr6	48340065		False	False	False	True	1	4	5	-10,9	0,0	-10,9	0,0	-10,9	0,0	-10,9	0,0	1	4	5	0	0	0
14927	14927_1	14927_2	BND	chr2	230937444	chr10	108040091		True	True	False	True	6	0	6	-7,473	0,103	-10,436	-2,75	-10,436	-2,75	-7,473	0,103	5	0	5	1	0	1
14512	14512_1	14512_2	BND	chr2	231105929	chr5	80973004		False	False	False	True	1	4	5	-10,9	0,0	-8,8	0,0	-8,8	0,0	-10,9	0,0	1	4	5	0	0	0
15327	15327_1	15327_2	BND	chr2	232075767	chr17	61017552		False	False	False	True	1	4	5	-8,8	0,0	-10,9	0,0	-10,9	0,0	-8,8	0,0	1	4	5	0	0	0
14570	14570_1	14570_2	BND	chr2	232765663	chr6	32534149		True	True	False	True	6	0	6	-496,6	-104,0	-10,316	-2,77	-10,316	-2,77	-496,6	-104,0	5	0	5	1	0	1
14390	14390_1	14390_2	BND	chr2	233160658	chr5	10214796		False	False	False	True	1	4	5	-8,8	0,0	-8,8	0,0	-8,8	0,0	-8,8	0,0	1	4	5	0	0	0
15110	15110_1	15110_2	BND	chr2	234170649	chr13	21853389		True	True	False	True	6	0	6	-493,9	-102,2	-232,9	-56,3	-232,9	-56,3	-493,9	-102,2	5	0	5	1	0	1
14999	14999_1	14999_2	BND	chr2	234441005	chr12	12859417		False	False	False	True	1	4	5	-8,8	0,0	-10,9	0,0	-10,9	0,0	-8,8	0,0	1	4	5	0	0	0
14636	14636_1	14636_2	BND	chr2	234483215	chr6	148032765		False	False	False	True	1	4	5	-8,8	0,0	-8,8	0,0	-8,8	0,0	-8,8	0,0	1	4	5	0	0	0
15002	15002_1	15002_2	BND	chr2	234901928	chr12	16394570		True	True	False	True	5	0	5	-559,9	-115,0	-211,9	-65,3	-211,9	-65,3	-559,9	-115,0	5	0	5	0	0	0
14753	14753_1	14753_2	BND	chr2	236520307	chr8	19370052		False	False	False	True	1	4	5	-8,8	0,0	-10,9	0,0	-10,9	0,0	-8,8	0,0	1	4	5	0	0	0
1728	1728		DEL	chr2	239642877	chr2	239643441	564.0	True		False		6	0	6	-10,437	-1,90	-532,9	-100,0					6	0	6	0	0	0
23685	23685_1	23685_2	BND	chr20	65032	chrY	56831468		True	True	False	True	6	0	6	-472,9	-92,2	-10,441	-1,89	-10,441	-1,89	-472,9	-92,2	5	0	5	1	0	1
23644	23644_1	23644_2	BND	chr20	4446659	chrX	148486608		True	True	False	True	6	0	6	-7,480	0,103	-7,476	0,104	-7,476	0,104	-7,480	0,103	5	0	5	1	0	1
23629	23629_1	23629_2	BND	chr20	5427845	chr22	44287061		False	False	False	True	1	4	5	-10,9	0,0	-10,9	0,0	-10,9	0,0	-10,9	0,0	1	4	5	0	0	0
10842	10842_1	10842_2	BND	chr20	7480876	chr20	7480982		True	True	False	True	2	3	5	-10,3	-2,1	-5,9	0,5	-5,9	0,5	-10,3	-2,1	2	3	5	0	0	0
23632	23632_1	23632_2	BND	chr20	9569538	chrX	13494868		True	True	False	True	1	4	5	0,5	0,1	-8,9	0,1	-8,9	0,1	0,5	0,1	1	4	5	0	0	0
10851	10851		INV	chr20	10296631	chr20	10296752	121.0	True		False		2	3	5	-10,9	-1,1	-10,9	-1,1					2	3	5	0	0	0
23645	23645_1	23645_2	BND	chr20	10580500	chrX	154068885		False	False	False	True	1	4	5	-10,9	0,0	-8,8	0,0	-8,8	0,0	-10,9	0,0	1	4	5	0	0	0
23638	23638_1	23638_2	BND	chr20	11381925	chrX	84421199		True	True	False	True	1	4	5	-10,9	0,0	-8,8	-1,0	-8,8	-1,0	-10,9	0,0	1	4	5	0	0	0
10852	10852		INV	chr20	11387029	chr20	11387150	121.0	True		False		1	4	5	-3,9	0,3	-3,9	0,3					1	4	5	0	0	0
10855	10855		INV	chr20	11556880	chr20	11556993	113.0	True		False		2	4	6	-1,8	-1,8	0,1	0,1					2	4	6	0	0	0
10856	10856_1	10856_2	BND	chr20	11732074	chr20	11732183		True	True	False	True	2	3	5	-10,0	-10,0	-10,9	-1,1	-10,9	-1,1	-10,0	-10,0	2	3	5	0	0	0
23583	23583_1	23583_2	BND	chr20	11844272	chr21	10684081		False	False	False	True	1	4	5	-8,8	0,0	-8,8	0,0	-8,8	0,0	-8,8	0,0	1	4	5	0	0	0
23630	23630_1	23630_2	BND	chr20	12858592	chr22	48364940		False	False	False	True	1	4	5	-8,8	0,0	-10,9	0,0	-10,9	0,0	-8,8	0,0	1	4	5	0	0	0
10863	10863_1	10863_2	BND	chr20	14663315	chr20	14663466		False	False	False	True	1	4	5	-10,9	0,0	-9,6	0,0	-9,6	0,0	-10,9	0,0	1	4	5	0	0	0
23643	23643_1	23643_2	BND	chr20	16637195	chrX	147087095		False	False	False	True	1	4	5	-10,9	0,0	-8,8	0,0	-8,8	0,0	-10,9	0,0	1	4	5	0	0	0
23635	23635_1	23635_2	BND	chr20	19610215	chrX	79610644		False	False	False	True	1	4	5	-10,9	0,0	-10,9	0,0	-10,9	0,0	-10,9	0,0	1	4	5	0	0	0
11216	11216_1	11216_2	BND	chr20	24196208	chr20	42409971		False	False	False	True	1	4	5	-10,9	0,0	-10,9	0,0	-10,9	0,0	-10,9	0,0	1	4	5	0	0	0
23577	23577_1	23577_2	BND	chr20	28785367	chr21	7289906		True	True	False	True	5	0	5	-536,9	-110,1	-331,9	-77,2	-331,9	-77,2	-536,9	-110,1	5	0	5	0	0	0
23674	23674_1	23674_2	BND	chr20	29411676	chrY	11314955		True	True	False	True	7	0	7	-10,364	-1,55	-10,403	-2,78	-10,403	-2,78	-10,364	-1,55	6	0	6	1	0	1
23675	23675_1	23675_2	BND	chr20	29448859	chrY	11315902		True	True	False	True	7	0	7	-452,4	-97,0	-473,9	-65,2	-473,9	-65,2	-452,4	-97,0	6	0	6	1	0	1
23607	23607_1	23607_2	BND	chr20	29792253	chr22	11569648		True	True	False	True	8	0	8	-523,9	-79,2	-367,9	-69,2	-367,9	-69,2	-523,9	-79,2	7	0	7	1	0	1
11106	11106		DEL	chr20	31058673	chr20	31068634	9961.0	True		False		8	0	8	-10,64	-3,23	-49,9	-16,3					8	0	8	0	0	0
11100	11100		INV	chr20	31068400	chr20	31068565	165.0	True		False		3	4	7	-3,9	0,1	-5,7	-2,1					3	3	6	0	1	1
11202	11202_1	11202_2	BND	chr20	39152321	chr20	39152504		True	True	False	True	1	4	5	-10,9	-1,1	-10,9	-1,1	-10,9	-1,1	-10,9	-1,1	1	4	5	0	0	0
11207	11207		INV	chr20	40039091	chr20	40039253	162.0	True		False		1	4	5	-9,3	-2,1	-9,3	-2,1					1	4	5	0	0	0
11208	11208_1	11208_2	BND	chr20	40209039	chr20	40209349		False	False	False	True	1	4	5	-8,8	0,0	-8,8	0,0	-8,8	0,0	-8,8	0,0	1	4	5	0	0	0
11210	11210_1	11210_2	BND	chr20	41494982	chr20	41495150		False	False	False	True	1	4	5	-8,8	0,0	-8,8	0,0	-8,8	0,0	-8,8	0,0	1	4	5	0	0	0
11231	11231		INV	chr20	45465095	chr20	45465292	197.0	True		False		2	4	6	-10,9	-1,1	-10,9	-1,1					2	4	6	0	0	0
11232	11232_1	11232_2	BND	chr20	45619437	chr20	45619572		True	True	False	True	2	3	5	-10,5	-3,0	-10,9	-1,1	-10,9	-1,1	-10,5	-3,0	2	3	5	0	0	0
11233	11233		INV	chr20	46116126	chr20	46116341	215.0	True		False		2	3	5	-10,9	-1,1	-10,9	-1,1					2	3	5	0	0	0
11257	11257_1	11257_2	BND	chr20	51139965	chr20	51140113		False	False	False	True	1	4	5	-8,8	0,0	-8,8	0,0	-8,8	0,0	-8,8	0,0	1	4	5	0	0	0
11263	11263_1	11263_2	BND	chr20	53786385	chr20	53786485		True	True	False	True	1	4	5	-10,6	-1,0	-10,4	-1,0	-10,4	-1,0	-10,6	-1,0	1	4	5	0	0	0
11284	11284		DEL	chr20	61102050	chr20	61102487	437.0	True		False		15	0	15	-10,203	-3,35	-226,9	-25,3					15	0	15	0	0	0
11301	11301_1	11301_2	BND	chr21	7949199	chr21	7949344		True	True	False	True	2	3	5	-10,9	-1,1	-8,9	-1,1	-8,9	-1,1	-10,9	-1,1	2	3	5	0	0	0
23998	23998_1	23998_2	BND	chr21	8758844	chr22	11974439		True	True	False	True	5	0	5	-10,494	-2,110	-10,478	-2,100	-10,478	-2,100	-10,494	-2,110	5	0	5	0	0	0
23981	23981_1	23981_2	BND	chr21	10376606	chr22	11029628		True	True	False	True	6	0	6	-10,402	-2,70	-421,9	-76,2	-421,9	-76,2	-10,402	-2,70	6	0	6	0	0	0
23975	23975_1	23975_2	BND	chr21	10434284	chr22	10772762		True	True	False	True	7	0	7	-10,389	-2,79	-10,388	-2,80	-10,388	-2,80	-10,389	-2,79	7	0	7	0	0	0
11339	11339_1	11339_2	BND	chr21	14575240	chr21	14575467		False	False	False	True	1	4	5	-8,8	0,0	-8,8	0,0	-8,8	0,0	-8,8	0,0	1	4	5	0	0	0
24011	24011_1	24011_2	BND	chr21	18084938	chrX	87873012		False	False	False	True	1	4	5	-8,8	0,0	-8,8	0,0	-8,8	0,0	-8,8	0,0	1	4	5	0	0	0
11359	11359_1	11359_2	BND	chr21	22584364	chr21	22584445		False	False	False	True	1	4	5	-10,9	0,0	-9,6	0,0	-9,6	0,0	-10,9	0,0	1	4	5	0	0	0
11363	11363_1	11363_2	BND	chr21	23811458	chr21	23811537		False	False	False	True	1	4	5	-10,1	0,0	-8,8	0,0	-8,8	0,0	-10,1	0,0	1	4	5	0	0	0
11367	11367_1	11367_2	BND	chr21	24092778	chr21	24092855		False	False	False	True	1	4	5	-10,9	0,0	-9,6	0,0	-9,6	0,0	-10,9	0,0	1	4	5	0	0	0
24012	24012_1	24012_2	BND	chr21	24501452	chrX	98321854		False	False	False	True	1	4	5	-10,9	0,0	-10,9	0,0	-10,9	0,0	-10,9	0,0	1	4	5	0	0	0
24003	24003_1	24003_2	BND	chr21	28288501	chr22	46186743		False	False	False	True	1	4	5	-8,8	0,0	-10,9	0,0	-10,9	0,0	-8,8	0,0	1	4	5	0	0	0
24004	24004_1	24004_2	BND	chr21	40868748	chr22	46624221		False	False	False	True	1	4	5	-10,9	0,0	-8,8	0,0	-8,8	0,0	-10,9	0,0	1	4	5	0	0	0
24001	24001_1	24001_2	BND	chr21	44793875	chr22	41648006		False	False	False	True	1	4	5	-8,8	0,0	-8,8	0,0	-8,8	0,0	-8,8	0,0	1	4	5	0	0	0
24010	24010_1	24010_2	BND	chr21	45696285	chrX	86584320		False	False	False	True	1	4	5	-10,9	0,0	-10,9	0,0	-10,9	0,0	-10,9	0,0	1	4	5	0	0	0
11447	11447		DEL	chr22	10781360	chr22	10783680	2320.0	False		False		8	5	13	-10,9	0,0	-10,9	0,0					8	4	12	0	1	1
11452	11452		INV	chr22	15935466	chr22	15935593	127.0	True		False		2	3	5	-8,0	-8,0	-7,9	-1,3					2	3	5	0	0	0
11481	11481		DEL	chr22	22323665	chr22	22405462	81797.0	True		False		5	0	5	-7,499	0,115	-516,5	-115,0					5	0	5	0	0	0
24212	24212_1	24212_2	BND	chr22	27867897	chrX	116076314		False	False	False	True	1	4	5	-10,9	0,0	-10,9	0,0	-10,9	0,0	-10,9	0,0	1	4	5	0	0	0
24213	24213_1	24213_2	BND	chr22	30068161	chrX	127518825		True	True	False	True	1	4	5	-8,8	0,0	-9,8	-1,0	-9,8	-1,0	-8,8	0,0	1	4	5	0	0	0
11552	11552		DUP	chr22	42130572	chr22	42144363	13791.0	True		False		9	0	9	-277,9	-49,3	-10,484	-1,67					8	0	8	1	0	1
24211	24211_1	24211_2	BND	chr22	47407442	chrX	54959145		False	False	False	True	1	4	5	-8,8	0,0	-8,8	0,0	-8,8	0,0	-8,8	0,0	1	4	5	0	0	0
11578	11578		DUP	chr22	48678884	chr22	48679145	261.0	True		False		4	4	8	-9,5	0,0	-8,7	-1,0					4	3	7	0	1	1
16115	16115_1	16115_2	BND	chr3	161591	chr11	71374639		False	False	False	True	1	4	5	-8,8	0,0	-10,9	0,0	-10,9	0,0	-8,8	0,0	1	4	5	0	0	0
16187	16187_1	16187_2	BND	chr3	538402	chr13	55318994		False	False	False	True	1	4	5	-10,9	0,0	-10,9	0,0	-10,9	0,0	-10,9	0,0	1	4	5	0	0	0
15963	15963_1	15963_2	BND	chr3	752040	chr7	22784264		True	True	False	True	1	4	5	-1,9	0,1	-10,9	0,0	-10,9	0,0	-1,9	0,1	1	4	5	0	0	0
16405	16405_1	16405_2	BND	chr3	1665320	chrX	42117273		False	False	False	True	1	4	5	-8,8	0,0	-8,8	0,0	-8,8	0,0	-8,8	0,0	1	4	5	0	0	0
15946	15946_1	15946_2	BND	chr3	3007093	chr6	125302156		False	False	False	True	1	4	5	-8,8	0,0	-10,9	0,0	-10,9	0,0	-8,8	0,0	1	4	5	0	0	0
1770	1770		INV	chr3	5673579	chr3	5673716	137.0	True		False		2	4	6	-5,6	0,0	-2,9	0,1					2	3	5	0	1	1
1771	1771		INV	chr3	5898916	chr3	5899099	183.0	True		False		2	3	5	-4,9	0,1	-10,9	-1,0					2	3	5	0	0	0
16182	16182_1	16182_2	BND	chr3	6059131	chr13	38272612		True	True	False	True	1	4	5	-5,9	0,5	-9,9	0,1	-9,9	0,1	-5,9	0,5	1	4	5	0	0	0
15834	15834_1	15834_2	BND	chr3	6406156	chr4	175302217		True	True	False	True	1	4	5	-4,0	-4,0	-2,0	-2,0	-2,0	-2,0	-4,0	-4,0	1	4	5	0	0	0
15987	15987_1	15987_2	BND	chr3	7328798	chr7	148959218		True	True	False	True	1	4	5	-7,9	0,1	-8,8	0,0	-8,8	0,0	-7,9	0,1	1	4	5	0	0	0
1784	1784_1	1784_2	BND	chr3	7395818	chr3	7395921		True	True	False	True	2	3	5	-10,1	-8,0	0,3	0,1	0,3	0,1	-10,1	-8,0	2	3	5	0	0	0
1786	1786_1	1786_2	BND	chr3	7805865	chr3	7806093		True	True	False	True	1	4	5	0,9	0,3	-10,9	-1,1	-10,9	-1,1	0,9	0,3	1	4	5	0	0	0
1788	1788		INV	chr3	8031744	chr3	8031833	89.0	True		False		2	3	5	-9,5	-2,1	-8,4	-2,1					2	3	5	0	0	0
16362	16362_1	16362_2	BND	chr3	8082861	chr20	61471389		False	False	False	True	1	4	5	-8,8	0,0	-10,9	0,0	-10,9	0,0	-8,8	0,0	1	4	5	0	0	0
15935	15935_1	15935_2	BND	chr3	8770273	chr6	83215577		False	False	False	True	1	4	5	-10,9	0,0	-10,9	0,0	-10,9	0,0	-10,9	0,0	1	4	5	0	0	0
16306	16306_1	16306_2	BND	chr3	8800956	chr18	64398680		False	False	False	True	1	4	5	-10,9	0,0	-10,9	0,0	-10,9	0,0	-10,9	0,0	1	4	5	0	0	0
1790	1790		INV	chr3	8955744	chr3	8955879	135.0	True		False		2	3	5	-7,0	-7,0	-9,3	-2,1					2	3	5	0	0	0
15992	15992_1	15992_2	BND	chr3	10637295	chr8	18596646		False	False	False	True	1	4	5	-8,8	0,0	-10,9	0,0	-10,9	0,0	-8,8	0,0	1	4	5	0	0	0
16304	16304_1	16304_2	BND	chr3	12080353	chr18	54762200		False	False	False	True	1	4	5	-10,9	0,0	-8,8	0,0	-8,8	0,0	-10,9	0,0	1	4	5	0	0	0
15896	15896_1	15896_2	BND	chr3	12336751	chr6	1754154		False	False	False	True	1	4	5	-10,9	0,0	-8,8	0,0	-8,8	0,0	-10,9	0,0	1	4	5	0	0	0
15835	15835_1	15835_2	BND	chr3	12536326	chr4	183526339		False	False	False	True	1	4	5	-8,8	0,0	-10,9	0,0	-10,9	0,0	-8,8	0,0	1	4	5	0	0	0
16146	16146_1	16146_2	BND	chr3	16882128	chr12	40341536		True	True	False	True	1	4	5	-8,8	0,1	-8,8	0,0	-8,8	0,0	-8,8	0,1	1	4	5	0	0	0
1808	1808		INV	chr3	17020547	chr3	17020647	100.0	True		False		2	3	5	-10,9	-1,1	-10,9	-1,1					2	3	5	0	0	0
15998	15998_1	15998_2	BND	chr3	17801857	chr8	35523102		False	False	False	True	1	4	5	-8,8	0,0	-8,8	0,0	-8,8	0,0	-8,8	0,0	1	4	5	0	0	0
16112	16112_1	16112_2	BND	chr3	17880579	chr11	65566410		False	False	False	True	1	4	5	-10,9	0,0	-10,9	0,0	-10,9	0,0	-10,9	0,0	1	4	5	0	0	0
16191	16191_1	16191_2	BND	chr3	18278998	chr13	68381608		True	True	False	True	1	4	5	-10,9	0,0	-9,8	-1,0	-9,8	-1,0	-10,9	0,0	1	4	5	0	0	0
16160	16160_1	16160_2	BND	chr3	18336085	chr12	85996251		True	True	False	True	1	4	5	-8,8	0,0	-8,8	0,1	-8,8	0,1	-8,8	0,0	1	4	5	0	0	0
1811	1811_1	1811_2	BND	chr3	18716363	chr3	18716526		False	False	False	True	1	4	5	-10,9	0,0	-9,6	0,0	-9,6	0,0	-10,9	0,0	1	4	5	0	0	0
16379	16379_1	16379_2	BND	chr3	18763721	chr22	19685900		False	False	False	True	1	4	5	-10,9	0,0	-8,8	0,0	-8,8	0,0	-10,9	0,0	1	4	5	0	0	0
16157	16157_1	16157_2	BND	chr3	19807497	chr12	82035521		False	False	False	True	1	4	5	-10,9	0,0	-10,9	0,0	-10,9	0,0	-10,9	0,0	1	4	5	0	0	0
16254	16254_1	16254_2	BND	chr3	21389151	chr16	71188013		False	False	False	True	1	4	5	-10,9	0,0	-10,9	0,0	-10,9	0,0	-10,9	0,0	1	4	5	0	0	0
16419	16419_1	16419_2	BND	chr3	21593387	chrX	97481046		False	False	False	True	1	4	5	-8,8	0,0	-10,9	0,0	-10,9	0,0	-8,8	0,0	1	4	5	0	0	0
16231	16231_1	16231_2	BND	chr3	23004169	chr15	71559577		False	False	False	True	1	4	5	-8,8	0,0	-8,8	0,0	-8,8	0,0	-8,8	0,0	1	4	5	0	0	0
15974	15974_1	15974_2	BND	chr3	23105721	chr7	94171170		False	False	False	True	1	4	5	-8,8	0,0	-8,8	0,0	-8,8	0,0	-8,8	0,0	1	4	5	0	0	0
15937	15937_1	15937_2	BND	chr3	24483713	chr6	87532026		False	False	False	True	1	4	5	-8,8	0,0	-10,9	0,0	-10,9	0,0	-8,8	0,0	1	4	5	0	0	0
16188	16188_1	16188_2	BND	chr3	24861615	chr13	61165212		True	True	False	True	1	4	5	-8,8	0,0	-8,9	0,2	-8,9	0,2	-8,8	0,0	1	4	5	0	0	0
16075	16075_1	16075_2	BND	chr3	25685008	chr10	25381150		False	False	False	True	1	4	5	-10,9	0,0	-8,8	0,0	-8,8	0,0	-10,9	0,0	1	4	5	0	0	0
16380	16380_1	16380_2	BND	chr3	25760919	chr22	24760781		True	True	False	True	6	0	6	-8,472	-1,104	-415,9	-70,2	-415,9	-70,2	-8,472	-1,104	5	0	5	1	0	1
16178	16178_1	16178_2	BND	chr3	26031677	chr12	127436937		False	False	False	True	1	4	5	-8,8	0,0	-8,8	0,0	-8,8	0,0	-8,8	0,0	1	4	5	0	0	0
15948	15948_1	15948_2	BND	chr3	26036784	chr6	139169140		True	True	False	True	1	4	5	-8,7	0,1	-8,8	0,0	-8,8	0,0	-8,7	0,1	1	4	5	0	0	0
16185	16185_1	16185_2	BND	chr3	26318154	chr13	49000303		False	False	False	True	1	4	5	-8,8	0,0	-10,9	0,0	-10,9	0,0	-8,8	0,0	1	4	5	0	0	0
1831	1831_1	1831_2	BND	chr3	26331369	chr3	26331523		False	False	False	True	1	4	5	-10,9	0,0	-9,6	0,0	-9,6	0,0	-10,9	0,0	1	4	5	0	0	0
16033	16033_1	16033_2	BND	chr3	26582382	chr9	15377913		False	False	False	True	1	4	5	-8,8	0,0	-10,9	0,0	-10,9	0,0	-8,8	0,0	1	4	5	0	0	0
16427	16427_1	16427_2	BND	chr3	26588276	chrX	146304784		False	False	False	True	1	4	5	-8,8	0,0	-8,8	0,0	-8,8	0,0	-8,8	0,0	1	4	5	0	0	0
1834	1834_1	1834_2	BND	chr3	27234054	chr3	27234195		False	False	False	True	1	4	5	-8,8	0,0	-8,8	0,0	-8,8	0,0	-8,8	0,0	1	4	5	0	0	0
1835	1835		INV	chr3	27235409	chr3	27235666	257.0	True		False		2	4	6	-10,9	-1,1	-3,9	-1,1					2	4	6	0	0	0
16299	16299_1	16299_2	BND	chr3	27814264	chr18	6182638		False	False	False	True	1	4	5	-8,8	0,0	-8,8	0,0	-8,8	0,0	-8,8	0,0	1	4	5	0	0	0
16022	16022_1	16022_2	BND	chr3	28161651	chr8	127756395		False	False	False	True	1	4	5	-8,8	0,0	-10,9	0,0	-10,9	0,0	-8,8	0,0	1	4	5	0	0	0
1844	1844		INV	chr3	28967988	chr3	28968119	131.0	True		False		1	4	5	-9,1	-2,1	-9,1	-2,1					1	4	5	0	0	0
15984	15984_1	15984_2	BND	chr3	29788149	chr7	146137031		False	False	False	True	1	4	5	-10,9	0,0	-10,9	0,0	-10,9	0,0	-10,9	0,0	1	4	5	0	0	0
16140	16140_1	16140_2	BND	chr3	30174689	chr12	28111322		False	False	False	True	1	4	5	-10,9	0,0	-10,9	0,0	-10,9	0,0	-10,9	0,0	1	4	5	0	0	0
15955	15955_1	15955_2	BND	chr3	30989395	chr6	166958943		False	False	False	True	1	4	5	-8,8	0,0	-8,8	0,0	-8,8	0,0	-8,8	0,0	1	4	5	0	0	0
1846	1846_1	1846_2	BND	chr3	31016315	chr3	31016430		True	True	False	True	2	4	6	-8,0	-8,0	-6,0	-6,0	-6,0	-6,0	-8,0	-8,0	2	4	6	0	0	0
16011	16011_1	16011_2	BND	chr3	33523307	chr8	91708978		True	True	False	True	1	4	5	-8,7	-1,0	-5,9	0,1	-5,9	0,1	-8,7	-1,0	1	4	5	0	0	0
1857	1857_1	1857_2	BND	chr3	33576682	chr3	33576801		True	True	False	True	1	4	5	-9,5	-1,0	-10,6	-1,0	-10,6	-1,0	-9,5	-1,0	1	4	5	0	0	0
15910	15910_1	15910_2	BND	chr3	33732371	chr6	44115669		False	False	False	True	1	4	5	-8,8	0,0	-10,9	0,0	-10,9	0,0	-8,8	0,0	1	4	5	0	0	0
15810	15810_1	15810_2	BND	chr3	34326729	chr4	82162286		True	True	False	True	1	4	5	-10,9	0,0	-8,8	-1,0	-8,8	-1,0	-10,9	0,0	1	4	5	0	0	0
16136	16136_1	16136_2	BND	chr3	35096580	chr12	11251754		False	False	False	True	1	4	5	-8,8	0,0	-8,8	0,0	-8,8	0,0	-8,8	0,0	1	4	5	0	0	0
1867	1867		INV	chr3	36035539	chr3	36035663	124.0	True		False		3	3	6	-10,9	-1,1	-10,9	-1,1					2	3	5	1	0	1
16189	16189_1	16189_2	BND	chr3	36345467	chr13	64466113		True	True	False	True	1	4	5	-8,9	0,1	-8,7	-1,0	-8,7	-1,0	-8,9	0,1	1	4	5	0	0	0
15783	15783_1	15783_2	BND	chr3	36462222	chr4	15309060		False	False	False	True	1	4	5	-10,9	0,0	-10,9	0,0	-10,9	0,0	-10,9	0,0	1	4	5	0	0	0
16060	16060_1	16060_2	BND	chr3	37343627	chr9	115557852		False	False	False	True	1	4	5	-8,8	0,0	-10,9	0,0	-10,9	0,0	-8,8	0,0	1	4	5	0	0	0
16177	16177_1	16177_2	BND	chr3	37416628	chr12	127210762		True	True	False	True	1	4	5	-7,7	0,1	-4,9	0,1	-4,9	0,1	-7,7	0,1	1	4	5	0	0	0
2296	2296_1	2296_2	BND	chr3	37840613	chr3	157720440		False	False	False	True	1	4	5	-10,9	0,0	-10,9	0,0	-10,9	0,0	-10,9	0,0	1	4	5	0	0	0
1879	1879_1	1879_2	BND	chr3	40634581	chr3	40634804		True	True	False	True	1	4	5	-10,9	-1,1	-10,9	-1,1	-10,9	-1,1	-10,9	-1,1	1	4	5	0	0	0
16214	16214_1	16214_2	BND	chr3	42031052	chr14	73846235		True	True	False	True	1	4	5	-8,9	0,1	-8,8	0,0	-8,8	0,0	-8,9	0,1	1	4	5	0	0	0
16087	16087_1	16087_2	BND	chr3	42067773	chr10	88892054		False	False	False	True	1	4	5	-10,9	0,0	-10,9	0,0	-10,9	0,0	-10,9	0,0	1	4	5	0	0	0
16367	16367_1	16367_2	BND	chr3	42291119	chr21	35842365		False	False	False	True	1	4	5	-10,9	0,0	-8,8	0,0	-8,8	0,0	-10,9	0,0	1	4	5	0	0	0
16410	16410_1	16410_2	BND	chr3	43496279	chrX	66521671		False	False	False	True	1	4	5	-10,9	0,0	-10,9	0,0	-10,9	0,0	-10,9	0,0	1	4	5	0	0	0
15969	15969_1	15969_2	BND	chr3	43539084	chr7	77544755		False	False	False	True	1	4	5	-10,9	0,0	-8,8	0,0	-8,8	0,0	-10,9	0,0	1	4	5	0	0	0
16145	16145_1	16145_2	BND	chr3	44060690	chr12	38846014		False	False	False	True	1	4	5	-8,8	0,0	-10,9	0,0	-10,9	0,0	-8,8	0,0	1	4	5	0	0	0
16132	16132_1	16132_2	BND	chr3	44588511	chr12	2658857		False	False	False	True	1	4	5	-10,9	0,0	-10,9	0,0	-10,9	0,0	-10,9	0,0	1	4	5	0	0	0
15982	15982_1	15982_2	BND	chr3	45142620	chr7	139904415		False	False	False	True	1	4	5	-10,9	0,0	-10,9	0,0	-10,9	0,0	-10,9	0,0	1	4	5	0	0	0
16138	16138_1	16138_2	BND	chr3	46357376	chr12	14826662		False	False	False	True	1	4	5	-8,8	0,0	-8,8	0,0	-8,8	0,0	-8,8	0,0	1	4	5	0	0	0
2346	2346_1	2346_2	BND	chr3	46658769	chr3	171455411		True	True	False	True	1	4	5	-10,9	0,0	-10,6	-1,0	-10,6	-1,0	-10,9	0,0	1	4	5	0	0	0
15912	15912_1	15912_2	BND	chr3	48620139	chr6	46057527		False	False	False	True	1	4	5	-8,8	0,0	-10,9	0,0	-10,9	0,0	-8,8	0,0	1	4	5	0	0	0
16268	16268_1	16268_2	BND	chr3	48938323	chr17	3457527		True	True	False	True	1	4	5	-8,8	0,0	-9,0	-9,0	-9,0	-9,0	-8,8	0,0	1	4	5	0	0	0
1907	1907_1	1907_2	BND	chr3	50745565	chr3	50745866		False	False	False	True	1	4	5	-8,8	0,0	-8,8	0,0	-8,8	0,0	-8,8	0,0	1	4	5	0	0	0
1911	1911		DUP	chr3	53990927	chr3	53991271	344.0	True		False		11	0	11	-469,9	-55,0	-4,312	0,77					10	0	10	1	0	1
16084	16084_1	16084_2	BND	chr3	54515199	chr10	82137210		False	False	False	True	1	4	5	-8,8	0,0	-10,9	0,0	-10,9	0,0	-8,8	0,0	1	4	5	0	0	0
1913	1913		INV	chr3	55107261	chr3	55107485	224.0	True		False		3	2	5	-10,9	-1,1	-10,9	-1,1					3	2	5	0	0	0
15996	15996_1	15996_2	BND	chr3	56724107	chr8	29823629		False	False	False	True	1	4	5	-10,9	0,0	-10,9	0,0	-10,9	0,0	-10,9	0,0	1	4	5	0	0	0
16218	16218_1	16218_2	BND	chr3	57464479	chr14	106621350		False	False	False	True	1	4	5	-10,9	0,0	-10,9	0,0	-10,9	0,0	-10,9	0,0	1	4	5	0	0	0
16080	16080_1	16080_2	BND	chr3	57778573	chr10	59596320		False	False	False	True	1	4	5	-10,9	0,0	-8,8	0,0	-8,8	0,0	-10,9	0,0	1	4	5	0	0	0
16168	16168_1	16168_2	BND	chr3	57911945	chr12	112698261		False	False	False	True	1	4	5	-10,9	0,0	-8,8	0,0	-8,8	0,0	-10,9	0,0	1	4	5	0	0	0
16252	16252_1	16252_2	BND	chr3	58365412	chr16	62656059		False	False	False	True	1	4	5	-8,8	0,0	-10,9	0,0	-10,9	0,0	-8,8	0,0	1	4	5	0	0	0
15944	15944_1	15944_2	BND	chr3	58628118	chr6	124000188		False	False	False	True	1	4	5	-10,9	0,0	-8,8	0,0	-8,8	0,0	-10,9	0,0	1	4	5	0	0	0
16086	16086_1	16086_2	BND	chr3	58771372	chr10	88732922		False	False	False	True	1	4	5	-10,9	0,0	-10,9	0,0	-10,9	0,0	-10,9	0,0	1	4	5	0	0	0
16217	16217_1	16217_2	BND	chr3	60310706	chr14	99884299		True	True	False	True	1	4	5	-7,7	0,1	-4,0	-4,0	-4,0	-4,0	-7,7	0,1	1	4	5	0	0	0
16082	16082_1	16082_2	BND	chr3	60697233	chr10	70171905		False	False	False	True	1	4	5	-10,9	0,0	-8,8	0,0	-8,8	0,0	-10,9	0,0	1	4	5	0	0	0
16255	16255_1	16255_2	BND	chr3	63564741	chr16	77323572		False	False	False	True	1	4	5	-10,9	0,0	-8,8	0,0	-8,8	0,0	-10,9	0,0	1	4	5	0	0	0
16248	16248_1	16248_2	BND	chr3	63928956	chr16	51376081		False	False	False	True	1	4	5	-10,9	0,0	-10,9	0,0	-10,9	0,0	-10,9	0,0	1	4	5	0	0	0
16093	16093_1	16093_2	BND	chr3	65657776	chr10	118623116		False	False	False	True	1	4	5	-10,9	0,0	-8,8	0,0	-8,8	0,0	-10,9	0,0	1	4	5	0	0	0
16305	16305_1	16305_2	BND	chr3	66238849	chr18	57326659		True	True	False	True	1	4	5	-8,7	-1,0	-10,9	0,0	-10,9	0,0	-8,7	-1,0	1	4	5	0	0	0
16415	16415_1	16415_2	BND	chr3	66359026	chrX	78084326		False	False	False	True	1	4	5	-8,8	0,0	-8,8	0,0	-8,8	0,0	-8,8	0,0	1	4	5	0	0	0
15894	15894_1	15894_2	BND	chr3	66684897	chr5	167210470		False	False	False	True	1	4	5	-8,8	0,0	-8,8	0,0	-8,8	0,0	-8,8	0,0	1	4	5	0	0	0
15889	15889_1	15889_2	BND	chr3	67300243	chr5	163139600		False	False	False	True	1	4	5	-10,9	0,0	-10,9	0,0	-10,9	0,0	-10,9	0,0	1	4	5	0	0	0
16360	16360_1	16360_2	BND	chr3	67581671	chr20	39422971		False	False	False	True	1	4	5	-10,9	0,0	-8,8	0,0	-8,8	0,0	-10,9	0,0	1	4	5	0	0	0
16184	16184_1	16184_2	BND	chr3	67719152	chr13	39718029		False	False	False	True	1	4	5	-10,9	0,0	-8,8	0,0	-8,8	0,0	-10,9	0,0	1	4	5	0	0	0
16387	16387_1	16387_2	BND	chr3	67776941	chr22	22849503		False	False	False	True	1	4	5	-8,8	0,0	-10,9	0,0	-10,9	0,0	-8,8	0,0	1	4	5	0	0	0
16170	16170_1	16170_2	BND	chr3	67874818	chr12	113993882		False	False	False	True	1	4	5	-8,8	0,0	-10,9	0,0	-10,9	0,0	-8,8	0,0	1	4	5	0	0	0
16397	16397_1	16397_2	BND	chr3	69056820	chrX	21196790		False	False	False	True	1	4	5	-10,9	0,0	-8,8	0,0	-8,8	0,0	-10,9	0,0	1	4	5	0	0	0
16032	16032_1	16032_2	BND	chr3	69387628	chr9	13071617		True	True	False	True	1	4	5	-9,4	-1,0	-1,9	0,1	-1,9	0,1	-9,4	-1,0	1	4	5	0	0	0
16036	16036_1	16036_2	BND	chr3	69513080	chr9	21327886		False	False	False	True	1	4	5	-10,9	0,0	-8,8	0,0	-8,8	0,0	-10,9	0,0	1	4	5	0	0	0
16215	16215_1	16215_2	BND	chr3	70405013	chr14	81673190		False	False	False	True	1	4	5	-10,9	0,0	-10,9	0,0	-10,9	0,0	-10,9	0,0	1	4	5	0	0	0
16000	16000_1	16000_2	BND	chr3	72399238	chr8	39688251		False	False	False	True	1	4	5	-10,9	0,0	-8,8	0,0	-8,8	0,0	-10,9	0,0	1	4	5	0	0	0
16301	16301_1	16301_2	BND	chr3	73756392	chr18	21056319		False	False	False	True	1	4	5	-8,8	0,0	-8,8	0,0	-8,8	0,0	-8,8	0,0	1	4	5	0	0	0
16192	16192_1	16192_2	BND	chr3	74942627	chr13	84311176		False	False	False	True	1	4	5	-8,8	0,0	-8,8	0,0	-8,8	0,0	-8,8	0,0	1	4	5	0	0	0
15971	15971_1	15971_2	BND	chr3	75153601	chr7	84897516		True	True	False	True	1	4	5	-10,6	-1,0	-10,9	0,0	-10,9	0,0	-10,6	-1,0	1	4	5	0	0	0
16171	16171_1	16171_2	BND	chr3	75218249	chr12	114774976		False	False	False	True	1	4	5	-8,8	0,0	-10,9	0,0	-10,9	0,0	-8,8	0,0	1	4	5	0	0	0
16339	16339_1	16339_2	BND	chr3	75672437	chr20	29408134		True	True	False	True	9	0	9	-508,9	-71,2	-480,9	-63,2	-480,9	-63,2	-508,9	-71,2	8	0	8	1	0	1
16358	16358_1	16358_2	BND	chr3	75696892	chr20	30838711		True	True	False	True	6	0	6	-477,9	-95,1	-10,420	-2,78	-10,420	-2,78	-477,9	-95,1	6	0	6	0	0	0
16007	16007_1	16007_2	BND	chr3	75868973	chr8	49381662		True	True	False	True	1	4	5	-7,9	0,3	-9,6	-2,1	-9,6	-2,1	-7,9	0,3	1	4	5	0	0	0
16067	16067_1	16067_2	BND	chr3	76581480	chr10	5352354		False	False	False	True	1	4	5	-8,8	0,0	-10,9	0,0	-10,9	0,0	-8,8	0,0	1	4	5	0	0	0
16233	16233_1	16233_2	BND	chr3	76691573	chr15	79969876		False	False	False	True	1	4	5	-8,8	0,0	-10,9	0,0	-10,9	0,0	-8,8	0,0	1	4	5	0	0	0
16013	16013_1	16013_2	BND	chr3	78098304	chr8	92090458		False	False	False	True	1	4	5	-8,8	0,0	-8,8	0,0	-8,8	0,0	-8,8	0,0	1	4	5	0	0	0
16418	16418_1	16418_2	BND	chr3	78222614	chrX	91621066		False	False	False	True	1	4	5	-8,8	0,0	-10,9	0,0	-10,9	0,0	-8,8	0,0	1	4	5	0	0	0
15936	15936_1	15936_2	BND	chr3	79037118	chr6	86066737		False	False	False	True	1	4	5	-8,8	0,0	-8,8	0,0	-8,8	0,0	-8,8	0,0	1	4	5	0	0	0
16403	16403_1	16403_2	BND	chr3	79613995	chrX	33992805		False	False	False	True	1	4	5	-8,8	0,0	-8,8	0,0	-8,8	0,0	-8,8	0,0	1	4	5	0	0	0
1985	1985_1	1985_2	BND	chr3	81120649	chr3	81120803		True	True	False	True	2	3	5	-10,9	-1,1	-10,9	-1,1	-10,9	-1,1	-10,9	-1,1	2	3	5	0	0	0
16078	16078_1	16078_2	BND	chr3	83010604	chr10	27194994		False	False	False	True	1	4	5	-8,8	0,0	-10,9	0,0	-10,9	0,0	-8,8	0,0	1	4	5	0	0	0
16222	16222_1	16222_2	BND	chr3	83465214	chr15	87556060		False	False	False	True	1	4	5	-10,9	0,0	-8,8	0,0	-8,8	0,0	-10,9	0,0	1	4	5	0	0	0
15859	15859_1	15859_2	BND	chr3	83478606	chr5	67083630		False	False	False	True	1	4	5	-10,9	0,0	-8,8	0,0	-8,8	0,0	-10,9	0,0	1	4	5	0	0	0
16390	16390_1	16390_2	BND	chr3	83533016	chr22	39053002		False	False	False	True	1	4	5	-10,9	0,0	-8,8	0,0	-8,8	0,0	-10,9	0,0	1	4	5	0	0	0
15851	15851_1	15851_2	BND	chr3	83613290	chr5	39174234		False	False	False	True	1	4	5	-8,8	0,0	-8,8	0,0	-8,8	0,0	-8,8	0,0	1	4	5	0	0	0
1995	1995		INV	chr3	84651831	chr3	84652153	322.0	True		False		2	4	6	-44,44	-33,34	-61,60	-49,49					2	4	6	0	0	0
15979	15979_1	15979_2	BND	chr3	84826921	chr7	118500151		True	True	False	True	1	4	5	-9,5	-1,0	-10,9	0,0	-10,9	0,0	-9,5	-1,0	1	4	5	0	0	0
15826	15826_1	15826_2	BND	chr3	84859427	chr4	145959152		False	False	False	True	1	4	5	-10,9	0,0	-10,9	0,0	-10,9	0,0	-10,9	0,0	1	4	5	0	0	0
15961	15961_1	15961_2	BND	chr3	85355484	chr7	9120428		False	False	False	True	1	4	5	-10,9	0,0	-8,8	0,0	-8,8	0,0	-10,9	0,0	1	4	5	0	0	0
16072	16072_1	16072_2	BND	chr3	86092715	chr10	22511024		False	False	False	True	1	4	5	-10,9	0,0	-10,9	0,0	-10,9	0,0	-10,9	0,0	1	4	5	0	0	0
16394	16394_1	16394_2	BND	chr3	86235695	chrX	139886590		True	True	False	True	1	4	5	-8,9	0,2	-9,9	0,1	-9,9	0,1	-8,9	0,2	1	4	5	0	0	0
2002	2002_1	2002_2	BND	chr3	86529177	chr3	86529315		True	True	False	True	1	4	5	-10,9	-1,1	-10,9	-1,1	-10,9	-1,1	-10,9	-1,1	1	4	5	0	0	0
16404	16404_1	16404_2	BND	chr3	86663042	chrX	34617866		False	False	False	True	1	4	5	-10,9	0,0	-8,8	0,0	-8,8	0,0	-10,9	0,0	1	4	5	0	0	0
2006	2006_1	2006_2	BND	chr3	87870234	chr3	87870391		True	True	False	True	2	3	5	-10,6	-1,0	-10,8	-1,0	-10,8	-1,0	-10,6	-1,0	2	3	5	0	0	0
15828	15828_1	15828_2	BND	chr3	88030179	chr4	147369144		False	False	False	True	1	4	5	-8,8	0,0	-8,8	0,0	-8,8	0,0	-8,8	0,0	1	4	5	0	0	0
16386	16386_1	16386_2	BND	chr3	88977581	chr22	20739494		False	False	False	True	1	4	5	-10,9	0,0	-8,8	0,0	-8,8	0,0	-10,9	0,0	1	4	5	0	0	0
15848	15848_1	15848_2	BND	chr3	89039125	chr5	35625006		False	False	False	True	1	4	5	-10,9	0,0	-10,9	0,0	-10,9	0,0	-10,9	0,0	1	4	5	0	0	0
2011	2011		INV	chr3	89216206	chr3	89216395	189.0	True		False		2	3	5	-41,41	-30,31	-18,31	-18,21					2	3	5	0	0	0
16181	16181_1	16181_2	BND	chr3	89729243	chr13	37398468		False	False	False	True	1	4	5	-10,9	0,0	-8,8	0,0	-8,8	0,0	-10,9	0,0	1	4	5	0	0	0
2077	2077		INV	chr3	93470361	chr3	93470592	231.0	True		False		1	4	5	-8,9	-1,3	-7,7	-3,4					1	4	5	0	0	0
2066	2066_1	2066_2	BND	chr3	93470361	chr3	93470453		True	True	False	True	3	6	9	-6,5	0,1	0,3	0,0	0,3	0,0	-6,5	0,1	3	5	8	0	1	1
16428	16428_1	16428_2	BND	chr3	93470718	chrX	148321873		False	False	False	True	1	4	5	-8,8	0,0	-8,8	0,0	-8,8	0,0	-8,8	0,0	1	4	5	0	0	0
15799	15799_1	15799_2	BND	chr3	93470756	chr4	49711950		True	True	False	True	5	0	5	-10,358	-2,75	-10,320	-3,63	-10,320	-3,63	-10,358	-2,75	5	0	5	0	0	0
15892	15892_1	15892_2	BND	chr3	93814728	chr5	166480874		True	True	False	True	1	4	5	-8,8	0,0	-3,9	0,1	-3,9	0,1	-8,8	0,0	1	4	5	0	0	0
2103	2103_1	2103_2	BND	chr3	94200582	chr3	94200742		False	False	False	True	1	4	5	-10,9	0,0	-9,6	0,0	-9,6	0,0	-10,9	0,0	1	4	5	0	0	0
15794	15794_1	15794_2	BND	chr3	96352992	chr4	43418709		False	False	False	True	1	4	5	-10,9	0,0	-10,9	0,0	-10,9	0,0	-10,9	0,0	1	4	5	0	0	0
16040	16040_1	16040_2	BND	chr3	96384868	chr9	30431049		False	False	False	True	1	4	5	-8,8	0,0	-8,8	0,0	-8,8	0,0	-8,8	0,0	1	4	5	0	0	0
2265	2265_1	2265_2	BND	chr3	96437782	chr3	145998438		True	True	False	True	1	4	5	-7,9	0,1	-6,9	0,1	-6,9	0,1	-7,9	0,1	1	4	5	0	0	0
2114	2114		INV	chr3	97240269	chr3	97240407	138.0	True		False		1	4	5	-1,9	0,9	0,1	0,1					1	4	5	0	0	0
16274	16274_1	16274_2	BND	chr3	97468148	chr17	47189975		False	False	False	True	1	4	5	-8,8	0,0	-10,9	0,0	-10,9	0,0	-8,8	0,0	1	4	5	0	0	0
2115	2115		INV	chr3	97496941	chr3	97497042	101.0	True		False		1	4	5	-8,7	-2,1	-8,9	0,1					1	4	5	0	0	0
15825	15825_1	15825_2	BND	chr3	97734996	chr4	136863373		False	False	False	True	1	4	5	-10,9	0,0	-10,9	0,0	-10,9	0,0	-10,9	0,0	1	4	5	0	0	0
15879	15879_1	15879_2	BND	chr3	97770973	chr5	124929909		False	False	False	True	1	4	5	-10,9	0,0	-8,8	0,0	-8,8	0,0	-10,9	0,0	1	4	5	0	0	0
16247	16247_1	16247_2	BND	chr3	97857624	chr16	35223314		False	False	False	True	1	4	5	-8,8	0,0	-8,8	0,0	-8,8	0,0	-8,8	0,0	1	4	5	0	0	0
16062	16062_1	16062_2	BND	chr3	98171550	chr9	127192723		False	False	False	True	1	4	5	-8,8	0,0	-8,8	0,0	-8,8	0,0	-8,8	0,0	1	4	5	0	0	0
16076	16076_1	16076_2	BND	chr3	98300085	chr10	26596133		False	False	False	True	1	4	5	-10,9	0,0	-10,9	0,0	-10,9	0,0	-10,9	0,0	1	4	5	0	0	0
16424	16424_1	16424_2	BND	chr3	98371359	chrX	124284797		False	False	False	True	1	4	5	-10,9	0,0	-10,9	0,0	-10,9	0,0	-10,9	0,0	1	4	5	0	0	0
15947	15947_1	15947_2	BND	chr3	98893504	chr6	132396674		False	False	False	True	1	4	5	-8,8	0,0	-10,9	0,0	-10,9	0,0	-8,8	0,0	1	4	5	0	0	0
16409	16409_1	16409_2	BND	chr3	99340374	chrX	54439133		False	False	False	True	1	4	5	-8,8	0,0	-10,9	0,0	-10,9	0,0	-8,8	0,0	1	4	5	0	0	0
15816	15816_1	15816_2	BND	chr3	100075614	chr4	103259479		False	False	False	True	1	4	5	-10,9	0,0	-8,8	0,0	-8,8	0,0	-10,9	0,0	1	4	5	0	0	0
16081	16081_1	16081_2	BND	chr3	101287735	chr10	68607445		True	True	False	True	1	4	5	-8,8	-1,0	-10,5	-1,0	-10,5	-1,0	-8,8	-1,0	1	4	5	0	0	0
15931	15931_1	15931_2	BND	chr3	101391121	chr6	76597255		False	False	False	True	1	4	5	-10,9	0,0	-8,8	0,0	-8,8	0,0	-10,9	0,0	1	4	5	0	0	0
2236	2236_1	2236_2	BND	chr3	101434955	chr3	133791007		False	False	False	True	1	4	5	-10,9	0,0	-10,9	0,0	-10,9	0,0	-10,9	0,0	1	4	5	0	0	0
16057	16057_1	16057_2	BND	chr3	101915182	chr9	112251348		False	False	False	True	1	4	5	-10,9	0,0	-10,9	0,0	-10,9	0,0	-10,9	0,0	1	4	5	0	0	0
16414	16414_1	16414_2	BND	chr3	102881652	chrX	76210141		False	False	False	True	1	4	5	-8,8	0,0	-8,8	0,0	-8,8	0,0	-8,8	0,0	1	4	5	0	0	0
16050	16050_1	16050_2	BND	chr3	103260620	chr9	94653286		False	False	False	True	1	4	5	-8,8	0,0	-8,8	0,0	-8,8	0,0	-8,8	0,0	1	4	5	0	0	0
2136	2136_1	2136_2	BND	chr3	103327820	chr3	103327978		True	True	False	True	1	4	5	-10,9	-1,1	-10,9	-1,1	-10,9	-1,1	-10,9	-1,1	1	4	5	0	0	0
2138	2138_1	2138_2	BND	chr3	103626205	chr3	103626343		False	False	False	True	1	4	5	-10,9	0,0	-9,6	0,0	-9,6	0,0	-10,9	0,0	1	4	5	0	0	0
16277	16277_1	16277_2	BND	chr3	103912937	chr17	61706568		False	False	False	True	1	4	5	-8,8	0,0	-8,8	0,0	-8,8	0,0	-8,8	0,0	1	4	5	0	0	0
2141	2141		INV	chr3	104123793	chr3	104123885	92.0	True		False		2	4	6	-9,9	-1,1	-9,9	-1,1					2	4	6	0	0	0
2143	2143_1	2143_2	BND	chr3	104145923	chr3	104146001		False	False	False	True	1	4	5	-10,9	0,0	-1,6	0,0	-1,6	0,0	-10,9	0,0	1	4	5	0	0	0
2172	2172_1	2172_2	BND	chr3	104320932	chr3	113645328		False	False	False	True	1	4	5	-10,9	0,0	-10,9	0,0	-10,9	0,0	-10,9	0,0	1	4	5	0	0	0
16131	16131_1	16131_2	BND	chr3	104327290	chr12	1582210		False	False	False	True	1	4	5	-10,9	0,0	-8,8	0,0	-8,8	0,0	-10,9	0,0	1	4	5	0	0	0
16051	16051_1	16051_2	BND	chr3	104384228	chr9	95608592		False	False	False	True	1	4	5	-8,8	0,0	-8,8	0,0	-8,8	0,0	-8,8	0,0	1	4	5	0	0	0
16253	16253_1	16253_2	BND	chr3	104455277	chr16	64196132		False	False	False	True	1	4	5	-10,9	0,0	-8,8	0,0	-8,8	0,0	-10,9	0,0	1	4	5	0	0	0
15901	15901_1	15901_2	BND	chr3	105398916	chr6	23122845		False	False	False	True	1	4	5	-8,8	0,0	-10,9	0,0	-10,9	0,0	-8,8	0,0	1	4	5	0	0	0
16324	16324_1	16324_2	BND	chr3	105437429	chr19	30018729		False	False	False	True	1	4	5	-8,8	0,0	-10,9	0,0	-10,9	0,0	-8,8	0,0	1	4	5	0	0	0
16406	16406_1	16406_2	BND	chr3	105977384	chrX	42505773		False	False	False	True	1	4	5	-10,9	0,0	-10,9	0,0	-10,9	0,0	-10,9	0,0	1	4	5	0	0	0
2150	2150		INV	chr3	106486073	chr3	106486195	122.0	True		False		2	3	5	-9,1	-2,1	-9,1	-1,1					2	3	5	0	0	0
15976	15976_1	15976_2	BND	chr3	106705679	chr7	113175405		False	False	False	True	1	4	5	-8,8	0,0	-8,8	0,0	-8,8	0,0	-8,8	0,0	1	4	5	0	0	0
16083	16083_1	16083_2	BND	chr3	107041070	chr10	76200462		False	False	False	True	1	4	5	-10,9	0,0	-10,9	0,0	-10,9	0,0	-10,9	0,0	1	4	5	0	0	0
15965	15965_1	15965_2	BND	chr3	107734132	chr7	38883240		True	True	False	True	1	4	5	-10,9	0,0	-5,9	0,1	-5,9	0,1	-10,9	0,0	1	4	5	0	0	0
16381	16381_1	16381_2	BND	chr3	110130416	chr22	11035558		False	False	False	True	1	4	5	-8,8	0,0	-10,9	0,0	-10,9	0,0	-8,8	0,0	1	4	5	0	0	0
16251	16251_1	16251_2	BND	chr3	110308701	chr16	60722652		False	False	False	True	1	4	5	-10,9	0,0	-10,9	0,0	-10,9	0,0	-10,9	0,0	1	4	5	0	0	0
2160	2160_1	2160_2	BND	chr3	110746284	chr3	110746417		False	False	False	True	1	4	5	-8,8	0,0	-8,8	0,0	-8,8	0,0	-8,8	0,0	1	4	5	0	0	0
16211	16211_1	16211_2	BND	chr3	111549498	chr14	32181213		False	False	False	True	1	4	5	-8,8	0,0	-10,9	0,0	-10,9	0,0	-8,8	0,0	1	4	5	0	0	0
16183	16183_1	16183_2	BND	chr3	112108177	chr13	39622122		False	False	False	True	1	4	5	-8,8	0,0	-10,9	0,0	-10,9	0,0	-8,8	0,0	1	4	5	0	0	0
16388	16388_1	16388_2	BND	chr3	112157785	chr22	31859020		False	False	False	True	1	4	5	-8,8	0,0	-10,9	0,0	-10,9	0,0	-8,8	0,0	1	4	5	0	0	0
16249	16249_1	16249_2	BND	chr3	112299945	chr16	55536094		False	False	False	True	1	4	5	-10,9	0,0	-8,8	0,0	-8,8	0,0	-10,9	0,0	1	4	5	0	0	0
16229	16229_1	16229_2	BND	chr3	112714818	chr15	70591857		False	False	False	True	1	4	5	-8,8	0,0	-10,9	0,0	-10,9	0,0	-8,8	0,0	1	4	5	0	0	0
16321	16321_1	16321_2	BND	chr3	113270722	chr19	14200921		False	False	False	True	1	4	5	-10,9	0,0	-8,8	0,0	-8,8	0,0	-10,9	0,0	1	4	5	0	0	0
16046	16046_1	16046_2	BND	chr3	114410196	chr9	85313906		False	False	False	True	1	4	5	-10,9	0,0	-10,9	0,0	-10,9	0,0	-10,9	0,0	1	4	5	0	0	0
2176	2176_1	2176_2	BND	chr3	114505921	chr3	114506071		True	True	False	True	2	3	5	-10,9	-1,1	-10,9	-1,1	-10,9	-1,1	-10,9	-1,1	2	3	5	0	0	0
16234	16234_1	16234_2	BND	chr3	114959460	chr15	87182240		False	False	False	True	1	4	5	-8,8	0,0	-10,9	0,0	-10,9	0,0	-8,8	0,0	1	4	5	0	0	0
2181	2181		INV	chr3	115492632	chr3	115492736	104.0	True		False		1	4	5	-9,3	-2,1	-9,0	-9,0					1	4	5	0	0	0
16019	16019_1	16019_2	BND	chr3	116719033	chr8	110562985		False	False	False	True	1	4	5	-8,8	0,0	-8,8	0,0	-8,8	0,0	-8,8	0,0	1	4	5	0	0	0
15791	15791_1	15791_2	BND	chr3	118055363	chr4	30973122		False	False	False	True	1	4	5	-10,9	0,0	-10,9	0,0	-10,9	0,0	-10,9	0,0	1	4	5	0	0	0
16066	16066_1	16066_2	BND	chr3	118150137	chr10	4686605		False	False	False	True	1	4	5	-8,8	0,0	-10,9	0,0	-10,9	0,0	-8,8	0,0	1	4	5	0	0	0
2186	2186		INV	chr3	118408518	chr3	118408690	172.0	True		False		2	3	5	-18,0	-18,0	0,33	0,24					2	3	5	0	0	0
16165	16165_1	16165_2	BND	chr3	119996893	chr12	102250643		False	False	False	True	1	4	5	-8,8	0,0	-8,8	0,0	-8,8	0,0	-8,8	0,0	1	4	5	0	0	0
16310	16310_1	16310_2	BND	chr3	120308165	chr18	76029859		False	False	False	True	1	4	5	-8,8	0,0	-8,8	0,0	-8,8	0,0	-8,8	0,0	1	4	5	0	0	0
15945	15945_1	15945_2	BND	chr3	120540735	chr6	124640842		False	False	False	True	1	4	5	-10,9	0,0	-8,8	0,0	-8,8	0,0	-10,9	0,0	1	4	5	0	0	0
16302	16302_1	16302_2	BND	chr3	121109649	chr18	23506861		False	False	False	True	1	4	5	-10,9	0,0	-8,8	0,0	-8,8	0,0	-10,9	0,0	1	4	5	0	0	0
16045	16045_1	16045_2	BND	chr3	121393282	chr9	84644599		False	False	False	True	1	4	5	-10,9	0,0	-10,9	0,0	-10,9	0,0	-10,9	0,0	1	4	5	0	0	0
16225	16225_1	16225_2	BND	chr3	123060100	chr15	48924445		False	False	False	True	1	4	5	-10,9	0,0	-10,9	0,0	-10,9	0,0	-10,9	0,0	1	4	5	0	0	0
16108	16108_1	16108_2	BND	chr3	123824043	chr11	47465902		False	False	False	True	1	4	5	-8,8	0,0	-10,9	0,0	-10,9	0,0	-8,8	0,0	1	4	5	0	0	0
15841	15841_1	15841_2	BND	chr3	123960666	chr5	7058964		False	False	False	True	1	4	5	-8,8	0,0	-8,8	0,0	-8,8	0,0	-8,8	0,0	1	4	5	0	0	0
2203	2203		INV	chr3	125041839	chr3	125041938	99.0	True		False		2	4	6	-10,5	-1,1	-6,9	-1,1					2	4	6	0	0	0
16298	16298_1	16298_2	BND	chr3	125999977	chr18	4741230		False	False	False	True	1	4	5	-10,9	0,0	-10,9	0,0	-10,9	0,0	-10,9	0,0	1	4	5	0	0	0
15967	15967_1	15967_2	BND	chr3	126166677	chr7	53678582		False	False	False	True	1	4	5	-10,9	0,0	-10,9	0,0	-10,9	0,0	-10,9	0,0	1	4	5	0	0	0
16096	16096_1	16096_2	BND	chr3	126176692	chr11	2059679		False	False	False	True	1	4	5	-8,8	0,0	-8,8	0,0	-8,8	0,0	-8,8	0,0	1	4	5	0	0	0
15905	15905_1	15905_2	BND	chr3	126763158	chr6	32285406		False	False	False	True	1	4	5	-10,9	0,0	-10,9	0,0	-10,9	0,0	-10,9	0,0	1	4	5	0	0	0
16129	16129_1	16129_2	BND	chr3	127155198	chr11	134235719		False	False	False	True	2	4	6	-10,9	0,0	-10,9	0,0	-10,9	0,0	-10,9	0,0	2	4	6	0	0	0
15895	15895_1	15895_2	BND	chr3	128346251	chr5	173088639		False	False	False	True	1	4	5	-8,8	0,0	-8,8	0,0	-8,8	0,0	-8,8	0,0	1	4	5	0	0	0
2220	2220_1	2220_2	BND	chr3	129731082	chr3	129731155		False	False	False	True	1	4	5	-10,4	0,0	-8,8	0,0	-8,8	0,0	-10,4	0,0	1	4	5	0	0	0
16113	16113_1	16113_2	BND	chr3	130082643	chr11	67776070		True	True	False	True	6	0	6	-505,9	-90,1	-10,421	-2,81	-10,421	-2,81	-505,9	-90,1	6	0	6	0	0	0
16235	16235_1	16235_2	BND	chr3	130542183	chr15	27131808		False	False	False	True	1	4	5	-8,8	0,0	-10,9	0,0	-10,9	0,0	-8,8	0,0	1	4	5	0	0	0
16089	16089_1	16089_2	BND	chr3	131684858	chr10	92139282		True	True	False	True	1	4	5	-9,6	0,1	0,6	0,1	0,6	0,1	-9,6	0,1	1	4	5	0	0	0
15818	15818_1	15818_2	BND	chr3	131738828	chr4	108799711		True	True	False	True	1	4	5	-6,8	0,1	-9,5	-1,0	-9,5	-1,0	-6,8	0,1	1	4	5	0	0	0
16144	16144_1	16144_2	BND	chr3	132074602	chr12	33425981		False	False	False	True	1	4	5	-8,8	0,0	-8,8	0,0	-8,8	0,0	-8,8	0,0	1	4	5	0	0	0
16167	16167_1	16167_2	BND	chr3	132422387	chr12	112502116		False	False	False	True	1	4	5	-8,8	0,0	-8,8	0,0	-8,8	0,0	-8,8	0,0	1	4	5	0	0	0
16200	16200_1	16200_2	BND	chr3	133437599	chr13	58258164		False	False	False	True	1	4	5	-10,9	0,0	-10,9	0,0	-10,9	0,0	-10,9	0,0	1	4	5	0	0	0
16365	16365_1	16365_2	BND	chr3	133804714	chr20	58477275		False	False	False	True	1	4	5	-8,8	0,0	-10,9	0,0	-10,9	0,0	-8,8	0,0	1	4	5	0	0	0
16201	16201_1	16201_2	BND	chr3	134968907	chr13	58248474		False	False	False	True	1	4	5	-10,9	0,0	-10,9	0,0	-10,9	0,0	-10,9	0,0	1	4	5	0	0	0
15865	15865_1	15865_2	BND	chr3	135016196	chr5	87000998		False	False	False	True	1	4	5	-8,8	0,0	-8,8	0,0	-8,8	0,0	-8,8	0,0	1	4	5	0	0	0
16088	16088_1	16088_2	BND	chr3	135287375	chr10	90851080		False	False	False	True	1	4	5	-8,8	0,0	-8,8	0,0	-8,8	0,0	-8,8	0,0	1	4	5	0	0	0
16154	16154_1	16154_2	BND	chr3	136325356	chr12	71892026		False	False	False	True	1	4	5	-10,9	0,0	-8,8	0,0	-8,8	0,0	-10,9	0,0	1	4	5	0	0	0
16202	16202_1	16202_2	BND	chr3	138313084	chr13	73041025		False	False	False	True	1	4	5	-8,8	0,0	-10,9	0,0	-10,9	0,0	-8,8	0,0	1	4	5	0	0	0
16070	16070_1	16070_2	BND	chr3	138508121	chr10	8959823		False	False	False	True	1	4	5	-8,8	0,0	-10,9	0,0	-10,9	0,0	-8,8	0,0	1	4	5	0	0	0
15808	15808_1	15808_2	BND	chr3	139360193	chr4	68234790		False	False	False	True	1	4	5	-10,9	0,0	-8,8	0,0	-8,8	0,0	-10,9	0,0	1	4	5	0	0	0
16237	16237_1	16237_2	BND	chr3	140559047	chr15	48714461		True	True	False	True	1	4	5	-7,0	-7,0	-8,7	-1,2	-8,7	-1,2	-7,0	-7,0	1	4	5	0	0	0
16044	16044_1	16044_2	BND	chr3	141904660	chr9	82047769		False	False	False	True	1	4	5	-10,9	0,0	-8,8	0,0	-8,8	0,0	-10,9	0,0	1	4	5	0	0	0
16077	16077_1	16077_2	BND	chr3	142316949	chr10	27024794		False	False	False	True	1	4	5	-8,8	0,0	-10,9	0,0	-10,9	0,0	-8,8	0,0	1	4	5	0	0	0
16118	16118_1	16118_2	BND	chr3	142523929	chr11	74154077		False	False	False	True	1	4	5	-10,9	0,0	-8,8	0,0	-8,8	0,0	-10,9	0,0	1	4	5	0	0	0
2256	2256		INV	chr3	142545108	chr3	142545228	120.0	True		False		2	3	5	-9,3	-2,1	-9,0	-9,0					2	3	5	0	0	0
15950	15950_1	15950_2	BND	chr3	142555154	chr6	143213587		True	True	False	True	7	0	7	-437,9	-94,1	-559,9	-98,0	-559,9	-98,0	-437,9	-94,1	6	0	6	1	0	1
16426	16426_1	16426_2	BND	chr3	142890503	chrX	141635838		False	False	False	True	1	4	5	-10,9	0,0	-10,9	0,0	-10,9	0,0	-10,9	0,0	1	4	5	0	0	0
16330	16330_1	16330_2	BND	chr3	143132204	chr19	57283512		False	False	False	True	1	4	5	-10,9	0,0	-8,8	0,0	-8,8	0,0	-10,9	0,0	1	4	5	0	0	0
16027	16027_1	16027_2	BND	chr3	143399666	chr9	9076414		False	False	False	True	1	4	5	-8,8	0,0	-8,8	0,0	-8,8	0,0	-8,8	0,0	1	4	5	0	0	0
16029	16029_1	16029_2	BND	chr3	144009642	chr9	11162564		False	False	False	True	1	4	5	-8,8	0,0	-8,8	0,0	-8,8	0,0	-8,8	0,0	1	4	5	0	0	0
16260	16260_1	16260_2	BND	chr3	144293376	chr16	52417658		True	True	False	True	1	4	5	-10,6	-1,0	-6,9	0,1	-6,9	0,1	-10,6	-1,0	1	4	5	0	0	0
16266	16266_1	16266_2	BND	chr3	145938304	chr16	77116236		True	True	False	True	1	4	5	-10,3	-1,0	-10,9	0,0	-10,9	0,0	-10,3	-1,0	1	4	5	0	0	0
16204	16204_1	16204_2	BND	chr3	146830838	chr13	86054873		True	True	False	True	1	4	5	0,9	0,9	-9,5	-1,0	-9,5	-1,0	0,9	0,9	1	4	5	0	0	0
16375	16375_1	16375_2	BND	chr3	146997913	chr21	20982108		False	False	False	True	1	4	5	-8,8	0,0	-10,9	0,0	-10,9	0,0	-8,8	0,0	1	4	5	0	0	0
16043	16043_1	16043_2	BND	chr3	147005487	chr9	71021967		False	False	False	True	1	4	5	-8,8	0,0	-8,8	0,0	-8,8	0,0	-8,8	0,0	1	4	5	0	0	0
16291	16291_1	16291_2	BND	chr3	147832862	chr17	62608297		False	False	False	True	1	4	5	-8,8	0,0	-10,9	0,0	-10,9	0,0	-8,8	0,0	1	4	5	0	0	0
16283	16283_1	16283_2	BND	chr3	147935262	chr17	16704993		True	True	False	True	1	4	5	-4,9	0,6	-8,8	0,0	-8,8	0,0	-4,9	0,6	1	4	5	0	0	0
15790	15790_1	15790_2	BND	chr3	147976728	chr4	29967022		False	False	False	True	1	4	5	-10,9	0,0	-10,9	0,0	-10,9	0,0	-10,9	0,0	1	4	5	0	0	0
16314	16314_1	16314_2	BND	chr3	148212227	chr18	76133259		False	False	False	True	1	4	5	-8,8	0,0	-8,8	0,0	-8,8	0,0	-8,8	0,0	1	4	5	0	0	0
15854	15854_1	15854_2	BND	chr3	148921916	chr5	44627741		True	True	False	True	1	4	5	-10,6	-1,0	-6,9	0,1	-6,9	0,1	-10,6	-1,0	1	4	5	0	0	0
16006	16006_1	16006_2	BND	chr3	149853593	chr8	49071675		False	False	False	True	1	4	5	-10,9	0,0	-10,9	0,0	-10,9	0,0	-10,9	0,0	1	4	5	0	0	0
16413	16413_1	16413_2	BND	chr3	149905590	chrX	74694979		False	False	False	True	1	4	5	-8,8	0,0	-10,9	0,0	-10,9	0,0	-8,8	0,0	1	4	5	0	0	0
2283	2283		INV	chr3	151762997	chr3	151763167	170.0	True		False		2	3	5	-10,6	-1,1	-10,9	-1,1					2	3	5	0	0	0
2285	2285		INV	chr3	152006037	chr3	152006172	135.0	True		False		2	3	5	-543,9	-178,2	-25,9	-25,0					2	3	5	0	0	0
16061	16061_1	16061_2	BND	chr3	152125964	chr9	119609689		False	False	False	True	1	4	5	-10,9	0,0	-10,9	0,0	-10,9	0,0	-10,9	0,0	1	4	5	0	0	0
2286	2286_1	2286_2	BND	chr3	152296927	chr3	152297294		True	True	False	True	1	4	5	-7,8	0,1	-9,5	-2,1	-9,5	-2,1	-7,8	0,1	1	4	5	0	0	0
15817	15817_1	15817_2	BND	chr3	152669772	chr4	104308669		False	False	False	True	1	4	5	-8,8	0,0	-8,8	0,0	-8,8	0,0	-8,8	0,0	1	4	5	0	0	0
16103	16103_1	16103_2	BND	chr3	152941436	chr11	37720797		False	False	False	True	1	4	5	-10,9	0,0	-8,8	0,0	-8,8	0,0	-10,9	0,0	1	4	5	0	0	0
16241	16241_1	16241_2	BND	chr3	153632089	chr15	77969268		False	False	False	True	1	4	5	-8,8	0,0	-8,8	0,0	-8,8	0,0	-8,8	0,0	1	4	5	0	0	0
16198	16198_1	16198_2	BND	chr3	154318196	chr13	37052567		False	False	False	True	1	4	5	-10,9	0,0	-8,8	0,0	-8,8	0,0	-10,9	0,0	1	4	5	0	0	0
15789	15789_1	15789_2	BND	chr3	155043025	chr4	27561030		False	False	False	True	1	4	5	-10,9	0,0	-10,9	0,0	-10,9	0,0	-10,9	0,0	1	4	5	0	0	0
15980	15980_1	15980_2	BND	chr3	155477601	chr7	125113678		False	False	False	True	1	4	5	-8,8	0,0	-8,8	0,0	-8,8	0,0	-8,8	0,0	1	4	5	0	0	0
16079	16079_1	16079_2	BND	chr3	156393012	chr10	34172721		False	False	False	True	1	4	5	-10,9	0,0	-10,9	0,0	-10,9	0,0	-10,9	0,0	1	4	5	0	0	0
15878	15878_1	15878_2	BND	chr3	156595589	chr5	124507395		False	False	False	True	1	4	5	-10,9	0,0	-10,9	0,0	-10,9	0,0	-10,9	0,0	1	4	5	0	0	0
15863	15863_1	15863_2	BND	chr3	157242710	chr5	78413422		False	False	False	True	1	4	5	-10,9	0,0	-10,9	0,0	-10,9	0,0	-10,9	0,0	1	4	5	0	0	0
16048	16048_1	16048_2	BND	chr3	158164893	chr9	89090288		False	False	False	True	1	4	5	-8,8	0,0	-10,9	0,0	-10,9	0,0	-8,8	0,0	1	4	5	0	0	0
15914	15914_1	15914_2	BND	chr3	160379362	chr6	55839485		False	False	False	True	1	4	5	-8,8	0,0	-8,8	0,0	-8,8	0,0	-8,8	0,0	1	4	5	0	0	0
15939	15939_1	15939_2	BND	chr3	160870108	chr6	105831131		False	False	False	True	1	4	5	-8,8	0,0	-10,9	0,0	-10,9	0,0	-8,8	0,0	1	4	5	0	0	0
2308	2308		INV	chr3	161410239	chr3	161410368	129.0	True		False		2	3	5	-10,9	-1,1	-9,9	-1,1					2	3	5	0	0	0
15853	15853_1	15853_2	BND	chr3	161811242	chr5	44234358		False	False	False	True	1	4	5	-10,9	0,0	-8,8	0,0	-8,8	0,0	-10,9	0,0	1	4	5	0	0	0
16265	16265_1	16265_2	BND	chr3	161925445	chr16	71669741		True	True	False	True	1	4	5	0,7	0,3	0,8	0,8	0,8	0,8	0,7	0,3	1	4	5	0	0	0
16289	16289_1	16289_2	BND	chr3	161925758	chr17	60313972		True	True	False	True	1	4	5	-5,0	-5,0	-6,0	-6,0	-6,0	-6,0	-5,0	-5,0	1	4	5	0	0	0
16264	16264_1	16264_2	BND	chr3	162104369	chr16	71479769		True	True	False	True	1	4	5	-8,8	0,0	0,1	0,1	0,1	0,1	-8,8	0,0	1	4	5	0	0	0
16257	16257_1	16257_2	BND	chr3	162709431	chr16	3325619		False	False	False	True	1	4	5	-10,9	0,0	-8,8	0,0	-8,8	0,0	-10,9	0,0	1	4	5	0	0	0
16401	16401_1	16401_2	BND	chr3	162801250	chrX	32197266		False	False	False	True	1	4	5	-10,9	0,0	-10,9	0,0	-10,9	0,0	-10,9	0,0	1	4	5	0	0	0
2320	2320		INV	chr3	163176982	chr3	163177163	181.0	True		False		3	2	5	-10,9	-3,3	-10,9	-3,1					3	2	5	0	0	0
16363	16363_1	16363_2	BND	chr3	164403044	chr20	22244136		False	False	False	True	1	4	5	-10,9	0,0	-8,8	0,0	-8,8	0,0	-10,9	0,0	1	4	5	0	0	0
16037	16037_1	16037_2	BND	chr3	164772735	chr9	23033423		False	False	False	True	1	4	5	-8,8	0,0	-8,8	0,0	-8,8	0,0	-8,8	0,0	1	4	5	0	0	0
2330	2330_1	2330_2	BND	chr3	165418541	chr3	165418800		True	True	False	True	2	3	5	-10,9	-1,1	-10,9	-1,1	-10,9	-1,1	-10,9	-1,1	2	3	5	0	0	0
16074	16074_1	16074_2	BND	chr3	166474091	chr10	25273378		False	False	False	True	1	4	5	-10,9	0,0	-10,9	0,0	-10,9	0,0	-10,9	0,0	1	4	5	0	0	0
16411	16411_1	16411_2	BND	chr3	166547181	chrX	69641384		False	False	False	True	1	4	5	-10,9	0,0	-8,8	0,0	-8,8	0,0	-10,9	0,0	1	4	5	0	0	0
15870	15870_1	15870_2	BND	chr3	166593145	chr5	98539080		False	False	False	True	1	4	5	-8,8	0,0	-10,9	0,0	-10,9	0,0	-8,8	0,0	1	4	5	0	0	0
16329	16329_1	16329_2	BND	chr3	166786446	chr19	46078270		False	False	False	True	1	4	5	-8,8	0,0	-10,9	0,0	-10,9	0,0	-8,8	0,0	1	4	5	0	0	0
2333	2333		INV	chr3	166806741	chr3	166806864	123.0	True		False		2	3	5	-10,9	-1,1	-10,9	-1,1					2	3	5	0	0	0
16151	16151_1	16151_2	BND	chr3	167582054	chr12	50582925		True	True	False	True	1	4	5	-6,9	0,1	-10,5	-1,0	-10,5	-1,0	-6,9	0,1	1	4	5	0	0	0
2336	2336_1	2336_2	BND	chr3	168732468	chr3	168732587		True	True	False	True	2	3	5	0,7	0,1	-3,0	-3,0	-3,0	-3,0	0,7	0,1	2	3	5	0	0	0
16063	16063_1	16063_2	BND	chr3	168947351	chr9	128529721		False	False	False	True	1	4	5	-8,8	0,0	-8,8	0,0	-8,8	0,0	-8,8	0,0	1	4	5	0	0	0
15819	15819_1	15819_2	BND	chr3	169100100	chr4	112364761		False	False	False	True	1	4	5	-8,8	0,0	-8,8	0,0	-8,8	0,0	-8,8	0,0	1	4	5	0	0	0
16141	16141_1	16141_2	BND	chr3	170951409	chr12	28110934		False	False	False	True	1	4	5	-10,9	0,0	-8,8	0,0	-8,8	0,0	-10,9	0,0	1	4	5	0	0	0
15911	15911_1	15911_2	BND	chr3	171442298	chr6	44195856		False	False	False	True	1	4	5	-10,9	0,0	-10,9	0,0	-10,9	0,0	-10,9	0,0	1	4	5	0	0	0
15788	15788_1	15788_2	BND	chr3	171721786	chr4	20180519		False	False	False	True	1	4	5	-10,9	0,0	-10,9	0,0	-10,9	0,0	-10,9	0,0	1	4	5	0	0	0
2347	2347_1	2347_2	BND	chr3	172369888	chr3	172370032		False	False	False	True	1	4	5	-8,8	0,0	-8,8	0,0	-8,8	0,0	-8,8	0,0	1	4	5	0	0	0
16039	16039_1	16039_2	BND	chr3	172537828	chr9	25190278		False	False	False	True	1	4	5	-10,9	0,0	-8,8	0,0	-8,8	0,0	-10,9	0,0	1	4	5	0	0	0
16206	16206_1	16206_2	BND	chr3	172827660	chr13	108567456		False	False	False	True	1	4	5	-8,8	0,0	-10,9	0,0	-10,9	0,0	-8,8	0,0	1	4	5	0	0	0
15823	15823_1	15823_2	BND	chr3	173085403	chr4	130398381		False	False	False	True	1	4	5	-10,9	0,0	-8,8	0,0	-8,8	0,0	-10,9	0,0	1	4	5	0	0	0
15925	15925_1	15925_2	BND	chr3	173323605	chr6	62093865		False	False	False	True	1	4	5	-10,9	0,0	-8,8	0,0	-8,8	0,0	-10,9	0,0	1	4	5	0	0	0
16148	16148_1	16148_2	BND	chr3	173485877	chr12	45561530		True	True	False	True	1	4	5	-9,5	-1,0	-10,1	-1,0	-10,1	-1,0	-9,5	-1,0	1	4	5	0	0	0
15903	15903_1	15903_2	BND	chr3	173995642	chr6	27595935		False	False	False	True	1	4	5	-10,9	0,0	-8,8	0,0	-8,8	0,0	-10,9	0,0	1	4	5	0	0	0
15830	15830_1	15830_2	BND	chr3	174024210	chr4	160139420		False	False	False	True	1	4	5	-8,8	0,0	-8,8	0,0	-8,8	0,0	-8,8	0,0	1	4	5	0	0	0
2355	2355_1	2355_2	BND	chr3	174371787	chr3	174371959		True	True	False	True	1	4	5	-10,9	-1,1	-10,9	-1,1	-10,9	-1,1	-10,9	-1,1	1	4	5	0	0	0
16374	16374_1	16374_2	BND	chr3	177009561	chr21	18873038		False	False	False	True	1	4	5	-10,9	0,0	-8,8	0,0	-8,8	0,0	-10,9	0,0	1	4	5	0	0	0
16328	16328_1	16328_2	BND	chr3	178035723	chr19	40563720		False	False	False	True	1	4	5	-8,8	0,0	-8,8	0,0	-8,8	0,0	-8,8	0,0	1	4	5	0	0	0
15872	15872_1	15872_2	BND	chr3	178612806	chr5	99963104		False	False	False	True	1	4	5	-10,9	0,0	-10,9	0,0	-10,9	0,0	-10,9	0,0	1	4	5	0	0	0
15886	15886_1	15886_2	BND	chr3	178995530	chr5	152293484		False	False	False	True	1	4	5	-8,8	0,0	-10,9	0,0	-10,9	0,0	-8,8	0,0	1	4	5	0	0	0
16377	16377_1	16377_2	BND	chr3	179142026	chr21	36712819		False	False	False	True	1	4	5	-10,9	0,0	-10,9	0,0	-10,9	0,0	-10,9	0,0	1	4	5	0	0	0
15843	15843_1	15843_2	BND	chr3	179342474	chr5	10277492		False	False	False	True	1	4	5	-10,9	0,0	-8,8	0,0	-8,8	0,0	-10,9	0,0	1	4	5	0	0	0
16111	16111_1	16111_2	BND	chr3	179525358	chr11	63140774		False	False	False	True	1	4	5	-8,8	0,0	-10,9	0,0	-10,9	0,0	-8,8	0,0	1	4	5	0	0	0
16288	16288_1	16288_2	BND	chr3	179562726	chr17	54572533		False	False	False	True	1	4	5	-8,8	0,0	-8,8	0,0	-8,8	0,0	-8,8	0,0	1	4	5	0	0	0
2375	2375		DUP	chr3	179618883	chr3	179620443	1560.0	True		False		8	0	8	-537,9	-89,0	-10,311	-2,58					7	0	7	1	0	1
16056	16056_1	16056_2	BND	chr3	180420253	chr9	100083136		False	False	False	True	1	4	5	-8,8	0,0	-10,9	0,0	-10,9	0,0	-8,8	0,0	1	4	5	0	0	0
15983	15983_1	15983_2	BND	chr3	180441849	chr7	146111107		False	False	False	True	1	4	5	-10,9	0,0	-8,8	0,0	-8,8	0,0	-10,9	0,0	1	4	5	0	0	0
15862	15862_1	15862_2	BND	chr3	180817353	chr5	73110456		True	True	False	True	1	4	5	-5,8	0,1	-8,7	0,1	-8,7	0,1	-5,8	0,1	1	4	5	0	0	0
16281	16281_1	16281_2	BND	chr3	181090126	chr17	6501443		False	False	False	True	1	4	5	-10,9	0,0	-10,9	0,0	-10,9	0,0	-10,9	0,0	1	4	5	0	0	0
16239	16239_1	16239_2	BND	chr3	181623320	chr15	58099385		False	False	False	True	1	4	5	-8,8	0,0	-8,8	0,0	-8,8	0,0	-8,8	0,0	1	4	5	0	0	0
16055	16055_1	16055_2	BND	chr3	182023724	chr9	97560415		False	False	False	True	1	4	5	-10,9	0,0	-10,9	0,0	-10,9	0,0	-10,9	0,0	1	4	5	0	0	0
16290	16290_1	16290_2	BND	chr3	182210079	chr17	60859230		False	False	False	True	1	4	5	-10,9	0,0	-10,9	0,0	-10,9	0,0	-10,9	0,0	1	4	5	0	0	0
16203	16203_1	16203_2	BND	chr3	183684184	chr13	78840727		False	False	False	True	1	4	5	-10,9	0,0	-8,8	0,0	-8,8	0,0	-10,9	0,0	1	4	5	0	0	0
15787	15787_1	15787_2	BND	chr3	183944434	chr4	19658801		False	False	False	True	1	4	5	-8,8	0,0	-10,9	0,0	-10,9	0,0	-8,8	0,0	1	4	5	0	0	0
2383	2383		INV	chr3	184015250	chr3	184015471	221.0	True		False		2	3	5	-10,9	-1,1	-10,9	-1,1					2	3	5	0	0	0
15928	15928_1	15928_2	BND	chr3	184449607	chr6	64305755		False	False	False	True	1	4	5	-8,8	0,0	-8,8	0,0	-8,8	0,0	-8,8	0,0	1	4	5	0	0	0
16199	16199_1	16199_2	BND	chr3	184475690	chr13	56355269		False	False	False	True	1	4	5	-10,9	0,0	-8,8	0,0	-8,8	0,0	-10,9	0,0	1	4	5	0	0	0
16117	16117_1	16117_2	BND	chr3	185384338	chr11	73426704		False	False	False	True	1	4	5	-8,8	0,0	-10,9	0,0	-10,9	0,0	-8,8	0,0	1	4	5	0	0	0
15988	15988_1	15988_2	BND	chr3	185470131	chr7	150547964		False	False	False	True	1	4	5	-8,8	0,0	-8,8	0,0	-8,8	0,0	-8,8	0,0	1	4	5	0	0	0
16378	16378_1	16378_2	BND	chr3	185697638	chr21	45117603		False	False	False	True	1	4	5	-10,9	0,0	-8,8	0,0	-8,8	0,0	-10,9	0,0	1	4	5	0	0	0
16236	16236_1	16236_2	BND	chr3	186337257	chr15	47064199		False	False	False	True	1	4	5	-8,8	0,0	-10,9	0,0	-10,9	0,0	-8,8	0,0	1	4	5	0	0	0
15849	15849_1	15849_2	BND	chr3	187091260	chr5	36597115		False	False	False	True	1	4	5	-10,9	0,0	-8,8	0,0	-8,8	0,0	-10,9	0,0	1	4	5	0	0	0
16327	16327_1	16327_2	BND	chr3	188013978	chr19	35400593		False	False	False	True	1	4	5	-10,9	0,0	-10,9	0,0	-10,9	0,0	-10,9	0,0	1	4	5	0	0	0
15857	15857_1	15857_2	BND	chr3	188365119	chr5	61760529		False	False	False	True	1	4	5	-10,9	0,0	-8,8	0,0	-8,8	0,0	-10,9	0,0	1	4	5	0	0	0
16175	16175_1	16175_2	BND	chr3	189538144	chr12	125969345		True	True	False	True	1	4	5	-8,8	0,0	-9,6	0,1	-9,6	0,1	-8,8	0,0	1	4	5	0	0	0
2398	2398		INV	chr3	189662509	chr3	189662645	136.0	True		False		3	2	5	-8,8	-2,2	-4,9	-1,3					3	2	5	0	0	0
15943	15943_1	15943_2	BND	chr3	191407601	chr6	121249189		False	False	False	True	1	4	5	-10,9	0,0	-10,9	0,0	-10,9	0,0	-10,9	0,0	1	4	5	0	0	0
16197	16197_1	16197_2	BND	chr3	193621230	chr13	25113963		False	False	False	True	1	4	5	-10,9	0,0	-8,8	0,0	-8,8	0,0	-10,9	0,0	1	4	5	0	0	0
2422	2422_1	2422_2	BND	chr3	193624665	chr3	193624814		True	True	False	True	1	4	5	-10,9	-1,1	-10,9	-1,1	-10,9	-1,1	-10,9	-1,1	1	4	5	0	0	0
16220	16220_1	16220_2	BND	chr3	193686997	chr14	56863785		True	True	False	True	1	4	5	-8,7	0,1	-9,6	-1,0	-9,6	-1,0	-8,7	0,1	1	4	5	0	0	0
2436	2436		DUP	chr3	195615093	chr3	195721153	106060.0	True		False		6	0	6	-469,9	-87,2	-10,466	-1,98					5	0	5	1	0	1
2448	2448_1	2448_2	BND	chr3	195689316	chr3	195958921		True	True	False	True	5	0	5	-169,9	-46,3	-154,9	-81,2	-154,9	-81,2	-169,9	-46,3	5	0	5	0	0	0
2443	2443		DEL	chr3	195783326	chr3	195784922	1596.0	True		False		5	0	5	-10,537	-2,142	-533,9	-141,2					5	0	5	0	0	0
2454	2454		DEL	chr3	196317007	chr3	196317530	523.0	True		False		5	0	5	-10,494	-2,110	-213,9	-68,2					5	0	5	0	0	0
2455	2455		INV	chr3	196409348	chr3	196409448	100.0	True		False		3	5	8	-6,0	-6,0	-6,0	-6,0					3	5	8	0	0	0
2457	2457_1	2457_2	BND	chr3	196773323	chr3	196773462		True	True	False	True	2	3	5	-10,9	-1,1	-8,9	-1,1	-8,9	-1,1	-10,9	-1,1	2	3	5	0	0	0
15792	15792_1	15792_2	BND	chr3	196803795	chr4	39701172		False	False	False	True	1	4	5	-10,9	0,0	-8,8	0,0	-8,8	0,0	-10,9	0,0	1	4	5	0	0	0
17137	17137_1	17137_2	BND	chr4	75747	chr10	25493041		False	False	False	True	1	4	5	-8,8	0,0	-8,8	0,0	-8,8	0,0	-8,8	0,0	1	4	5	0	0	0
17103	17103_1	17103_2	BND	chr4	3567783	chr9	41781346		True	True	False	True	7	0	7	-414,9	-74,2	-10,415	-2,90	-10,415	-2,90	-414,9	-74,2	6	0	6	1	0	1
17478	17478_1	17478_2	BND	chr4	3594780	chr17	51967198		False	False	False	True	1	4	5	-8,8	0,0	-8,8	0,0	-8,8	0,0	-8,8	0,0	1	4	5	0	0	0
17389	17389_1	17389_2	BND	chr4	3987575	chr15	48691425		False	False	False	True	1	4	5	-10,9	0,0	-8,8	0,0	-8,8	0,0	-10,9	0,0	1	4	5	0	0	0
17618	17618_1	17618_2	BND	chr4	4629579	chr22	26052042		False	False	False	True	1	4	5	-8,8	0,0	-10,9	0,0	-10,9	0,0	-8,8	0,0	1	4	5	0	0	0
17653	17653_1	17653_2	BND	chr4	6779534	chrX	117583937		False	False	False	True	1	4	5	-8,8	0,0	-8,8	0,0	-8,8	0,0	-8,8	0,0	1	4	5	0	0	0
17018	17018_1	17018_2	BND	chr4	8338928	chr6	120393790		True	True	False	True	1	4	5	-8,8	-1,0	-8,7	-1,0	-8,7	-1,0	-8,8	-1,0	1	4	5	0	0	0
17322	17322_1	17322_2	BND	chr4	8562378	chr12	60785107		False	False	False	True	1	4	5	-10,9	0,0	-8,8	0,0	-8,8	0,0	-10,9	0,0	1	4	5	0	0	0
17321	17321_1	17321_2	BND	chr4	11221225	chr12	57100809		True	True	False	True	2	3	5	-10,7	-1,1	-2,0	-2,0	-2,0	-2,0	-10,7	-1,1	2	3	5	0	0	0
17336	17336_1	17336_2	BND	chr4	13701180	chr12	105597746		False	False	False	True	1	4	5	-10,9	0,0	-10,9	0,0	-10,9	0,0	-10,9	0,0	1	4	5	0	0	0
17083	17083_1	17083_2	BND	chr4	14166263	chr8	116802784		True	True	False	True	1	4	5	-7,8	0,1	-8,8	0,0	-8,8	0,0	-7,8	0,1	1	4	5	0	0	0
17499	17499_1	17499_2	BND	chr4	15462053	chr18	29662784		False	False	False	True	1	4	5	-8,8	0,0	-10,9	0,0	-10,9	0,0	-8,8	0,0	1	4	5	0	0	0
17343	17343_1	17343_2	BND	chr4	15560929	chr13	80134253		False	False	False	True	1	4	5	-8,8	0,0	-10,9	0,0	-10,9	0,0	-8,8	0,0	1	4	5	0	0	0
17277	17277_1	17277_2	BND	chr4	15581983	chr10	58391931		False	False	False	True	1	4	5	-8,8	0,0	-8,8	0,0	-8,8	0,0	-8,8	0,0	1	4	5	0	0	0
16998	16998_1	16998_2	BND	chr4	15694816	chr6	38030990		False	False	False	True	1	4	5	-8,8	0,0	-8,8	0,0	-8,8	0,0	-8,8	0,0	1	4	5	0	0	0
17119	17119_1	17119_2	BND	chr4	18012601	chr9	96784994		False	False	False	True	1	4	5	-8,8	0,0	-8,8	0,0	-8,8	0,0	-8,8	0,0	1	4	5	0	0	0
17388	17388_1	17388_2	BND	chr4	20631778	chr15	47938087		True	True	False	True	1	4	5	-4,9	0,1	-9,5	-1,0	-9,5	-1,0	-4,9	0,1	1	4	5	0	0	0
17101	17101_1	17101_2	BND	chr4	21503603	chr9	34271341		True	True	False	True	1	4	5	-8,8	0,0	-2,9	0,1	-2,9	0,1	-8,8	0,0	1	4	5	0	0	0
17006	17006_1	17006_2	BND	chr4	22380911	chr6	77923928		False	False	False	True	1	4	5	-10,9	0,0	-8,8	0,0	-8,8	0,0	-10,9	0,0	1	4	5	0	0	0
2541	2541_1	2541_2	BND	chr4	23243353	chr4	23243516		False	False	False	True	1	4	5	-10,9	0,0	-9,6	0,0	-9,6	0,0	-10,9	0,0	1	4	5	0	0	0
17639	17639_1	17639_2	BND	chr4	24462045	chrX	46148489		False	False	False	True	1	4	5	-8,8	0,0	-10,9	0,0	-10,9	0,0	-8,8	0,0	1	4	5	0	0	0
16986	16986_1	16986_2	BND	chr4	24562151	chr5	166556170		False	False	False	True	1	4	5	-8,8	0,0	-8,8	0,0	-8,8	0,0	-8,8	0,0	1	4	5	0	0	0
17485	17485_1	17485_2	BND	chr4	26170543	chr17	71026252		False	False	False	True	1	4	5	-10,9	0,0	-10,9	0,0	-10,9	0,0	-10,9	0,0	1	4	5	0	0	0
17620	17620_1	17620_2	BND	chr4	26379181	chr22	47906380		False	False	False	True	1	4	5	-10,9	0,0	-10,9	0,0	-10,9	0,0	-10,9	0,0	1	4	5	0	0	0
2559	2559_1	2559_2	BND	chr4	27864315	chr4	27864486		True	True	False	True	2	3	5	-10,9	-1,1	-10,9	-1,1	-10,9	-1,1	-10,9	-1,1	2	3	5	0	0	0
17076	17076_1	17076_2	BND	chr4	28081542	chr8	70610874		False	False	False	True	1	4	5	-8,8	0,0	-8,8	0,0	-8,8	0,0	-8,8	0,0	1	4	5	0	0	0
17139	17139_1	17139_2	BND	chr4	28604871	chr10	37923256		False	False	False	True	1	4	5	-10,9	0,0	-8,8	0,0	-8,8	0,0	-10,9	0,0	1	4	5	0	0	0
17421	17421_1	17421_2	BND	chr4	28898066	chr16	58994833		False	False	False	True	1	4	5	-10,9	0,0	-8,8	0,0	-8,8	0,0	-10,9	0,0	1	4	5	0	0	0
2564	2564_1	2564_2	BND	chr4	29199827	chr4	29199980		True	True	False	True	1	4	5	-10,9	-1,1	-10,9	-1,1	-10,9	-1,1	-10,9	-1,1	1	4	5	0	0	0
16962	16962_1	16962_2	BND	chr4	29705376	chr5	65679333		True	True	False	True	1	4	5	-10,9	0,0	-9,4	-1,0	-9,4	-1,0	-10,9	0,0	1	4	5	0	0	0
17084	17084_1	17084_2	BND	chr4	29873007	chr8	118631722		False	False	False	True	1	4	5	-8,8	0,0	-10,9	0,0	-10,9	0,0	-8,8	0,0	1	4	5	0	0	0
2567	2567_1	2567_2	BND	chr4	29876419	chr4	29876582		True	True	False	True	2	3	5	-10,9	-1,1	-10,9	-1,1	-10,9	-1,1	-10,9	-1,1	2	3	5	0	0	0
17612	17612_1	17612_2	BND	chr4	29876707	chr21	37956868		False	False	False	True	1	4	5	-8,8	0,0	-8,8	0,0	-8,8	0,0	-8,8	0,0	1	4	5	0	0	0
17068	17068_1	17068_2	BND	chr4	32663548	chr8	13861763		False	False	False	True	1	4	5	-8,8	0,0	-8,8	0,0	-8,8	0,0	-8,8	0,0	1	4	5	0	0	0
17357	17357_1	17357_2	BND	chr4	33706756	chr13	72961040		False	False	False	True	1	4	5	-10,9	0,0	-8,8	0,0	-8,8	0,0	-10,9	0,0	1	4	5	0	0	0
17387	17387_1	17387_2	BND	chr4	33872663	chr15	46158657		False	False	False	True	1	4	5	-8,8	0,0	-8,8	0,0	-8,8	0,0	-8,8	0,0	1	4	5	0	0	0
17285	17285_1	17285_2	BND	chr4	33905110	chr10	96778559		False	False	False	True	1	4	5	-8,8	0,0	-10,9	0,0	-10,9	0,0	-8,8	0,0	1	4	5	0	0	0
17377	17377_1	17377_2	BND	chr4	34174019	chr14	74334366		False	False	False	True	1	4	5	-10,9	0,0	-10,9	0,0	-10,9	0,0	-10,9	0,0	1	4	5	0	0	0
17349	17349_1	17349_2	BND	chr4	35474092	chr13	41030274		True	True	False	True	1	4	5	-10,5	-1,0	-10,2	-1,0	-10,2	-1,0	-10,5	-1,0	1	4	5	0	0	0
2597	2597_1	2597_2	BND	chr4	35588176	chr4	35588294		False	False	False	True	1	4	5	-10,1	0,0	-8,8	0,0	-8,8	0,0	-10,1	0,0	1	4	5	0	0	0
17124	17124_1	17124_2	BND	chr4	35809478	chr9	114297956		False	False	False	True	1	4	5	-10,9	0,0	-8,8	0,0	-8,8	0,0	-10,9	0,0	1	4	5	0	0	0
17340	17340_1	17340_2	BND	chr4	36353987	chr12	115090839		False	False	False	True	1	4	5	-8,8	0,0	-8,8	0,0	-8,8	0,0	-8,8	0,0	1	4	5	0	0	0
17007	17007_1	17007_2	BND	chr4	36999282	chr6	84839726		False	False	False	True	1	4	5	-8,8	0,0	-8,8	0,0	-8,8	0,0	-8,8	0,0	1	4	5	0	0	0
2609	2609		INV	chr4	38837190	chr4	38837312	122.0	True		False		1	4	5	-8,4	-2,2	-9,4	-2,1					1	4	5	0	0	0
17057	17057_1	17057_2	BND	chr4	39464787	chr7	91145800		False	False	False	True	1	4	5	-10,9	0,0	-10,9	0,0	-10,9	0,0	-10,9	0,0	1	4	5	0	0	0
17650	17650_1	17650_2	BND	chr4	39872666	chrX	99721668		False	False	False	True	1	4	5	-8,8	0,0	-10,9	0,0	-10,9	0,0	-8,8	0,0	1	4	5	0	0	0
16974	16974_1	16974_2	BND	chr4	40853467	chr5	128502297		False	False	False	True	1	4	5	-8,8	0,0	-8,8	0,0	-8,8	0,0	-8,8	0,0	1	4	5	0	0	0
17655	17655_1	17655_2	BND	chr4	43371712	chrX	125914654		False	False	False	True	1	4	5	-10,9	0,0	-10,9	0,0	-10,9	0,0	-10,9	0,0	1	4	5	0	0	0
17092	17092_1	17092_2	BND	chr4	43804865	chr9	21275858		False	False	False	True	1	4	5	-8,8	0,0	-8,8	0,0	-8,8	0,0	-8,8	0,0	1	4	5	0	0	0
17651	17651_1	17651_2	BND	chr4	44091718	chrX	99822080		False	False	False	True	1	4	5	-8,8	0,0	-10,9	0,0	-10,9	0,0	-8,8	0,0	1	4	5	0	0	0
16964	16964_1	16964_2	BND	chr4	44591538	chr5	81946909		True	True	False	True	1	4	5	-5,0	-5,0	-8,8	0,0	-8,8	0,0	-5,0	-5,0	1	4	5	0	0	0
17351	17351_1	17351_2	BND	chr4	45645941	chr13	45881130		False	False	False	True	1	4	5	-10,9	0,0	-10,9	0,0	-10,9	0,0	-10,9	0,0	1	4	5	0	0	0
17013	17013_1	17013_2	BND	chr4	45792056	chr6	106282449		False	False	False	True	1	4	5	-10,9	0,0	-10,9	0,0	-10,9	0,0	-10,9	0,0	1	4	5	0	0	0
17097	17097_1	17097_2	BND	chr4	46875730	chr9	29663370		False	False	False	True	1	4	5	-10,9	0,0	-8,8	0,0	-8,8	0,0	-10,9	0,0	1	4	5	0	0	0
17100	17100_1	17100_2	BND	chr4	47369411	chr9	33871325		False	False	False	True	1	4	5	-10,9	0,0	-10,9	0,0	-10,9	0,0	-10,9	0,0	1	4	5	0	0	0
17312	17312_1	17312_2	BND	chr4	47400451	chr12	4492722		True	True	False	True	1	4	5	-5,8	0,1	-10,9	0,0	-10,9	0,0	-5,8	0,1	1	4	5	0	0	0
17376	17376_1	17376_2	BND	chr4	48584666	chr14	55953547		False	False	False	True	1	4	5	-10,9	0,0	-8,8	0,0	-8,8	0,0	-10,9	0,0	1	4	5	0	0	0
16851	16851_1	16851_2	BND	chr4	49092754	chr5	49660258		True	True	False	True	7	0	7	0,1	0,1	-10,210	-3,36	-10,210	-3,36	0,1	0,1	6	0	6	1	0	1
17585	17585_1	17585_2	BND	chr4	49105344	chr21	10656408		True	True	False	True	5	1	6	-10,9	-3,1	-10,9	-1,3	-10,9	-1,3	-10,9	-3,1	4	1	5	1	0	1
17598	17598_1	17598_2	BND	chr4	49108223	chr21	10692916		True	True	False	True	8	0	8	-356,9	-64,2	-10,538	-2,83	-10,538	-2,83	-356,9	-64,2	8	0	8	0	0	0
2712	2712		DUP	chr4	49108342	chr4	49112446	4104.0	True		False		6	0	6	-466,9	-88,2	-10,444	-2,82					5	0	5	1	0	1
16771	16771_1	16771_2	BND	chr4	49108868	chr5	49658643		True	True	False	True	11	3	14	-10,9	-1,1	-1,0	-1,0	-1,0	-1,0	-10,9	-1,1	10	3	13	1	0	1
16778	16778_1	16778_2	BND	chr4	49110931	chr5	49657667		True	True	False	True	9	0	9	-10,308	-2,53	-520,9	-79,1	-520,9	-79,1	-10,308	-2,53	8	0	8	1	0	1
16695	16695_1	16695_2	BND	chr4	49117896	chr5	49601765		True	True	False	True	8	0	8	-120,9	-31,9	-231,9	-234,6	-231,9	-234,6	-120,9	-31,9	8	0	8	0	0	0
17221	17221_1	17221_2	BND	chr4	49118335	chr10	41886042		True	True	False	True	8	0	8	-411,3	-91,0	-411,3	-91,0	-411,3	-91,0	-411,3	-91,0	7	0	7	1	0	1
17567	17567_1	17567_2	BND	chr4	49118335	chr20	31185345		True	True	False	True	5	0	5	-559,9	-115,0	-503,7	-108,0	-503,7	-108,0	-559,9	-115,0	5	0	5	0	0	0
17223	17223_1	17223_2	BND	chr4	49119286	chr10	41886258		True	True	False	True	4	1	5	-10,9	-3,3	-10,9	-3,3	-10,9	-3,3	-10,9	-3,3	4	1	5	0	0	0
16707	16707_1	16707_2	BND	chr4	49140325	chr5	49601485		True	True	False	True	5	1	6	-10,9	-3,3	-10,9	-2,4	-10,9	-2,4	-10,9	-3,3	5	1	6	0	0	0
17732	17732_1	17732_2	BND	chr4	49147431	chrY	11747752		True	True	False	True	6	0	6	-10,456	-2,91	-10,468	-2,102	-10,468	-2,102	-10,456	-2,91	5	0	5	1	0	1
17459	17459_1	17459_2	BND	chr4	49147511	chr17	21976489		True	True	False	True	6	0	6	-10,228	-2,110	-10,558	0,153	-10,558	0,153	-10,228	-2,110	5	0	5	1	0	1
16717	16717_1	16717_2	BND	chr4	49148975	chr5	49602440		True	True	False	True	4	1	5	-10,9	-3,3	-10,9	-3,3	-10,9	-3,3	-10,9	-3,3	4	1	5	0	0	0
16914	16914_1	16914_2	BND	chr4	49149242	chr5	49660211		True	True	False	True	5	0	5	-406,9	-74,2	-10,261	-3,52	-10,261	-3,52	-406,9	-74,2	5	0	5	0	0	0
17236	17236_1	17236_2	BND	chr4	49153178	chr10	41879248		True	True	False	True	6	0	6	-481,7	-100,2	-386,9	-70,2	-386,9	-70,2	-481,7	-100,2	5	0	5	1	0	1
16923	16923_1	16923_2	BND	chr4	49153285	chr5	49667104		True	True	False	True	6	0	6	-10,466	-2,102	-516,9	-89,2	-516,9	-89,2	-10,466	-2,102	5	0	5	1	0	1
3330	3330_1	3330_2	BND	chr4	49154054	chr4	178689706		False	False	False	True	1	4	5	-8,8	0,0	-8,8	0,0	-8,8	0,0	-8,8	0,0	1	4	5	0	0	0
17533	17533_1	17533_2	BND	chr4	49213970	chr20	30631528		True	True	False	True	6	0	6	-10,466	-2,93	-431,9	-70,2	-431,9	-70,2	-10,466	-2,93	5	0	5	1	0	1
17689	17689_1	17689_2	BND	chr4	49266564	chrY	11111988		True	True	False	True	5	0	5	-548,9	-111,2	-489,9	-101,2	-489,9	-101,2	-548,9	-111,2	5	0	5	0	0	0
17690	17690_1	17690_2	BND	chr4	49266728	chrY	11112223		True	True	False	True	6	0	6	-10,211	-2,67	-10,69	-3,27	-10,69	-3,27	-10,211	-2,67	6	0	6	0	0	0
16835	16835_1	16835_2	BND	chr4	49647826	chr5	49659827		True	True	False	True	6	0	6	-532,9	-144,2	-541,9	-147,2	-541,9	-147,2	-532,9	-144,2	5	0	5	1	0	1
17593	17593_1	17593_2	BND	chr4	49657560	chr21	10660470		True	True	False	True	4	1	5	-10,9	-3,3	-10,9	-3,3	-10,9	-3,3	-10,9	-3,3	4	1	5	0	0	0
17629	17629_1	17629_2	BND	chr4	52035510	chrX	943461		False	False	False	True	1	4	5	-8,8	0,0	-10,9	0,0	-10,9	0,0	-8,8	0,0	1	4	5	0	0	0
17504	17504_1	17504_2	BND	chr4	52475229	chr18	55976898		False	False	False	True	1	4	5	-8,8	0,0	-10,9	0,0	-10,9	0,0	-8,8	0,0	1	4	5	0	0	0
17642	17642_1	17642_2	BND	chr4	52737146	chrX	75391190		False	False	False	True	1	4	5	-8,8	0,0	-8,8	0,0	-8,8	0,0	-8,8	0,0	1	4	5	0	0	0
17477	17477_1	17477_2	BND	chr4	53399210	chr17	50936448		False	False	False	True	1	4	5	-10,9	0,0	-8,8	0,0	-8,8	0,0	-10,9	0,0	1	4	5	0	0	0
17345	17345_1	17345_2	BND	chr4	54682424	chr13	21997822		False	False	False	True	1	4	5	-10,9	0,0	-8,8	0,0	-8,8	0,0	-10,9	0,0	1	4	5	0	0	0
17515	17515_1	17515_2	BND	chr4	54690582	chr19	39722587		True	True	False	True	1	4	5	-10,7	-1,0	-8,8	0,0	-8,8	0,0	-10,7	-1,0	1	4	5	0	0	0
17611	17611_1	17611_2	BND	chr4	54899017	chr21	33980863		False	False	False	True	1	4	5	-8,8	0,0	-10,9	0,0	-10,9	0,0	-8,8	0,0	1	4	5	0	0	0
17392	17392_1	17392_2	BND	chr4	54980683	chr15	75539061		False	False	False	True	1	4	5	-10,9	0,0	-8,8	0,0	-8,8	0,0	-10,9	0,0	1	4	5	0	0	0
17424	17424_1	17424_2	BND	chr4	54985945	chr16	72337602		False	False	False	True	1	4	5	-8,8	0,0	-10,9	0,0	-10,9	0,0	-8,8	0,0	1	4	5	0	0	0
16665	16665_1	16665_2	BND	chr4	55587046	chr5	42212994		False	False	False	True	1	4	5	-8,8	0,0	-8,8	0,0	-8,8	0,0	-8,8	0,0	1	4	5	0	0	0
17422	17422_1	17422_2	BND	chr4	55726170	chr16	63282780		False	False	False	True	1	4	5	-8,8	0,0	-10,9	0,0	-10,9	0,0	-8,8	0,0	1	4	5	0	0	0
17326	17326_1	17326_2	BND	chr4	59428482	chr12	67143891		False	False	False	True	1	4	5	-8,8	0,0	-10,9	0,0	-10,9	0,0	-8,8	0,0	1	4	5	0	0	0
2988	2988_1	2988_2	BND	chr4	59854972	chr4	59855085		False	False	False	True	1	4	5	-10,4	0,0	-8,8	0,0	-8,8	0,0	-10,4	0,0	1	4	5	0	0	0
17501	17501_1	17501_2	BND	chr4	60025289	chr18	42276136		False	False	False	True	2	4	6	-10,9	0,0	-10,9	0,0	-10,9	0,0	-10,9	0,0	2	4	6	0	0	0
16660	16660_1	16660_2	BND	chr4	61443553	chr5	29770697		False	False	False	True	1	4	5	-10,9	0,0	-8,8	0,0	-8,8	0,0	-10,9	0,0	1	4	5	0	0	0
17319	17319_1	17319_2	BND	chr4	63761679	chr12	43135222		False	False	False	True	1	4	5	-8,8	0,0	-8,8	0,0	-8,8	0,0	-8,8	0,0	1	4	5	0	0	0
3011	3011_1	3011_2	BND	chr4	64352026	chr4	64352232		False	False	False	True	1	4	5	-8,8	0,0	-8,8	0,0	-8,8	0,0	-8,8	0,0	1	4	5	0	0	0
17529	17529_1	17529_2	BND	chr4	65305037	chr20	17905780		False	False	False	True	1	4	5	-8,8	0,0	-10,9	0,0	-10,9	0,0	-8,8	0,0	1	4	5	0	0	0
17637	17637_1	17637_2	BND	chr4	66380113	chrX	42312462		False	False	False	True	1	4	5	-10,9	0,0	-8,8	0,0	-8,8	0,0	-10,9	0,0	1	4	5	0	0	0
3020	3020		INV	chr4	66768784	chr4	66768945	161.0	True		False		2	5	7	-10,9	-1,1	-10,9	-1,1					2	5	7	0	0	0
17071	17071_1	17071_2	BND	chr4	66876851	chr8	58402190		False	False	False	True	1	4	5	-10,9	0,0	-10,9	0,0	-10,9	0,0	-10,9	0,0	1	4	5	0	0	0
16999	16999_1	16999_2	BND	chr4	67419861	chr6	50511465		False	False	False	True	1	4	5	-8,8	0,0	-10,9	0,0	-10,9	0,0	-8,8	0,0	1	4	5	0	0	0
17346	17346_1	17346_2	BND	chr4	68114972	chr13	24838450		False	False	False	True	1	4	5	-10,9	0,0	-8,8	0,0	-8,8	0,0	-10,9	0,0	1	4	5	0	0	0
3026	3026_1	3026_2	BND	chr4	68518275	chr4	68518393		False	False	False	True	1	4	5	-10,2	0,0	-8,8	0,0	-8,8	0,0	-10,2	0,0	1	4	5	0	0	0
17646	17646_1	17646_2	BND	chr4	68654465	chrX	87021826		False	False	False	True	1	4	5	-10,9	0,0	-8,8	0,0	-8,8	0,0	-10,9	0,0	1	4	5	0	0	0
17334	17334_1	17334_2	BND	chr4	69426026	chr12	104997889		False	False	False	True	1	4	5	-8,8	0,0	-10,9	0,0	-10,9	0,0	-8,8	0,0	1	4	5	0	0	0
17364	17364_1	17364_2	BND	chr4	70443227	chr13	110711552		True	True	False	True	1	4	5	-5,9	0,1	-10,2	-1,0	-10,2	-1,0	-5,9	0,1	1	4	5	0	0	0
16968	16968_1	16968_2	BND	chr4	70460245	chr5	102966387		False	False	False	True	1	4	5	-8,8	0,0	-8,8	0,0	-8,8	0,0	-8,8	0,0	1	4	5	0	0	0
17303	17303_1	17303_2	BND	chr4	70582911	chr11	46622642		False	False	False	True	1	4	5	-10,9	0,0	-8,8	0,0	-8,8	0,0	-10,9	0,0	1	4	5	0	0	0
3041	3041		INV	chr4	72429611	chr4	72429710	99.0	True		False		2	3	5	-9,4	-2,1	-10,2	-2,1					2	3	5	0	0	0
17283	17283_1	17283_2	BND	chr4	74591798	chr10	81470069		True	True	False	True	1	4	5	-8,7	-2,1	-5,9	0,4	-5,9	0,4	-8,7	-2,1	1	4	5	0	0	0
17117	17117_1	17117_2	BND	chr4	74593441	chr9	82707110		False	False	False	True	1	4	5	-8,8	0,0	-8,8	0,0	-8,8	0,0	-8,8	0,0	1	4	5	0	0	0
17128	17128_1	17128_2	BND	chr4	74643075	chr9	119658311		False	False	False	True	1	4	5	-10,9	0,0	-10,9	0,0	-10,9	0,0	-10,9	0,0	1	4	5	0	0	0
17498	17498_1	17498_2	BND	chr4	76202098	chr18	26684854		False	False	False	True	1	4	5	-8,8	0,0	-8,8	0,0	-8,8	0,0	-8,8	0,0	1	4	5	0	0	0
17093	17093_1	17093_2	BND	chr4	76406072	chr9	22264880		False	False	False	True	1	4	5	-8,8	0,0	-8,8	0,0	-8,8	0,0	-8,8	0,0	1	4	5	0	0	0
17360	17360_1	17360_2	BND	chr4	79253555	chr13	84403576		False	False	False	True	1	4	5	-10,9	0,0	-10,9	0,0	-10,9	0,0	-10,9	0,0	1	4	5	0	0	0
3064	3064		INV	chr4	81355786	chr4	81355988	202.0	True		False		1	4	5	-8,0	-8,0	-2,9	0,8					1	4	5	0	0	0
17341	17341_1	17341_2	BND	chr4	82687182	chr12	123405339		False	False	False	True	1	4	5	-8,8	0,0	-8,8	0,0	-8,8	0,0	-8,8	0,0	1	4	5	0	0	0
3070	3070		INV	chr4	84793984	chr4	84794123	139.0	True		False		2	3	5	-9,7	-2,1	-9,0	-9,0					2	3	5	0	0	0
17008	17008_1	17008_2	BND	chr4	85270848	chr6	94572127		False	False	False	True	1	4	5	-8,8	0,0	-10,9	0,0	-10,9	0,0	-8,8	0,0	1	4	5	0	0	0
16657	16657_1	16657_2	BND	chr4	85547795	chr5	13800530		False	False	False	True	1	4	5	-10,9	0,0	-8,8	0,0	-8,8	0,0	-10,9	0,0	1	4	5	0	0	0
17293	17293_1	17293_2	BND	chr4	85738406	chr11	8250072		True	True	False	True	1	4	5	-8,7	0,1	-10,4	-1,0	-10,4	-1,0	-8,7	0,1	1	4	5	0	0	0
3074	3074_1	3074_2	BND	chr4	86719801	chr4	86719952		True	True	False	True	3	2	5	-10,33	0,33	-10,535	-2,175	-10,535	-2,175	-10,33	0,33	3	2	5	0	0	0
17070	17070_1	17070_2	BND	chr4	87077586	chr8	54396142		False	False	False	True	1	4	5	-8,8	0,0	-8,8	0,0	-8,8	0,0	-8,8	0,0	1	4	5	0	0	0
3078	3078_1	3078_2	BND	chr4	87798654	chr4	87798807		False	False	False	True	1	4	5	-8,8	0,0	-8,8	0,0	-8,8	0,0	-8,8	0,0	1	4	5	0	0	0
17298	17298_1	17298_2	BND	chr4	89479155	chr11	16386505		False	False	False	True	1	4	5	-10,9	0,0	-8,8	0,0	-8,8	0,0	-10,9	0,0	1	4	5	0	0	0
16658	16658_1	16658_2	BND	chr4	89876212	chr5	15125622		False	False	False	True	1	4	5	-10,9	0,0	-10,9	0,0	-10,9	0,0	-10,9	0,0	1	4	5	0	0	0
17295	17295_1	17295_2	BND	chr4	90003870	chr11	9570824		False	False	False	True	1	4	5	-8,8	0,0	-10,9	0,0	-10,9	0,0	-8,8	0,0	1	4	5	0	0	0
17135	17135_1	17135_2	BND	chr4	91207717	chr10	16781954		False	False	False	True	1	4	5	-8,8	0,0	-8,8	0,0	-8,8	0,0	-8,8	0,0	1	4	5	0	0	0
17041	17041_1	17041_2	BND	chr4	91490315	chr7	40259889		True	True	False	True	1	4	5	-2,8	-1,0	0,8	0,1	0,8	0,1	-2,8	-1,0	1	4	5	0	0	0
17649	17649_1	17649_2	BND	chr4	92056084	chrX	98013091		False	False	False	True	1	4	5	-8,8	0,0	-8,8	0,0	-8,8	0,0	-8,8	0,0	1	4	5	0	0	0
17353	17353_1	17353_2	BND	chr4	92399283	chr13	48815236		False	False	False	True	1	4	5	-10,9	0,0	-10,9	0,0	-10,9	0,0	-10,9	0,0	1	4	5	0	0	0
17632	17632_1	17632_2	BND	chr4	92458890	chrX	11223133		False	False	False	True	1	4	5	-8,8	0,0	-8,8	0,0	-8,8	0,0	-8,8	0,0	1	4	5	0	0	0
3103	3103_1	3103_2	BND	chr4	95724001	chr4	95724109		True	True	False	True	2	3	5	-10,2	-1,1	-10,9	-1,1	-10,9	-1,1	-10,2	-1,1	2	3	5	0	0	0
17307	17307_1	17307_2	BND	chr4	95808036	chr11	103128603		False	False	False	True	1	4	5	-10,9	0,0	-10,9	0,0	-10,9	0,0	-10,9	0,0	1	4	5	0	0	0
17373	17373_1	17373_2	BND	chr4	97925991	chr14	25110263		False	False	False	True	1	4	5	-8,8	0,0	-8,8	0,0	-8,8	0,0	-8,8	0,0	1	4	5	0	0	0
17374	17374_1	17374_2	BND	chr4	98107821	chr14	32705387		False	False	False	True	1	4	5	-10,9	0,0	-8,8	0,0	-8,8	0,0	-10,9	0,0	1	4	5	0	0	0
17379	17379_1	17379_2	BND	chr4	100131032	chr14	94742698		False	False	False	True	1	4	5	-8,8	0,0	-8,8	0,0	-8,8	0,0	-8,8	0,0	1	4	5	0	0	0
17281	17281_1	17281_2	BND	chr4	100220648	chr10	75361136		False	False	False	True	1	4	5	-10,9	0,0	-10,9	0,0	-10,9	0,0	-10,9	0,0	1	4	5	0	0	0
17062	17062_1	17062_2	BND	chr4	100537687	chr7	134231883		True	True	False	True	1	4	5	-9,5	-1,0	-7,9	0,1	-7,9	0,1	-9,5	-1,0	1	4	5	0	0	0
16979	16979_1	16979_2	BND	chr4	101368443	chr5	144599879		False	False	False	True	1	4	5	-8,8	0,0	-8,8	0,0	-8,8	0,0	-8,8	0,0	1	4	5	0	0	0
17348	17348_1	17348_2	BND	chr4	102285813	chr13	29867126		False	False	False	True	1	4	5	-10,9	0,0	-8,8	0,0	-8,8	0,0	-10,9	0,0	1	4	5	0	0	0
17308	17308_1	17308_2	BND	chr4	103052689	chr11	112000767		False	False	False	True	1	4	5	-10,9	0,0	-10,9	0,0	-10,9	0,0	-10,9	0,0	1	4	5	0	0	0
17323	17323_1	17323_2	BND	chr4	104920290	chr12	63947357		False	False	False	True	1	4	5	-8,8	0,0	-8,8	0,0	-8,8	0,0	-8,8	0,0	1	4	5	0	0	0
16970	16970_1	16970_2	BND	chr4	106868014	chr5	109546993		False	False	False	True	1	4	5	-10,9	0,0	-8,8	0,0	-8,8	0,0	-10,9	0,0	1	4	5	0	0	0
17021	17021_1	17021_2	BND	chr4	107159987	chr6	137556786		False	False	False	True	1	4	5	-10,9	0,0	-10,9	0,0	-10,9	0,0	-10,9	0,0	1	4	5	0	0	0
3142	3142_1	3142_2	BND	chr4	110261026	chr4	110261210		False	False	False	True	1	4	5	-10,9	0,0	-9,6	0,0	-9,6	0,0	-10,9	0,0	1	4	5	0	0	0
17127	17127_1	17127_2	BND	chr4	111477256	chr9	118075821		False	False	False	True	1	4	5	-10,9	0,0	-10,9	0,0	-10,9	0,0	-10,9	0,0	1	4	5	0	0	0
17358	17358_1	17358_2	BND	chr4	111858747	chr13	74997798		False	False	False	True	1	4	5	-10,9	0,0	-8,8	0,0	-8,8	0,0	-10,9	0,0	1	4	5	0	0	0
16980	16980_1	16980_2	BND	chr4	112352631	chr5	154951347		False	False	False	True	1	4	5	-10,9	0,0	-8,8	0,0	-8,8	0,0	-10,9	0,0	1	4	5	0	0	0
3148	3148_1	3148_2	BND	chr4	113568596	chr4	113568716		True	True	False	True	2	3	5	-8,9	-1,1	-8,9	-1,1	-8,9	-1,1	-8,9	-1,1	2	3	5	0	0	0
17020	17020_1	17020_2	BND	chr4	114691851	chr6	133940486		False	False	False	True	1	4	5	-8,8	0,0	-10,9	0,0	-10,9	0,0	-8,8	0,0	1	4	5	0	0	0
17335	17335_1	17335_2	BND	chr4	115926319	chr12	105413223		False	False	False	True	1	4	5	-10,9	0,0	-10,9	0,0	-10,9	0,0	-10,9	0,0	1	4	5	0	0	0
17055	17055_1	17055_2	BND	chr4	116652532	chr7	88792929		False	False	False	True	1	4	5	-8,8	0,0	-10,9	0,0	-10,9	0,0	-8,8	0,0	1	4	5	0	0	0
17613	17613_1	17613_2	BND	chr4	117817593	chr21	34882779		False	False	False	True	1	4	5	-8,8	0,0	-10,9	0,0	-10,9	0,0	-8,8	0,0	1	4	5	0	0	0
17391	17391_1	17391_2	BND	chr4	122223084	chr15	70274726		False	False	False	True	1	4	5	-10,9	0,0	-10,9	0,0	-10,9	0,0	-10,9	0,0	1	4	5	0	0	0
17317	17317_1	17317_2	BND	chr4	122436178	chr12	41379304		False	False	False	True	1	4	5	-8,8	0,0	-10,9	0,0	-10,9	0,0	-8,8	0,0	1	4	5	0	0	0
17393	17393_1	17393_2	BND	chr4	123333990	chr15	79362317		True	True	False	True	1	4	5	-7,8	0,1	-8,8	0,1	-8,8	0,1	-7,8	0,1	1	4	5	0	0	0
3175	3175		INV	chr4	124519049	chr4	124519143	94.0	True		False		3	3	6	-10,9	-1,1	-10,9	-1,1					3	3	6	0	0	0
17480	17480_1	17480_2	BND	chr4	125630910	chr17	55120699		False	False	False	True	1	4	5	-8,8	0,0	-10,9	0,0	-10,9	0,0	-8,8	0,0	1	4	5	0	0	0
17350	17350_1	17350_2	BND	chr4	125916469	chr13	42894674		False	False	False	True	1	6	7	-10,9	0,0	-10,9	0,0	-10,9	0,0	-10,9	0,0	1	6	7	0	0	0
17489	17489_1	17489_2	BND	chr4	126153125	chr17	80433037		False	False	False	True	1	4	5	-8,8	0,0	-10,9	0,0	-10,9	0,0	-8,8	0,0	1	4	5	0	0	0
17090	17090_1	17090_2	BND	chr4	127867271	chr9	14941512		True	True	False	True	1	4	5	-10,7	-1,0	-8,8	0,0	-8,8	0,0	-10,7	-1,0	1	4	5	0	0	0
17502	17502_1	17502_2	BND	chr4	127999628	chr18	44082295		False	False	False	True	1	4	5	-8,8	0,0	-8,8	0,0	-8,8	0,0	-8,8	0,0	1	4	5	0	0	0
17120	17120_1	17120_2	BND	chr4	128991553	chr9	104039215		False	False	False	True	1	4	5	-8,8	0,0	-8,8	0,0	-8,8	0,0	-8,8	0,0	1	4	5	0	0	0
17060	17060_1	17060_2	BND	chr4	129044556	chr7	123257249		True	True	False	True	1	4	5	-8,7	-1,0	-10,7	-1,0	-10,7	-1,0	-8,7	-1,0	1	4	5	0	0	0
3189	3189_1	3189_2	BND	chr4	129616268	chr4	129616406		False	False	False	True	1	4	5	-8,8	0,0	-8,8	0,0	-8,8	0,0	-8,8	0,0	1	4	5	0	0	0
17521	17521_1	17521_2	BND	chr4	130261747	chr19	16717446		False	False	False	True	1	4	5	-8,8	0,0	-10,9	0,0	-10,9	0,0	-8,8	0,0	1	4	5	0	0	0
16961	16961_1	16961_2	BND	chr4	130610324	chr5	59548754		False	False	False	True	1	4	5	-10,9	0,0	-10,9	0,0	-10,9	0,0	-10,9	0,0	1	4	5	0	0	0
3194	3194_1	3194_2	BND	chr4	130984134	chr4	130984266		True	True	False	True	1	4	5	-9,0	-9,0	-9,4	-1,0	-9,4	-1,0	-9,0	-9,0	1	4	5	0	0	0
17286	17286_1	17286_2	BND	chr4	133044447	chr10	115805404		False	False	False	True	1	4	5	-10,9	0,0	-10,9	0,0	-10,9	0,0	-10,9	0,0	1	4	5	0	0	0
17288	17288_1	17288_2	BND	chr4	133337958	chr10	122820106		False	False	False	True	1	4	5	-10,9	0,0	-8,8	0,0	-8,8	0,0	-10,9	0,0	1	4	5	0	0	0
17314	17314_1	17314_2	BND	chr4	134193511	chr12	17469878		True	True	False	True	1	4	5	-10,5	-1,0	0,7	0,1	0,7	0,1	-10,5	-1,0	1	4	5	0	0	0
17497	17497_1	17497_2	BND	chr4	134513991	chr17	81354123		False	False	False	True	1	4	5	-8,8	0,0	-10,9	0,0	-10,9	0,0	-8,8	0,0	1	4	5	0	0	0
16977	16977_1	16977_2	BND	chr4	134616012	chr5	140625955		False	False	False	True	1	4	5	-8,8	0,0	-8,8	0,0	-8,8	0,0	-8,8	0,0	1	4	5	0	0	0
16966	16966_1	16966_2	BND	chr4	136264533	chr5	94411316		False	False	False	True	2	4	6	-10,9	0,0	-10,9	0,0	-10,9	0,0	-10,9	0,0	2	4	6	0	0	0
17037	17037_1	17037_2	BND	chr4	137937319	chr7	16633098		False	False	False	True	1	4	5	-10,9	0,0	-10,9	0,0	-10,9	0,0	-10,9	0,0	1	4	5	0	0	0
17382	17382_1	17382_2	BND	chr4	138803389	chr14	67921884		False	False	False	True	1	4	5	-10,9	0,0	-8,8	0,0	-8,8	0,0	-10,9	0,0	1	4	5	0	0	0
17573	17573_1	17573_2	BND	chr4	140779704	chr20	750498		False	False	False	True	1	4	5	-8,8	0,0	-10,9	0,0	-10,9	0,0	-8,8	0,0	1	4	5	0	0	0
3215	3215		INV	chr4	140872292	chr4	140872426	134.0	True		False		2	3	5	-6,9	-1,4	-9,7	-2,2					2	3	5	0	0	0
17510	17510_1	17510_2	BND	chr4	141260456	chr18	37982355		False	False	False	True	1	4	5	-10,9	0,0	-8,8	0,0	-8,8	0,0	-10,9	0,0	1	4	5	0	0	0
17001	17001_1	17001_2	BND	chr4	142190700	chr6	51027434		False	False	False	True	1	4	5	-10,9	0,0	-8,8	0,0	-8,8	0,0	-10,9	0,0	1	4	5	0	0	0
17654	17654_1	17654_2	BND	chr4	146692199	chrX	122263406		False	False	False	True	1	4	5	-8,8	0,0	-10,9	0,0	-10,9	0,0	-8,8	0,0	1	4	5	0	0	0
17130	17130_1	17130_2	BND	chr4	146750828	chr9	133195140		False	False	False	True	1	4	5	-8,8	0,0	-10,9	0,0	-10,9	0,0	-8,8	0,0	1	4	5	0	0	0
17371	17371_1	17371_2	BND	chr4	147374614	chr13	96937651		False	False	False	True	1	4	5	-10,9	0,0	-10,9	0,0	-10,9	0,0	-10,9	0,0	1	4	5	0	0	0
17315	17315_1	17315_2	BND	chr4	147813594	chr12	21923136		False	False	False	True	1	4	5	-10,9	0,0	-8,8	0,0	-8,8	0,0	-10,9	0,0	1	4	5	0	0	0
17652	17652_1	17652_2	BND	chr4	149224748	chrX	111337340		False	False	False	True	1	4	5	-10,9	0,0	-8,8	0,0	-8,8	0,0	-10,9	0,0	1	4	5	0	0	0
17278	17278_1	17278_2	BND	chr4	154168494	chr10	62241216		False	False	False	True	1	4	5	-8,8	0,0	-8,8	0,0	-8,8	0,0	-8,8	0,0	1	4	5	0	0	0
17291	17291_1	17291_2	BND	chr4	154290825	chr11	103858084		False	False	False	True	1	4	5	-8,8	0,0	-8,8	0,0	-8,8	0,0	-8,8	0,0	1	4	5	0	0	0
17094	17094_1	17094_2	BND	chr4	154300852	chr9	25756368		False	False	False	True	1	4	5	-10,9	0,0	-10,9	0,0	-10,9	0,0	-10,9	0,0	1	4	5	0	0	0
17383	17383_1	17383_2	BND	chr4	154550987	chr14	79643679		False	False	False	True	1	4	5	-8,8	0,0	-10,9	0,0	-10,9	0,0	-8,8	0,0	1	4	5	0	0	0
17369	17369_1	17369_2	BND	chr4	156141960	chr13	88264071		False	False	False	True	1	4	5	-8,8	0,0	-8,8	0,0	-8,8	0,0	-8,8	0,0	1	4	5	0	0	0
17645	17645_1	17645_2	BND	chr4	156190047	chrX	82993548		True	True	False	True	1	4	5	-6,9	0,1	-10,5	-1,0	-10,5	-1,0	-6,9	0,1	1	4	5	0	0	0
17044	17044_1	17044_2	BND	chr4	156294187	chr7	50701031		False	False	False	True	1	4	5	-10,9	0,0	-10,9	0,0	-10,9	0,0	-10,9	0,0	1	4	5	0	0	0
17517	17517_1	17517_2	BND	chr4	157851624	chr19	38764542		False	False	False	True	1	4	5	-10,9	0,0	-8,8	0,0	-8,8	0,0	-10,9	0,0	1	4	5	0	0	0
3271	3271		INV	chr4	159305685	chr4	159305810	125.0	True		False		3	2	5	-10,9	-1,1	-10,9	-1,1					3	2	5	0	0	0
3272	3272_1	3272_2	BND	chr4	159498313	chr4	159498421		False	False	False	True	1	4	5	-10,9	0,0	-9,6	0,0	-9,6	0,0	-10,9	0,0	1	4	5	0	0	0
17638	17638_1	17638_2	BND	chr4	161453266	chrX	45339770		False	False	False	True	1	4	5	-10,9	0,0	-8,8	0,0	-8,8	0,0	-10,9	0,0	1	4	5	0	0	0
17425	17425_1	17425_2	BND	chr4	161593604	chr16	56801136		False	False	False	True	1	4	5	-8,8	0,0	-8,8	0,0	-8,8	0,0	-8,8	0,0	1	4	5	0	0	0
17494	17494_1	17494_2	BND	chr4	161611691	chr17	54516406		True	True	False	True	1	4	5	-4,0	-4,0	-8,8	0,0	-8,8	0,0	-4,0	-4,0	1	4	5	0	0	0
16662	16662_1	16662_2	BND	chr4	161640905	chr5	38251108		False	False	False	True	1	4	5	-8,8	0,0	-8,8	0,0	-8,8	0,0	-8,8	0,0	1	4	5	0	0	0
17279	17279_1	17279_2	BND	chr4	161692213	chr10	72406247		False	False	False	True	1	4	5	-10,9	0,0	-10,9	0,0	-10,9	0,0	-10,9	0,0	1	4	5	0	0	0
3281	3281_1	3281_2	BND	chr4	162816929	chr4	162817047		True	True	False	True	2	3	5	0,2	0,2	0,0	0,0	0,0	0,0	0,2	0,2	2	3	5	0	0	0
17050	17050_1	17050_2	BND	chr4	163536822	chr7	67896116		False	False	False	True	1	4	5	-8,8	0,0	-10,9	0,0	-10,9	0,0	-8,8	0,0	1	4	5	0	0	0
3292	3292		INV	chr4	165061191	chr4	165061471	280.0	True		False		2	3	5	-8,9	-1,3	-4,9	-1,6					2	3	5	0	0	0
17000	17000_1	17000_2	BND	chr4	166131543	chr6	50628430		False	False	False	True	1	4	5	-10,9	0,0	-10,9	0,0	-10,9	0,0	-10,9	0,0	1	4	5	0	0	0
17015	17015_1	17015_2	BND	chr4	167896950	chr6	111250569		False	False	False	True	1	4	5	-10,9	0,0	-10,9	0,0	-10,9	0,0	-10,9	0,0	1	4	5	0	0	0
17077	17077_1	17077_2	BND	chr4	167932615	chr8	81799023		False	False	False	True	1	4	5	-10,9	0,0	-8,8	0,0	-8,8	0,0	-10,9	0,0	1	4	5	0	0	0
17366	17366_1	17366_2	BND	chr4	169477254	chr13	55796756		False	False	False	True	1	4	5	-8,8	0,0	-10,9	0,0	-10,9	0,0	-8,8	0,0	1	4	5	0	0	0
3304	3304		INV	chr4	169622427	chr4	169622534	107.0	True		False		1	4	5	-9,6	-2,1	-9,6	-2,1					1	4	5	0	0	0
17493	17493_1	17493_2	BND	chr4	169648384	chr17	53229656		False	False	False	True	1	4	5	-10,9	0,0	-8,8	0,0	-8,8	0,0	-10,9	0,0	1	4	5	0	0	0
16663	16663_1	16663_2	BND	chr4	169775821	chr5	41279100		False	False	False	True	1	4	5	-10,9	0,0	-8,8	0,0	-8,8	0,0	-10,9	0,0	1	4	5	0	0	0
17053	17053_1	17053_2	BND	chr4	169864072	chr7	74686286		False	False	False	True	1	4	5	-10,9	0,0	-8,8	0,0	-8,8	0,0	-10,9	0,0	1	4	5	0	0	0
17397	17397_1	17397_2	BND	chr4	170103080	chr15	64952963		False	False	False	True	1	4	5	-8,8	0,0	-8,8	0,0	-8,8	0,0	-8,8	0,0	1	4	5	0	0	0
16995	16995_1	16995_2	BND	chr4	170344354	chr6	21470540		False	False	False	True	1	4	5	-10,9	0,0	-8,8	0,0	-8,8	0,0	-10,9	0,0	1	4	5	0	0	0
17367	17367_1	17367_2	BND	chr4	170634262	chr13	56014167		False	False	False	True	1	4	5	-10,9	0,0	-10,9	0,0	-10,9	0,0	-10,9	0,0	1	4	5	0	0	0
3309	3309_1	3309_2	BND	chr4	171127612	chr4	171127741		True	True	False	True	3	2	5	-10,9	-1,1	-10,9	-1,1	-10,9	-1,1	-10,9	-1,1	3	2	5	0	0	0
3311	3311_1	3311_2	BND	chr4	171253979	chr4	171254147		True	True	False	True	1	4	5	-1,9	0,3	-7,0	-7,0	-7,0	-7,0	-1,9	0,3	1	4	5	0	0	0
17615	17615_1	17615_2	BND	chr4	171798763	chr21	21666982		False	False	False	True	1	4	5	-10,9	0,0	-10,9	0,0	-10,9	0,0	-10,9	0,0	1	4	5	0	0	0
16972	16972_1	16972_2	BND	chr4	171983099	chr5	117625522		False	False	False	True	1	4	5	-10,9	0,0	-10,9	0,0	-10,9	0,0	-10,9	0,0	1	4	5	0	0	0
17296	17296_1	17296_2	BND	chr4	172517263	chr11	11278503		True	True	False	True	6	0	6	-7,471	0,102	-10,557	0,105	-10,557	0,105	-7,471	0,102	5	0	5	1	0	1
17523	17523_1	17523_2	BND	chr4	175186362	chr19	42156450		False	False	False	True	1	4	5	-10,9	0,0	-10,9	0,0	-10,9	0,0	-10,9	0,0	1	4	5	0	0	0
17525	17525_1	17525_2	BND	chr4	175414189	chr19	54980259		False	False	False	True	1	4	5	-8,8	0,0	-8,8	0,0	-8,8	0,0	-8,8	0,0	1	4	5	0	0	0
3324	3324		INV	chr4	176811574	chr4	176811761	187.0	True		False		1	4	5	-10,9	-1,1	-10,9	-1,1					1	4	5	0	0	0
16985	16985_1	16985_2	BND	chr4	177138217	chr5	164395349		True	True	False	True	1	4	5	-8,7	-1,0	-8,8	0,0	-8,8	0,0	-8,7	-1,0	1	4	5	0	0	0
17078	17078_1	17078_2	BND	chr4	177345806	chr8	82946587		False	False	False	True	1	4	5	-8,8	0,0	-8,8	0,0	-8,8	0,0	-8,8	0,0	1	4	5	0	0	0
17633	17633_1	17633_2	BND	chr4	177667500	chrX	20550117		False	False	False	True	1	4	5	-8,8	0,0	-8,8	0,0	-8,8	0,0	-8,8	0,0	1	4	5	0	0	0
17066	17066_1	17066_2	BND	chr4	179334356	chr8	1382755		True	True	False	True	1	4	5	-8,9	0,2	-8,8	0,0	-8,8	0,0	-8,9	0,2	1	4	5	0	0	0
16969	16969_1	16969_2	BND	chr4	180115241	chr5	107500582		False	False	False	True	1	4	5	-10,9	0,0	-8,8	0,0	-8,8	0,0	-10,9	0,0	1	4	5	0	0	0
16661	16661_1	16661_2	BND	chr4	180899644	chr5	36687787		False	False	False	True	1	4	5	-10,9	0,0	-8,8	0,0	-8,8	0,0	-10,9	0,0	1	4	5	0	0	0
17511	17511_1	17511_2	BND	chr4	186748434	chr18	69069256		True	True	False	True	1	4	5	-4,9	0,6	-2,9	0,3	-2,9	0,3	-4,9	0,6	1	4	5	0	0	0
17087	17087_1	17087_2	BND	chr4	188353274	chr8	140632912		False	False	False	True	1	4	5	-8,8	0,0	-10,9	0,0	-10,9	0,0	-8,8	0,0	1	4	5	0	0	0
3395	3395		DUP	chr5	710012	chr5	795317	85305.0	True		False		5	0	5	-305,9	-81,2	-10,457	-2,91					5	0	5	0	0	0
3399	3399		DUP	chr5	746562	chr5	838751	92189.0	True		False		6	0	6	-456,9	-83,2	-10,446	-2,85					5	0	5	1	0	1
18437	18437_1	18437_2	BND	chr5	2540579	chr12	47093675		False	False	False	True	1	4	5	-10,9	0,0	-8,8	0,0	-8,8	0,0	-10,9	0,0	1	4	5	0	0	0
3424	3424		DEL	chr5	2862525	chr5	2863087	562.0	True		False		4	3	7	-10,9	-1,1	-10,9	-1,1					4	2	6	0	1	1
18385	18385_1	18385_2	BND	chr5	3547484	chr10	76923545		False	False	False	True	1	4	5	-8,8	0,0	-10,9	0,0	-10,9	0,0	-8,8	0,0	1	4	5	0	0	0
18134	18134_1	18134_2	BND	chr5	4308522	chr7	51509149		False	False	False	True	1	4	5	-8,8	0,0	-8,8	0,0	-8,8	0,0	-8,8	0,0	1	4	5	0	0	0
3435	3435_1	3435_2	BND	chr5	4744536	chr5	4744640		False	False	False	True	1	5	6	-10,9	0,0	-10,9	0,0	-10,9	0,0	-10,9	0,0	1	5	6	0	0	0
3436	3436		DEL	chr5	5610609	chr5	5610971	362.0	True		False		6	0	6	-10,360	-2,65	-100,9	-51,2					5	0	5	1	0	1
18526	18526_1	18526_2	BND	chr5	5715200	chr15	81131938		True	True	False	True	1	4	5	-5,8	0,1	0,4	0,1	0,4	0,1	-5,8	0,1	1	4	5	0	0	0
3442	3442		DEL	chr5	6511553	chr5	6515511	3958.0	True		False		6	0	6	-10,463	-2,91	-515,9	-95,2					5	0	5	1	0	1
18889	18889_1	18889_2	BND	chr5	6806644	chrX	141671211		False	False	False	True	1	4	5	-10,9	0,0	-8,8	0,0	-8,8	0,0	-10,9	0,0	1	4	5	0	0	0
18423	18423_1	18423_2	BND	chr5	10133169	chr12	7399565		False	False	False	True	1	4	5	-8,8	0,0	-10,9	0,0	-10,9	0,0	-8,8	0,0	1	4	5	0	0	0
3453	3453		DEL	chr5	10574844	chr5	10575153	309.0	True		False		8	4	12	-8,9	0,1	-9,8	0,0					8	3	11	0	1	1
18195	18195_1	18195_2	BND	chr5	10643999	chr9	30479951		False	False	False	True	1	4	5	-10,9	0,0	-8,8	0,0	-8,8	0,0	-10,9	0,0	1	4	5	0	0	0
3457	3457_1	3457_2	BND	chr5	11449364	chr5	11449488		True	True	False	True	1	4	5	-10,5	-1,0	-9,5	-1,0	-9,5	-1,0	-10,5	-1,0	1	4	5	0	0	0
18151	18151_1	18151_2	BND	chr5	12618780	chr7	121673226		False	False	False	True	1	4	5	-8,8	0,0	-10,9	0,0	-10,9	0,0	-8,8	0,0	1	4	5	0	0	0
18172	18172_1	18172_2	BND	chr5	13016889	chr8	76740073		False	False	False	True	1	4	5	-10,9	0,0	-10,9	0,0	-10,9	0,0	-10,9	0,0	1	4	5	0	0	0
3465	3465		INV	chr5	13325427	chr5	13325550	123.0	True		False		2	3	5	-3,9	-1,3	-5,7	-2,5					2	3	5	0	0	0
3466	3466_1	3466_2	BND	chr5	13403194	chr5	13403525		True	True	False	True	2	3	5	-10,9	-1,1	-10,9	-1,1	-10,9	-1,1	-10,9	-1,1	2	3	5	0	0	0
18162	18162_1	18162_2	BND	chr5	13827487	chr8	111722269		True	True	False	True	2	3	5	-10,9	-1,1	-8,9	-1,1	-8,9	-1,1	-10,9	-1,1	2	3	5	0	0	0
18460	18460_1	18460_2	BND	chr5	15577637	chr12	90974072		True	True	False	True	1	4	5	-10,0	-1,0	-8,8	0,0	-8,8	0,0	-10,0	-1,0	1	4	5	0	0	0
18894	18894_1	18894_2	BND	chr5	15932527	chrX	148604742		False	False	False	True	1	4	5	-8,8	0,0	-8,8	0,0	-8,8	0,0	-8,8	0,0	1	4	5	0	0	0
18091	18091_1	18091_2	BND	chr5	16298477	chr6	69447823		False	False	False	True	1	4	5	-10,9	0,0	-8,8	0,0	-8,8	0,0	-10,9	0,0	1	4	5	0	0	0
18837	18837_1	18837_2	BND	chr5	16408526	chr22	28688649		False	False	False	True	1	4	5	-10,9	0,0	-10,9	0,0	-10,9	0,0	-10,9	0,0	1	4	5	0	0	0
18880	18880_1	18880_2	BND	chr5	16553330	chrX	116315373		False	False	False	True	1	4	5	-10,9	0,0	-8,8	0,0	-8,8	0,0	-10,9	0,0	1	4	5	0	0	0
18196	18196_1	18196_2	BND	chr5	17140617	chr9	30591203		True	True	False	True	1	4	5	-10,8	-1,0	-9,5	-2,1	-9,5	-2,1	-10,8	-1,0	1	4	5	0	0	0
18111	18111_1	18111_2	BND	chr5	17214697	chr6	122446642		True	True	False	True	1	4	5	-9,4	-1,0	-10,9	0,0	-10,9	0,0	-9,4	-1,0	1	4	5	0	0	0
18670	18670_1	18670_2	BND	chr5	17854100	chr18	74643374		False	False	False	True	1	4	5	-10,9	0,0	-10,9	0,0	-10,9	0,0	-10,9	0,0	1	4	5	0	0	0
18216	18216_1	18216_2	BND	chr5	18987379	chr10	8622705		True	True	False	True	1	4	5	-9,6	0,1	-5,8	0,1	-5,8	0,1	-9,6	0,1	1	4	5	0	0	0
3480	3480_1	3480_2	BND	chr5	19124306	chr5	19124470		True	True	False	True	1	4	5	-10,0	-10,0	-10,9	-1,1	-10,9	-1,1	-10,0	-10,0	1	4	5	0	0	0
18434	18434_1	18434_2	BND	chr5	19875713	chr12	42389405		False	False	False	True	1	4	5	-10,9	0,0	-10,9	0,0	-10,9	0,0	-10,9	0,0	1	4	5	0	0	0
18479	18479_1	18479_2	BND	chr5	20104886	chr13	62661871		False	False	False	True	1	4	5	-8,8	0,0	-8,8	0,0	-8,8	0,0	-8,8	0,0	1	4	5	0	0	0
18690	18690_1	18690_2	BND	chr5	20186131	chr20	99115		False	False	False	True	1	4	5	-8,8	0,0	-10,9	0,0	-10,9	0,0	-8,8	0,0	1	4	5	0	0	0
18561	18561_1	18561_2	BND	chr5	20477191	chr16	53343173		False	False	False	True	1	4	5	-10,9	0,0	-10,9	0,0	-10,9	0,0	-10,9	0,0	1	4	5	0	0	0
18642	18642_1	18642_2	BND	chr5	20566366	chr17	51450708		True	True	False	True	1	4	5	-8,8	0,0	-8,7	-1,0	-8,7	-1,0	-8,8	0,0	1	4	5	0	0	0
18517	18517_1	18517_2	BND	chr5	21156293	chr15	37191643		False	False	False	True	1	4	5	-8,8	0,0	-8,8	0,0	-8,8	0,0	-8,8	0,0	1	4	5	0	0	0
18186	18186_1	18186_2	BND	chr5	21429839	chr8	134925699		False	False	False	True	1	4	5	-10,9	0,0	-8,8	0,0	-8,8	0,0	-10,9	0,0	1	4	5	0	0	0
18389	18389_1	18389_2	BND	chr5	21928153	chr10	95949687		False	False	False	True	1	4	5	-10,9	0,0	-10,9	0,0	-10,9	0,0	-10,9	0,0	1	4	5	0	0	0
18406	18406_1	18406_2	BND	chr5	21950489	chr11	39409315		False	False	False	True	1	4	5	-8,8	0,0	-10,9	0,0	-10,9	0,0	-8,8	0,0	1	4	5	0	0	0
18454	18454_1	18454_2	BND	chr5	22758906	chr12	76855816		False	False	False	True	1	4	5	-8,8	0,0	-10,9	0,0	-10,9	0,0	-8,8	0,0	1	4	5	0	0	0
18400	18400_1	18400_2	BND	chr5	23202860	chr11	16464449		False	False	False	True	1	4	5	-8,8	0,0	-10,9	0,0	-10,9	0,0	-8,8	0,0	1	4	5	0	0	0
18155	18155_1	18155_2	BND	chr5	23211798	chr7	136358691		False	False	False	True	1	4	5	-8,8	0,0	-10,9	0,0	-10,9	0,0	-8,8	0,0	1	4	5	0	0	0
18394	18394_1	18394_2	BND	chr5	23565179	chr10	126068372		False	False	False	True	1	4	5	-10,9	0,0	-8,8	0,0	-8,8	0,0	-10,9	0,0	1	4	5	0	0	0
18858	18858_1	18858_2	BND	chr5	23612746	chrX	47908049		False	False	False	True	1	4	5	-8,8	0,0	-8,8	0,0	-8,8	0,0	-8,8	0,0	1	4	5	0	0	0
18669	18669_1	18669_2	BND	chr5	24524535	chr18	56432211		False	False	False	True	1	4	5	-8,8	0,0	-10,9	0,0	-10,9	0,0	-8,8	0,0	1	4	5	0	0	0
18154	18154_1	18154_2	BND	chr5	24578880	chr7	136185446		False	False	False	True	1	4	5	-10,9	0,0	-10,9	0,0	-10,9	0,0	-10,9	0,0	1	4	5	0	0	0
3495	3495		INV	chr5	24640177	chr5	24640338	161.0	True		False		1	4	5	-9,9	-1,1	-9,9	-1,1					1	4	5	0	0	0
18497	18497_1	18497_2	BND	chr5	25560087	chr14	37429348		False	False	False	True	1	4	5	-10,9	0,0	-10,9	0,0	-10,9	0,0	-10,9	0,0	1	4	5	0	0	0
3501	3501_1	3501_2	BND	chr5	25676192	chr5	25676297		False	False	False	True	1	4	5	-10,9	0,0	-9,6	0,0	-9,6	0,0	-10,9	0,0	1	4	5	0	0	0
18853	18853_1	18853_2	BND	chr5	26150903	chrX	33624072		False	False	False	True	2	4	6	-10,9	0,0	-10,9	0,0	-10,9	0,0	-10,9	0,0	2	4	6	0	0	0
18573	18573_1	18573_2	BND	chr5	26164684	chr17	12515128		False	False	False	True	1	4	5	-10,9	0,0	-8,8	0,0	-8,8	0,0	-10,9	0,0	1	4	5	0	0	0
18532	18532_1	18532_2	BND	chr5	26315034	chr15	100296581		True	True	False	True	1	4	5	-8,8	0,0	-9,6	0,1	-9,6	0,1	-8,8	0,0	1	4	5	0	0	0
18529	18529_1	18529_2	BND	chr5	27274511	chr15	89855950		True	True	False	True	1	4	5	-10,9	0,0	-10,5	-3,0	-10,5	-3,0	-10,9	0,0	1	4	5	0	0	0
3508	3508		INV	chr5	27666017	chr5	27666166	149.0	True		False		2	4	6	-1,9	0,3	0,5	0,3					2	4	6	0	0	0
18386	18386_1	18386_2	BND	chr5	27978501	chr10	83567355		False	False	False	True	1	4	5	-10,9	0,0	-10,9	0,0	-10,9	0,0	-10,9	0,0	1	4	5	0	0	0
18439	18439_1	18439_2	BND	chr5	28013641	chr12	48726970		True	True	False	True	1	4	5	-6,9	0,1	-10,8	-1,0	-10,8	-1,0	-6,9	0,1	1	4	5	0	0	0
3512	3512_1	3512_2	BND	chr5	28145077	chr5	28145200		True	True	False	True	2	4	6	-5,0	-5,0	-6,0	-6,0	-6,0	-6,0	-5,0	-5,0	2	4	6	0	0	0
18664	18664_1	18664_2	BND	chr5	28677316	chr18	43980261		False	False	False	True	1	4	5	-8,8	0,0	-8,8	0,0	-8,8	0,0	-8,8	0,0	1	4	5	0	0	0
18072	18072_1	18072_2	BND	chr5	31083641	chr6	19071847		False	False	False	True	1	4	5	-10,9	0,0	-8,8	0,0	-8,8	0,0	-10,9	0,0	1	4	5	0	0	0
18681	18681_1	18681_2	BND	chr5	31627783	chr19	57400871		False	False	False	True	1	4	5	-10,9	0,0	-10,9	0,0	-10,9	0,0	-10,9	0,0	1	4	5	0	0	0
18103	18103_1	18103_2	BND	chr5	32614881	chr6	104401511		True	True	False	True	1	4	5	0,9	0,9	0,9	0,3	0,9	0,3	0,9	0,9	1	4	5	0	0	0
18444	18444_1	18444_2	BND	chr5	33034311	chr12	54678933		False	False	False	True	1	4	5	-8,8	0,0	-8,8	0,0	-8,8	0,0	-8,8	0,0	1	4	5	0	0	0
3534	3534		INV	chr5	33081251	chr5	33081425	174.0	True		False		2	3	5	-10,9	-1,1	-10,9	-1,1					2	3	5	0	0	0
18441	18441_1	18441_2	BND	chr5	35347582	chr12	49260266		True	True	False	True	1	4	5	-5,9	0,1	-9,6	0,1	-9,6	0,1	-5,9	0,1	1	4	5	0	0	0
18190	18190_1	18190_2	BND	chr5	35715833	chr9	5064553		False	False	False	True	1	4	5	-8,8	0,0	-8,8	0,0	-8,8	0,0	-8,8	0,0	1	4	5	0	0	0
18140	18140_1	18140_2	BND	chr5	36232678	chr7	81692013		False	False	False	True	1	4	5	-8,8	0,0	-8,8	0,0	-8,8	0,0	-8,8	0,0	1	4	5	0	0	0
18510	18510_1	18510_2	BND	chr5	39237270	chr14	105659782		False	False	False	True	1	4	5	-10,9	0,0	-10,9	0,0	-10,9	0,0	-10,9	0,0	1	4	5	0	0	0
18391	18391_1	18391_2	BND	chr5	39604991	chr10	109089038		False	False	False	True	1	4	5	-8,8	0,0	-10,9	0,0	-10,9	0,0	-8,8	0,0	1	4	5	0	0	0
3551	3551		INV	chr5	39774343	chr5	39774593	250.0	True		False		3	2	5	-161,1	-130,1	0,45	0,35					3	2	5	0	0	0
18445	18445_1	18445_2	BND	chr5	40579549	chr12	55350280		False	False	False	True	1	4	5	-10,9	0,0	-8,8	0,0	-8,8	0,0	-10,9	0,0	1	4	5	0	0	0
18500	18500_1	18500_2	BND	chr5	40657273	chr14	42572544		False	False	False	True	1	4	5	-10,9	0,0	-8,8	0,0	-8,8	0,0	-10,9	0,0	1	4	5	0	0	0
18182	18182_1	18182_2	BND	chr5	40918617	chr8	114695232		False	False	False	True	1	4	5	-10,9	0,0	-8,8	0,0	-8,8	0,0	-10,9	0,0	1	4	5	0	0	0
18495	18495_1	18495_2	BND	chr5	41708920	chr14	32755399		False	False	False	True	1	4	5	-10,9	0,0	-8,8	0,0	-8,8	0,0	-10,9	0,0	1	4	5	0	0	0
18459	18459_1	18459_2	BND	chr5	42284813	chr12	90959904		False	False	False	True	1	4	5	-8,8	0,0	-8,8	0,0	-8,8	0,0	-8,8	0,0	1	4	5	0	0	0
18469	18469_1	18469_2	BND	chr5	42372719	chr12	116115300		True	True	False	True	1	4	5	-8,9	0,1	-5,9	0,3	-5,9	0,3	-8,9	0,1	1	4	5	0	0	0
18476	18476_1	18476_2	BND	chr5	43877462	chr13	44827722		False	False	False	True	1	4	5	-10,9	0,0	-10,9	0,0	-10,9	0,0	-10,9	0,0	1	4	5	0	0	0
18153	18153_1	18153_2	BND	chr5	45024805	chr7	134214808		False	False	False	True	1	4	5	-8,8	0,0	-8,8	0,0	-8,8	0,0	-8,8	0,0	1	4	5	0	0	0
3568	3568_1	3568_2	BND	chr5	45570212	chr5	45570474		True	True	False	True	2	3	5	-10,9	-2,3	-10,9	-3,3	-10,9	-3,3	-10,9	-2,3	2	3	5	0	0	0
3577	3577		DEL	chr5	46505721	chr5	46541446	35725.0	True		False		5	1	6	-10,9	-2,3	-2,3	-2,2					4	1	5	1	0	1
18558	18558_1	18558_2	BND	chr5	49601489	chr16	46390584		True	True	False	True	6	1	7	-10,9	-3,3	-10,9	-3,3	-10,9	-3,3	-10,9	-3,3	6	1	7	0	0	0
18557	18557_1	18557_2	BND	chr5	49601500	chr16	46394979		True	True	False	True	7	0	7	-116,9	-58,2	-10,144	-2,63	-10,144	-2,63	-116,9	-58,2	6	0	6	1	0	1
18815	18815_1	18815_2	BND	chr5	49602587	chr21	10692755		True	True	False	True	8	0	8	-388,9	-65,2	-371,9	-65,2	-371,9	-65,2	-388,9	-65,2	7	0	7	1	0	1
3621	3621		DEL	chr5	49657317	chr5	49659826	2509.0	True		False		33	1	34	-10,9	-5,2	-7,1	-6,0					33	0	33	0	1	1
3630	3630		DEL	chr5	49658289	chr5	49660676	2387.0	True		False		15	3	18	-10,9	-1,1	-9,4	-3,1					15	3	18	0	0	0
18266	18266_1	18266_2	BND	chr5	49658356	chr10	41870523		True	True	False	True	5	0	5	-252,9	-81,1	-485,9	-99,2	-485,9	-99,2	-252,9	-81,1	5	0	5	0	0	0
18882	18882_1	18882_2	BND	chr5	49658610	chrX	118905204		False	False	False	True	1	4	5	-8,8	0,0	-10,9	0,0	-10,9	0,0	-8,8	0,0	1	4	5	0	0	0
3622	3622		DEL	chr5	49658795	chr5	49659788	993.0	True		False		64	0	64	-10,72	-3,8	-103,9	-19,1					64	0	64	0	0	0
18778	18778_1	18778_2	BND	chr5	49659575	chr20	31186402		True	True	False	True	8	0	8	-285,9	-51,9	-465,39	-66,37	-465,39	-66,37	-285,9	-51,9	7	0	7	1	0	1
18353	18353_1	18353_2	BND	chr5	49659770	chr10	41903505		True	True	False	True	110	0	110	-474,9	-9,4	-87,3	-17,1	-87,3	-17,1	-474,9	-9,4	110	0	110	0	0	0
18615	18615_1	18615_2	BND	chr5	49659828	chr17	21982201		True	True	False	True	6	0	6	-533,9	-96,2	-463,9	-100,2	-463,9	-100,2	-533,9	-96,2	6	0	6	0	0	0
18306	18306_1	18306_2	BND	chr5	49659942	chr10	41878803		True	True	False	True	7	0	7	-10,547	-2,95	-10,506	-2,85	-10,506	-2,85	-10,547	-2,95	6	0	6	1	0	1
18277	18277_1	18277_2	BND	chr5	49661067	chr10	41875151		True	True	False	True	6	1	7	-10,9	-3,3	-10,9	-3,3	-10,9	-3,3	-10,9	-3,3	6	0	6	0	1	1
18320	18320_1	18320_2	BND	chr5	49661838	chr10	41883457		True	True	False	True	8	0	8	-10,518	-1,79	-6,389	0,88	-6,389	0,88	-10,518	-1,79	7	0	7	1	0	1
18364	18364_1	18364_2	BND	chr5	49666172	chr10	41905071		True	True	False	True	5	0	5	-513,6	-115,0	-542,9	-109,2	-542,9	-109,2	-513,6	-115,0	5	0	5	0	0	0
3686	3686		DEL	chr5	49878092	chr5	49992802	114710.0	True		False		8	0	8	-10,363	-2,68	-363,9	-65,2					7	0	7	1	0	1
18427	18427_1	18427_2	BND	chr5	51229697	chr12	19369007		False	False	False	True	1	4	5	-8,8	0,0	-10,9	0,0	-10,9	0,0	-8,8	0,0	1	4	5	0	0	0
18662	18662_1	18662_2	BND	chr5	51612717	chr18	34968909		False	False	False	True	1	4	5	-8,8	0,0	-8,8	0,0	-8,8	0,0	-8,8	0,0	1	4	5	0	0	0
18868	18868_1	18868_2	BND	chr5	51981029	chrX	88930442		True	True	False	True	1	4	5	-10,9	0,0	-4,9	0,1	-4,9	0,1	-10,9	0,0	1	4	5	0	0	0
18540	18540_1	18540_2	BND	chr5	53294558	chr16	14129579		False	False	False	True	1	4	5	-8,8	0,0	-8,8	0,0	-8,8	0,0	-8,8	0,0	1	4	5	0	0	0
3695	3695_1	3695_2	BND	chr5	53391282	chr5	53391418		True	True	False	True	2	3	5	-6,9	-1,1	-10,8	-1,0	-10,8	-1,0	-6,9	-1,1	2	3	5	0	0	0
18452	18452_1	18452_2	BND	chr5	53578827	chr12	72798697		False	False	False	True	1	4	5	-8,8	0,0	-8,8	0,0	-8,8	0,0	-8,8	0,0	1	4	5	0	0	0
3816	3816_1	3816_2	BND	chr5	53751919	chr5	85043410		False	False	False	True	1	4	5	-8,8	0,0	-8,8	0,0	-8,8	0,0	-8,8	0,0	1	4	5	0	0	0
18167	18167_1	18167_2	BND	chr5	56708775	chr8	24212992		True	True	False	True	1	4	5	-6,9	0,4	-8,9	0,2	-8,9	0,2	-6,9	0,4	1	4	5	0	0	0
18525	18525_1	18525_2	BND	chr5	57255756	chr15	70235264		False	False	False	True	1	4	5	-8,8	0,0	-10,9	0,0	-10,9	0,0	-8,8	0,0	1	4	5	0	0	0
3716	3716		DEL	chr5	58481750	chr5	58481887	137.0	True		False		12	1	13	-7,6	-2,5	-10,9	-2,4					11	1	12	1	0	1
18114	18114_1	18114_2	BND	chr5	58865215	chr6	144329784		False	False	False	True	1	6	7	-10,6	0,0	-10,9	0,0	-10,9	0,0	-10,6	0,0	1	6	7	0	0	0
18640	18640_1	18640_2	BND	chr5	58943580	chr17	41144167		True	True	False	True	10	0	10	-343,9	-72,1	-6,315	0,63	-6,315	0,63	-343,9	-72,1	9	0	9	1	0	1
3719	3719		INV	chr5	59738525	chr5	59738644	119.0	True		False		2	3	5	-10,9	-1,1	-10,9	-1,1					2	3	5	0	0	0
18097	18097_1	18097_2	BND	chr5	62461200	chr6	82024084		False	False	False	True	1	4	5	-10,9	0,0	-10,9	0,0	-10,9	0,0	-10,9	0,0	1	4	5	0	0	0
18218	18218_1	18218_2	BND	chr5	62771917	chr10	9980304		True	True	False	True	1	4	5	-9,1	-2,1	-10,0	-9,0	-10,0	-9,0	-9,1	-2,1	1	4	5	0	0	0
18870	18870_1	18870_2	BND	chr5	63700674	chrX	99168306		False	False	False	True	1	4	5	-8,8	0,0	-10,9	0,0	-10,9	0,0	-8,8	0,0	1	4	5	0	0	0
18668	18668_1	18668_2	BND	chr5	63963344	chr18	49136321		False	False	False	True	1	4	5	-10,9	0,0	-8,8	0,0	-8,8	0,0	-10,9	0,0	1	4	5	0	0	0
3734	3734_1	3734_2	BND	chr5	63978646	chr5	63978870		True	True	False	True	2	3	5	-10,9	-1,1	-3,9	-1,3	-3,9	-1,3	-10,9	-1,1	2	3	5	0	0	0
18456	18456_1	18456_2	BND	chr5	64423254	chr12	82266893		False	False	False	True	1	4	5	-10,9	0,0	-8,8	0,0	-8,8	0,0	-10,9	0,0	1	4	5	0	0	0
18129	18129_1	18129_2	BND	chr5	64817127	chr7	34244759		False	False	False	True	1	4	5	-10,9	0,0	-8,8	0,0	-8,8	0,0	-10,9	0,0	1	4	5	0	0	0
18168	18168_1	18168_2	BND	chr5	64870848	chr8	35491268		False	False	False	True	1	4	5	-8,8	0,0	-8,8	0,0	-8,8	0,0	-8,8	0,0	1	4	5	0	0	0
18449	18449_1	18449_2	BND	chr5	66787747	chr12	66228612		False	False	False	True	1	4	5	-10,9	0,0	-10,9	0,0	-10,9	0,0	-10,9	0,0	1	4	5	0	0	0
18100	18100_1	18100_2	BND	chr5	67585822	chr6	86231299		False	False	False	True	1	4	5	-10,9	0,0	-8,8	0,0	-8,8	0,0	-10,9	0,0	1	4	5	0	0	0
3751	3751_1	3751_2	BND	chr5	67699536	chr5	67699668		False	False	False	True	1	4	5	-10,9	0,0	-9,6	0,0	-9,6	0,0	-10,9	0,0	1	4	5	0	0	0
18685	18685_1	18685_2	BND	chr5	67984166	chr19	45983423		True	True	False	True	1	4	5	-8,8	0,0	-8,9	0,1	-8,9	0,1	-8,8	0,0	1	4	5	0	0	0
18852	18852_1	18852_2	BND	chr5	68552538	chrX	31220728		False	False	False	True	1	4	5	-10,9	0,0	-8,8	0,0	-8,8	0,0	-10,9	0,0	1	4	5	0	0	0
18219	18219_1	18219_2	BND	chr5	68846160	chr10	23476604		True	True	False	True	1	4	5	-9,6	0,1	-6,9	0,1	-6,9	0,1	-9,6	0,1	1	4	5	0	0	0
18878	18878_1	18878_2	BND	chr5	68918555	chrX	111537154		False	False	False	True	1	4	5	-10,9	0,0	-8,8	0,0	-8,8	0,0	-10,9	0,0	1	4	5	0	0	0
18113	18113_1	18113_2	BND	chr5	69254088	chr6	142178330		False	False	False	True	1	4	5	-10,9	0,0	-8,8	0,0	-8,8	0,0	-10,9	0,0	1	4	5	0	0	0
3754	3754_1	3754_2	BND	chr5	69364211	chr5	69364345		False	False	False	True	1	4	5	-10,9	0,0	-9,6	0,0	-9,6	0,0	-10,9	0,0	1	4	5	0	0	0
3763	3763		INV	chr5	71874966	chr5	71875092	126.0	True		False		2	3	5	-10,9	-1,1	-10,9	-1,1					2	3	5	0	0	0
18420	18420_1	18420_2	BND	chr5	72023208	chr11	122512516		False	False	False	True	1	4	5	-8,8	0,0	-10,9	0,0	-10,9	0,0	-8,8	0,0	1	4	5	0	0	0
18861	18861_1	18861_2	BND	chr5	73760732	chrX	51230403		False	False	False	True	1	4	5	-10,9	0,0	-8,8	0,0	-8,8	0,0	-10,9	0,0	1	4	5	0	0	0
18163	18163_1	18163_2	BND	chr5	74092007	chr8	4837562		False	False	False	True	1	4	5	-10,9	0,0	-10,9	0,0	-10,9	0,0	-10,9	0,0	1	4	5	0	0	0
18895	18895_1	18895_2	BND	chr5	75533774	chrX	149233282		False	False	False	True	1	4	5	-10,9	0,0	-10,9	0,0	-10,9	0,0	-10,9	0,0	1	4	5	0	0	0
18467	18467_1	18467_2	BND	chr5	76868958	chr12	112285230		False	False	False	True	1	4	5	-8,8	0,0	-10,9	0,0	-10,9	0,0	-8,8	0,0	1	4	5	0	0	0
18185	18185_1	18185_2	BND	chr5	76960166	chr8	125718816		False	False	False	True	1	4	5	-10,9	0,0	-8,8	0,0	-8,8	0,0	-10,9	0,0	1	4	5	0	0	0
18789	18789_1	18789_2	BND	chr5	77591337	chr20	63897374		False	False	False	True	1	4	5	-10,9	0,0	-10,9	0,0	-10,9	0,0	-10,9	0,0	1	4	5	0	0	0
18644	18644_1	18644_2	BND	chr5	78688443	chr17	53201531		True	True	False	True	1	4	5	-10,8	-1,0	-10,9	0,0	-10,9	0,0	-10,8	-1,0	1	4	5	0	0	0
18477	18477_1	18477_2	BND	chr5	79022717	chr13	52385847		False	False	False	True	1	4	5	-10,9	0,0	-8,8	0,0	-8,8	0,0	-10,9	0,0	1	4	5	0	0	0
18875	18875_1	18875_2	BND	chr5	80213262	chrX	109540140		False	False	False	True	1	4	5	-8,8	0,0	-10,9	0,0	-10,9	0,0	-8,8	0,0	1	4	5	0	0	0
18494	18494_1	18494_2	BND	chr5	80748304	chr14	32172888		False	False	False	True	1	4	5	-8,8	0,0	-10,9	0,0	-10,9	0,0	-8,8	0,0	1	4	5	0	0	0
18135	18135_1	18135_2	BND	chr5	80797754	chr7	57879452		False	False	False	True	2	4	6	-10,9	0,0	-10,9	0,0	-10,9	0,0	-10,9	0,0	2	4	6	0	0	0
3972	3972_1	3972_2	BND	chr5	81216525	chr5	130303294		False	False	False	True	1	4	5	-10,9	0,0	-10,9	0,0	-10,9	0,0	-10,9	0,0	1	4	5	0	0	0
18641	18641_1	18641_2	BND	chr5	81982509	chr17	48474781		False	False	False	True	1	4	5	-10,9	0,0	-8,8	0,0	-8,8	0,0	-10,9	0,0	1	4	5	0	0	0
18693	18693_1	18693_2	BND	chr5	82093631	chr20	17548188		False	False	False	True	1	4	5	-10,9	0,0	-10,9	0,0	-10,9	0,0	-10,9	0,0	1	4	5	0	0	0
18203	18203_1	18203_2	BND	chr5	82483042	chr9	92323913		False	False	False	True	1	4	5	-8,8	0,0	-8,8	0,0	-8,8	0,0	-8,8	0,0	1	4	5	0	0	0
18499	18499_1	18499_2	BND	chr5	82791274	chr14	40669643		False	False	False	True	1	4	5	-10,9	0,0	-8,8	0,0	-8,8	0,0	-10,9	0,0	1	4	5	0	0	0
18170	18170_1	18170_2	BND	chr5	83387522	chr8	58304156		False	False	False	True	1	4	5	-10,9	0,0	-10,9	0,0	-10,9	0,0	-10,9	0,0	1	4	5	0	0	0
3736	3736_1	3736_2	BND	chr5	84639546	chr5	84639681		False	False	False	True	1	4	5	-10,7	0,0	-8,8	0,0	-8,8	0,0	-10,7	0,0	1	4	5	0	0	0
18102	18102_1	18102_2	BND	chr5	84822609	chr6	101955980		False	False	False	True	1	4	5	-10,9	0,0	-8,8	0,0	-8,8	0,0	-10,9	0,0	1	4	5	0	0	0
18480	18480_1	18480_2	BND	chr5	85481631	chr13	72655920		False	False	False	True	1	4	5	-10,9	0,0	-10,9	0,0	-10,9	0,0	-10,9	0,0	1	4	5	0	0	0
18428	18428_1	18428_2	BND	chr5	86496595	chr12	24337353		False	False	False	True	1	4	5	-10,9	0,0	-8,8	0,0	-8,8	0,0	-10,9	0,0	1	4	5	0	0	0
18187	18187_1	18187_2	BND	chr5	86867135	chr8	135052636		False	False	False	True	1	4	5	-10,9	0,0	-8,8	0,0	-8,8	0,0	-10,9	0,0	1	4	5	0	0	0
18076	18076_1	18076_2	BND	chr5	87396648	chr6	21945961		False	False	False	True	1	4	5	-10,9	0,0	-10,9	0,0	-10,9	0,0	-10,9	0,0	1	4	5	0	0	0
18871	18871_1	18871_2	BND	chr5	87620347	chrX	100094677		False	False	False	True	1	4	5	-8,8	0,0	-8,8	0,0	-8,8	0,0	-8,8	0,0	1	4	5	0	0	0
18474	18474_1	18474_2	BND	chr5	88633439	chr13	38403936		False	False	False	True	1	4	5	-8,8	0,0	-10,9	0,0	-10,9	0,0	-8,8	0,0	1	4	5	0	0	0
18150	18150_1	18150_2	BND	chr5	89128947	chr7	121389833		False	False	False	True	1	4	5	-8,8	0,0	-8,8	0,0	-8,8	0,0	-8,8	0,0	1	4	5	0	0	0
18165	18165_1	18165_2	BND	chr5	89195034	chr8	21299741		False	False	False	True	1	4	5	-10,9	0,0	-10,9	0,0	-10,9	0,0	-10,9	0,0	1	4	5	0	0	0
3839	3839		INV	chr5	90673052	chr5	90673149	97.0	True		False		2	4	6	-10,3	-10,3	-10,558	-2,276					2	4	6	0	0	0
18483	18483_1	18483_2	BND	chr5	90993907	chr13	103254399		False	False	False	True	1	4	5	-10,9	0,0	-8,8	0,0	-8,8	0,0	-10,9	0,0	1	4	5	0	0	0
3846	3846		INV	chr5	92421388	chr5	92421506	118.0	True		False		2	3	5	0,3	0,1	-6,0	-6,0					2	3	5	0	0	0
18463	18463_1	18463_2	BND	chr5	93703559	chr12	102784692		False	False	False	True	1	4	5	-8,8	0,0	-10,9	0,0	-10,9	0,0	-8,8	0,0	1	4	5	0	0	0
3848	3848_1	3848_2	BND	chr5	94211301	chr5	94211425		True	True	False	True	2	3	5	-9,0	-9,0	0,8	0,8	0,8	0,8	-9,0	-9,0	2	3	5	0	0	0
18881	18881_1	18881_2	BND	chr5	94544181	chrX	117140509		False	False	False	True	1	4	5	-8,8	0,0	-10,9	0,0	-10,9	0,0	-8,8	0,0	1	4	5	0	0	0
3852	3852_1	3852_2	BND	chr5	95177909	chr5	95178005		True	True	False	True	1	4	5	-7,9	0,3	-8,8	0,0	-8,8	0,0	-7,9	0,3	1	4	5	0	0	0
18832	18832_1	18832_2	BND	chr5	95363141	chr21	16849946		False	False	False	True	1	4	5	-10,9	0,0	-10,9	0,0	-10,9	0,0	-10,9	0,0	1	4	5	0	0	0
18411	18411_1	18411_2	BND	chr5	95476988	chr11	80126944		False	False	False	True	1	4	5	-10,9	0,0	-8,8	0,0	-8,8	0,0	-10,9	0,0	1	4	5	0	0	0
3853	3853_1	3853_2	BND	chr5	95943939	chr5	95944042		True	True	False	True	2	3	5	-10,6	-1,0	-10,9	-1,0	-10,9	-1,0	-10,6	-1,0	2	3	5	0	0	0
18180	18180_1	18180_2	BND	chr5	98228230	chr8	106631002		False	False	False	True	1	4	5	-8,8	0,0	-10,9	0,0	-10,9	0,0	-8,8	0,0	1	4	5	0	0	0
18524	18524_1	18524_2	BND	chr5	98421194	chr15	60107617		False	False	False	True	1	4	5	-10,9	0,0	-10,9	0,0	-10,9	0,0	-10,9	0,0	1	4	5	0	0	0
18202	18202_1	18202_2	BND	chr5	98448144	chr9	90183883		False	False	False	True	1	4	5	-8,8	0,0	-8,8	0,0	-8,8	0,0	-8,8	0,0	1	4	5	0	0	0
3868	3868		INV	chr5	98820754	chr5	98820856	102.0	True		False		2	4	6	-10,9	-1,1	-6,9	-1,1					2	4	6	0	0	0
18143	18143_1	18143_2	BND	chr5	98903519	chr7	96395019		False	False	False	True	1	4	5	-10,9	0,0	-8,8	0,0	-8,8	0,0	-10,9	0,0	1	4	5	0	0	0
18212	18212_1	18212_2	BND	chr5	99329416	chr9	129425284		True	True	False	True	7	0	7	-9,423	0,94	-10,205	-2,73	-10,205	-2,73	-9,423	0,94	6	0	6	1	0	1
18478	18478_1	18478_2	BND	chr5	100282382	chr13	58700359		False	False	False	True	1	4	5	-8,8	0,0	-8,8	0,0	-8,8	0,0	-8,8	0,0	1	4	5	0	0	0
18834	18834_1	18834_2	BND	chr5	101150038	chr21	46311627		True	True	False	True	2	3	5	-8,9	-1,1	-10,6	-1,0	-10,6	-1,0	-8,9	-1,1	2	3	5	0	0	0
18509	18509_1	18509_2	BND	chr5	101591214	chr14	102402659		False	False	False	True	1	4	5	-8,8	0,0	-10,9	0,0	-10,9	0,0	-8,8	0,0	1	4	5	0	0	0
18648	18648_1	18648_2	BND	chr5	101959086	chr17	63582655		True	True	False	True	1	4	5	-9,6	0,1	-10,9	0,0	-10,9	0,0	-9,6	0,1	1	4	5	0	0	0
18208	18208_1	18208_2	BND	chr5	102007967	chr9	122025051		False	False	False	True	1	4	5	-10,9	0,0	-8,8	0,0	-8,8	0,0	-10,9	0,0	1	4	5	0	0	0
18541	18541_1	18541_2	BND	chr5	102284022	chr16	14523030		False	False	False	True	1	4	5	-8,8	0,0	-8,8	0,0	-8,8	0,0	-8,8	0,0	1	4	5	0	0	0
18646	18646_1	18646_2	BND	chr5	102369587	chr17	56848175		False	False	False	True	1	4	5	-8,8	0,0	-8,8	0,0	-8,8	0,0	-8,8	0,0	1	4	5	0	0	0
18833	18833_1	18833_2	BND	chr5	103678163	chr21	31828236		False	False	False	True	1	4	5	-10,9	0,0	-10,9	0,0	-10,9	0,0	-10,9	0,0	1	4	5	0	0	0
18161	18161_1	18161_2	BND	chr5	103960197	chr8	3440630		False	False	False	True	1	4	5	-10,9	0,0	-8,8	0,0	-8,8	0,0	-10,9	0,0	1	4	5	0	0	0
18562	18562_1	18562_2	BND	chr5	104128177	chr16	55253071		False	False	False	True	1	4	5	-8,8	0,0	-10,9	0,0	-10,9	0,0	-8,8	0,0	1	4	5	0	0	0
18574	18574_1	18574_2	BND	chr5	104255414	chr17	19673356		True	True	False	True	1	4	5	-10,9	0,0	-6,0	-6,0	-6,0	-6,0	-10,9	0,0	1	4	5	0	0	0
18436	18436_1	18436_2	BND	chr5	104626951	chr12	46948531		False	False	False	True	1	4	5	-10,9	0,0	-10,9	0,0	-10,9	0,0	-10,9	0,0	1	4	5	0	0	0
18401	18401_1	18401_2	BND	chr5	106673118	chr11	16649727		False	False	False	True	1	4	5	-8,8	0,0	-8,8	0,0	-8,8	0,0	-8,8	0,0	1	4	5	0	0	0
18217	18217_1	18217_2	BND	chr5	107546574	chr10	8655474		True	True	False	True	1	4	5	-10,9	0,0	-8,7	-1,0	-8,7	-1,0	-10,9	0,0	1	4	5	0	0	0
18075	18075_1	18075_2	BND	chr5	108419981	chr6	20611220		True	True	False	True	1	4	5	-8,9	0,1	-5,8	0,1	-5,8	0,1	-8,9	0,1	1	4	5	0	0	0
18496	18496_1	18496_2	BND	chr5	108793801	chr14	34793149		False	False	False	True	1	4	5	-8,8	0,0	-8,8	0,0	-8,8	0,0	-8,8	0,0	1	4	5	0	0	0
18083	18083_1	18083_2	BND	chr5	110528640	chr6	50110720		False	False	False	True	1	4	5	-10,9	0,0	-10,9	0,0	-10,9	0,0	-10,9	0,0	1	4	5	0	0	0
18413	18413_1	18413_2	BND	chr5	111021566	chr11	96671967		False	False	False	True	1	4	5	-10,9	0,0	-10,9	0,0	-10,9	0,0	-10,9	0,0	1	4	5	0	0	0
18663	18663_1	18663_2	BND	chr5	111710858	chr18	39069157		False	False	False	True	1	4	5	-8,8	0,0	-10,9	0,0	-10,9	0,0	-8,8	0,0	1	4	5	0	0	0
18866	18866_1	18866_2	BND	chr5	111954658	chrX	73994256		False	False	False	True	1	4	5	-8,8	0,0	-8,8	0,0	-8,8	0,0	-8,8	0,0	1	4	5	0	0	0
18458	18458_1	18458_2	BND	chr5	113056557	chr12	83407981		False	False	False	True	1	4	5	-10,9	0,0	-10,9	0,0	-10,9	0,0	-10,9	0,0	1	4	5	0	0	0
18381	18381_1	18381_2	BND	chr5	114238687	chr10	70984413		False	False	False	True	1	4	5	-8,8	0,0	-8,8	0,0	-8,8	0,0	-8,8	0,0	1	4	5	0	0	0
18087	18087_1	18087_2	BND	chr5	114619467	chr6	60975242		False	False	False	True	1	4	5	-8,8	0,0	-8,8	0,0	-8,8	0,0	-8,8	0,0	1	4	5	0	0	0
18886	18886_1	18886_2	BND	chr5	115692700	chrX	128819431		False	False	False	True	1	4	5	-8,8	0,0	-8,8	0,0	-8,8	0,0	-8,8	0,0	1	4	5	0	0	0
18094	18094_1	18094_2	BND	chr5	116198280	chr6	79649691		False	False	False	True	1	4	5	-10,9	0,0	-8,8	0,0	-8,8	0,0	-10,9	0,0	1	4	5	0	0	0
18696	18696_1	18696_2	BND	chr5	116216065	chr20	23310877		False	False	False	True	1	4	5	-10,9	0,0	-8,8	0,0	-8,8	0,0	-10,9	0,0	1	4	5	0	0	0
18503	18503_1	18503_2	BND	chr5	116673295	chr14	59679416		False	False	False	True	1	4	5	-8,8	0,0	-10,9	0,0	-10,9	0,0	-8,8	0,0	1	4	5	0	0	0
18194	18194_1	18194_2	BND	chr5	116948761	chr9	15971583		False	False	False	True	1	4	5	-10,9	0,0	-8,8	0,0	-8,8	0,0	-10,9	0,0	1	4	5	0	0	0
18643	18643_1	18643_2	BND	chr5	117791665	chr17	53189919		False	False	False	True	1	4	5	-10,9	0,0	-10,9	0,0	-10,9	0,0	-10,9	0,0	1	4	5	0	0	0
18074	18074_1	18074_2	BND	chr5	118023331	chr6	20431032		False	False	False	True	1	4	5	-8,8	0,0	-10,9	0,0	-10,9	0,0	-8,8	0,0	1	4	5	0	0	0
18877	18877_1	18877_2	BND	chr5	118561580	chrX	110503995		False	False	False	True	1	4	5	-10,9	0,0	-10,9	0,0	-10,9	0,0	-10,9	0,0	1	4	5	0	0	0
18838	18838_1	18838_2	BND	chr5	119087153	chr22	20608790		False	False	False	True	1	4	5	-8,8	0,0	-10,9	0,0	-10,9	0,0	-8,8	0,0	1	4	5	0	0	0
3935	3935		INV	chr5	120053887	chr5	120054017	130.0	True		False		2	3	5	-9,2	-2,1	-10,1	-2,1					2	3	5	0	0	0
3936	3936		INV	chr5	120134816	chr5	120134939	123.0	True		False		2	3	5	-10,9	-1,1	-10,9	-1,1					2	3	5	0	0	0
18455	18455_1	18455_2	BND	chr5	120923563	chr12	82253732		False	False	False	True	1	4	5	-10,9	0,0	-10,9	0,0	-10,9	0,0	-10,9	0,0	1	4	5	0	0	0
18692	18692_1	18692_2	BND	chr5	121156515	chr20	11643722		False	False	False	True	1	4	5	-8,8	0,0	-10,9	0,0	-10,9	0,0	-8,8	0,0	1	4	5	0	0	0
18220	18220_1	18220_2	BND	chr5	121241242	chr10	29729672		True	True	False	True	5	0	5	-537,9	-108,2	-543,9	-113,0	-543,9	-113,0	-537,9	-108,2	5	0	5	0	0	0
18426	18426_1	18426_2	BND	chr5	121380067	chr12	19338849		True	True	False	True	1	4	5	-9,5	-1,0	-7,9	0,1	-7,9	0,1	-9,5	-1,0	1	4	5	0	0	0
18869	18869_1	18869_2	BND	chr5	121899266	chrX	94132194		False	False	False	True	1	4	5	-8,8	0,0	-8,8	0,0	-8,8	0,0	-8,8	0,0	1	4	5	0	0	0
3945	3945		INV	chr5	122256367	chr5	122256485	118.0	True		False		1	4	5	-10,2	-7,0	-10,2	-7,0					1	4	5	0	0	0
18874	18874_1	18874_2	BND	chr5	122404448	chrX	103209472		False	False	False	True	1	4	5	-8,8	0,0	-8,8	0,0	-8,8	0,0	-8,8	0,0	1	4	5	0	0	0
18192	18192_1	18192_2	BND	chr5	122529594	chr9	12130406		False	False	False	True	1	4	5	-10,9	0,0	-8,8	0,0	-8,8	0,0	-10,9	0,0	1	4	5	0	0	0
18560	18560_1	18560_2	BND	chr5	122737366	chr16	48767372		False	False	False	True	1	4	5	-8,8	0,0	-10,9	0,0	-10,9	0,0	-8,8	0,0	1	4	5	0	0	0
18645	18645_1	18645_2	BND	chr5	123378429	chr17	53233955		False	False	False	True	1	4	5	-10,9	0,0	-8,8	0,0	-8,8	0,0	-10,9	0,0	1	4	5	0	0	0
18498	18498_1	18498_2	BND	chr5	125767708	chr14	40626678		False	False	False	True	1	4	5	-10,9	0,0	-8,8	0,0	-8,8	0,0	-10,9	0,0	1	4	5	0	0	0
18176	18176_1	18176_2	BND	chr5	125799878	chr8	89180592		False	False	False	True	1	4	5	-10,9	0,0	-10,9	0,0	-10,9	0,0	-10,9	0,0	1	4	5	0	0	0
18519	18519_1	18519_2	BND	chr5	126059952	chr15	27524781		False	False	False	True	1	4	5	-8,8	0,0	-10,9	0,0	-10,9	0,0	-8,8	0,0	1	4	5	0	0	0
3961	3961_1	3961_2	BND	chr5	127520323	chr5	127520466		True	True	False	True	2	3	5	-10,9	-1,1	-10,9	-1,1	-10,9	-1,1	-10,9	-1,1	2	3	5	0	0	0
18568	18568_1	18568_2	BND	chr5	128398635	chr16	49043992		False	False	False	True	1	4	5	-8,8	0,0	-10,9	0,0	-10,9	0,0	-8,8	0,0	1	4	5	0	0	0
18855	18855_1	18855_2	BND	chr5	128902151	chrX	46124436		False	False	False	True	1	4	5	-8,8	0,0	-8,8	0,0	-8,8	0,0	-8,8	0,0	1	4	5	0	0	0
18794	18794_1	18794_2	BND	chr5	128917267	chr20	53595241		False	False	False	True	1	4	5	-8,8	0,0	-8,8	0,0	-8,8	0,0	-8,8	0,0	1	4	5	0	0	0
18446	18446_1	18446_2	BND	chr5	129267634	chr12	56259113		False	False	False	True	1	4	5	-8,8	0,0	-8,8	0,0	-8,8	0,0	-8,8	0,0	1	4	5	0	0	0
18157	18157_1	18157_2	BND	chr5	129956923	chr7	139833110		False	False	False	True	1	4	5	-8,8	0,0	-8,8	0,0	-8,8	0,0	-8,8	0,0	1	4	5	0	0	0
18867	18867_1	18867_2	BND	chr5	130207189	chrX	80336260		False	False	False	True	1	4	5	-10,9	0,0	-8,8	0,0	-8,8	0,0	-10,9	0,0	1	4	5	0	0	0
18199	18199_1	18199_2	BND	chr5	131018164	chr9	61578884		False	False	False	True	1	4	5	-10,9	0,0	-8,8	0,0	-8,8	0,0	-10,9	0,0	1	4	5	0	0	0
18567	18567_1	18567_2	BND	chr5	132165443	chr16	23592119		False	False	False	True	1	4	5	-10,9	0,0	-10,9	0,0	-10,9	0,0	-10,9	0,0	1	4	5	0	0	0
18448	18448_1	18448_2	BND	chr5	132290671	chr12	60167317		False	False	False	True	1	4	5	-10,9	0,0	-10,9	0,0	-10,9	0,0	-10,9	0,0	1	4	5	0	0	0
18160	18160_1	18160_2	BND	chr5	133386727	chr7	154425689		True	True	False	True	1	4	5	-7,7	0,1	-10,7	-1,0	-10,7	-1,0	-7,7	0,1	1	4	5	0	0	0
18201	18201_1	18201_2	BND	chr5	135863890	chr9	77696689		False	False	False	True	1	4	5	-10,9	0,0	-10,9	0,0	-10,9	0,0	-10,9	0,0	1	4	5	0	0	0
18465	18465_1	18465_2	BND	chr5	136895646	chr12	105096545		False	False	False	True	1	4	5	-8,8	0,0	-10,9	0,0	-10,9	0,0	-8,8	0,0	1	4	5	0	0	0
3991	3991_1	3991_2	BND	chr5	138011034	chr5	138011207		True	True	False	True	2	3	5	-10,9	-3,3	-10,9	-3,3	-10,9	-3,3	-10,9	-3,3	2	3	5	0	0	0
18070	18070_1	18070_2	BND	chr5	138260447	chr6	10650450		False	False	False	True	1	4	5	-10,9	0,0	-10,9	0,0	-10,9	0,0	-10,9	0,0	1	4	5	0	0	0
18096	18096_1	18096_2	BND	chr5	138633761	chr6	80624944		False	False	False	True	1	4	5	-8,8	0,0	-10,9	0,0	-10,9	0,0	-8,8	0,0	1	4	5	0	0	0
18893	18893_1	18893_2	BND	chr5	140826701	chrX	148292346		False	False	False	True	1	4	5	-8,8	0,0	-8,8	0,0	-8,8	0,0	-8,8	0,0	1	4	5	0	0	0
18485	18485_1	18485_2	BND	chr5	141671889	chr13	42864133		False	False	False	True	1	4	5	-8,8	0,0	-8,8	0,0	-8,8	0,0	-8,8	0,0	1	4	5	0	0	0
18835	18835_1	18835_2	BND	chr5	144317226	chr21	21680518		False	False	False	True	1	4	5	-10,9	0,0	-10,9	0,0	-10,9	0,0	-10,9	0,0	1	4	5	0	0	0
18107	18107_1	18107_2	BND	chr5	145859693	chr6	119128609		False	False	False	True	1	4	5	-10,9	0,0	-8,8	0,0	-8,8	0,0	-10,9	0,0	1	4	5	0	0	0
18652	18652_1	18652_2	BND	chr5	146662794	chr17	31344267		False	False	False	True	1	4	5	-8,8	0,0	-8,8	0,0	-8,8	0,0	-8,8	0,0	1	4	5	0	0	0
18686	18686_1	18686_2	BND	chr5	147566868	chr19	27970075		True	True	False	True	1	4	5	-10,4	-3,1	-7,9	-1,1	-7,9	-1,1	-10,4	-3,1	1	4	5	0	0	0
4018	4018_1	4018_2	BND	chr5	147846980	chr5	147847154		False	False	False	True	1	4	5	-10,9	0,0	-9,6	0,0	-9,6	0,0	-10,9	0,0	1	4	5	0	0	0
18491	18491_1	18491_2	BND	chr5	147977929	chr13	101336282		False	False	False	True	1	4	5	-10,9	0,0	-10,9	0,0	-10,9	0,0	-10,9	0,0	1	4	5	0	0	0
18378	18378_1	18378_2	BND	chr5	148069461	chr10	57772406		False	False	False	True	1	4	5	-8,8	0,0	-10,9	0,0	-10,9	0,0	-8,8	0,0	1	4	5	0	0	0
18169	18169_1	18169_2	BND	chr5	148741445	chr8	54497619		False	False	False	True	1	4	5	-10,9	0,0	-8,8	0,0	-8,8	0,0	-10,9	0,0	1	4	5	0	0	0
18843	18843_1	18843_2	BND	chr5	152646703	chr22	23050245		False	False	False	True	1	4	5	-10,9	0,0	-10,9	0,0	-10,9	0,0	-10,9	0,0	1	4	5	0	0	0
4037	4037_1	4037_2	BND	chr5	154914439	chr5	154914518		False	False	False	True	1	4	5	-10,1	0,0	-8,8	0,0	-8,8	0,0	-10,1	0,0	1	4	5	0	0	0
4040	4040_1	4040_2	BND	chr5	155219882	chr5	155219978		False	False	False	True	1	4	5	-10,9	0,0	-9,6	0,0	-9,6	0,0	-10,9	0,0	1	4	5	0	0	0
18193	18193_1	18193_2	BND	chr5	156739432	chr9	14088343		False	False	False	True	1	4	5	-10,9	0,0	-8,8	0,0	-8,8	0,0	-10,9	0,0	1	4	5	0	0	0
4044	4044		INV	chr5	156945289	chr5	156945423	134.0	True		False		2	3	5	0,2	0,1	-10,5	-3,0					2	3	5	0	0	0
18657	18657_1	18657_2	BND	chr5	158244136	chr17	73206639		True	True	False	True	1	4	5	-7,8	0,1	-10,9	0,0	-10,9	0,0	-7,8	0,1	1	4	5	0	0	0
18116	18116_1	18116_2	BND	chr5	159082283	chr6	148659165		False	False	False	True	1	4	5	-8,8	0,0	-8,8	0,0	-8,8	0,0	-8,8	0,0	1	4	5	0	0	0
18674	18674_1	18674_2	BND	chr5	159985662	chr18	56131111		False	False	False	True	1	4	5	-8,8	0,0	-8,8	0,0	-8,8	0,0	-8,8	0,0	1	4	5	0	0	0
18181	18181_1	18181_2	BND	chr5	160841619	chr8	113671970		False	False	False	True	1	4	5	-8,8	0,0	-10,9	0,0	-10,9	0,0	-8,8	0,0	1	4	5	0	0	0
18876	18876_1	18876_2	BND	chr5	161716587	chrX	110378565		False	False	False	True	1	4	5	-8,8	0,0	-10,9	0,0	-10,9	0,0	-8,8	0,0	1	4	5	0	0	0
4060	4060		INV	chr5	161876239	chr5	161876412	173.0	True		False		2	4	6	-4,9	0,3	-5,8	-1,5					2	4	6	0	0	0
18132	18132_1	18132_2	BND	chr5	162375843	chr7	48445552		False	False	False	True	1	4	5	-10,9	0,0	-8,8	0,0	-8,8	0,0	-10,9	0,0	1	4	5	0	0	0
18188	18188_1	18188_2	BND	chr5	162588520	chr8	144963484		False	False	False	True	1	4	5	-10,9	0,0	-8,8	0,0	-8,8	0,0	-10,9	0,0	1	4	5	0	0	0
18453	18453_1	18453_2	BND	chr5	162934391	chr12	74892505		False	False	False	True	1	4	5	-8,8	0,0	-8,8	0,0	-8,8	0,0	-8,8	0,0	1	4	5	0	0	0
18109	18109_1	18109_2	BND	chr5	163242825	chr6	120149126		False	False	False	True	1	4	5	-8,8	0,0	-10,9	0,0	-10,9	0,0	-8,8	0,0	1	4	5	0	0	0
18112	18112_1	18112_2	BND	chr5	164361375	chr6	124071133		False	False	False	True	1	4	5	-8,8	0,0	-10,9	0,0	-10,9	0,0	-8,8	0,0	1	4	5	0	0	0
18425	18425_1	18425_2	BND	chr5	166676659	chr12	14401682		False	False	False	True	1	4	5	-10,9	0,0	-10,9	0,0	-10,9	0,0	-10,9	0,0	1	4	5	0	0	0
18404	18404_1	18404_2	BND	chr5	167831984	chr11	34110571		False	False	False	True	1	4	5	-10,9	0,0	-10,9	0,0	-10,9	0,0	-10,9	0,0	1	4	5	0	0	0
18435	18435_1	18435_2	BND	chr5	169498466	chr12	43561922		False	False	False	True	1	4	5	-8,8	0,0	-8,8	0,0	-8,8	0,0	-8,8	0,0	1	4	5	0	0	0
18793	18793_1	18793_2	BND	chr5	169585923	chr20	41464066		False	False	False	True	1	4	5	-10,9	0,0	-10,9	0,0	-10,9	0,0	-10,9	0,0	1	4	5	0	0	0
18432	18432_1	18432_2	BND	chr5	169950435	chr12	33975451		False	False	False	True	1	4	5	-10,9	0,0	-10,9	0,0	-10,9	0,0	-10,9	0,0	1	4	5	0	0	0
18149	18149_1	18149_2	BND	chr5	171118411	chr7	115663065		False	False	False	True	1	4	5	-10,9	0,0	-8,8	0,0	-8,8	0,0	-10,9	0,0	1	4	5	0	0	0
18206	18206_1	18206_2	BND	chr5	171556487	chr9	113846036		False	False	False	True	1	4	5	-8,8	0,0	-10,9	0,0	-10,9	0,0	-8,8	0,0	1	4	5	0	0	0
18198	18198_1	18198_2	BND	chr5	172515334	chr9	42362171		False	False	False	True	1	4	5	-10,9	0,0	-10,9	0,0	-10,9	0,0	-10,9	0,0	1	4	5	0	0	0
18489	18489_1	18489_2	BND	chr5	175165287	chr13	78332145		False	False	False	True	1	4	5	-8,8	0,0	-10,9	0,0	-10,9	0,0	-8,8	0,0	1	4	5	0	0	0
18651	18651_1	18651_2	BND	chr5	175579838	chr17	666215		False	False	False	True	1	4	5	-8,8	0,0	-10,9	0,0	-10,9	0,0	-8,8	0,0	1	4	5	0	0	0
18101	18101_1	18101_2	BND	chr5	176443283	chr6	90659318		False	False	False	True	1	4	5	-10,9	0,0	-8,8	0,0	-8,8	0,0	-10,9	0,0	1	4	5	0	0	0
18085	18085_1	18085_2	BND	chr5	176913300	chr6	55674243		False	False	False	True	1	4	5	-8,8	0,0	-8,8	0,0	-8,8	0,0	-8,8	0,0	1	4	5	0	0	0
18419	18419_1	18419_2	BND	chr5	178682065	chr11	119037907		True	True	False	True	2	3	5	-10,9	-1,1	-10,6	-1,0	-10,6	-1,0	-10,9	-1,1	2	3	5	0	0	0
4105	4105_1	4105_2	BND	chr5	178727240	chr5	178866059		True	True	False	True	6	0	6	-420,9	-73,2	-473,9	-96,2	-473,9	-96,2	-420,9	-73,2	5	0	5	1	0	1
4861	4861_1	4861_2	BND	chr6	321707	chr6	125726862		False	False	False	True	1	4	5	-8,8	0,0	-8,8	0,0	-8,8	0,0	-8,8	0,0	1	4	5	0	0	0
4114	4114		DEL	chr6	469273	chr6	469664	391.0	True		False		6	0	6	-10,352	-3,52	-197,9	-75,1					5	0	5	1	0	1
19824	19824_1	19824_2	BND	chr6	3843913	chrX	63379772		False	False	False	True	1	4	5	-8,8	0,0	-8,8	0,0	-8,8	0,0	-8,8	0,0	1	4	5	0	0	0
4134	4134		INV	chr6	4016424	chr6	4016555	131.0	True		False		2	3	5	-2,9	-1,1	-2,9	0,3					2	3	5	0	0	0
19726	19726_1	19726_2	BND	chr6	6503748	chr18	73303109		False	False	False	True	1	4	5	-8,8	0,0	-10,9	0,0	-10,9	0,0	-8,8	0,0	1	4	5	0	0	0
19557	19557_1	19557_2	BND	chr6	7573162	chr12	130055138		False	False	False	True	1	4	5	-10,9	0,0	-10,9	0,0	-10,9	0,0	-10,9	0,0	1	4	5	0	0	0
4595	4595_1	4595_2	BND	chr6	7611783	chr6	72133178		False	False	False	True	1	4	5	-8,8	0,0	-8,8	0,0	-8,8	0,0	-8,8	0,0	1	4	5	0	0	0
19514	19514_1	19514_2	BND	chr6	8063076	chr12	2758059		False	False	False	True	1	4	5	-8,8	0,0	-10,9	0,0	-10,9	0,0	-8,8	0,0	1	4	5	0	0	0
19301	19301_1	19301_2	BND	chr6	8172497	chr7	30356582		True	True	False	True	1	4	5	-9,6	0,1	-7,9	0,1	-7,9	0,1	-9,6	0,1	1	4	5	0	0	0
19715	19715_1	19715_2	BND	chr6	8181372	chr18	38261870		False	False	False	True	1	4	5	-8,8	0,0	-10,9	0,0	-10,9	0,0	-8,8	0,0	1	4	5	0	0	0
19613	19613_1	19613_2	BND	chr6	8478699	chr15	42240893		False	False	False	True	1	4	5	-8,8	0,0	-8,8	0,0	-8,8	0,0	-8,8	0,0	1	4	5	0	0	0
19652	19652_1	19652_2	BND	chr6	9660792	chr16	54902770		False	False	False	True	1	4	5	-10,9	0,0	-8,8	0,0	-8,8	0,0	-10,9	0,0	1	4	5	0	0	0
19764	19764_1	19764_2	BND	chr6	10214902	chr20	40938419		False	False	False	True	1	4	5	-8,8	0,0	-10,9	0,0	-10,9	0,0	-8,8	0,0	1	4	5	0	0	0
19719	19719_1	19719_2	BND	chr6	10230788	chr18	52037023		False	False	False	True	1	4	5	-10,9	0,0	-8,8	0,0	-8,8	0,0	-10,9	0,0	1	4	5	0	0	0
19520	19520_1	19520_2	BND	chr6	10380682	chr12	17678925		False	False	False	True	1	4	5	-8,8	0,0	-10,9	0,0	-10,9	0,0	-8,8	0,0	1	4	5	0	0	0
19687	19687_1	19687_2	BND	chr6	11265833	chr17	26833461		False	False	False	True	1	4	5	-10,9	0,0	-8,8	0,0	-8,8	0,0	-10,9	0,0	1	4	5	0	0	0
19837	19837_1	19837_2	BND	chr6	11458160	chrX	101115263		False	False	False	True	1	4	5	-8,8	0,0	-10,9	0,0	-10,9	0,0	-8,8	0,0	1	4	5	0	0	0
19477	19477_1	19477_2	BND	chr6	12682760	chr10	123828217		False	False	False	True	1	4	5	-10,9	0,0	-8,8	0,0	-8,8	0,0	-10,9	0,0	1	4	5	0	0	0
19657	19657_1	19657_2	BND	chr6	12731985	chr16	24586117		False	False	False	True	1	4	5	-10,9	0,0	-8,8	0,0	-8,8	0,0	-10,9	0,0	1	4	5	0	0	0
19404	19404_1	19404_2	BND	chr6	13969177	chr9	9815372		False	False	False	True	1	4	5	-8,8	0,0	-8,8	0,0	-8,8	0,0	-8,8	0,0	1	4	5	0	0	0
19859	19859_1	19859_2	BND	chr6	15125111	chrY	56831872		False	False	False	True	1	4	5	-8,8	0,0	-8,8	0,0	-8,8	0,0	-8,8	0,0	1	4	5	0	0	0
19460	19460_1	19460_2	BND	chr6	15657508	chr10	77109101		False	False	False	True	1	4	5	-8,8	0,0	-8,8	0,0	-8,8	0,0	-8,8	0,0	1	4	5	0	0	0
19493	19493_1	19493_2	BND	chr6	17600891	chr11	56332001		True	True	False	True	5	0	5	-10,476	-2,99	-10,500	-2,109	-10,500	-2,109	-10,476	-2,99	5	0	5	0	0	0
4917	4917_1	4917_2	BND	chr6	17602710	chr6	134603993		True	True	False	True	5	0	5	-10,495	-1,108	-10,437	-2,78	-10,437	-2,78	-10,495	-1,108	5	0	5	0	0	0
19418	19418_1	19418_2	BND	chr6	17866680	chr9	79654021		False	False	False	True	1	4	5	-10,9	0,0	-8,8	0,0	-8,8	0,0	-10,9	0,0	1	4	5	0	0	0
19733	19733_1	19733_2	BND	chr6	18677506	chr19	2071119		False	False	False	True	1	4	5	-8,8	0,0	-10,9	0,0	-10,9	0,0	-8,8	0,0	1	4	5	0	0	0
4192	4192		INV	chr6	19209196	chr6	19209331	135.0	True		False		2	3	5	0,9	0,3	0,8	0,3					2	3	5	0	0	0
4195	4195_1	4195_2	BND	chr6	19504106	chr6	19504256		True	True	False	True	2	4	6	-8,6	-2,1	-9,5	-2,1	-9,5	-2,1	-8,6	-2,1	2	4	6	0	0	0
4198	4198		INV	chr6	19779543	chr6	19779786	243.0	True		False		3	2	5	-102,31	-86,31	0,29	0,20					3	2	5	0	0	0
19722	19722_1	19722_2	BND	chr6	20270472	chr18	55226650		True	True	False	True	1	4	5	-10,9	0,0	-8,9	0,1	-8,9	0,1	-10,9	0,0	1	4	5	0	0	0
19852	19852_1	19852_2	BND	chr6	22481965	chrX	142748436		False	False	False	True	1	4	5	-10,9	0,0	-8,8	0,0	-8,8	0,0	-10,9	0,0	1	4	5	0	0	0
19521	19521_1	19521_2	BND	chr6	24944478	chr12	18700375		False	False	False	True	1	4	5	-8,8	0,0	-8,8	0,0	-8,8	0,0	-8,8	0,0	1	4	5	0	0	0
4220	4220		INV	chr6	25238160	chr6	25238460	300.0	True		False		1	4	5	-10,9	-1,1	-10,9	-1,1					1	4	5	0	0	0
19478	19478_1	19478_2	BND	chr6	25276525	chr10	124285628		False	False	False	True	1	4	5	-8,8	0,0	-8,8	0,0	-8,8	0,0	-8,8	0,0	1	4	5	0	0	0
19577	19577_1	19577_2	BND	chr6	25481009	chr13	95724826		False	False	False	True	1	4	5	-10,9	0,0	-8,8	0,0	-8,8	0,0	-10,9	0,0	1	4	5	0	0	0
4224	4224		INV	chr6	26391685	chr6	26391805	120.0	True		False		2	3	5	-10,9	-1,1	-10,9	-1,1					2	3	5	0	0	0
4225	4225_1	4225_2	BND	chr6	26507927	chr6	26508037		False	False	False	True	2	4	6	-10,5	0,0	-10,9	0,0	-10,9	0,0	-10,5	0,0	2	4	6	0	0	0
19457	19457_1	19457_2	BND	chr6	27179677	chr10	64997277		False	False	False	True	1	4	5	-8,8	0,0	-8,8	0,0	-8,8	0,0	-8,8	0,0	1	4	5	0	0	0
19615	19615_1	19615_2	BND	chr6	27366030	chr15	54064114		True	True	False	True	1	4	5	-6,8	0,1	-8,7	0,1	-8,7	0,1	-6,8	0,1	1	4	5	0	0	0
19848	19848_1	19848_2	BND	chr6	27497709	chrX	127155601		False	False	False	True	1	4	5	-10,9	0,0	-10,9	0,0	-10,9	0,0	-10,9	0,0	1	4	5	0	0	0
19555	19555_1	19555_2	BND	chr6	29731770	chr12	119919799		True	True	False	True	3	2	5	-10,9	-1,1	-7,9	-1,1	-7,9	-1,1	-10,9	-1,1	3	2	5	0	0	0
4237	4237		DUP	chr6	29824753	chr6	29884756	60003.0	True		False		5	0	5	-508,9	-108,2	-10,279	-3,72					5	0	5	0	0	0
19854	19854_1	19854_2	BND	chr6	29935262	chrX	147891607		False	False	False	True	1	4	5	-8,8	0,0	-10,9	0,0	-10,9	0,0	-8,8	0,0	1	4	5	0	0	0
4636	4636_1	4636_2	BND	chr6	30421125	chr6	79969276		False	False	False	True	1	4	5	-10,9	0,0	-10,9	0,0	-10,9	0,0	-10,9	0,0	1	4	5	0	0	0
19739	19739_1	19739_2	BND	chr6	30852855	chr19	35981230		True	True	False	True	9	0	9	-10,308	-3,52	-557,9	-86,0	-557,9	-86,0	-10,308	-3,52	8	0	8	1	0	1
19685	19685_1	19685_2	BND	chr6	31329620	chr17	19951156		True	True	False	True	9	0	9	-7,340	0,65	-529,9	-76,2	-529,9	-76,2	-7,340	0,65	8	0	8	1	0	1
19692	19692_1	19692_2	BND	chr6	31955457	chr17	48555175		True	True	False	True	1	4	5	-10,6	-1,0	-10,4	-1,0	-10,4	-1,0	-10,6	-1,0	1	4	5	0	0	0
19778	19778_1	19778_2	BND	chr6	32268128	chr21	23486127		False	False	False	True	1	4	5	-10,9	0,0	-10,9	0,0	-10,9	0,0	-10,9	0,0	1	4	5	0	0	0
4272	4272_1	4272_2	BND	chr6	32350779	chr6	32350943		False	False	False	True	1	4	5	-8,8	0,0	-8,8	0,0	-8,8	0,0	-8,8	0,0	1	4	5	0	0	0
4381	4381		DUP	chr6	32473710	chr6	32590130	116420.0	True		False		6	0	6	-247,9	-65,3	-10,218	-3,63					5	0	5	1	0	1
4301	4301		DUP	chr6	32485843	chr6	32546209	60366.0	True		False		6	0	6	-21,9	-11,3	-10,3	-10,3					5	0	5	1	0	1
4293	4293		DUP	chr6	32503198	chr6	32541761	38563.0	True		False		11	0	11	-124,5	-56,0	-10,19	-3,12					10	0	10	1	0	1
19858	19858_1	19858_2	BND	chr6	32505690	chrY	12599793		True	True	False	True	7	0	7	-552,9	-97,0	-559,9	-98,0	-559,9	-98,0	-552,9	-97,0	6	0	6	1	0	1
4276	4276		DEL	chr6	32512820	chr6	32513407	587.0	True		False		7	0	7	-10,368	-1,66	-428,9	-90,2					6	0	6	1	0	1
4325	4325		DUP	chr6	32527530	chr6	32570807	43277.0	True		False		6	0	6	-478,4	-106,0	-10,420	-2,82					6	0	6	0	0	0
4383	4383		DUP	chr6	32530510	chr6	32590522	60012.0	True		False		7	0	7	-114,9	-34,3	-10,44	-3,25					6	0	6	1	0	1
4298	4298		DEL	chr6	32544884	chr6	32545314	430.0	True		False		6	0	6	-10,385	-2,72	-235,9	-58,3					6	0	6	0	0	0
4334	4334		DUP	chr6	32546612	chr6	32572960	26348.0	True		False		6	0	6	-484,9	-97,2	-10,465	-1,101					5	0	5	1	0	1
4366	4366		DEL	chr6	32558831	chr6	32584779	25948.0	True		False		7	0	7	-10,277	-3,38	-458,9	-73,2					7	0	7	0	0	0
19431	19431_1	19431_2	BND	chr6	32609226	chr9	124987929		True	True	False	True	6	0	6	-395,9	-74,2	-10,435	-2,81	-10,435	-2,81	-395,9	-74,2	5	0	5	1	0	1
19832	19832_1	19832_2	BND	chr6	32630622	chrX	86069384		True	True	False	True	6	0	6	-10,316	-2,79	-9,468	-1,103	-9,468	-1,103	-10,316	-2,79	5	0	5	1	0	1
19306	19306_1	19306_2	BND	chr6	32654145	chr7	44078334		True	True	False	True	8	0	8	-10,346	-2,54	-423,3	-91,0	-423,3	-91,0	-10,346	-2,54	7	0	7	1	0	1
4405	4405		DUP	chr6	32660774	chr6	32756997	96223.0	True		False		10	0	10	-461,9	-89,2	-7,500	0,115					9	0	9	1	0	1
19363	19363_1	19363_2	BND	chr6	33448638	chr8	49907640		False	False	False	True	1	4	5	-10,9	0,0	-8,8	0,0	-8,8	0,0	-10,9	0,0	1	4	5	0	0	0
19439	19439_1	19439_2	BND	chr6	33595357	chr10	13080252		False	False	False	True	1	4	5	-8,8	0,0	-10,9	0,0	-10,9	0,0	-8,8	0,0	1	4	5	0	0	0
19720	19720_1	19720_2	BND	chr6	34317438	chr18	52478220		False	False	False	True	1	4	5	-8,8	0,0	-8,8	0,0	-8,8	0,0	-8,8	0,0	1	4	5	0	0	0
19693	19693_1	19693_2	BND	chr6	34822255	chr17	55434592		False	False	False	True	1	4	5	-10,9	0,0	-10,9	0,0	-10,9	0,0	-10,9	0,0	1	4	5	0	0	0
4425	4425		INV	chr6	35108359	chr6	35108513	154.0	True		False		2	3	5	-10,9	-1,1	-10,9	-1,1					2	3	5	0	0	0
4432	4432		INV	chr6	38558931	chr6	38559078	147.0	True		False		2	3	5	-10,9	-1,1	-10,9	-1,1					2	3	5	0	0	0
4438	4438_1	4438_2	BND	chr6	39181039	chr6	39181172		False	False	False	True	1	4	5	-10,9	0,0	-9,6	0,0	-9,6	0,0	-10,9	0,0	1	4	5	0	0	0
4439	4439		INV	chr6	39722116	chr6	39722229	113.0	True		False		2	3	5	-2,8	-1,3	-1,9	0,8					2	3	5	0	0	0
19398	19398_1	19398_2	BND	chr6	40776572	chr9	103579698		False	False	False	True	1	4	5	-10,9	0,0	-10,9	0,0	-10,9	0,0	-10,9	0,0	1	4	5	0	0	0
19579	19579_1	19579_2	BND	chr6	40780063	chr13	103100621		False	False	False	True	1	4	5	-8,8	0,0	-8,8	0,0	-8,8	0,0	-8,8	0,0	1	4	5	0	0	0
4888	4888_1	4888_2	BND	chr6	41277079	chr6	130253929		False	False	False	True	1	4	5	-10,9	0,0	-10,9	0,0	-10,9	0,0	-10,9	0,0	1	4	5	0	0	0
19757	19757_1	19757_2	BND	chr6	42245218	chr20	7503037		False	False	False	True	1	4	5	-8,8	0,0	-8,8	0,0	-8,8	0,0	-8,8	0,0	1	4	5	0	0	0
19761	19761_1	19761_2	BND	chr6	42868481	chr20	31065872		False	False	False	True	1	4	5	-8,8	0,0	-10,9	0,0	-10,9	0,0	-8,8	0,0	1	4	5	0	0	0
19379	19379_1	19379_2	BND	chr6	43804396	chr8	97328978		False	False	False	True	1	4	5	-8,8	0,0	-8,8	0,0	-8,8	0,0	-8,8	0,0	1	4	5	0	0	0
19721	19721_1	19721_2	BND	chr6	44017035	chr18	53680360		False	False	False	True	1	4	5	-10,9	0,0	-10,9	0,0	-10,9	0,0	-10,9	0,0	1	4	5	0	0	0
19323	19323_1	19323_2	BND	chr6	44495845	chr7	90784318		True	True	False	True	1	4	5	-10,7	-1,0	-10,6	-1,0	-10,6	-1,0	-10,7	-1,0	1	4	5	0	0	0
19554	19554_1	19554_2	BND	chr6	44931459	chr12	116260017		True	True	False	True	1	4	5	-10,1	-1,0	-8,8	0,0	-8,8	0,0	-10,1	-1,0	1	4	5	0	0	0
19298	19298_1	19298_2	BND	chr6	46156153	chr7	16963131		True	True	False	True	1	4	5	-9,4	-1,0	-10,5	-1,0	-10,5	-1,0	-9,4	-1,0	1	4	5	0	0	0
4462	4462		INV	chr6	48378092	chr6	48378190	98.0	True		False		2	3	5	-10,9	-1,1	-4,9	-1,1					2	3	5	0	0	0
4463	4463		INV	chr6	48518208	chr6	48518326	118.0	True		False		1	4	5	-2,9	0,3	-2,9	0,3					1	4	5	0	0	0
19691	19691_1	19691_2	BND	chr6	48905950	chr17	47411340		True	True	False	True	1	4	5	-10,9	0,0	-10,7	-1,0	-10,7	-1,0	-10,9	0,0	1	4	5	0	0	0
19737	19737_1	19737_2	BND	chr6	49176794	chr19	28052837		False	False	False	True	1	4	5	-8,8	0,0	-10,9	0,0	-10,9	0,0	-8,8	0,0	1	4	5	0	0	0
4471	4471_1	4471_2	BND	chr6	49329447	chr6	49329586		True	True	False	True	2	3	5	-10,6	-1,0	-7,8	-1,1	-7,8	-1,1	-10,6	-1,0	2	3	5	0	0	0
19696	19696_1	19696_2	BND	chr6	49342353	chr17	63791261		False	False	False	True	1	4	5	-8,8	0,0	-8,8	0,0	-8,8	0,0	-8,8	0,0	1	4	5	0	0	0
4474	4474_1	4474_2	BND	chr6	49777053	chr6	49777186		True	True	False	True	2	3	5	-10,6	-1,0	-10,9	-1,0	-10,9	-1,0	-10,6	-1,0	2	3	5	0	0	0
4475	4475		INV	chr6	49882053	chr6	49882176	123.0	True		False		2	3	5	-10,9	-1,1	-10,9	-1,1					2	3	5	0	0	0
19768	19768_1	19768_2	BND	chr6	50534121	chr20	58582008		False	False	False	True	1	4	5	-8,8	0,0	-10,9	0,0	-10,9	0,0	-8,8	0,0	1	4	5	0	0	0
4477	4477		INV	chr6	50747869	chr6	50748034	165.0	True		False		1	4	5	-9,5	-2,1	-9,4	-3,1					1	4	5	0	0	0
4478	4478_1	4478_2	BND	chr6	51011473	chr6	51011563		False	False	False	True	1	4	5	-10,9	0,0	-7,6	0,0	-7,6	0,0	-10,9	0,0	1	4	5	0	0	0
19441	19441_1	19441_2	BND	chr6	51037366	chr10	22885760		True	True	False	True	7	0	7	-444,9	-62,2	-533,9	-89,2	-533,9	-89,2	-444,9	-62,2	7	0	7	0	0	0
4479	4479		INV	chr6	51141249	chr6	51141406	157.0	True		False		2	3	5	-10,9	-1,1	-10,9	-1,1					2	3	5	0	0	0
19738	19738_1	19738_2	BND	chr6	51502628	chr19	31238211		False	False	False	True	1	4	5	-8,8	0,0	-10,9	0,0	-10,9	0,0	-8,8	0,0	1	4	5	0	0	0
19653	19653_1	19653_2	BND	chr6	51847280	chr16	16921154		False	False	False	True	1	4	5	-8,8	0,0	-8,8	0,0	-8,8	0,0	-8,8	0,0	1	4	5	0	0	0
4910	4910_1	4910_2	BND	chr6	52172069	chr6	134211720		False	False	False	True	1	4	5	-8,8	0,0	-8,8	0,0	-8,8	0,0	-8,8	0,0	1	4	5	0	0	0
4487	4487_1	4487_2	BND	chr6	52174049	chr6	52174177		True	True	False	True	2	3	5	-7,4	-1,1	-8,9	-1,1	-8,9	-1,1	-7,4	-1,1	2	3	5	0	0	0
19851	19851_1	19851_2	BND	chr6	53761569	chrX	138632173		False	False	False	True	1	4	5	-8,8	0,0	-8,8	0,0	-8,8	0,0	-8,8	0,0	1	4	5	0	0	0
19779	19779_1	19779_2	BND	chr6	53763642	chr21	28837697		False	False	False	True	1	4	5	-8,8	0,0	-8,8	0,0	-8,8	0,0	-8,8	0,0	1	4	5	0	0	0
19376	19376_1	19376_2	BND	chr6	54568654	chr8	88642617		False	False	False	True	1	4	5	-10,9	0,0	-8,8	0,0	-8,8	0,0	-10,9	0,0	1	4	5	0	0	0
4503	4503		INV	chr6	54738129	chr6	54738257	128.0	True		False		1	4	5	0,9	0,3	-1,0	-1,0					1	4	5	0	0	0
4509	4509_1	4509_2	BND	chr6	55520399	chr6	55520599		True	True	False	True	2	3	5	-10,9	-1,1	-8,9	-1,1	-8,9	-1,1	-10,9	-1,1	2	3	5	0	0	0
19394	19394_1	19394_2	BND	chr6	55610569	chr8	135445135		False	False	False	True	1	4	5	-10,9	0,0	-8,8	0,0	-8,8	0,0	-10,9	0,0	1	4	5	0	0	0
4512	4512		INV	chr6	55992461	chr6	55992747	286.0	True		False		3	2	5	-10,8	-3,3	-9,9	-3,1					3	2	5	0	0	0
19690	19690_1	19690_2	BND	chr6	56526044	chr17	41211323		False	False	False	True	1	4	5	-8,8	0,0	-10,9	0,0	-10,9	0,0	-8,8	0,0	1	4	5	0	0	0
19758	19758_1	19758_2	BND	chr6	56660023	chr20	17830610		False	False	False	True	1	4	5	-10,9	0,0	-10,9	0,0	-10,9	0,0	-10,9	0,0	1	4	5	0	0	0
19829	19829_1	19829_2	BND	chr6	57215570	chrX	78569820		False	False	False	True	1	4	5	-8,8	0,0	-8,8	0,0	-8,8	0,0	-8,8	0,0	1	4	5	0	0	0
19371	19371_1	19371_2	BND	chr6	61944493	chr8	78293101		False	False	False	True	1	4	5	-8,8	0,0	-10,9	0,0	-10,9	0,0	-8,8	0,0	1	4	5	0	0	0
4543	4543_1	4543_2	BND	chr6	62248204	chr6	62248363		True	True	False	True	2	3	5	0,3	0,3	-6,0	-6,0	-6,0	-6,0	0,3	0,3	2	3	5	0	0	0
4545	4545_1	4545_2	BND	chr6	62478989	chr6	62479435		True	True	False	True	3	2	5	-10,9	-2,3	-10,9	-2,3	-10,9	-2,3	-10,9	-2,3	3	2	5	0	0	0
19562	19562_1	19562_2	BND	chr6	62768264	chr13	33291991		True	True	False	True	1	4	5	-8,8	0,0	-8,9	0,1	-8,9	0,1	-8,8	0,0	1	4	5	0	0	0
19846	19846_1	19846_2	BND	chr6	62923126	chrX	126390810		True	True	False	True	1	4	5	-8,9	0,2	-8,8	0,0	-8,8	0,0	-8,9	0,2	1	4	5	0	0	0
19820	19820_1	19820_2	BND	chr6	63006892	chrX	53051778		False	False	False	True	1	4	5	-8,8	0,0	-8,8	0,0	-8,8	0,0	-8,8	0,0	1	4	5	0	0	0
19573	19573_1	19573_2	BND	chr6	63109225	chr13	89487728		False	False	False	True	1	4	5	-8,8	0,0	-10,9	0,0	-10,9	0,0	-8,8	0,0	1	4	5	0	0	0
4547	4547		INV	chr6	63197246	chr6	63197387	141.0	True		False		2	4	6	-7,7	-2,3	-8,6	-3,2					2	4	6	0	0	0
19812	19812_1	19812_2	BND	chr6	63309955	chrX	28216804		False	False	False	True	1	4	5	-8,8	0,0	-8,8	0,0	-8,8	0,0	-8,8	0,0	1	4	5	0	0	0
4553	4553		INV	chr6	64089955	chr6	64090117	162.0	True		False		3	3	6	-4,9	-1,3	0,1	0,1					3	3	6	0	0	0
19429	19429_1	19429_2	BND	chr6	65067149	chr9	118181426		False	False	False	True	1	4	5	-10,9	0,0	-10,9	0,0	-10,9	0,0	-10,9	0,0	1	4	5	0	0	0
4706	4706_1	4706_2	BND	chr6	65429189	chr6	93801973		False	False	False	True	1	4	5	-8,8	0,0	-8,8	0,0	-8,8	0,0	-8,8	0,0	1	4	5	0	0	0
19670	19670_1	19670_2	BND	chr6	65507966	chr16	76669153		True	True	False	True	1	4	5	-8,8	0,0	-10,6	-1,0	-10,6	-1,0	-8,8	0,0	1	4	5	0	0	0
19472	19472_1	19472_2	BND	chr6	65646077	chr10	116558524		False	False	False	True	1	4	5	-10,9	0,0	-10,9	0,0	-10,9	0,0	-10,9	0,0	1	4	5	0	0	0
4563	4563		INV	chr6	66058500	chr6	66058662	162.0	True		False		2	3	5	-4,6	0,3	0,8	0,1					2	3	5	0	0	0
4841	4841_1	4841_2	BND	chr6	67051514	chr6	121169792		False	False	False	True	1	4	5	-8,8	0,0	-8,8	0,0	-8,8	0,0	-8,8	0,0	1	4	5	0	0	0
19828	19828_1	19828_2	BND	chr6	67182470	chrX	74860884		False	False	False	True	1	4	5	-10,9	0,0	-8,8	0,0	-8,8	0,0	-10,9	0,0	1	4	5	0	0	0
4947	4947_1	4947_2	BND	chr6	67256716	chr6	141893796		False	False	False	True	1	4	5	-8,8	0,0	-8,8	0,0	-8,8	0,0	-8,8	0,0	1	4	5	0	0	0
19616	19616_1	19616_2	BND	chr6	67423392	chr15	55602106		True	True	False	True	1	4	5	0,5	0,5	0,3	0,3	0,3	0,3	0,5	0,5	1	4	5	0	0	0
4864	4864_1	4864_2	BND	chr6	67695577	chr6	126410640		True	True	False	True	1	4	5	-8,8	0,0	-10,5	-1,0	-10,5	-1,0	-8,8	0,0	1	4	5	0	0	0
4575	4575_1	4575_2	BND	chr6	67919632	chr6	67919781		True	True	False	True	3	3	6	-10,9	-1,1	-10,9	-1,1	-10,9	-1,1	-10,9	-1,1	2	3	5	1	0	1
4579	4579		INV	chr6	68132645	chr6	68132893	248.0	True		False		2	3	5	-10,9	-1,1	-10,9	-1,1					2	3	5	0	0	0
19314	19314_1	19314_2	BND	chr6	68548476	chr7	73814844		False	False	False	True	1	4	5	-10,9	0,0	-8,8	0,0	-8,8	0,0	-10,9	0,0	1	4	5	0	0	0
19834	19834_1	19834_2	BND	chr6	68638260	chrX	98666570		False	False	False	True	1	4	5	-8,8	0,0	-10,9	0,0	-10,9	0,0	-8,8	0,0	1	4	5	0	0	0
4583	4583_1	4583_2	BND	chr6	68950553	chr6	68950907		True	True	False	True	3	2	5	-10,9	-2,3	-10,9	-2,3	-10,9	-2,3	-10,9	-2,3	3	2	5	0	0	0
19707	19707_1	19707_2	BND	chr6	69036657	chr18	1281298		False	False	False	True	1	4	5	-8,8	0,0	-10,9	0,0	-10,9	0,0	-8,8	0,0	1	4	5	0	0	0
19783	19783_1	19783_2	BND	chr6	69326826	chr21	10374540		False	False	False	True	1	4	5	-8,8	0,0	-10,9	0,0	-10,9	0,0	-8,8	0,0	1	4	5	0	0	0
4587	4587_1	4587_2	BND	chr6	69523470	chr6	69523598		True	True	False	True	1	4	5	-10,9	0,0	-10,5	-1,0	-10,5	-1,0	-10,9	0,0	1	4	5	0	0	0
19479	19479_1	19479_2	BND	chr6	69535731	chr10	125241152		False	False	False	True	1	4	5	-10,9	0,0	-10,9	0,0	-10,9	0,0	-10,9	0,0	1	4	5	0	0	0
19819	19819_1	19819_2	BND	chr6	69747028	chrX	51754279		False	False	False	True	1	4	5	-10,9	0,0	-10,9	0,0	-10,9	0,0	-10,9	0,0	1	4	5	0	0	0
19698	19698_1	19698_2	BND	chr6	70700149	chr17	72304649		False	False	False	True	1	4	5	-8,8	0,0	-10,9	0,0	-10,9	0,0	-8,8	0,0	1	4	5	0	0	0
19437	19437_1	19437_2	BND	chr6	71027698	chr10	5590784		True	True	False	True	1	4	5	-2,9	0,1	-8,8	0,0	-8,8	0,0	-2,9	0,1	1	4	5	0	0	0
4594	4594_1	4594_2	BND	chr6	72119034	chr6	72119175		True	True	False	True	2	3	5	-5,9	-1,1	-10,5	-3,0	-10,5	-3,0	-5,9	-1,1	2	3	5	0	0	0
4597	4597		INV	chr6	72358519	chr6	72358667	148.0	True		False		2	3	5	0,3	0,3	-10,5	-3,0					2	3	5	0	0	0
19595	19595_1	19595_2	BND	chr6	72662523	chr14	60682493		True	True	False	True	1	4	5	-10,9	0,0	-8,7	0,1	-8,7	0,1	-10,9	0,0	1	4	5	0	0	0
19811	19811_1	19811_2	BND	chr6	72717361	chrX	27422244		False	False	False	True	1	4	5	-10,9	0,0	-10,9	0,0	-10,9	0,0	-10,9	0,0	1	4	5	0	0	0
19589	19589_1	19589_2	BND	chr6	73015062	chr14	27300304		False	False	False	True	1	4	5	-10,9	0,0	-8,8	0,0	-8,8	0,0	-10,9	0,0	1	4	5	0	0	0
19405	19405_1	19405_2	BND	chr6	73237498	chr9	13826366		False	False	False	True	1	4	5	-8,8	0,0	-8,8	0,0	-8,8	0,0	-8,8	0,0	1	4	5	0	0	0
19597	19597_1	19597_2	BND	chr6	73446762	chr14	71013567		True	True	False	True	3	2	5	-7,9	-1,1	-10,9	-1,1	-10,9	-1,1	-7,9	-1,1	3	2	5	0	0	0
19725	19725_1	19725_2	BND	chr6	73804483	chr18	69663500		False	False	False	True	1	4	5	-8,8	0,0	-8,8	0,0	-8,8	0,0	-8,8	0,0	1	4	5	0	0	0
4604	4604_1	4604_2	BND	chr6	73931423	chr6	73931546		True	True	False	True	2	3	5	-10,6	-1,0	-10,9	-1,0	-10,9	-1,0	-10,6	-1,0	2	3	5	0	0	0
19352	19352_1	19352_2	BND	chr6	74784865	chr8	6016287		False	False	False	True	1	4	5	-10,9	0,0	-8,8	0,0	-8,8	0,0	-10,9	0,0	1	4	5	0	0	0
4680	4680_1	4680_2	BND	chr6	74895945	chr6	90239924		False	False	False	True	1	4	5	-10,9	0,0	-10,9	0,0	-10,9	0,0	-10,9	0,0	1	4	5	0	0	0
4613	4613		INV	chr6	75697048	chr6	75697341	293.0	True		False		2	3	5	-10,9	-1,1	-10,7	-2,0					2	3	5	0	0	0
19714	19714_1	19714_2	BND	chr6	75760951	chr18	37082174		False	False	False	True	1	4	5	-10,9	0,0	-8,8	0,0	-8,8	0,0	-10,9	0,0	1	4	5	0	0	0
19319	19319_1	19319_2	BND	chr6	75817352	chr7	89218897		False	False	False	True	1	4	5	-8,8	0,0	-10,9	0,0	-10,9	0,0	-8,8	0,0	1	4	5	0	0	0
19743	19743_1	19743_2	BND	chr6	75839478	chr19	14323444		False	False	False	True	1	4	5	-8,8	0,0	-10,9	0,0	-10,9	0,0	-8,8	0,0	1	4	5	0	0	0
4871	4871_1	4871_2	BND	chr6	76272287	chr6	127558016		False	False	False	True	1	4	5	-8,8	0,0	-8,8	0,0	-8,8	0,0	-8,8	0,0	1	4	5	0	0	0
19708	19708_1	19708_2	BND	chr6	76410355	chr18	1902350		False	False	False	True	1	4	5	-8,8	0,0	-8,8	0,0	-8,8	0,0	-8,8	0,0	1	4	5	0	0	0
19390	19390_1	19390_2	BND	chr6	76660820	chr8	113831013		False	False	False	True	1	4	5	-10,9	0,0	-10,9	0,0	-10,9	0,0	-10,9	0,0	1	4	5	0	0	0
19369	19369_1	19369_2	BND	chr6	76817088	chr8	72350833		False	False	False	True	1	4	5	-10,9	0,0	-8,8	0,0	-8,8	0,0	-10,9	0,0	1	4	5	0	0	0
4617	4617_1	4617_2	BND	chr6	76832979	chr6	76833184		False	False	False	True	1	4	5	-10,9	0,0	-9,6	0,0	-9,6	0,0	-10,9	0,0	1	4	5	0	0	0
4620	4620_1	4620_2	BND	chr6	77288211	chr6	77288359		True	True	False	True	2	3	5	-1,9	-1,3	-4,0	-4,0	-4,0	-4,0	-1,9	-1,3	2	3	5	0	0	0
19333	19333_1	19333_2	BND	chr6	77517996	chr7	115535464		False	False	False	True	1	4	5	-8,8	0,0	-10,9	0,0	-10,9	0,0	-8,8	0,0	1	4	5	0	0	0
4623	4623_1	4623_2	BND	chr6	78093520	chr6	78093641		False	False	False	True	1	4	5	-8,8	0,0	-8,8	0,0	-8,8	0,0	-8,8	0,0	1	4	5	0	0	0
19358	19358_1	19358_2	BND	chr6	78871440	chr8	21295882		False	False	False	True	1	4	5	-8,8	0,0	-10,9	0,0	-10,9	0,0	-8,8	0,0	1	4	5	0	0	0
19292	19292_1	19292_2	BND	chr6	79475125	chr7	3781859		False	False	False	True	1	4	5	-8,8	0,0	-10,9	0,0	-10,9	0,0	-8,8	0,0	1	4	5	0	0	0
4633	4633_1	4633_2	BND	chr6	79837645	chr6	79837787		False	False	False	True	1	4	5	-8,8	0,0	-8,8	0,0	-8,8	0,0	-8,8	0,0	1	4	5	0	0	0
19658	19658_1	19658_2	BND	chr6	79914039	chr16	24621272		False	False	False	True	2	4	6	-10,9	0,0	-10,9	0,0	-10,9	0,0	-10,9	0,0	2	4	6	0	0	0
19576	19576_1	19576_2	BND	chr6	79998025	chr13	92349937		False	False	False	True	1	4	5	-10,9	0,0	-10,9	0,0	-10,9	0,0	-10,9	0,0	1	4	5	0	0	0
4637	4637_1	4637_2	BND	chr6	80173806	chr6	80173926		True	True	False	True	2	3	5	-9,8	-1,1	-8,9	-1,1	-8,9	-1,1	-9,8	-1,1	2	3	5	0	0	0
19330	19330_1	19330_2	BND	chr6	80250567	chr7	99650734		False	False	False	True	1	4	5	-10,9	0,0	-10,9	0,0	-10,9	0,0	-10,9	0,0	1	4	5	0	0	0
19563	19563_1	19563_2	BND	chr6	80982215	chr13	57102885		False	False	False	True	1	4	5	-8,8	0,0	-8,8	0,0	-8,8	0,0	-8,8	0,0	1	4	5	0	0	0
4641	4641		INV	chr6	81355312	chr6	81355469	157.0	True		False		2	4	6	0,0	0,0	-4,5	-4,5					2	4	6	0	0	0
19748	19748_1	19748_2	BND	chr6	81356626	chr19	42637116		False	False	False	True	1	4	5	-8,8	0,0	-10,9	0,0	-10,9	0,0	-8,8	0,0	1	4	5	0	0	0
4645	4645_1	4645_2	BND	chr6	81827266	chr6	81827410		True	True	False	True	1	4	5	-10,9	-1,1	-10,9	-1,1	-10,9	-1,1	-10,9	-1,1	1	4	5	0	0	0
19724	19724_1	19724_2	BND	chr6	82176631	chr18	64901848		False	False	False	True	1	4	5	-8,8	0,0	-10,9	0,0	-10,9	0,0	-8,8	0,0	1	4	5	0	0	0
5016	5016_1	5016_2	BND	chr6	82657033	chr6	154669040		True	True	False	True	1	4	5	-9,5	-2,1	-8,9	0,2	-8,9	0,2	-9,5	-2,1	1	4	5	0	0	0
19718	19718_1	19718_2	BND	chr6	82844669	chr18	43050017		False	False	False	True	1	4	5	-10,9	0,0	-10,9	0,0	-10,9	0,0	-10,9	0,0	1	4	5	0	0	0
19527	19527_1	19527_2	BND	chr6	84028345	chr12	49428822		False	False	False	True	1	4	5	-10,9	0,0	-8,8	0,0	-8,8	0,0	-10,9	0,0	1	4	5	0	0	0
19716	19716_1	19716_2	BND	chr6	84495247	chr18	41612245		False	False	False	True	1	4	5	-10,9	0,0	-8,8	0,0	-8,8	0,0	-10,9	0,0	1	4	5	0	0	0
19621	19621_1	19621_2	BND	chr6	84525575	chr15	68281550		True	True	False	True	1	4	5	-9,9	-1,1	-10,9	-1,1	-10,9	-1,1	-9,9	-1,1	1	4	5	0	0	0
4551	4551_1	4551_2	BND	chr6	84770688	chr6	84770756		False	False	False	True	1	4	5	-10,1	0,0	-8,8	0,0	-8,8	0,0	-10,1	0,0	1	4	5	0	0	0
19809	19809_1	19809_2	BND	chr6	85084590	chrX	25386841		False	False	False	True	1	4	5	-8,8	0,0	-8,8	0,0	-8,8	0,0	-8,8	0,0	1	4	5	0	0	0
19710	19710_1	19710_2	BND	chr6	85448891	chr18	9332105		False	False	False	True	1	4	5	-8,8	0,0	-10,9	0,0	-10,9	0,0	-8,8	0,0	1	4	5	0	0	0
5023	5023_1	5023_2	BND	chr6	85613263	chr6	156405188		False	False	False	True	1	4	5	-10,9	0,0	-10,9	0,0	-10,9	0,0	-10,9	0,0	1	4	5	0	0	0
19791	19791_1	19791_2	BND	chr6	85845163	chr22	17357940		False	False	False	True	1	4	5	-10,9	0,0	-10,9	0,0	-10,9	0,0	-10,9	0,0	1	4	5	0	0	0
19571	19571_1	19571_2	BND	chr6	86880451	chr13	81206589		False	False	False	True	1	4	5	-8,8	0,0	-8,8	0,0	-8,8	0,0	-8,8	0,0	1	4	5	0	0	0
4670	4670_1	4670_2	BND	chr6	87021565	chr6	87021769		True	True	False	True	2	4	6	-467,9	-159,2	-4,9	-4,1	-4,9	-4,1	-467,9	-159,2	2	4	6	0	0	0
4671	4671_1	4671_2	BND	chr6	87072492	chr6	87072613		True	True	False	True	2	3	5	-10,1	-8,0	-3,0	-3,0	-3,0	-3,0	-10,1	-8,0	2	3	5	0	0	0
19556	19556_1	19556_2	BND	chr6	87175154	chr12	121326770		False	False	False	True	1	4	5	-10,9	0,0	-8,8	0,0	-8,8	0,0	-10,9	0,0	1	4	5	0	0	0
19666	19666_1	19666_2	BND	chr6	87570008	chr16	62417033		False	False	False	True	1	4	5	-10,9	0,0	-10,9	0,0	-10,9	0,0	-10,9	0,0	1	4	5	0	0	0
19443	19443_1	19443_2	BND	chr6	87663756	chr10	32668969		False	False	False	True	1	4	5	-10,9	0,0	-10,9	0,0	-10,9	0,0	-10,9	0,0	1	4	5	0	0	0
4674	4674_1	4674_2	BND	chr6	88426973	chr6	88427101		True	True	False	True	2	3	5	-10,3	-1,1	-10,9	-1,1	-10,9	-1,1	-10,3	-1,1	2	3	5	0	0	0
4675	4675		INV	chr6	88509902	chr6	88510148	246.0	True		False		1	4	5	-9,2	-2,1	-9,2	-2,1					1	4	5	0	0	0
19661	19661_1	19661_2	BND	chr6	89888241	chr16	28133339		False	False	False	True	1	4	5	-10,9	0,0	-10,9	0,0	-10,9	0,0	-10,9	0,0	1	4	5	0	0	0
19483	19483_1	19483_2	BND	chr6	90011520	chr11	5859690		True	True	False	True	1	4	5	-10,9	0,0	-8,0	-8,0	-8,0	-8,0	-10,9	0,0	1	4	5	0	0	0
19629	19629_1	19629_2	BND	chr6	90051825	chr15	82749677		False	False	False	True	1	4	5	-8,8	0,0	-10,9	0,0	-10,9	0,0	-8,8	0,0	1	4	5	0	0	0
4681	4681		INV	chr6	90250791	chr6	90250974	183.0	True		False		2	3	5	-10,9	-1,1	-10,9	-1,1					2	3	5	0	0	0
4683	4683_1	4683_2	BND	chr6	90265086	chr6	90265233		True	True	False	True	2	3	5	-10,9	-1,1	-10,9	-1,1	-10,9	-1,1	-10,9	-1,1	2	3	5	0	0	0
19550	19550_1	19550_2	BND	chr6	90271423	chr12	108128654		False	False	False	True	1	4	5	-8,8	0,0	-10,9	0,0	-10,9	0,0	-8,8	0,0	1	4	5	0	0	0
4684	4684_1	4684_2	BND	chr6	90352244	chr6	90352414		True	True	False	True	2	3	5	-10,9	-1,1	-1,9	-1,3	-1,9	-1,3	-10,9	-1,1	2	3	5	0	0	0
19694	19694_1	19694_2	BND	chr6	91330709	chr17	55529610		False	False	False	True	1	4	5	-10,9	0,0	-10,9	0,0	-10,9	0,0	-10,9	0,0	1	4	5	0	0	0
19784	19784_1	19784_2	BND	chr6	91981486	chr21	16747987		False	False	False	True	1	4	5	-8,8	0,0	-10,9	0,0	-10,9	0,0	-8,8	0,0	1	4	5	0	0	0
19406	19406_1	19406_2	BND	chr6	93387444	chr9	16385150		False	False	False	True	1	4	5	-8,8	0,0	-10,9	0,0	-10,9	0,0	-8,8	0,0	1	4	5	0	0	0
4703	4703_1	4703_2	BND	chr6	93739276	chr6	93739441		False	False	False	True	1	4	5	-10,9	0,0	-9,6	0,0	-9,6	0,0	-10,9	0,0	1	4	5	0	0	0
19856	19856_1	19856_2	BND	chr6	94049785	chrX	155523591		False	False	False	True	1	4	5	-10,9	0,0	-10,9	0,0	-10,9	0,0	-10,9	0,0	1	4	5	0	0	0
19637	19637_1	19637_2	BND	chr6	94217380	chr15	100076923		False	False	False	True	1	4	5	-8,8	0,0	-10,9	0,0	-10,9	0,0	-8,8	0,0	1	4	5	0	0	0
4715	4715_1	4715_2	BND	chr6	94225994	chr6	94226108		True	True	False	True	2	3	5	-8,0	-8,0	0,9	0,1	0,9	0,1	-8,0	-8,0	2	3	5	0	0	0
19591	19591_1	19591_2	BND	chr6	94425040	chr14	31841484		False	False	False	True	1	4	5	-8,8	0,0	-10,9	0,0	-10,9	0,0	-8,8	0,0	1	4	5	0	0	0
19825	19825_1	19825_2	BND	chr6	94655982	chrX	64747552		False	False	False	True	1	4	5	-10,9	0,0	-8,8	0,0	-8,8	0,0	-10,9	0,0	1	4	5	0	0	0
19746	19746_1	19746_2	BND	chr6	94675904	chr19	38968498		False	False	False	True	1	4	5	-10,9	0,0	-8,8	0,0	-8,8	0,0	-10,9	0,0	1	4	5	0	0	0
19709	19709_1	19709_2	BND	chr6	94834975	chr18	3462100		False	False	False	True	1	4	5	-10,9	0,0	-8,8	0,0	-8,8	0,0	-10,9	0,0	1	4	5	0	0	0
4722	4722_1	4722_2	BND	chr6	95095703	chr6	95095829		True	True	False	True	2	3	5	-9,9	-1,1	-8,9	-1,1	-8,9	-1,1	-9,9	-1,1	2	3	5	0	0	0
19416	19416_1	19416_2	BND	chr6	95154213	chr9	74455830		False	False	False	True	1	4	5	-10,9	0,0	-8,8	0,0	-8,8	0,0	-10,9	0,0	1	4	5	0	0	0
19766	19766_1	19766_2	BND	chr6	95399695	chr20	54046548		True	True	False	True	1	4	5	-10,6	-2,0	-8,8	0,0	-8,8	0,0	-10,6	-2,0	1	4	5	0	0	0
19353	19353_1	19353_2	BND	chr6	95656687	chr8	12922611		False	False	False	True	1	4	5	-8,8	0,0	-10,9	0,0	-10,9	0,0	-8,8	0,0	1	4	5	0	0	0
4729	4729_1	4729_2	BND	chr6	95696025	chr6	95696166		False	False	False	True	1	4	5	-10,9	0,0	-9,6	0,0	-9,6	0,0	-10,9	0,0	1	4	5	0	0	0
19601	19601_1	19601_2	BND	chr6	96747869	chr14	83381021		True	True	False	True	1	4	5	-1,9	0,1	-10,9	0,0	-10,9	0,0	-1,9	0,1	1	4	5	0	0	0
19818	19818_1	19818_2	BND	chr6	97018602	chrX	46723311		True	True	False	True	1	4	5	-9,8	-1,1	-7,8	0,1	-7,8	0,1	-9,8	-1,1	1	4	5	0	0	0
19835	19835_1	19835_2	BND	chr6	97516606	chrX	99066006		False	False	False	True	1	4	5	-10,9	0,0	-8,8	0,0	-8,8	0,0	-10,9	0,0	1	4	5	0	0	0
19807	19807_1	19807_2	BND	chr6	100157465	chrX	21417215		True	True	False	True	1	4	5	-10,6	-1,0	-8,7	0,1	-8,7	0,1	-10,6	-1,0	1	4	5	0	0	0
19836	19836_1	19836_2	BND	chr6	100632188	chrX	100601496		False	False	False	True	1	4	5	-8,8	0,0	-8,8	0,0	-8,8	0,0	-8,8	0,0	1	4	5	0	0	0
19561	19561_1	19561_2	BND	chr6	101679445	chr13	22847448		False	False	False	True	1	4	5	-10,9	0,0	-10,9	0,0	-10,9	0,0	-10,9	0,0	1	4	5	0	0	0
19495	19495_1	19495_2	BND	chr6	101828343	chr11	59074546		False	False	False	True	1	4	5	-10,9	0,0	-10,9	0,0	-10,9	0,0	-10,9	0,0	1	4	5	0	0	0
19411	19411_1	19411_2	BND	chr6	102235467	chr9	32460492		False	False	False	True	1	4	5	-10,9	0,0	-8,8	0,0	-8,8	0,0	-10,9	0,0	1	4	5	0	0	0
4758	4758_1	4758_2	BND	chr6	102638486	chr6	102638724		False	False	False	True	1	4	5	-8,8	0,0	-8,8	0,0	-8,8	0,0	-8,8	0,0	1	4	5	0	0	0
19683	19683_1	19683_2	BND	chr6	102683714	chr17	8010825		False	False	False	True	1	4	5	-10,9	0,0	-8,8	0,0	-8,8	0,0	-10,9	0,0	1	4	5	0	0	0
19717	19717_1	19717_2	BND	chr6	102767316	chr18	42065698		False	False	False	True	1	4	5	-8,8	0,0	-10,9	0,0	-10,9	0,0	-8,8	0,0	1	4	5	0	0	0
19351	19351_1	19351_2	BND	chr6	103358642	chr8	5072267		False	False	False	True	1	4	5	-10,9	0,0	-8,8	0,0	-8,8	0,0	-10,9	0,0	1	4	5	0	0	0
4764	4764		INV	chr6	103665740	chr6	103665990	250.0	True		False		1	4	5	-9,9	-1,1	-10,9	-1,1					1	4	5	0	0	0
19313	19313_1	19313_2	BND	chr6	103931282	chr7	69868903		False	False	False	True	1	4	5	-8,8	0,0	-8,8	0,0	-8,8	0,0	-8,8	0,0	1	4	5	0	0	0
19522	19522_1	19522_2	BND	chr6	103989396	chr12	21089127		True	True	False	True	1	4	5	-8,7	0,1	-8,8	0,0	-8,8	0,0	-8,7	0,1	1	4	5	0	0	0
19672	19672_1	19672_2	BND	chr6	104423051	chr16	89802826		False	False	False	True	1	4	5	-8,8	0,0	-10,9	0,0	-10,9	0,0	-8,8	0,0	1	4	5	0	0	0
19760	19760_1	19760_2	BND	chr6	105206600	chr20	24765227		False	False	False	True	1	4	5	-8,8	0,0	-8,8	0,0	-8,8	0,0	-8,8	0,0	1	4	5	0	0	0
4771	4771		INV	chr6	105482755	chr6	105482902	147.0	True		False		2	3	5	-10,9	-1,1	-10,9	-1,1					2	3	5	0	0	0
4773	4773_1	4773_2	BND	chr6	105770898	chr6	105771010		True	True	False	True	2	3	5	-10,6	-1,0	-7,8	-1,0	-7,8	-1,0	-10,6	-1,0	2	3	5	0	0	0
19345	19345_1	19345_2	BND	chr6	106836115	chr7	145301387		False	False	False	True	1	4	5	-10,9	0,0	-8,8	0,0	-8,8	0,0	-10,9	0,0	1	4	5	0	0	0
19747	19747_1	19747_2	BND	chr6	107983897	chr19	40479263		False	False	False	True	1	4	5	-8,8	0,0	-8,8	0,0	-8,8	0,0	-8,8	0,0	1	4	5	0	0	0
19384	19384_1	19384_2	BND	chr6	108006224	chr8	105304969		True	True	False	True	1	4	5	-10,9	0,0	-9,6	-2,1	-9,6	-2,1	-10,9	0,0	1	4	5	0	0	0
19588	19588_1	19588_2	BND	chr6	108530409	chr14	21534672		False	False	False	True	1	4	5	-8,8	0,0	-10,9	0,0	-10,9	0,0	-8,8	0,0	1	4	5	0	0	0
19570	19570_1	19570_2	BND	chr6	108758125	chr13	79745035		False	False	False	True	1	4	5	-8,8	0,0	-10,9	0,0	-10,9	0,0	-8,8	0,0	1	4	5	0	0	0
19299	19299_1	19299_2	BND	chr6	109264029	chr7	21355202		False	False	False	True	1	4	5	-8,8	0,0	-10,9	0,0	-10,9	0,0	-8,8	0,0	1	4	5	0	0	0
4791	4791		INV	chr6	109522516	chr6	109522627	111.0	True		False		2	3	5	-5,9	0,3	0,9	0,3					2	3	5	0	0	0
19417	19417_1	19417_2	BND	chr6	110578784	chr9	77965547		False	False	False	True	1	4	5	-10,9	0,0	-8,8	0,0	-8,8	0,0	-10,9	0,0	1	4	5	0	0	0
19763	19763_1	19763_2	BND	chr6	111440689	chr20	39419123		False	False	False	True	1	4	5	-10,9	0,0	-10,9	0,0	-10,9	0,0	-10,9	0,0	1	4	5	0	0	0
19453	19453_1	19453_2	BND	chr6	111807448	chr10	56704075		False	False	False	True	1	4	5	-8,8	0,0	-10,9	0,0	-10,9	0,0	-8,8	0,0	1	4	5	0	0	0
19531	19531_1	19531_2	BND	chr6	111932697	chr12	61324158		False	False	False	True	1	4	5	-8,8	0,0	-10,9	0,0	-10,9	0,0	-8,8	0,0	1	4	5	0	0	0
19484	19484_1	19484_2	BND	chr6	112527679	chr11	13418972		False	False	False	True	1	4	5	-8,8	0,0	-10,9	0,0	-10,9	0,0	-8,8	0,0	1	4	5	0	0	0
19795	19795_1	19795_2	BND	chr6	112586224	chr22	43872136		False	False	False	True	1	4	5	-10,9	0,0	-8,8	0,0	-8,8	0,0	-10,9	0,0	1	4	5	0	0	0
19655	19655_1	19655_2	BND	chr6	112624497	chr16	18770932		False	False	False	True	1	4	5	-8,8	0,0	-10,9	0,0	-10,9	0,0	-8,8	0,0	1	4	5	0	0	0
19424	19424_1	19424_2	BND	chr6	112768593	chr9	101283197		False	False	False	True	1	4	5	-8,8	0,0	-8,8	0,0	-8,8	0,0	-8,8	0,0	1	4	5	0	0	0
19399	19399_1	19399_2	BND	chr6	112958312	chr9	1862874		False	False	False	True	1	4	5	-10,9	0,0	-8,8	0,0	-8,8	0,0	-10,9	0,0	1	4	5	0	0	0
19480	19480_1	19480_2	BND	chr6	113076999	chr10	126246665		False	False	False	True	1	4	5	-10,9	0,0	-8,8	0,0	-8,8	0,0	-10,9	0,0	1	4	5	0	0	0
19539	19539_1	19539_2	BND	chr6	113143737	chr12	74830652		False	False	False	True	1	4	5	-10,9	0,0	-10,9	0,0	-10,9	0,0	-10,9	0,0	1	4	5	0	0	0
4803	4803		INV	chr6	113201228	chr6	113201364	136.0	True		False		3	2	5	-10,9	-1,1	-9,9	-1,1					3	2	5	0	0	0
19536	19536_1	19536_2	BND	chr6	113326146	chr12	73381753		False	False	False	True	1	4	5	-8,8	0,0	-8,8	0,0	-8,8	0,0	-8,8	0,0	1	4	5	0	0	0
4807	4807_1	4807_2	BND	chr6	113587717	chr6	113587824		False	False	False	True	1	4	5	-10,7	0,0	-8,8	0,0	-8,8	0,0	-10,7	0,0	1	4	5	0	0	0
19810	19810_1	19810_2	BND	chr6	114290541	chrX	25868338		False	False	False	True	1	4	5	-10,9	0,0	-8,8	0,0	-8,8	0,0	-10,9	0,0	1	4	5	0	0	0
19765	19765_1	19765_2	BND	chr6	114440258	chr20	44828518		False	False	False	True	1	4	5	-10,9	0,0	-8,8	0,0	-8,8	0,0	-10,9	0,0	1	4	5	0	0	0
4809	4809		INV	chr6	114486919	chr6	114487128	209.0	True		False		1	4	5	-10,9	-1,1	-10,9	-1,1					1	4	5	0	0	0
4923	4923_1	4923_2	BND	chr6	114665351	chr6	135578226		False	False	False	True	1	4	5	-10,9	0,0	-10,9	0,0	-10,9	0,0	-10,9	0,0	1	4	5	0	0	0
4810	4810_1	4810_2	BND	chr6	114713117	chr6	114713259		True	True	False	True	1	4	5	-10,9	-1,1	-10,9	-1,1	-10,9	-1,1	-10,9	-1,1	1	4	5	0	0	0
19802	19802_1	19802_2	BND	chr6	115081067	chrX	12254936		False	False	False	True	1	4	5	-8,8	0,0	-10,9	0,0	-10,9	0,0	-8,8	0,0	1	4	5	0	0	0
4814	4814_1	4814_2	BND	chr6	115666953	chr6	115667038		False	False	False	True	1	4	5	-10,9	0,0	-8,9	0,0	-8,9	0,0	-10,9	0,0	1	4	5	0	0	0
19751	19751_1	19751_2	BND	chr6	115811595	chr19	52724629		False	False	False	True	1	4	5	-10,9	0,0	-8,8	0,0	-8,8	0,0	-10,9	0,0	1	4	5	0	0	0
4817	4817_1	4817_2	BND	chr6	116323809	chr6	116323882		True	True	False	True	1	4	5	-8,7	0,1	-1,9	0,1	-1,9	0,1	-8,7	0,1	1	4	5	0	0	0
4820	4820_1	4820_2	BND	chr6	116492426	chr6	116492559		True	True	False	True	2	3	5	-3,0	-3,0	-2,0	-2,0	-2,0	-2,0	-3,0	-3,0	2	3	5	0	0	0
19713	19713_1	19713_2	BND	chr6	116869198	chr18	33004272		True	True	False	True	1	4	5	-9,6	0,1	-9,4	-1,0	-9,4	-1,0	-9,6	0,1	1	4	5	0	0	0
19749	19749_1	19749_2	BND	chr6	117002231	chr19	49164373		False	False	False	True	1	4	5	-10,9	0,0	-8,8	0,0	-8,8	0,0	-10,9	0,0	1	4	5	0	0	0
19806	19806_1	19806_2	BND	chr6	117445833	chrX	21211772		True	True	False	True	1	4	5	-6,8	0,1	-8,7	0,1	-8,7	0,1	-6,8	0,1	1	4	5	0	0	0
19534	19534_1	19534_2	BND	chr6	117447697	chr12	66057591		True	True	False	True	6	0	6	-355,9	-77,1	-486,6	-105,1	-486,6	-105,1	-355,9	-77,1	6	0	6	0	0	0
4826	4826_1	4826_2	BND	chr6	117459586	chr6	117459700		False	False	False	True	1	4	5	-8,8	0,0	-8,8	0,0	-8,8	0,0	-8,8	0,0	1	4	5	0	0	0
4827	4827_1	4827_2	BND	chr6	117472645	chr6	117472803		True	True	False	True	2	3	5	-10,2	-1,1	-8,9	-1,1	-8,9	-1,1	-10,2	-1,1	2	3	5	0	0	0
19808	19808_1	19808_2	BND	chr6	117666048	chrX	25326922		False	False	False	True	1	4	5	-10,9	0,0	-8,8	0,0	-8,8	0,0	-10,9	0,0	1	4	5	0	0	0
19796	19796_1	19796_2	BND	chr6	118282110	chr22	45775529		False	False	False	True	1	4	5	-10,9	0,0	-8,8	0,0	-8,8	0,0	-10,9	0,0	1	4	5	0	0	0
4829	4829		INV	chr6	118658046	chr6	118658183	137.0	True		False		2	3	5	-4,0	-4,0	-2,9	-1,3					2	3	5	0	0	0
19665	19665_1	19665_2	BND	chr6	120153032	chr16	57194341		False	False	False	True	1	4	5	-8,8	0,0	-10,9	0,0	-10,9	0,0	-8,8	0,0	1	4	5	0	0	0
19801	19801_1	19801_2	BND	chr6	120375764	chrX	5092737		False	False	False	True	1	4	5	-10,9	0,0	-8,8	0,0	-8,8	0,0	-10,9	0,0	1	4	5	0	0	0
19804	19804_1	19804_2	BND	chr6	120452591	chrX	13358476		False	False	False	True	1	4	5	-10,9	0,0	-8,8	0,0	-8,8	0,0	-10,9	0,0	1	4	5	0	0	0
4839	4839_1	4839_2	BND	chr6	120946006	chr6	120946105		False	False	False	True	1	4	5	-10,6	0,0	-8,8	0,0	-8,8	0,0	-10,6	0,0	1	4	5	0	0	0
4843	4843		INV	chr6	121517419	chr6	121517566	147.0	True		False		1	4	5	-3,9	0,3	-3,9	0,3					1	4	5	0	0	0
19654	19654_1	19654_2	BND	chr6	121557142	chr16	17492846		False	False	False	True	1	4	5	-10,9	0,0	-8,8	0,0	-8,8	0,0	-10,9	0,0	1	4	5	0	0	0
19688	19688_1	19688_2	BND	chr6	122216769	chr17	27055478		False	False	False	True	1	4	5	-8,8	0,0	-10,9	0,0	-10,9	0,0	-8,8	0,0	1	4	5	0	0	0
19516	19516_1	19516_2	BND	chr6	122507649	chr12	8127604		False	False	False	True	1	4	5	-10,9	0,0	-8,8	0,0	-8,8	0,0	-10,9	0,0	1	4	5	0	0	0
19403	19403_1	19403_2	BND	chr6	123355216	chr9	9684694		False	False	False	True	1	4	5	-8,8	0,0	-8,8	0,0	-8,8	0,0	-8,8	0,0	1	4	5	0	0	0
19414	19414_1	19414_2	BND	chr6	123457558	chr9	36165875		False	False	False	True	1	4	5	-10,9	0,0	-10,9	0,0	-10,9	0,0	-10,9	0,0	1	4	5	0	0	0
19857	19857_1	19857_2	BND	chr6	123654173	chrX	155712836		False	False	False	True	1	4	5	-8,8	0,0	-8,8	0,0	-8,8	0,0	-8,8	0,0	1	4	5	0	0	0
19843	19843_1	19843_2	BND	chr6	123696599	chrX	111298977		False	False	False	True	1	4	5	-8,8	0,0	-8,8	0,0	-8,8	0,0	-8,8	0,0	1	4	5	0	0	0
19343	19343_1	19343_2	BND	chr6	124605920	chr7	136060060		False	False	False	True	1	4	5	-10,9	0,0	-8,8	0,0	-8,8	0,0	-10,9	0,0	1	4	5	0	0	0
19297	19297_1	19297_2	BND	chr6	125243692	chr7	14097959		False	False	False	True	1	4	5	-10,9	0,0	-8,8	0,0	-8,8	0,0	-10,9	0,0	1	4	5	0	0	0
19541	19541_1	19541_2	BND	chr6	126136342	chr12	80724559		False	False	False	True	1	4	5	-8,8	0,0	-8,8	0,0	-8,8	0,0	-8,8	0,0	1	4	5	0	0	0
19580	19580_1	19580_2	BND	chr6	126579700	chr13	103347779		False	False	False	True	1	4	5	-8,8	0,0	-10,9	0,0	-10,9	0,0	-8,8	0,0	1	4	5	0	0	0
19324	19324_1	19324_2	BND	chr6	127154438	chr7	91010747		False	False	False	True	1	4	5	-8,8	0,0	-8,8	0,0	-8,8	0,0	-8,8	0,0	1	4	5	0	0	0
4868	4868_1	4868_2	BND	chr6	127369565	chr6	127369699		False	False	False	True	1	4	5	-10,9	0,0	-7,6	0,0	-7,6	0,0	-10,9	0,0	1	4	5	0	0	0
19603	19603_1	19603_2	BND	chr6	127536718	chr14	90969849		False	False	False	True	1	4	5	-10,9	0,0	-10,9	0,0	-10,9	0,0	-10,9	0,0	1	4	5	0	0	0
4878	4878_1	4878_2	BND	chr6	128318695	chr6	128318858		False	False	False	True	1	4	5	-10,9	0,0	-9,6	0,0	-9,6	0,0	-10,9	0,0	1	4	5	0	0	0
19485	19485_1	19485_2	BND	chr6	128324614	chr11	18978739		True	True	False	True	1	4	5	-10,6	-1,0	-7,7	0,1	-7,7	0,1	-10,6	-1,0	1	4	5	0	0	0
19540	19540_1	19540_2	BND	chr6	128352338	chr12	76476725		True	True	False	True	1	4	5	-10,4	-1,0	-7,7	0,1	-7,7	0,1	-10,4	-1,0	1	4	5	0	0	0
4879	4879_1	4879_2	BND	chr6	128574656	chr6	128574770		False	False	False	True	2	4	6	-6,4	0,0	-10,9	0,0	-10,9	0,0	-6,4	0,0	2	4	6	0	0	0
19756	19756_1	19756_2	BND	chr6	128637936	chr19	50593961		True	True	False	True	1	4	5	-8,9	0,1	-10,9	0,0	-10,9	0,0	-8,9	0,1	1	4	5	0	0	0
19845	19845_1	19845_2	BND	chr6	128694517	chrX	121410497		False	False	False	True	1	4	5	-10,9	0,0	-10,9	0,0	-10,9	0,0	-10,9	0,0	1	4	5	0	0	0
19332	19332_1	19332_2	BND	chr6	128867991	chr7	112459658		False	False	False	True	1	4	5	-8,8	0,0	-10,9	0,0	-10,9	0,0	-8,8	0,0	1	4	5	0	0	0
19464	19464_1	19464_2	BND	chr6	129833536	chr10	88226869		False	False	False	True	1	4	5	-10,9	0,0	-10,9	0,0	-10,9	0,0	-10,9	0,0	1	4	5	0	0	0
19364	19364_1	19364_2	BND	chr6	130289479	chr8	51632290		False	False	False	True	1	4	5	-8,8	0,0	-8,8	0,0	-8,8	0,0	-8,8	0,0	1	4	5	0	0	0
19545	19545_1	19545_2	BND	chr6	130332279	chr12	91089058		False	False	False	True	1	4	5	-10,9	0,0	-8,8	0,0	-8,8	0,0	-10,9	0,0	1	4	5	0	0	0
19412	19412_1	19412_2	BND	chr6	131155030	chr9	33067308		False	False	False	True	1	4	5	-8,8	0,0	-8,8	0,0	-8,8	0,0	-8,8	0,0	1	4	5	0	0	0
19517	19517_1	19517_2	BND	chr6	131245239	chr12	9825820		False	False	False	True	1	4	5	-8,8	0,0	-8,8	0,0	-8,8	0,0	-8,8	0,0	1	4	5	0	0	0
19799	19799_1	19799_2	BND	chr6	131357251	chr22	31355855		True	True	False	True	6	0	6	-438,9	-80,2	-482,9	-94,1	-482,9	-94,1	-438,9	-80,2	6	0	6	0	0	0
4893	4893_1	4893_2	BND	chr6	131521881	chr6	131522008		False	False	False	True	1	4	5	-10,9	0,0	-9,6	0,0	-9,6	0,0	-10,9	0,0	1	4	5	0	0	0
19775	19775_1	19775_2	BND	chr6	131834494	chr20	43723445		False	False	False	True	1	4	5	-8,8	0,0	-10,9	0,0	-10,9	0,0	-8,8	0,0	1	4	5	0	0	0
19646	19646_1	19646_2	BND	chr6	131986191	chr15	79271122		False	False	False	True	1	4	5	-10,9	0,0	-10,9	0,0	-10,9	0,0	-10,9	0,0	1	4	5	0	0	0
19552	19552_1	19552_2	BND	chr6	132415654	chr12	111771587		False	False	False	True	1	4	5	-8,8	0,0	-10,9	0,0	-10,9	0,0	-8,8	0,0	1	4	5	0	0	0
4904	4904		INV	chr6	133449411	chr6	133449540	129.0	True		False		1	4	5	0,0	0,0	-5,1	-5,0					1	4	5	0	0	0
19642	19642_1	19642_2	BND	chr6	133828124	chr15	62096016		False	False	False	True	1	4	5	-8,8	0,0	-8,8	0,0	-8,8	0,0	-8,8	0,0	1	4	5	0	0	0
4914	4914_1	4914_2	BND	chr6	134337198	chr6	134337325		False	False	False	True	1	4	5	-10,9	0,0	-9,6	0,0	-9,6	0,0	-10,9	0,0	1	4	5	0	0	0
19537	19537_1	19537_2	BND	chr6	134414510	chr12	73380545		False	False	False	True	1	4	5	-8,8	0,0	-10,9	0,0	-10,9	0,0	-8,8	0,0	1	4	5	0	0	0
19800	19800_1	19800_2	BND	chr6	135026095	chr22	41549498		False	False	False	True	1	4	5	-10,9	0,0	-10,9	0,0	-10,9	0,0	-10,9	0,0	1	4	5	0	0	0
19338	19338_1	19338_2	BND	chr6	135647332	chr7	127161747		True	True	False	True	1	4	5	-6,8	0,1	-9,4	-1,0	-9,4	-1,0	-6,8	0,1	1	4	5	0	0	0
4926	4926		INV	chr6	135887957	chr6	135888071	114.0	True		False		1	4	5	-4,9	0,3	-4,9	0,3					1	4	5	0	0	0
19447	19447_1	19447_2	BND	chr6	136042572	chr10	46298675		True	True	False	True	1	4	5	-7,7	0,1	-10,9	0,0	-10,9	0,0	-7,7	0,1	1	4	5	0	0	0
19815	19815_1	19815_2	BND	chr6	136803598	chrX	36484988		False	False	False	True	1	4	5	-8,8	0,0	-8,8	0,0	-8,8	0,0	-8,8	0,0	1	4	5	0	0	0
19467	19467_1	19467_2	BND	chr6	136983398	chr10	99348325		False	False	False	True	1	4	5	-10,9	0,0	-8,8	0,0	-8,8	0,0	-10,9	0,0	1	4	5	0	0	0
19754	19754_1	19754_2	BND	chr6	137313178	chr19	42486247		False	False	False	True	1	4	5	-10,9	0,0	-8,8	0,0	-8,8	0,0	-10,9	0,0	1	4	5	0	0	0
19703	19703_1	19703_2	BND	chr6	137679388	chr17	53352482		False	False	False	True	1	4	5	-8,8	0,0	-10,9	0,0	-10,9	0,0	-8,8	0,0	1	4	5	0	0	0
19770	19770_1	19770_2	BND	chr6	137835359	chr20	12188457		False	False	False	True	1	4	5	-10,9	0,0	-10,9	0,0	-10,9	0,0	-10,9	0,0	1	4	5	0	0	0
19304	19304_1	19304_2	BND	chr6	137931093	chr7	41864181		True	True	False	True	1	4	5	-9,8	-1,0	-8,8	0,0	-8,8	0,0	-9,8	-1,0	1	4	5	0	0	0
19461	19461_1	19461_2	BND	chr6	139412549	chr10	81447919		False	False	False	True	1	4	5	-8,8	0,0	-10,9	0,0	-10,9	0,0	-8,8	0,0	1	4	5	0	0	0
19774	19774_1	19774_2	BND	chr6	139720380	chr20	40427370		False	False	False	True	1	4	5	-8,8	0,0	-10,9	0,0	-10,9	0,0	-8,8	0,0	1	4	5	0	0	0
19675	19675_1	19675_2	BND	chr6	139949171	chr16	53150235		False	False	False	True	1	4	5	-10,9	0,0	-10,9	0,0	-10,9	0,0	-10,9	0,0	1	4	5	0	0	0
19327	19327_1	19327_2	BND	chr6	140549872	chr7	93353299		False	False	False	True	1	4	5	-10,9	0,0	-8,8	0,0	-8,8	0,0	-10,9	0,0	1	4	5	0	0	0
19587	19587_1	19587_2	BND	chr6	141194788	chr13	66098002		False	False	False	True	1	4	5	-8,8	0,0	-8,8	0,0	-8,8	0,0	-8,8	0,0	1	4	5	0	0	0
19455	19455_1	19455_2	BND	chr6	141340227	chr10	58667560		False	False	False	True	1	4	5	-8,8	0,0	-10,9	0,0	-10,9	0,0	-8,8	0,0	1	4	5	0	0	0
19647	19647_1	19647_2	BND	chr6	141781273	chr15	84568570		False	False	False	True	1	4	5	-8,8	0,0	-8,8	0,0	-8,8	0,0	-8,8	0,0	1	4	5	0	0	0
4950	4950		INV	chr6	142034226	chr6	142034367	141.0	True		False		1	4	5	-7,0	-7,0	-7,0	-7,0					1	4	5	0	0	0
19428	19428_1	19428_2	BND	chr6	143935654	chr9	113392835		False	False	False	True	1	4	5	-10,9	0,0	-8,8	0,0	-8,8	0,0	-10,9	0,0	1	4	5	0	0	0
19368	19368_1	19368_2	BND	chr6	145186758	chr8	64815394		False	False	False	True	1	4	5	-10,9	0,0	-8,8	0,0	-8,8	0,0	-10,9	0,0	1	4	5	0	0	0
19321	19321_1	19321_2	BND	chr6	145290969	chr7	90248921		False	False	False	True	1	4	5	-8,8	0,0	-10,9	0,0	-10,9	0,0	-8,8	0,0	1	4	5	0	0	0
19702	19702_1	19702_2	BND	chr6	145452046	chr17	47873826		False	False	False	True	1	4	5	-8,8	0,0	-10,9	0,0	-10,9	0,0	-8,8	0,0	1	4	5	0	0	0
4966	4966_1	4966_2	BND	chr6	145540763	chr6	145541069		True	True	False	True	2	3	5	-10,9	-1,1	-10,9	-1,1	-10,9	-1,1	-10,9	-1,1	2	3	5	0	0	0
19290	19290_1	19290_2	BND	chr6	145990519	chr7	10518486		False	False	False	True	1	4	5	-8,8	0,0	-8,8	0,0	-8,8	0,0	-8,8	0,0	1	4	5	0	0	0
4970	4970		INV	chr6	146000174	chr6	146000279	105.0	True		False		2	3	5	-8,9	0,2	-6,0	-6,0					2	3	5	0	0	0
19640	19640_1	19640_2	BND	chr6	146571607	chr15	32037798		False	False	False	True	1	4	5	-10,9	0,0	-10,9	0,0	-10,9	0,0	-10,9	0,0	1	4	5	0	0	0
4974	4974		DUP	chr6	146812255	chr6	146819182	6927.0	True		False		6	0	6	-474,9	-96,2	-10,464	-2,93					5	0	5	1	0	1
19356	19356_1	19356_2	BND	chr6	147274325	chr8	18697285		False	False	False	True	1	4	5	-10,9	0,0	-8,8	0,0	-8,8	0,0	-10,9	0,0	1	4	5	0	0	0
4976	4976		INV	chr6	147579210	chr6	147579324	114.0	True		False		2	3	5	-10,9	-1,1	-10,9	-1,1					2	3	5	0	0	0
19542	19542_1	19542_2	BND	chr6	148098706	chr12	81084671		False	False	False	True	1	4	5	-10,9	0,0	-10,9	0,0	-10,9	0,0	-10,9	0,0	1	4	5	0	0	0
4979	4979_1	4979_2	BND	chr6	148147934	chr6	148148040		True	True	False	True	2	3	5	-10,9	-1,1	-10,9	-1,1	-10,9	-1,1	-10,9	-1,1	2	3	5	0	0	0
19803	19803_1	19803_2	BND	chr6	148890061	chrX	12625724		False	False	False	True	1	4	5	-8,8	0,0	-10,9	0,0	-10,9	0,0	-8,8	0,0	1	4	5	0	0	0
19519	19519_1	19519_2	BND	chr6	149365567	chr12	17101353		False	False	False	True	1	4	5	-8,8	0,0	-8,8	0,0	-8,8	0,0	-8,8	0,0	1	4	5	0	0	0
19728	19728_1	19728_2	BND	chr6	151368761	chr18	45279463		True	True	False	True	1	4	5	-10,5	-1,0	-5,8	0,1	-5,8	0,1	-10,5	-1,0	1	4	5	0	0	0
4994	4994		INV	chr6	151403313	chr6	151403461	148.0	True		False		2	3	5	-10,9	-1,1	-10,9	-1,1					2	3	5	0	0	0
19831	19831_1	19831_2	BND	chr6	151830292	chrX	85799610		False	False	False	True	1	4	5	-10,9	0,0	-8,8	0,0	-8,8	0,0	-10,9	0,0	1	4	5	0	0	0
5000	5000		INV	chr6	152632501	chr6	152632662	161.0	True		False		2	3	5	-4,9	0,3	-4,9	0,3					2	3	5	0	0	0
19426	19426_1	19426_2	BND	chr6	152714213	chr9	107638374		True	True	False	True	1	4	5	-9,0	-9,0	-1,9	0,1	-1,9	0,1	-9,0	-9,0	1	4	5	0	0	0
19730	19730_1	19730_2	BND	chr6	152812132	chr18	68070148		False	False	False	True	1	4	5	-8,8	0,0	-8,8	0,0	-8,8	0,0	-8,8	0,0	1	4	5	0	0	0
19772	19772_1	19772_2	BND	chr6	152832661	chr20	32393433		False	False	False	True	1	4	5	-10,9	0,0	-10,9	0,0	-10,9	0,0	-10,9	0,0	1	4	5	0	0	0
19651	19651_1	19651_2	BND	chr6	153455046	chr15	91522800		False	False	False	True	1	4	5	-8,8	0,0	-10,9	0,0	-10,9	0,0	-8,8	0,0	1	4	5	0	0	0
5069	5069_1	5069_2	BND	chr6	153487912	chr6	165113744		True	True	False	True	1	4	5	-8,9	0,1	-8,8	0,0	-8,8	0,0	-8,9	0,1	1	4	5	0	0	0
5009	5009		INV	chr6	153983221	chr6	153983349	128.0	True		False		1	4	5	-10,9	-1,1	-10,9	-1,1					1	4	5	0	0	0
5010	5010		INV	chr6	154044542	chr6	154044704	162.0	True		False		3	3	6	-10,9	-1,1	-10,9	-1,1					3	3	6	0	0	0
19700	19700_1	19700_2	BND	chr6	154459114	chr17	12502013		False	False	False	True	1	4	5	-10,9	0,0	-8,8	0,0	-8,8	0,0	-10,9	0,0	1	4	5	0	0	0
5017	5017_1	5017_2	BND	chr6	154689710	chr6	154689866		False	False	False	True	1	4	5	-8,8	0,0	-8,8	0,0	-8,8	0,0	-8,8	0,0	1	4	5	0	0	0
19442	19442_1	19442_2	BND	chr6	154736153	chr10	30274441		True	True	False	True	1	4	5	-10,9	0,0	-10,8	-1,0	-10,8	-1,0	-10,9	0,0	1	4	5	0	0	0
19643	19643_1	19643_2	BND	chr6	154822886	chr15	67056078		False	False	False	True	1	4	5	-10,9	0,0	-8,8	0,0	-8,8	0,0	-10,9	0,0	1	4	5	0	0	0
19505	19505_1	19505_2	BND	chr6	154916363	chr11	101425927		False	False	False	True	1	4	5	-10,9	0,0	-8,8	0,0	-8,8	0,0	-10,9	0,0	1	4	5	0	0	0
19544	19544_1	19544_2	BND	chr6	155838886	chr12	83948872		False	False	False	True	1	4	5	-10,9	0,0	-10,9	0,0	-10,9	0,0	-10,9	0,0	1	4	5	0	0	0
19701	19701_1	19701_2	BND	chr6	156454974	chr17	21861881		False	False	False	True	1	4	5	-10,9	0,0	-10,9	0,0	-10,9	0,0	-10,9	0,0	1	4	5	0	0	0
19311	19311_1	19311_2	BND	chr6	159898743	chr7	65614426		True	True	False	True	4	4	8	-8,5	-2,2	-6,0	-6,0	-6,0	-6,0	-8,5	-2,2	4	3	7	0	1	1
19645	19645_1	19645_2	BND	chr6	160229101	chr15	78393490		False	False	False	True	1	4	5	-10,9	0,0	-8,8	0,0	-8,8	0,0	-10,9	0,0	1	4	5	0	0	0
19821	19821_1	19821_2	BND	chr6	160264632	chrX	55071197		False	False	False	True	1	4	5	-8,8	0,0	-8,8	0,0	-8,8	0,0	-8,8	0,0	1	4	5	0	0	0
19677	19677_1	19677_2	BND	chr6	160772608	chr16	64428755		False	False	False	True	1	4	5	-10,9	0,0	-8,8	0,0	-8,8	0,0	-10,9	0,0	1	4	5	0	0	0
19438	19438_1	19438_2	BND	chr6	161363543	chr10	6419123		True	True	False	True	1	4	5	-7,7	0,1	-7,9	0,1	-7,9	0,1	-7,7	0,1	1	4	5	0	0	0
5056	5056		INV	chr6	161473574	chr6	161473794	220.0	True		False		2	3	5	-10,1	-2,1	-10,1	-2,1					2	3	5	0	0	0
19549	19549_1	19549_2	BND	chr6	161500874	chr12	106363852		False	False	False	True	1	4	5	-10,9	0,0	-8,8	0,0	-8,8	0,0	-10,9	0,0	1	4	5	0	0	0
19673	19673_1	19673_2	BND	chr6	161710859	chr16	11503575		False	False	False	True	1	4	5	-8,8	0,0	-10,9	0,0	-10,9	0,0	-8,8	0,0	1	4	5	0	0	0
19518	19518_1	19518_2	BND	chr6	162166966	chr12	15355046		False	False	False	True	1	4	5	-10,9	0,0	-10,9	0,0	-10,9	0,0	-10,9	0,0	1	4	5	0	0	0
19586	19586_1	19586_2	BND	chr6	162169843	chr13	61688306		False	False	False	True	1	4	5	-10,9	0,0	-8,8	0,0	-8,8	0,0	-10,9	0,0	1	4	5	0	0	0
19409	19409_1	19409_2	BND	chr6	164820667	chr9	24171557		False	False	False	True	1	4	5	-10,9	0,0	-8,8	0,0	-8,8	0,0	-10,9	0,0	1	4	5	0	0	0
19842	19842_1	19842_2	BND	chr6	164867305	chrX	111080924		False	False	False	True	1	4	5	-8,8	0,0	-10,9	0,0	-10,9	0,0	-8,8	0,0	1	4	5	0	0	0
19608	19608_1	19608_2	BND	chr6	165042884	chr14	97515970		True	True	False	True	1	4	5	-8,8	0,0	-3,9	0,3	-3,9	0,3	-8,8	0,0	1	4	5	0	0	0
19704	19704_1	19704_2	BND	chr6	166274310	chr17	57935420		False	False	False	True	1	4	5	-8,8	0,0	-8,8	0,0	-8,8	0,0	-8,8	0,0	1	4	5	0	0	0
19510	19510_1	19510_2	BND	chr6	167558016	chr11	132502362		False	False	False	True	1	4	5	-8,8	0,0	-10,9	0,0	-10,9	0,0	-8,8	0,0	1	4	5	0	0	0
5095	5095		DEL	chr6	168840623	chr6	168840994	371.0	True		False		8	0	8	-10,67	-2,45	-305,9	-66,3					7	0	7	1	0	1
19346	19346_1	19346_2	BND	chr6	170204368	chr7	148987126		False	False	False	True	1	4	5	-8,8	0,0	-8,8	0,0	-8,8	0,0	-8,8	0,0	1	4	5	0	0	0
19535	19535_1	19535_2	BND	chr6	170354203	chr12	69077588		False	False	False	True	1	4	5	-8,8	0,0	-10,9	0,0	-10,9	0,0	-8,8	0,0	1	4	5	0	0	0
5120	5120		DUP	chr7	588404	chr7	588892	488.0	True		False		6	0	6	-364,9	-57,3	-10,404	-1,87					5	0	5	1	0	1
20369	20369_1	20369_2	BND	chr7	1831184	chr22	23445148		True	True	False	True	11	0	11	-10,282	-2,60	-10,256	-3,44	-10,256	-3,44	-10,282	-2,60	11	0	11	0	0	0
20221	20221_1	20221_2	BND	chr7	2667594	chr15	63590620		False	False	False	True	1	4	5	-8,8	0,0	-10,9	0,0	-10,9	0,0	-8,8	0,0	1	4	5	0	0	0
5131	5131_1	5131_2	BND	chr7	3303748	chr7	3303861		False	False	False	True	1	4	5	-10,9	0,0	-9,6	0,0	-9,6	0,0	-10,9	0,0	1	4	5	0	0	0
20026	20026_1	20026_2	BND	chr7	3564895	chr9	19717582		False	False	False	True	1	4	5	-10,9	0,0	-8,8	0,0	-8,8	0,0	-10,9	0,0	1	4	5	0	0	0
20406	20406_1	20406_2	BND	chr7	3856288	chrX	98519404		True	True	False	True	1	6	7	-10,9	0,0	-10,8	-1,0	-10,8	-1,0	-10,9	0,0	1	6	7	0	0	0
5134	5134_1	5134_2	BND	chr7	5192888	chr7	5192994		False	False	False	True	1	4	5	-10,9	0,0	-10,9	0,0	-10,9	0,0	-10,9	0,0	1	4	5	0	0	0
5148	5148		INV	chr7	8519584	chr7	8519767	183.0	True		False		3	2	5	-10,0	-2,0	-10,9	-1,1					3	2	5	0	0	0
20298	20298_1	20298_2	BND	chr7	9126489	chr18	52180392		False	False	False	True	1	4	5	-10,9	0,0	-10,9	0,0	-10,9	0,0	-10,9	0,0	1	4	5	0	0	0
20281	20281_1	20281_2	BND	chr7	9698960	chr17	59052662		False	False	False	True	1	4	5	-8,8	0,0	-8,8	0,0	-8,8	0,0	-8,8	0,0	1	4	5	0	0	0
20118	20118_1	20118_2	BND	chr7	11683332	chr11	131991214		False	False	False	True	1	4	5	-8,8	0,0	-8,8	0,0	-8,8	0,0	-8,8	0,0	1	4	5	0	0	0
5160	5160_1	5160_2	BND	chr7	11926754	chr7	11926870		False	False	False	True	1	4	5	-10,9	0,0	-2,9	0,0	-2,9	0,0	-10,9	0,0	1	4	5	0	0	0
20183	20183_1	20183_2	BND	chr7	12017014	chr13	92524667		False	False	False	True	1	4	5	-8,8	0,0	-10,9	0,0	-10,9	0,0	-8,8	0,0	1	4	5	0	0	0
20235	20235_1	20235_2	BND	chr7	12035955	chr16	12263841		False	False	False	True	1	4	5	-10,9	0,0	-8,8	0,0	-8,8	0,0	-10,9	0,0	1	4	5	0	0	0
5295	5295_1	5295_2	BND	chr7	14559924	chr7	47232438		True	True	False	True	1	4	5	-8,8	0,0	-9,5	-1,0	-9,5	-1,0	-8,8	0,0	1	4	5	0	0	0
20085	20085_1	20085_2	BND	chr7	15896461	chr10	69704413		False	False	False	True	1	4	5	-8,8	0,0	-8,8	0,0	-8,8	0,0	-8,8	0,0	1	4	5	0	0	0
20219	20219_1	20219_2	BND	chr7	17443382	chr15	59390224		False	False	False	True	1	4	5	-10,9	0,0	-8,8	0,0	-8,8	0,0	-10,9	0,0	1	4	5	0	0	0
20308	20308_1	20308_2	BND	chr7	17859315	chr19	17566821		False	False	False	True	1	4	5	-10,9	0,0	-8,8	0,0	-8,8	0,0	-10,9	0,0	1	4	5	0	0	0
20401	20401_1	20401_2	BND	chr7	18129804	chrX	42037990		False	False	False	True	1	4	5	-10,9	0,0	-8,8	0,0	-8,8	0,0	-10,9	0,0	1	4	5	0	0	0
20236	20236_1	20236_2	BND	chr7	18490841	chr16	14090892		True	True	False	True	1	4	5	-6,9	0,3	-8,8	0,0	-8,8	0,0	-6,9	0,3	1	4	5	0	0	0
5185	5185		INV	chr7	19523566	chr7	19523767	201.0	True		False		2	3	5	-10,9	-1,1	-10,9	-1,1					2	3	5	0	0	0
20147	20147_1	20147_2	BND	chr7	19698632	chr12	63576458		False	False	False	True	1	4	5	-10,9	0,0	-10,9	0,0	-10,9	0,0	-10,9	0,0	1	4	5	0	0	0
20296	20296_1	20296_2	BND	chr7	20057259	chr18	32826802		False	False	False	True	1	4	5	-8,8	0,0	-8,8	0,0	-8,8	0,0	-8,8	0,0	1	4	5	0	0	0
5193	5193_1	5193_2	BND	chr7	22599841	chr7	22600063		True	True	False	True	2	4	6	-3,9	0,3	-4,9	0,3	-4,9	0,3	-3,9	0,3	2	4	6	0	0	0
20184	20184_1	20184_2	BND	chr7	22673844	chr13	102340015		False	False	False	True	1	4	5	-10,9	0,0	-10,9	0,0	-10,9	0,0	-10,9	0,0	1	4	5	0	0	0
20303	20303_1	20303_2	BND	chr7	24774249	chr18	75691055		True	True	False	True	1	4	5	-4,0	-4,0	-8,8	0,0	-8,8	0,0	-4,0	-4,0	1	4	5	0	0	0
20292	20292_1	20292_2	BND	chr7	25179117	chr18	11554884		False	False	False	True	1	4	5	-8,8	0,0	-8,8	0,0	-8,8	0,0	-8,8	0,0	1	4	5	0	0	0
5803	5803_1	5803_2	BND	chr7	27613350	chr7	147035258		False	False	False	True	1	4	5	-8,8	0,0	-8,8	0,0	-8,8	0,0	-8,8	0,0	1	4	5	0	0	0
5210	5210		INV	chr7	27729636	chr7	27729917	281.0	True		False		2	3	5	-10,9	-1,1	-10,9	-1,1					2	3	5	0	0	0
20103	20103_1	20103_2	BND	chr7	27970437	chr11	40827042		False	False	False	True	1	4	5	-10,9	0,0	-8,8	0,0	-8,8	0,0	-10,9	0,0	1	4	5	0	0	0
5212	5212_1	5212_2	BND	chr7	28075085	chr7	28075217		False	False	False	True	1	4	5	-8,8	0,0	-8,8	0,0	-8,8	0,0	-8,8	0,0	1	4	5	0	0	0
20333	20333_1	20333_2	BND	chr7	28535455	chr20	31072581		False	False	False	True	1	4	5	-8,8	0,0	-10,9	0,0	-10,9	0,0	-8,8	0,0	1	4	5	0	0	0
20070	20070_1	20070_2	BND	chr7	28782307	chr10	18947615		True	True	False	True	1	4	5	-9,6	0,1	-8,8	0,0	-8,8	0,0	-9,6	0,1	1	4	5	0	0	0
5733	5733_1	5733_2	BND	chr7	28838232	chr7	139521087		False	False	False	True	4	5	9	-7,6	0,0	-5,6	0,0	-5,6	0,0	-7,6	0,0	4	4	8	0	1	1
20354	20354_1	20354_2	BND	chr7	29217607	chr21	37050056		False	False	False	True	1	4	5	-8,8	0,0	-10,9	0,0	-10,9	0,0	-8,8	0,0	1	4	5	0	0	0
5218	5218_1	5218_2	BND	chr7	29862965	chr7	29863178		True	True	False	True	2	3	5	-10,9	-1,1	-10,9	-1,1	-10,9	-1,1	-10,9	-1,1	2	3	5	0	0	0
20283	20283_1	20283_2	BND	chr7	29908498	chr17	64554721		False	False	False	True	1	4	5	-8,8	0,0	-8,8	0,0	-8,8	0,0	-8,8	0,0	1	4	5	0	0	0
5224	5224		INV	chr7	31542528	chr7	31542681	153.0	True		False		3	2	5	-10,2	-1,2	-9,9	-1,3					3	2	5	0	0	0
20334	20334_1	20334_2	BND	chr7	31600573	chr20	36023052		False	False	False	True	1	4	5	-8,8	0,0	-10,9	0,0	-10,9	0,0	-8,8	0,0	1	4	5	0	0	0
5228	5228_1	5228_2	BND	chr7	31961213	chr7	31961349		False	False	False	True	1	4	5	-8,8	0,0	-8,8	0,0	-8,8	0,0	-8,8	0,0	1	4	5	0	0	0
20114	20114_1	20114_2	BND	chr7	32186396	chr11	103330539		True	True	False	True	6	0	6	-10,482	-2,100	-486,7	-96,0	-486,7	-96,0	-10,482	-2,100	5	0	5	1	0	1
5240	5240		INV	chr7	33567263	chr7	33567425	162.0	True		False		1	4	5	-5,0	-5,0	-7,8	0,1					1	4	5	0	0	0
20305	20305_1	20305_2	BND	chr7	34951810	chr18	80209112		False	False	False	True	1	4	5	-8,8	0,0	-10,9	0,0	-10,9	0,0	-8,8	0,0	1	4	5	0	0	0
20148	20148_1	20148_2	BND	chr7	35224439	chr12	63708421		True	True	False	True	6	0	6	-505,9	-92,2	-10,338	-3,60	-10,338	-3,60	-505,9	-92,2	5	0	5	1	0	1
20149	20149_1	20149_2	BND	chr7	35224684	chr12	63708531		True	True	False	True	6	0	6	-10,423	-1,80	-553,9	-105,0	-553,9	-105,0	-10,423	-1,80	6	0	6	0	0	0
20352	20352_1	20352_2	BND	chr7	37009393	chr21	17004900		True	True	False	True	1	4	5	-6,0	-6,0	0,8	0,1	0,8	0,1	-6,0	-6,0	1	4	5	0	0	0
20395	20395_1	20395_2	BND	chr7	37172493	chrX	21870250		False	False	False	True	1	4	5	-10,9	0,0	-8,8	0,0	-8,8	0,0	-10,9	0,0	1	4	5	0	0	0
5252	5252		INV	chr7	37777906	chr7	37778045	139.0	True		False		1	4	5	-4,9	0,3	-4,9	0,3					1	4	5	0	0	0
5254	5254_1	5254_2	BND	chr7	37976722	chr7	37976956		True	True	False	True	3	2	5	-9,9	-1,2	-2,9	0,8	-2,9	0,8	-9,9	-1,2	3	2	5	0	0	0
5256	5256_1	5256_2	BND	chr7	38153244	chr7	38153361		True	True	False	True	1	4	5	-5,0	-5,0	-10,7	-2,0	-10,7	-2,0	-5,0	-5,0	1	4	5	0	0	0
20176	20176_1	20176_2	BND	chr7	38451230	chr13	54348150		False	False	False	True	1	4	5	-8,8	0,0	-10,9	0,0	-10,9	0,0	-8,8	0,0	1	4	5	0	0	0
20097	20097_1	20097_2	BND	chr7	39929881	chr10	112867220		False	False	False	True	1	4	5	-8,8	0,0	-8,8	0,0	-8,8	0,0	-8,8	0,0	1	4	5	0	0	0
5271	5271		INV	chr7	40199376	chr7	40199491	115.0	True		False		1	4	5	-10,9	-1,1	-10,9	-1,1					1	4	5	0	0	0
20090	20090_1	20090_2	BND	chr7	40604321	chr10	89447792		False	False	False	True	1	4	5	-8,8	0,0	-8,8	0,0	-8,8	0,0	-8,8	0,0	1	4	5	0	0	0
20355	20355_1	20355_2	BND	chr7	40846405	chr21	40866121		True	True	False	True	1	4	5	-8,7	-1,0	0,9	0,1	0,9	0,1	-8,7	-1,0	1	4	5	0	0	0
5492	5492_1	5492_2	BND	chr7	41211190	chr7	85979662		False	False	False	True	1	4	5	-10,9	0,0	-10,9	0,0	-10,9	0,0	-10,9	0,0	1	4	5	0	0	0
20116	20116_1	20116_2	BND	chr7	43832592	chr11	111758763		False	False	False	True	1	4	5	-10,9	0,0	-10,9	0,0	-10,9	0,0	-10,9	0,0	1	4	5	0	0	0
5289	5289_1	5289_2	BND	chr7	45688492	chr7	45688613		True	True	False	True	2	4	6	-10,7	-1,0	-10,6	-1,0	-10,6	-1,0	-10,7	-1,0	2	4	6	0	0	0
5649	5649_1	5649_2	BND	chr7	46247316	chr7	120453782		False	False	False	True	1	4	5	-8,8	0,0	-8,8	0,0	-8,8	0,0	-8,8	0,0	1	4	5	0	0	0
20372	20372_1	20372_2	BND	chr7	46351696	chr22	31158208		False	False	False	True	1	4	5	-8,8	0,0	-8,8	0,0	-8,8	0,0	-8,8	0,0	1	4	5	0	0	0
20077	20077_1	20077_2	BND	chr7	46496245	chr10	51533385		False	False	False	True	1	4	5	-10,9	0,0	-10,9	0,0	-10,9	0,0	-10,9	0,0	1	4	5	0	0	0
5297	5297_1	5297_2	BND	chr7	47535466	chr7	47535607		True	True	False	True	2	3	5	0,4	0,4	-5,0	-5,0	-5,0	-5,0	0,4	0,4	2	3	5	0	0	0
20011	20011_1	20011_2	BND	chr7	48362249	chr8	86148230		True	True	False	True	1	4	5	-10,9	0,0	-9,4	-1,0	-9,4	-1,0	-10,9	0,0	1	4	5	0	0	0
20399	20399_1	20399_2	BND	chr7	48869639	chrX	27151400		False	False	False	True	1	4	5	-10,9	0,0	-8,8	0,0	-8,8	0,0	-10,9	0,0	1	4	5	0	0	0
20015	20015_1	20015_2	BND	chr7	49484623	chr8	100553438		False	False	False	True	1	4	5	-10,9	0,0	-10,9	0,0	-10,9	0,0	-10,9	0,0	1	4	5	0	0	0
5303	5303		INV	chr7	50062103	chr7	50062375	272.0	True		False		2	3	5	-10,4	-2,1	-9,1	-2,1					2	3	5	0	0	0
20214	20214_1	20214_2	BND	chr7	50987352	chr15	46661787		False	False	False	True	1	4	5	-10,9	0,0	-8,8	0,0	-8,8	0,0	-10,9	0,0	1	4	5	0	0	0
20413	20413_1	20413_2	BND	chr7	51104648	chrX	134911828		False	False	False	True	1	4	5	-8,8	0,0	-10,9	0,0	-10,9	0,0	-8,8	0,0	1	4	5	0	0	0
20086	20086_1	20086_2	BND	chr7	53691179	chr10	70151675		True	True	False	True	1	4	5	-8,8	0,0	-9,6	0,1	-9,6	0,1	-8,8	0,0	1	4	5	0	0	0
20291	20291_1	20291_2	BND	chr7	53871158	chr18	1314222		False	False	False	True	1	4	5	-10,9	0,0	-10,9	0,0	-10,9	0,0	-10,9	0,0	1	4	5	0	0	0
20356	20356_1	20356_2	BND	chr7	54386198	chr21	46171443		False	False	False	True	1	4	5	-10,9	0,0	-10,9	0,0	-10,9	0,0	-10,9	0,0	1	4	5	0	0	0
20022	20022_1	20022_2	BND	chr7	54438853	chr9	2690153		False	False	False	True	1	4	5	-10,9	0,0	-10,9	0,0	-10,9	0,0	-10,9	0,0	1	4	5	0	0	0
20075	20075_1	20075_2	BND	chr7	54816983	chr10	45527570		False	False	False	True	1	4	5	-8,8	0,0	-8,8	0,0	-8,8	0,0	-8,8	0,0	1	4	5	0	0	0
20411	20411_1	20411_2	BND	chr7	56568370	chrX	127892500		False	False	False	True	1	4	5	-10,9	0,0	-10,9	0,0	-10,9	0,0	-10,9	0,0	1	4	5	0	0	0
5388	5388_1	5388_2	BND	chr7	56838061	chr7	63738884		True	True	False	True	9	0	9	-481,9	-64,2	-517,9	-76,1	-517,9	-76,1	-481,9	-64,2	8	0	8	1	0	1
20216	20216_1	20216_2	BND	chr7	57317237	chr15	55193571		False	False	False	True	1	4	5	-8,8	0,0	-8,8	0,0	-8,8	0,0	-8,8	0,0	1	4	5	0	0	0
20135	20135_1	20135_2	BND	chr7	57656795	chr12	37424735		True	True	False	True	6	0	6	-528,9	-99,1	-10,317	-3,57	-10,317	-3,57	-528,9	-99,1	5	0	5	1	0	1
20004	20004_1	20004_2	BND	chr7	57895372	chr8	43615712		False	False	False	True	1	4	5	-10,9	0,0	-8,8	0,0	-8,8	0,0	-10,9	0,0	1	4	5	0	0	0
5397	5397_1	5397_2	BND	chr7	64283945	chr7	64284059		True	True	False	True	1	4	5	-10,9	-1,1	-10,9	-1,1	-10,9	-1,1	-10,9	-1,1	1	4	5	0	0	0
5403	5403		DEL	chr7	65084123	chr7	65773573	689450.0	True		False		10	0	10	-10,193	-2,57	-308,9	-61,1					10	0	10	0	0	0
20210	20210_1	20210_2	BND	chr7	66053911	chr15	26960012		False	False	False	True	1	4	5	-10,9	0,0	-10,9	0,0	-10,9	0,0	-10,9	0,0	1	4	5	0	0	0
5411	5411		DEL	chr7	67179860	chr7	67180391	531.0	False		False		2	8	10	-10,9	0,0	-4,3	0,0					2	7	9	0	1	1
20123	20123_1	20123_2	BND	chr7	67409950	chr12	22495354		False	False	False	True	1	4	5	-8,8	0,0	-8,8	0,0	-8,8	0,0	-8,8	0,0	1	4	5	0	0	0
20115	20115_1	20115_2	BND	chr7	68254968	chr11	104797642		False	False	False	True	1	4	5	-8,8	0,0	-8,8	0,0	-8,8	0,0	-8,8	0,0	1	4	5	0	0	0
5420	5420_1	5420_2	BND	chr7	69812277	chr7	69812402		False	False	False	True	2	4	6	-7,8	0,0	-10,9	0,0	-10,9	0,0	-7,8	0,0	2	4	6	0	0	0
20269	20269_1	20269_2	BND	chr7	71835646	chr17	17278833		False	False	False	True	1	4	5	-8,8	0,0	-10,9	0,0	-10,9	0,0	-8,8	0,0	1	4	5	0	0	0
20146	20146_1	20146_2	BND	chr7	72501482	chr12	63239116		False	False	False	True	2	4	6	-10,9	0,0	-10,9	0,0	-10,9	0,0	-10,9	0,0	2	4	6	0	0	0
20025	20025_1	20025_2	BND	chr7	79513758	chr9	9178321		False	False	False	True	1	4	5	-10,9	0,0	-10,9	0,0	-10,9	0,0	-10,9	0,0	1	4	5	0	0	0
20174	20174_1	20174_2	BND	chr7	79677961	chr13	27791986		False	False	False	True	1	4	5	-10,9	0,0	-8,8	0,0	-8,8	0,0	-10,9	0,0	1	4	5	0	0	0
20321	20321_1	20321_2	BND	chr7	80069476	chr19	56742408		False	False	False	True	1	4	5	-8,8	0,0	-10,9	0,0	-10,9	0,0	-8,8	0,0	1	4	5	0	0	0
5467	5467		INV	chr7	80216412	chr7	80216546	134.0	True		False		2	3	5	-10,6	-1,1	-10,9	-1,1					2	3	5	0	0	0
20181	20181_1	20181_2	BND	chr7	80735673	chr13	75141756		False	False	False	True	1	4	5	-10,9	0,0	-8,8	0,0	-8,8	0,0	-10,9	0,0	1	4	5	0	0	0
20068	20068_1	20068_2	BND	chr7	81444096	chr10	13104263		False	False	False	True	1	4	5	-8,8	0,0	-8,8	0,0	-8,8	0,0	-8,8	0,0	1	4	5	0	0	0
5478	5478_1	5478_2	BND	chr7	82368757	chr7	82368879		True	True	False	True	1	4	5	0,3	0,3	-9,2	-2,1	-9,2	-2,1	0,3	0,3	1	4	5	0	0	0
20166	20166_1	20166_2	BND	chr7	83305296	chr12	121870099		False	False	False	True	1	4	5	-10,9	0,0	-8,8	0,0	-8,8	0,0	-10,9	0,0	1	4	5	0	0	0
20195	20195_1	20195_2	BND	chr7	83853109	chr14	48241028		False	False	False	True	1	4	5	-8,8	0,0	-8,8	0,0	-8,8	0,0	-8,8	0,0	1	4	5	0	0	0
5486	5486		INV	chr7	84015093	chr7	84015349	256.0	True		False		2	3	5	-10,9	-3,3	-6,9	-3,1					2	3	5	0	0	0
20373	20373_1	20373_2	BND	chr7	84299805	chr22	23735647		False	False	False	True	1	4	5	-10,8	0,0	-8,8	0,0	-8,8	0,0	-10,8	0,0	1	4	5	0	0	0
20045	20045_1	20045_2	BND	chr7	84330942	chr9	76935453		False	False	False	True	1	4	5	-8,8	0,0	-10,9	0,0	-10,9	0,0	-8,8	0,0	1	4	5	0	0	0
19996	19996_1	19996_2	BND	chr7	84548929	chr8	4723813		False	False	False	True	1	4	5	-10,9	0,0	-8,8	0,0	-8,8	0,0	-10,9	0,0	1	4	5	0	0	0
20279	20279_1	20279_2	BND	chr7	85199438	chr17	51867628		False	False	False	True	1	4	5	-10,9	0,0	-10,9	0,0	-10,9	0,0	-10,9	0,0	1	4	5	0	0	0
20016	20016_1	20016_2	BND	chr7	85794886	chr8	109902340		False	False	False	True	1	4	5	-8,8	0,0	-10,9	0,0	-10,9	0,0	-8,8	0,0	1	4	5	0	0	0
5495	5495		INV	chr7	86619137	chr7	86619277	140.0	True		False		2	3	5	-9,2	-2,1	-8,2	-2,1					2	3	5	0	0	0
20153	20153_1	20153_2	BND	chr7	87185536	chr12	80116636		False	False	False	True	1	4	5	-8,8	0,0	-8,8	0,0	-8,8	0,0	-8,8	0,0	1	4	5	0	0	0
20239	20239_1	20239_2	BND	chr7	87238138	chr16	27911275		False	False	False	True	1	4	5	-10,9	0,0	-8,8	0,0	-8,8	0,0	-10,9	0,0	1	4	5	0	0	0
20202	20202_1	20202_2	BND	chr7	87295679	chr14	70519884		False	False	False	True	1	4	5	-10,9	0,0	-8,8	0,0	-8,8	0,0	-10,9	0,0	1	4	5	0	0	0
5499	5499		INV	chr7	87373466	chr7	87373625	159.0	True		False		2	4	6	-9,9	-1,1	-10,9	-1,1					2	4	6	0	0	0
5502	5502_1	5502_2	BND	chr7	88254069	chr7	88254184		True	True	False	True	2	4	6	0,0	0,0	-7,9	0,1	-7,9	0,1	0,0	0,0	1	4	5	1	0	1
20019	20019_1	20019_2	BND	chr7	89049501	chr8	126126092		False	False	False	True	1	4	5	-8,8	0,0	-10,9	0,0	-10,9	0,0	-8,8	0,0	1	4	5	0	0	0
5510	5510_1	5510_2	BND	chr7	89329025	chr7	89329125		True	True	False	True	2	4	6	-10,6	-1,0	-8,9	-1,0	-8,9	-1,0	-10,6	-1,0	2	4	6	0	0	0
5524	5524		INV	chr7	91379730	chr7	91379854	124.0	True		False		2	3	5	-10,9	-3,1	-4,9	-3,1					2	3	5	0	0	0
20028	20028_1	20028_2	BND	chr7	91655233	chr9	32911286		False	False	False	True	1	4	5	-8,8	0,0	-10,9	0,0	-10,9	0,0	-8,8	0,0	1	4	5	0	0	0
20017	20017_1	20017_2	BND	chr7	91923769	chr8	124247000		False	False	False	True	1	4	5	-8,8	0,0	-8,8	0,0	-8,8	0,0	-8,8	0,0	1	4	5	0	0	0
20128	20128_1	20128_2	BND	chr7	92009028	chr12	26685978		False	False	False	True	1	4	5	-8,8	0,0	-8,8	0,0	-8,8	0,0	-8,8	0,0	1	4	5	0	0	0
20274	20274_1	20274_2	BND	chr7	94690254	chr17	31942256		True	True	False	True	1	4	5	-9,5	-1,0	-10,5	-1,0	-10,5	-1,0	-9,5	-1,0	1	4	5	0	0	0
20120	20120_1	20120_2	BND	chr7	94898009	chr12	4665341		False	False	False	True	1	4	5	-8,8	0,0	-10,9	0,0	-10,9	0,0	-8,8	0,0	1	4	5	0	0	0
20196	20196_1	20196_2	BND	chr7	94954708	chr14	52693017		False	False	False	True	1	4	5	-8,8	0,0	-10,9	0,0	-10,9	0,0	-8,8	0,0	1	4	5	0	0	0
20415	20415_1	20415_2	BND	chr7	95051858	chrX	152624287		False	False	False	True	1	4	5	-8,8	0,0	-8,8	0,0	-8,8	0,0	-8,8	0,0	1	4	5	0	0	0
20186	20186_1	20186_2	BND	chr7	95324914	chr13	114222239		True	True	False	True	1	4	5	-5,8	0,1	-9,6	0,1	-9,6	0,1	-5,8	0,1	1	4	5	0	0	0
20158	20158_1	20158_2	BND	chr7	95633017	chr12	106531439		False	False	False	True	1	4	5	-10,9	0,0	-8,8	0,0	-8,8	0,0	-10,9	0,0	1	4	5	0	0	0
20157	20157_1	20157_2	BND	chr7	95936580	chr12	100787250		False	False	False	True	1	4	5	-8,8	0,0	-10,9	0,0	-10,9	0,0	-8,8	0,0	1	4	5	0	0	0
20268	20268_1	20268_2	BND	chr7	97099723	chr17	6963123		False	False	False	True	1	4	5	-8,8	0,0	-10,9	0,0	-10,9	0,0	-8,8	0,0	1	4	5	0	0	0
20044	20044_1	20044_2	BND	chr7	97455272	chr9	75680160		False	False	False	True	1	4	5	-8,8	0,0	-8,8	0,0	-8,8	0,0	-8,8	0,0	1	4	5	0	0	0
20076	20076_1	20076_2	BND	chr7	97689596	chr10	47154324		False	False	False	True	1	4	5	-8,8	0,0	-8,8	0,0	-8,8	0,0	-8,8	0,0	1	4	5	0	0	0
5600	5600_1	5600_2	BND	chr7	107476059	chr7	107476168		True	True	False	True	2	3	5	-10,9	-1,1	-10,9	-1,1	-10,9	-1,1	-10,9	-1,1	2	3	5	0	0	0
5608	5608_1	5608_2	BND	chr7	109450727	chr7	109450862		True	True	False	True	1	4	5	-3,9	0,7	-8,8	-1,1	-8,8	-1,1	-3,9	0,7	1	4	5	0	0	0
5609	5609_1	5609_2	BND	chr7	109459763	chr7	109459880		False	False	False	True	1	4	5	-10,9	0,0	-7,6	0,0	-7,6	0,0	-10,9	0,0	1	4	5	0	0	0
20071	20071_1	20071_2	BND	chr7	109500994	chr10	19235562		False	False	False	True	1	4	5	-8,8	0,0	-10,9	0,0	-10,9	0,0	-8,8	0,0	1	4	5	0	0	0
5611	5611		INV	chr7	110186763	chr7	110186874	111.0	True		False		1	4	5	0,9	0,3	0,9	0,3					1	4	5	0	0	0
20167	20167_1	20167_2	BND	chr7	110800997	chr12	122673240		False	False	False	True	1	4	5	-8,8	0,0	-8,8	0,0	-8,8	0,0	-8,8	0,0	1	4	5	0	0	0
5616	5616_1	5616_2	BND	chr7	111067691	chr7	111067885		True	True	False	True	2	3	5	-10,8	-1,0	0,9	0,0	0,9	0,0	-10,8	-1,0	2	3	5	0	0	0
20215	20215_1	20215_2	BND	chr7	112909185	chr15	47935182		False	False	False	True	1	4	5	-8,8	0,0	-10,9	0,0	-10,9	0,0	-8,8	0,0	1	4	5	0	0	0
20140	20140_1	20140_2	BND	chr7	113010450	chr12	40077809		True	True	False	True	1	4	5	-5,9	0,3	-10,6	-3,0	-10,6	-3,0	-5,9	0,3	1	4	5	0	0	0
5619	5619		INV	chr7	113219408	chr7	113219542	134.0	True		False		2	3	5	-10,9	-1,1	-10,9	-1,1					2	3	5	0	0	0
20318	20318_1	20318_2	BND	chr7	113526886	chr19	46499047		True	True	False	True	2	3	5	-8,9	-1,1	-9,9	-1,1	-9,9	-1,1	-8,9	-1,1	2	3	5	0	0	0
20327	20327_1	20327_2	BND	chr7	114460832	chr20	12291303		False	False	False	True	1	4	5	-10,9	0,0	-10,9	0,0	-10,9	0,0	-10,9	0,0	1	4	5	0	0	0
20320	20320_1	20320_2	BND	chr7	115266080	chr19	55068098		False	False	False	True	1	4	5	-10,9	0,0	-8,8	0,0	-8,8	0,0	-10,9	0,0	1	4	5	0	0	0
5628	5628_1	5628_2	BND	chr7	115292649	chr7	115292857		True	True	False	True	1	4	5	-4,9	-1,1	-3,9	-1,1	-3,9	-1,1	-4,9	-1,1	1	4	5	0	0	0
20326	20326_1	20326_2	BND	chr7	115658898	chr20	9089397		False	False	False	True	1	4	5	-8,8	0,0	-10,9	0,0	-10,9	0,0	-8,8	0,0	1	4	5	0	0	0
5631	5631		INV	chr7	115803962	chr7	115804224	262.0	True		False		2	3	5	-10,0	-6,0	-10,9	-1,1					2	3	5	0	0	0
20089	20089_1	20089_2	BND	chr7	116088321	chr10	88374244		False	False	False	True	1	4	5	-8,8	0,0	-8,8	0,0	-8,8	0,0	-8,8	0,0	1	4	5	0	0	0
20343	20343_1	20343_2	BND	chr7	117138468	chr20	58451531		False	False	False	True	1	4	5	-8,8	0,0	-10,9	0,0	-10,9	0,0	-8,8	0,0	1	4	5	0	0	0
20398	20398_1	20398_2	BND	chr7	117787501	chrX	23950361		False	False	False	True	1	4	5	-10,9	0,0	-10,9	0,0	-10,9	0,0	-10,9	0,0	1	4	5	0	0	0
20229	20229_1	20229_2	BND	chr7	118889623	chr15	97494907		False	False	False	True	1	4	5	-8,8	0,0	-10,9	0,0	-10,9	0,0	-8,8	0,0	1	4	5	0	0	0
20396	20396_1	20396_2	BND	chr7	119070729	chrX	22232623		False	False	False	True	1	4	5	-8,8	0,0	-10,9	0,0	-10,9	0,0	-8,8	0,0	1	4	5	0	0	0
5643	5643_1	5643_2	BND	chr7	119138203	chr7	119138436		False	False	False	True	1	4	5	-10,9	0,0	-10,9	0,0	-10,9	0,0	-10,9	0,0	1	4	5	0	0	0
20358	20358_1	20358_2	BND	chr7	119663169	chr21	19634885		False	False	False	True	1	4	5	-10,9	0,0	-8,8	0,0	-8,8	0,0	-10,9	0,0	1	4	5	0	0	0
5647	5647		INV	chr7	119845626	chr7	119845814	188.0	True		False		2	4	6	-4,8	-1,6	-8,4	-5,2					2	4	6	0	0	0
20258	20258_1	20258_2	BND	chr7	119973171	chr16	52063024		False	False	False	True	1	4	5	-10,9	0,0	-10,9	0,0	-10,9	0,0	-10,9	0,0	1	4	5	0	0	0
5648	5648_1	5648_2	BND	chr7	120176159	chr7	120176299		False	False	False	True	1	4	5	-8,8	0,0	-8,8	0,0	-8,8	0,0	-8,8	0,0	1	4	5	0	0	0
5721	5721_1	5721_2	BND	chr7	120800430	chr7	136846465		False	False	False	True	1	4	5	-8,8	0,0	-8,8	0,0	-8,8	0,0	-8,8	0,0	1	4	5	0	0	0
5651	5651		INV	chr7	120911350	chr7	120911456	106.0	True		False		1	4	5	-3,9	0,3	-3,9	0,3					1	4	5	0	0	0
20285	20285_1	20285_2	BND	chr7	122612461	chr17	67030150		False	False	False	True	1	4	5	-10,9	0,0	-8,8	0,0	-8,8	0,0	-10,9	0,0	1	4	5	0	0	0
5662	5662		INV	chr7	124138274	chr7	124138474	200.0	True		False		1	4	5	-10,2	-2,1	-10,2	-2,1					1	4	5	0	0	0
5664	5664_1	5664_2	BND	chr7	124220160	chr7	124220274		False	False	False	True	1	4	5	-8,8	0,0	-8,8	0,0	-8,8	0,0	-8,8	0,0	1	4	5	0	0	0
20130	20130_1	20130_2	BND	chr7	124928148	chr12	28846737		False	False	False	True	1	4	5	-10,9	0,0	-10,9	0,0	-10,9	0,0	-10,9	0,0	1	4	5	0	0	0
20237	20237_1	20237_2	BND	chr7	125131649	chr16	16920407		True	True	False	True	1	4	5	-10,9	0,0	-10,8	-1,0	-10,8	-1,0	-10,9	0,0	1	4	5	0	0	0
20080	20080_1	20080_2	BND	chr7	125399759	chr10	56216689		False	False	False	True	1	4	5	-8,8	0,0	-10,9	0,0	-10,9	0,0	-8,8	0,0	1	4	5	0	0	0
20290	20290_1	20290_2	BND	chr7	125584679	chr18	54788061		False	False	False	True	1	4	5	-8,8	0,0	-8,8	0,0	-8,8	0,0	-8,8	0,0	1	4	5	0	0	0
20267	20267_1	20267_2	BND	chr7	125798667	chr17	4688340		False	False	False	True	1	4	5	-10,9	0,0	-10,9	0,0	-10,9	0,0	-10,9	0,0	1	4	5	0	0	0
5671	5671_1	5671_2	BND	chr7	125957006	chr7	125957131		True	True	False	True	1	4	5	-8,0	-8,0	-1,9	0,3	-1,9	0,3	-8,0	-8,0	1	4	5	0	0	0
20124	20124_1	20124_2	BND	chr7	126044651	chr12	22792543		False	False	False	True	1	4	5	-8,8	0,0	-8,8	0,0	-8,8	0,0	-8,8	0,0	1	4	5	0	0	0
5672	5672		INV	chr7	126076263	chr7	126076370	107.0	True		False		1	4	5	-1,9	0,3	-1,9	0,3					1	4	5	0	0	0
20155	20155_1	20155_2	BND	chr7	126326181	chr12	89852473		False	False	False	True	1	4	5	-10,9	0,0	-8,8	0,0	-8,8	0,0	-10,9	0,0	1	4	5	0	0	0
20161	20161_1	20161_2	BND	chr7	127439328	chr12	109741397		False	False	False	True	1	4	5	-8,8	0,0	-10,9	0,0	-10,9	0,0	-8,8	0,0	1	4	5	0	0	0
20301	20301_1	20301_2	BND	chr7	127756327	chr18	58462226		False	False	False	True	1	4	5	-10,9	0,0	-8,8	0,0	-8,8	0,0	-10,9	0,0	1	4	5	0	0	0
5681	5681_1	5681_2	BND	chr7	127776269	chr7	127776394		False	False	False	True	2	5	7	-10,9	0,0	-8,5	0,0	-8,5	0,0	-10,9	0,0	2	5	7	0	0	0
20231	20231_1	20231_2	BND	chr7	129048667	chr15	51871499		False	False	False	True	1	4	5	-8,8	0,0	-10,9	0,0	-10,9	0,0	-8,8	0,0	1	4	5	0	0	0
20397	20397_1	20397_2	BND	chr7	131779640	chrX	22528100		False	False	False	True	1	4	5	-8,8	0,0	-8,8	0,0	-8,8	0,0	-8,8	0,0	1	4	5	0	0	0
20287	20287_1	20287_2	BND	chr7	132151929	chr17	54002994		True	True	False	True	1	4	5	-10,4	-1,0	-8,8	-1,0	-8,8	-1,0	-10,4	-1,0	1	4	5	0	0	0
5706	5706		INV	chr7	134170585	chr7	134170677	92.0	True		False		2	3	5	-9,3	-2,1	-10,2	-2,1					2	3	5	0	0	0
20189	20189_1	20189_2	BND	chr7	134271619	chr13	70846883		False	False	False	True	1	4	5	-10,9	0,0	-8,8	0,0	-8,8	0,0	-10,9	0,0	1	4	5	0	0	0
5714	5714_1	5714_2	BND	chr7	135803105	chr7	135803263		True	True	False	True	1	4	5	-9,5	-1,0	-8,7	-1,0	-8,7	-1,0	-9,5	-1,0	1	4	5	0	0	0
5719	5719_1	5719_2	BND	chr7	136262463	chr7	136262615		True	True	False	True	2	4	6	-1,9	-1,3	-10,9	-1,1	-10,9	-1,1	-1,9	-1,3	2	4	6	0	0	0
20003	20003_1	20003_2	BND	chr7	136467263	chr8	38752495		False	False	False	True	1	4	5	-10,9	0,0	-10,9	0,0	-10,9	0,0	-10,9	0,0	1	4	5	0	0	0
20205	20205_1	20205_2	BND	chr7	136555042	chr14	44259571		False	False	False	True	1	4	5	-8,8	0,0	-10,9	0,0	-10,9	0,0	-8,8	0,0	1	4	5	0	0	0
20192	20192_1	20192_2	BND	chr7	137052916	chr13	104923363		False	False	False	True	1	4	5	-8,8	0,0	-8,8	0,0	-8,8	0,0	-8,8	0,0	1	4	5	0	0	0
20061	20061_1	20061_2	BND	chr7	138164177	chr10	674122		False	False	False	True	1	4	5	-10,9	0,0	-10,9	0,0	-10,9	0,0	-10,9	0,0	1	4	5	0	0	0
20126	20126_1	20126_2	BND	chr7	138480642	chr12	25356566		False	False	False	True	1	4	5	-10,9	0,0	-10,9	0,0	-10,9	0,0	-10,9	0,0	1	4	5	0	0	0
20122	20122_1	20122_2	BND	chr7	139285048	chr12	16800124		False	False	False	True	1	4	5	-10,9	0,0	-8,8	0,0	-8,8	0,0	-10,9	0,0	1	4	5	0	0	0
5738	5738_1	5738_2	BND	chr7	141694943	chr7	141695022		True	True	False	True	2	3	5	-10,7	-1,1	-10,9	-1,1	-10,9	-1,1	-10,7	-1,1	2	3	5	0	0	0
5750	5750		DUP	chr7	142451745	chr7	142470372	18627.0	True		False		9	0	9	-341,9	-65,2	-10,321	-2,57					8	0	8	1	0	1
5774	5774		DEL	chr7	142747981	chr7	142758703	10722.0	True		False		12	0	12	-10,503	-2,67	-218,9	-43,3					11	0	11	1	0	1
5786	5786		DEL	chr7	142754393	chr7	142775882	21489.0	True		False		6	0	6	-10,538	-2,146	-524,9	-141,2					5	0	5	1	0	1
20101	20101_1	20101_2	BND	chr7	142979634	chr11	24631162		False	False	False	True	1	4	5	-8,8	0,0	-10,9	0,0	-10,9	0,0	-8,8	0,0	1	4	5	0	0	0
20193	20193_1	20193_2	BND	chr7	143455337	chr13	109425620		False	False	False	True	1	4	5	-8,8	0,0	-8,8	0,0	-8,8	0,0	-8,8	0,0	1	4	5	0	0	0
20234	20234_1	20234_2	BND	chr7	144455575	chr15	97463838		False	False	False	True	1	4	5	-8,8	0,0	-8,8	0,0	-8,8	0,0	-8,8	0,0	1	4	5	0	0	0
5794	5794		INV	chr7	145533440	chr7	145533571	131.0	True		False		1	4	5	0,8	0,3	-2,9	0,3					1	4	5	0	0	0
20141	20141_1	20141_2	BND	chr7	146612996	chr12	40865385		False	False	False	True	1	4	5	-8,8	0,0	-10,9	0,0	-10,9	0,0	-8,8	0,0	1	4	5	0	0	0
5801	5801		INV	chr7	146698850	chr7	146698979	129.0	True		False		1	4	5	-10,9	-1,1	-10,9	-1,1					1	4	5	0	0	0
20165	20165_1	20165_2	BND	chr7	148930429	chr12	119787766		False	False	False	True	1	4	5	-10,9	0,0	-8,8	0,0	-8,8	0,0	-10,9	0,0	1	4	5	0	0	0
20348	20348_1	20348_2	BND	chr7	149668902	chr20	41995601		False	False	False	True	1	4	5	-10,9	0,0	-8,8	0,0	-8,8	0,0	-10,9	0,0	1	4	5	0	0	0
20095	20095_1	20095_2	BND	chr7	149887080	chr10	100607195		False	False	False	True	1	4	5	-10,9	0,0	-8,8	0,0	-8,8	0,0	-10,9	0,0	1	4	5	0	0	0
5824	5824_1	5824_2	BND	chr7	152046599	chr7	152046739		False	False	False	True	1	4	5	-8,8	0,0	-8,8	0,0	-8,8	0,0	-8,8	0,0	1	4	5	0	0	0
20188	20188_1	20188_2	BND	chr7	152778245	chr13	43862627		False	False	False	True	1	4	5	-10,9	0,0	-8,8	0,0	-8,8	0,0	-10,9	0,0	1	4	5	0	0	0
20385	20385_1	20385_2	BND	chr7	156796463	chr22	20661344		True	True	False	True	1	4	5	-10,9	0,0	-10,8	-1,0	-10,8	-1,0	-10,9	0,0	1	4	5	0	0	0
5858	5858		DEL	chr7	157858077	chr7	157858615	538.0	True		False		9	0	9	-10,258	-3,47	-353,9	-66,1					8	0	8	1	0	1
20649	20649_1	20649_2	BND	chr8	2225755	chr11	6040561		False	False	False	True	2	4	6	-10,9	0,0	-10,9	0,0	-10,9	0,0	-10,9	0,0	2	4	6	0	0	0
20795	20795_1	20795_2	BND	chr8	4791144	chr21	13858652		False	False	False	True	1	4	5	-10,9	0,0	-10,9	0,0	-10,9	0,0	-10,9	0,0	1	4	5	0	0	0
5897	5897_1	5897_2	BND	chr8	4967135	chr8	4967309		False	False	False	True	1	4	5	-10,9	0,0	-9,6	0,0	-9,6	0,0	-10,9	0,0	1	4	5	0	0	0
20637	20637_1	20637_2	BND	chr8	10066887	chr10	34393588		False	False	False	True	1	4	5	-8,8	0,0	-8,8	0,0	-8,8	0,0	-8,8	0,0	1	4	5	0	0	0
20623	20623_1	20623_2	BND	chr8	10781389	chr9	23151478		False	False	False	True	1	4	5	-10,9	0,0	-10,9	0,0	-10,9	0,0	-10,9	0,0	1	4	5	0	0	0
20696	20696_1	20696_2	BND	chr8	13194841	chr13	63049680		False	False	False	True	1	4	5	-10,9	0,0	-8,8	0,0	-8,8	0,0	-10,9	0,0	1	4	5	0	0	0
20763	20763_1	20763_2	BND	chr8	15916050	chr18	28014247		False	False	False	True	1	4	5	-10,9	0,0	-8,8	0,0	-8,8	0,0	-10,9	0,0	1	4	5	0	0	0
20722	20722_1	20722_2	BND	chr8	16991492	chr15	95452482		False	False	False	True	1	4	5	-10,9	0,0	-10,9	0,0	-10,9	0,0	-10,9	0,0	1	4	5	0	0	0
20812	20812_1	20812_2	BND	chr8	17469096	chrX	33744304		False	False	False	True	1	4	5	-8,8	0,0	-10,9	0,0	-10,9	0,0	-8,8	0,0	1	4	5	0	0	0
20634	20634_1	20634_2	BND	chr8	18160344	chr10	21364053		False	False	False	True	1	4	5	-10,9	0,0	-10,9	0,0	-10,9	0,0	-10,9	0,0	1	4	5	0	0	0
20779	20779_1	20779_2	BND	chr8	20166585	chr19	55881005		False	False	False	True	1	4	5	-8,8	0,0	-8,8	0,0	-8,8	0,0	-8,8	0,0	1	4	5	0	0	0
5939	5939_1	5939_2	BND	chr8	21152938	chr8	21153169		True	True	False	True	3	3	6	-10,9	-1,1	-10,9	-1,1	-10,9	-1,1	-10,9	-1,1	3	3	6	0	0	0
20719	20719_1	20719_2	BND	chr8	25530440	chr15	81678165		False	False	False	True	1	4	5	-10,9	0,0	-10,9	0,0	-10,9	0,0	-10,9	0,0	1	4	5	0	0	0
20692	20692_1	20692_2	BND	chr8	27332524	chr13	28225183		False	False	False	True	1	4	5	-10,9	0,0	-10,9	0,0	-10,9	0,0	-10,9	0,0	1	4	5	0	0	0
20790	20790_1	20790_2	BND	chr8	27703858	chr20	41684668		False	False	False	True	1	4	5	-8,8	0,0	-10,9	0,0	-10,9	0,0	-8,8	0,0	1	4	5	0	0	0
20741	20741_1	20741_2	BND	chr8	28077402	chr17	48140776		True	True	False	True	1	4	5	-10,5	-4,0	-10,9	0,0	-10,9	0,0	-10,5	-4,0	1	4	5	0	0	0
20727	20727_1	20727_2	BND	chr8	31071100	chr16	22091095		True	True	False	True	1	4	5	-8,8	0,0	-10,8	-1,0	-10,8	-1,0	-8,8	0,0	1	4	5	0	0	0
20666	20666_1	20666_2	BND	chr8	34145509	chr12	3464233		True	True	False	True	1	4	5	-8,8	0,0	-5,8	0,1	-5,8	0,1	-8,8	0,0	1	4	5	0	0	0
20646	20646_1	20646_2	BND	chr8	37960065	chr10	85376219		False	False	False	True	1	4	5	-8,8	0,0	-10,9	0,0	-10,9	0,0	-8,8	0,0	1	4	5	0	0	0
20628	20628_1	20628_2	BND	chr8	39473140	chr9	83164008		False	False	False	True	1	4	5	-8,8	0,0	-8,8	0,0	-8,8	0,0	-8,8	0,0	1	4	5	0	0	0
6189	6189_1	6189_2	BND	chr8	43491382	chr8	123450343		False	False	False	True	1	4	5	-10,9	0,0	-10,9	0,0	-10,9	0,0	-10,9	0,0	1	4	5	0	0	0
20630	20630_1	20630_2	BND	chr8	47337752	chr9	91347239		False	False	False	True	1	4	5	-10,9	0,0	-8,8	0,0	-8,8	0,0	-10,9	0,0	1	4	5	0	0	0
20776	20776_1	20776_2	BND	chr8	47363888	chr19	18991967		False	False	False	True	1	4	5	-8,8	0,0	-10,9	0,0	-10,9	0,0	-8,8	0,0	1	4	5	0	0	0
20728	20728_1	20728_2	BND	chr8	47767825	chr16	29421944		False	False	False	True	1	4	5	-10,9	0,0	-8,8	0,0	-8,8	0,0	-10,9	0,0	1	4	5	0	0	0
6004	6004_1	6004_2	BND	chr8	49550706	chr8	49550898		True	True	False	True	2	3	5	-10,9	-1,1	-10,9	-1,1	-10,9	-1,1	-10,9	-1,1	2	3	5	0	0	0
6006	6006		INV	chr8	49965445	chr8	49965574	129.0	True		False		1	4	5	-9,5	-2,1	-8,8	-1,1					1	4	5	0	0	0
20796	20796_1	20796_2	BND	chr8	51468696	chr21	14510137		False	False	False	True	1	4	5	-10,9	0,0	-10,9	0,0	-10,9	0,0	-10,9	0,0	1	4	5	0	0	0
20678	20678_1	20678_2	BND	chr8	51864885	chr12	44669659		False	False	False	True	1	4	5	-10,9	0,0	-8,8	0,0	-8,8	0,0	-10,9	0,0	1	4	5	0	0	0
20766	20766_1	20766_2	BND	chr8	51918244	chr18	48497912		False	False	False	True	1	4	5	-10,9	0,0	-10,9	0,0	-10,9	0,0	-10,9	0,0	1	4	5	0	0	0
20653	20653_1	20653_2	BND	chr8	53798611	chr11	29107833		True	True	False	True	1	4	5	-10,9	0,0	-7,9	0,3	-7,9	0,3	-10,9	0,0	1	4	5	0	0	0
6068	6068_1	6068_2	BND	chr8	54675268	chr8	71682289		False	False	False	True	1	4	5	-8,8	0,0	-8,8	0,0	-8,8	0,0	-8,8	0,0	1	4	5	0	0	0
6019	6019_1	6019_2	BND	chr8	54772910	chr8	54773014		False	False	False	True	1	4	5	-8,8	0,0	-8,8	0,0	-8,8	0,0	-8,8	0,0	1	4	5	0	0	0
20716	20716_1	20716_2	BND	chr8	54788228	chr15	40787523		False	False	False	True	1	4	5	-8,8	0,0	-10,9	0,0	-10,9	0,0	-8,8	0,0	1	4	5	0	0	0
20698	20698_1	20698_2	BND	chr8	55815369	chr13	70401880		False	False	False	True	1	4	5	-10,9	0,0	-10,9	0,0	-10,9	0,0	-10,9	0,0	1	4	5	0	0	0
20704	20704_1	20704_2	BND	chr8	56586776	chr13	86468610		False	False	False	True	1	4	5	-8,8	0,0	-10,9	0,0	-10,9	0,0	-8,8	0,0	1	4	5	0	0	0
20667	20667_1	20667_2	BND	chr8	56972412	chr12	4903072		False	False	False	True	1	4	5	-10,9	0,0	-10,9	0,0	-10,9	0,0	-10,9	0,0	1	4	5	0	0	0
20784	20784_1	20784_2	BND	chr8	58058457	chr20	7553865		False	False	False	True	1	4	5	-8,8	0,0	-8,8	0,0	-8,8	0,0	-8,8	0,0	1	4	5	0	0	0
20721	20721_1	20721_2	BND	chr8	59733007	chr15	83935722		True	True	False	True	1	4	5	-10,8	-1,0	-8,8	0,0	-8,8	0,0	-10,8	-1,0	1	4	5	0	0	0
20672	20672_1	20672_2	BND	chr8	59936674	chr12	25182913		False	False	False	True	1	4	5	-8,8	0,0	-10,9	0,0	-10,9	0,0	-8,8	0,0	1	4	5	0	0	0
20709	20709_1	20709_2	BND	chr8	60434775	chr14	98618464		False	False	False	True	1	4	5	-8,8	0,0	-8,8	0,0	-8,8	0,0	-8,8	0,0	1	4	5	0	0	0
6045	6045_1	6045_2	BND	chr8	61124396	chr8	61124557		True	True	False	True	2	3	5	-10,9	-1,1	-10,9	-1,1	-10,9	-1,1	-10,9	-1,1	2	3	5	0	0	0
20785	20785_1	20785_2	BND	chr8	62117998	chr20	16805956		False	False	False	True	1	4	5	-10,9	0,0	-8,8	0,0	-8,8	0,0	-10,9	0,0	1	4	5	0	0	0
6048	6048_1	6048_2	BND	chr8	62644554	chr8	62644664		True	True	False	True	1	4	5	-3,9	0,3	-8,0	-8,0	-8,0	-8,0	-3,9	0,3	1	4	5	0	0	0
6049	6049_1	6049_2	BND	chr8	63852223	chr8	63852299		False	False	False	True	1	4	5	-10,5	0,0	-8,8	0,0	-8,8	0,0	-10,5	0,0	1	4	5	0	0	0
20772	20772_1	20772_2	BND	chr8	64148092	chr18	69179099		False	False	False	True	1	4	5	-10,9	0,0	-8,8	0,0	-8,8	0,0	-10,9	0,0	1	4	5	0	0	0
6053	6053_1	6053_2	BND	chr8	65058094	chr8	65058266		True	True	False	True	2	3	5	-9,1	-2,1	-1,9	0,8	-1,9	0,8	-9,1	-2,1	2	3	5	0	0	0
20818	20818_1	20818_2	BND	chr8	66701387	chrX	96409930		True	True	False	True	1	4	5	-10,9	0,0	-4,9	0,1	-4,9	0,1	-10,9	0,0	1	4	5	0	0	0
20677	20677_1	20677_2	BND	chr8	66765290	chr12	41595755		False	False	False	True	1	4	5	-8,8	0,0	-8,8	0,0	-8,8	0,0	-8,8	0,0	1	4	5	0	0	0
20786	20786_1	20786_2	BND	chr8	68244345	chr20	19322595		False	False	False	True	1	4	5	-10,9	0,0	-8,8	0,0	-8,8	0,0	-10,9	0,0	1	4	5	0	0	0
6063	6063		INV	chr8	71041210	chr8	71041402	192.0	True		False		3	2	5	-3,0	-3,0	-5,9	-1,1					3	2	5	0	0	0
6071	6071_1	6071_2	BND	chr8	72455567	chr8	72455687		False	False	False	True	1	4	5	-8,8	0,0	-8,8	0,0	-8,8	0,0	-8,8	0,0	1	4	5	0	0	0
20752	20752_1	20752_2	BND	chr8	75057692	chr17	60963412		False	False	False	True	1	4	5	-8,8	0,0	-8,8	0,0	-8,8	0,0	-8,8	0,0	1	4	5	0	0	0
6081	6081		INV	chr8	76245929	chr8	76246061	132.0	True		False		2	4	6	-7,8	-1,1	-5,9	-1,1					2	4	6	0	0	0
6085	6085_1	6085_2	BND	chr8	77912985	chr8	77913110		True	True	False	True	1	4	5	-10,9	-1,1	-10,9	-1,1	-10,9	-1,1	-10,9	-1,1	1	4	5	0	0	0
20739	20739_1	20739_2	BND	chr8	78497721	chr17	39136620		True	True	False	True	1	4	5	-8,7	0,1	-10,5	-1,0	-10,5	-1,0	-8,7	0,1	1	4	5	0	0	0
6171	6171_1	6171_2	BND	chr8	78865688	chr8	114384828		True	True	False	True	1	4	5	-8,8	0,0	-8,7	-1,0	-8,7	-1,0	-8,8	0,0	1	4	5	0	0	0
20670	20670_1	20670_2	BND	chr8	79508413	chr12	16952966		False	False	False	True	1	4	5	-10,9	0,0	-8,8	0,0	-8,8	0,0	-10,9	0,0	1	4	5	0	0	0
20662	20662_1	20662_2	BND	chr8	80509733	chr11	106163630		False	False	False	True	1	4	5	-8,8	0,0	-10,9	0,0	-10,9	0,0	-8,8	0,0	1	4	5	0	0	0
20811	20811_1	20811_2	BND	chr8	81383575	chrX	10965193		False	False	False	True	1	4	5	-10,9	0,0	-10,9	0,0	-10,9	0,0	-10,9	0,0	1	4	5	0	0	0
20645	20645_1	20645_2	BND	chr8	81507561	chr10	83614212		False	False	False	True	1	4	5	-8,8	0,0	-8,8	0,0	-8,8	0,0	-8,8	0,0	1	4	5	0	0	0
20702	20702_1	20702_2	BND	chr8	84242881	chr13	78724887		False	False	False	True	1	4	5	-10,9	0,0	-10,9	0,0	-10,9	0,0	-10,9	0,0	1	4	5	0	0	0
20805	20805_1	20805_2	BND	chr8	84614998	chr22	21717510		False	False	False	True	1	4	5	-10,9	0,0	-8,8	0,0	-8,8	0,0	-10,9	0,0	1	4	5	0	0	0
20635	20635_1	20635_2	BND	chr8	87082810	chr10	28002447		False	False	False	True	1	4	5	-10,9	0,0	-8,8	0,0	-8,8	0,0	-10,9	0,0	1	4	5	0	0	0
6108	6108_1	6108_2	BND	chr8	91531621	chr8	91531810		True	True	False	True	2	3	5	-10,6	-1,1	-10,9	-1,1	-10,9	-1,1	-10,6	-1,1	2	3	5	0	0	0
20819	20819_1	20819_2	BND	chr8	91982443	chrX	108988695		True	True	False	True	1	4	5	-9,4	-1,0	-10,7	-1,0	-10,7	-1,0	-9,4	-1,0	1	4	5	0	0	0
6111	6111		INV	chr8	92318328	chr8	92318474	146.0	True		False		2	3	5	-10,9	-1,1	-10,9	-1,1					2	3	5	0	0	0
6113	6113		INV	chr8	92516247	chr8	92516511	264.0	True		False		2	4	6	-10,2	-7,0	-10,2	-3,1					2	4	6	0	0	0
20750	20750_1	20750_2	BND	chr8	92694020	chr17	58670455		False	False	False	True	1	4	5	-10,9	0,0	-8,8	0,0	-8,8	0,0	-10,9	0,0	1	4	5	0	0	0
20749	20749_1	20749_2	BND	chr8	92911338	chr17	56388910		False	False	False	True	2	4	6	-10,9	0,0	-10,9	0,0	-10,9	0,0	-10,9	0,0	2	4	6	0	0	0
6136	6136_1	6136_2	BND	chr8	93023606	chr8	101531661		False	False	False	True	1	4	5	-8,8	0,0	-8,8	0,0	-8,8	0,0	-8,8	0,0	1	4	5	0	0	0
20806	20806_1	20806_2	BND	chr8	93881464	chr22	26331706		False	False	False	True	1	4	5	-8,8	0,0	-8,8	0,0	-8,8	0,0	-8,8	0,0	1	4	5	0	0	0
20684	20684_1	20684_2	BND	chr8	94645234	chr12	60039561		False	False	False	True	1	4	5	-8,8	0,0	-10,9	0,0	-10,9	0,0	-8,8	0,0	1	4	5	0	0	0
6123	6123_1	6123_2	BND	chr8	96268491	chr8	96268668		False	False	False	True	1	4	5	-8,8	0,0	-8,8	0,0	-8,8	0,0	-8,8	0,0	1	4	5	0	0	0
20627	20627_1	20627_2	BND	chr8	97501424	chr9	81090630		False	False	False	True	1	4	5	-10,9	0,0	-10,9	0,0	-10,9	0,0	-10,9	0,0	1	4	5	0	0	0
20816	20816_1	20816_2	BND	chr8	97830563	chrX	66373946		False	False	False	True	1	4	5	-10,9	0,0	-8,8	0,0	-8,8	0,0	-10,9	0,0	1	4	5	0	0	0
20641	20641_1	20641_2	BND	chr8	98244095	chr10	52579082		False	False	False	True	1	4	5	-8,8	0,0	-10,9	0,0	-10,9	0,0	-8,8	0,0	1	4	5	0	0	0
20624	20624_1	20624_2	BND	chr8	102804448	chr9	24436731		False	False	False	True	1	4	5	-10,9	0,0	-10,9	0,0	-10,9	0,0	-10,9	0,0	1	4	5	0	0	0
20632	20632_1	20632_2	BND	chr8	103131189	chr9	126865992		False	False	False	True	1	4	5	-10,9	0,0	-10,9	0,0	-10,9	0,0	-10,9	0,0	1	4	5	0	0	0
20673	20673_1	20673_2	BND	chr8	103771806	chr12	31027639		False	False	False	True	1	4	5	-8,8	0,0	-8,8	0,0	-8,8	0,0	-8,8	0,0	1	4	5	0	0	0
6143	6143		INV	chr8	104103440	chr8	104103560	120.0	True		False		2	3	5	-9,1	-2,1	-10,2	-2,1					2	3	5	0	0	0
20694	20694_1	20694_2	BND	chr8	105195481	chr13	35430457		False	False	False	True	1	4	5	-8,8	0,0	-10,9	0,0	-10,9	0,0	-8,8	0,0	1	4	5	0	0	0
20817	20817_1	20817_2	BND	chr8	105824365	chrX	78806885		False	False	False	True	1	4	5	-8,8	0,0	-8,8	0,0	-8,8	0,0	-8,8	0,0	1	4	5	0	0	0
20744	20744_1	20744_2	BND	chr8	106170295	chr17	50879919		False	False	False	True	1	4	5	-10,9	0,0	-8,8	0,0	-8,8	0,0	-10,9	0,0	1	4	5	0	0	0
20745	20745_1	20745_2	BND	chr8	106258832	chr17	51091763		False	False	False	True	1	4	5	-8,8	0,0	-8,8	0,0	-8,8	0,0	-8,8	0,0	1	4	5	0	0	0
20826	20826_1	20826_2	BND	chr8	108641543	chrY	56831264		False	False	False	True	1	4	5	-10,9	0,0	-8,8	0,0	-8,8	0,0	-10,9	0,0	1	4	5	0	0	0
20626	20626_1	20626_2	BND	chr8	112494337	chr9	69449991		False	False	False	True	2	4	6	-10,9	0,0	-10,9	0,0	-10,9	0,0	-10,9	0,0	2	4	6	0	0	0
20773	20773_1	20773_2	BND	chr8	113170974	chr18	70180568		False	False	False	True	1	4	5	-10,9	0,0	-8,8	0,0	-8,8	0,0	-10,9	0,0	1	4	5	0	0	0
6050	6050_1	6050_2	BND	chr8	113327863	chr8	113328005		False	False	False	True	2	4	6	-10,9	0,0	-10,9	0,0	-10,9	0,0	-10,9	0,0	2	4	6	0	0	0
6170	6170		INV	chr8	113925817	chr8	113925958	141.0	True		False		2	3	5	-5,9	-1,1	-9,5	-1,1					2	3	5	0	0	0
6174	6174_1	6174_2	BND	chr8	115175295	chr8	115175444		True	True	False	True	2	3	5	-9,5	-1,1	-10,9	-1,1	-10,9	-1,1	-9,5	-1,1	2	3	5	0	0	0
20823	20823_1	20823_2	BND	chr8	118997415	chrX	151947024		False	False	False	True	1	4	5	-8,8	0,0	-10,9	0,0	-10,9	0,0	-8,8	0,0	1	4	5	0	0	0
6188	6188_1	6188_2	BND	chr8	120929656	chr8	120929715		True	True	False	True	1	4	5	-7,9	0,1	-3,9	0,1	-3,9	0,1	-7,9	0,1	1	4	5	0	0	0
20676	20676_1	20676_2	BND	chr8	123533483	chr12	39420947		False	False	False	True	1	4	5	-10,9	0,0	-10,9	0,0	-10,9	0,0	-10,9	0,0	1	4	5	0	0	0
6191	6191_1	6191_2	BND	chr8	123991270	chr8	123991399		True	True	False	True	1	4	5	-9,0	-9,0	-9,5	-1,0	-9,5	-1,0	-9,0	-9,0	1	4	5	0	0	0
20720	20720_1	20720_2	BND	chr8	126788029	chr15	83527260		False	False	False	True	1	4	5	-8,8	0,0	-10,9	0,0	-10,9	0,0	-8,8	0,0	1	4	5	0	0	0
20814	20814_1	20814_2	BND	chr8	128290428	chrX	45724727		False	False	False	True	1	4	5	-10,9	0,0	-10,9	0,0	-10,9	0,0	-10,9	0,0	1	4	5	0	0	0
20713	20713_1	20713_2	BND	chr8	128639917	chr14	77600726		False	False	False	True	1	4	5	-8,8	0,0	-8,8	0,0	-8,8	0,0	-8,8	0,0	1	4	5	0	0	0
20711	20711_1	20711_2	BND	chr8	134275966	chr14	38317006		False	False	False	True	1	4	5	-10,9	0,0	-8,8	0,0	-8,8	0,0	-10,9	0,0	1	4	5	0	0	0
20681	20681_1	20681_2	BND	chr8	135155069	chr12	49199313		False	False	False	True	1	4	5	-10,9	0,0	-10,9	0,0	-10,9	0,0	-10,9	0,0	1	4	5	0	0	0
20629	20629_1	20629_2	BND	chr8	136030041	chr9	89833425		False	False	False	True	1	4	5	-8,8	0,0	-10,9	0,0	-10,9	0,0	-8,8	0,0	1	4	5	0	0	0
20712	20712_1	20712_2	BND	chr8	137674151	chr14	40196621		False	False	False	True	1	4	5	-8,8	0,0	-8,8	0,0	-8,8	0,0	-8,8	0,0	1	4	5	0	0	0
6227	6227_1	6227_2	BND	chr8	137716314	chr8	137716455		True	True	False	True	2	3	5	0,3	0,3	-2,0	-2,0	-2,0	-2,0	0,3	0,3	2	3	5	0	0	0
20638	20638_1	20638_2	BND	chr8	137868045	chr10	41711181		False	False	False	True	1	4	5	-10,9	0,0	-10,9	0,0	-10,9	0,0	-10,9	0,0	1	4	5	0	0	0
20685	20685_1	20685_2	BND	chr8	138306447	chr12	61362528		False	False	False	True	1	4	5	-10,9	0,0	-8,8	0,0	-8,8	0,0	-10,9	0,0	1	4	5	0	0	0
20800	20800_1	20800_2	BND	chr8	138802488	chr21	35058871		False	False	False	True	1	4	5	-10,9	0,0	-8,8	0,0	-8,8	0,0	-10,9	0,0	1	4	5	0	0	0
20642	20642_1	20642_2	BND	chr8	138805267	chr10	77576571		True	True	False	True	1	4	5	-10,4	-1,0	-7,7	0,1	-7,7	0,1	-10,4	-1,0	1	4	5	0	0	0
20734	20734_1	20734_2	BND	chr8	143176737	chr16	80367457		False	False	False	True	1	4	5	-10,9	0,0	-8,8	0,0	-8,8	0,0	-10,9	0,0	1	4	5	0	0	0
6354	6354_1	6354_2	BND	chr9	1383599	chr9	25704468		True	True	False	True	1	4	5	-10,9	0,0	-7,0	-7,0	-7,0	-7,0	-10,9	0,0	1	4	5	0	0	0
21097	21097_1	21097_2	BND	chr9	2676858	chrX	14994780		False	False	False	True	1	4	5	-8,8	0,0	-10,9	0,0	-10,9	0,0	-8,8	0,0	1	4	5	0	0	0
6276	6276		INV	chr9	3098183	chr9	3098288	105.0	True		False		1	4	5	0,3	0,3	0,8	0,3					1	4	5	0	0	0
21024	21024_1	21024_2	BND	chr9	5150362	chr18	9125727		False	False	False	True	1	4	5	-10,9	0,0	-10,9	0,0	-10,9	0,0	-10,9	0,0	1	4	5	0	0	0
21015	21015_1	21015_2	BND	chr9	8255471	chr17	55193277		True	True	False	True	1	4	5	-9,6	0,1	-10,9	0,0	-10,9	0,0	-9,6	0,1	1	4	5	0	0	0
21006	21006_1	21006_2	BND	chr9	9491667	chr16	57490666		False	False	False	True	1	4	5	-8,8	0,0	-8,8	0,0	-8,8	0,0	-8,8	0,0	1	4	5	0	0	0
21033	21033_1	21033_2	BND	chr9	10654726	chr19	31848975		True	True	False	True	1	4	5	-10,9	0,0	-8,8	0,1	-8,8	0,1	-10,9	0,0	1	4	5	0	0	0
6303	6303_1	6303_2	BND	chr9	10802187	chr9	10802287		True	True	False	True	2	3	5	-10,9	-1,1	-10,9	-1,1	-10,9	-1,1	-10,9	-1,1	2	3	5	0	0	0
6310	6310_1	6310_2	BND	chr9	12688848	chr9	12688946		False	False	False	True	1	4	5	-8,8	0,0	-8,8	0,0	-8,8	0,0	-8,8	0,0	1	4	5	0	0	0
20915	20915_1	20915_2	BND	chr9	12966079	chr11	70006565		False	False	False	True	1	4	5	-8,8	0,0	-10,9	0,0	-10,9	0,0	-8,8	0,0	1	4	5	0	0	0
20910	20910_1	20910_2	BND	chr9	13381831	chr11	14677695		True	True	False	True	1	4	5	-8,7	-1,0	-8,8	0,0	-8,8	0,0	-8,7	-1,0	1	4	5	0	0	0
20894	20894_1	20894_2	BND	chr9	13437405	chr10	31691736		False	False	False	True	1	4	5	-10,9	0,0	-8,8	0,0	-8,8	0,0	-10,9	0,0	1	4	5	0	0	0
6314	6314_1	6314_2	BND	chr9	13575024	chr9	13575122		False	False	False	True	1	4	5	-10,9	0,0	-10,9	0,0	-10,9	0,0	-10,9	0,0	1	4	5	0	0	0
21035	21035_1	21035_2	BND	chr9	15566070	chr19	54668421		True	True	False	True	1	4	5	-10,9	0,0	-9,6	0,1	-9,6	0,1	-10,9	0,0	1	4	5	0	0	0
20944	20944_1	20944_2	BND	chr9	15910412	chr12	91032936		False	False	False	True	1	4	5	-10,9	0,0	-8,8	0,0	-8,8	0,0	-10,9	0,0	1	4	5	0	0	0
20920	20920_1	20920_2	BND	chr9	16857075	chr11	119260943		False	False	False	True	1	4	5	-8,8	0,0	-8,8	0,0	-8,8	0,0	-8,8	0,0	1	4	5	0	0	0
20955	20955_1	20955_2	BND	chr9	17170706	chr13	21027240		False	False	False	True	1	4	5	-8,8	0,0	-10,9	0,0	-10,9	0,0	-8,8	0,0	1	4	5	0	0	0
6325	6325_1	6325_2	BND	chr9	17251856	chr9	17251988		False	False	False	True	2	4	6	-6,3	0,0	-10,9	0,0	-10,9	0,0	-6,3	0,0	2	4	6	0	0	0
20929	20929_1	20929_2	BND	chr9	18674466	chr12	16324935		False	False	False	True	1	4	5	-10,9	0,0	-8,8	0,0	-8,8	0,0	-10,9	0,0	1	4	5	0	0	0
21098	21098_1	21098_2	BND	chr9	18910323	chrX	21359274		False	False	False	True	1	4	5	-10,9	0,0	-10,9	0,0	-10,9	0,0	-10,9	0,0	1	4	5	0	0	0
6334	6334		INV	chr9	20058377	chr9	20058469	92.0	True		False		1	4	5	-10,1	-1,1	-10,9	-1,1					1	4	5	0	0	0
20940	20940_1	20940_2	BND	chr9	20668451	chr12	55290676		True	True	False	True	1	4	5	-10,6	-1,0	-7,7	0,1	-7,7	0,1	-10,6	-1,0	1	4	5	0	0	0
6385	6385_1	6385_2	BND	chr9	21009840	chr9	35279650		False	False	False	True	1	4	5	-8,8	0,0	-8,8	0,0	-8,8	0,0	-8,8	0,0	1	4	5	0	0	0
21066	21066_1	21066_2	BND	chr9	21301372	chr20	52588209		True	True	False	True	1	4	5	-8,8	0,0	-2,9	0,8	-2,9	0,8	-8,8	0,0	1	4	5	0	0	0
6498	6498_1	6498_2	BND	chr9	21447687	chr9	85681767		True	True	False	True	1	4	5	-8,8	0,0	-10,6	-1,0	-10,6	-1,0	-8,8	0,0	1	4	5	0	0	0
6341	6341_1	6341_2	BND	chr9	22477874	chr9	22478011		True	True	False	True	2	3	5	-7,7	-2,2	-8,7	-1,2	-8,7	-1,2	-7,7	-2,2	2	3	5	0	0	0
20936	20936_1	20936_2	BND	chr9	22697899	chr12	41643971		False	False	False	True	1	4	5	-8,8	0,0	-10,9	0,0	-10,9	0,0	-8,8	0,0	1	4	5	0	0	0
20927	20927_1	20927_2	BND	chr9	22814411	chr12	3937528		False	False	False	True	1	4	5	-10,9	0,0	-10,9	0,0	-10,9	0,0	-10,9	0,0	1	4	5	0	0	0
6348	6348		INV	chr9	23459654	chr9	23459815	161.0	True		False		1	4	5	-10,9	-1,1	-10,9	-1,1					1	4	5	0	0	0
6594	6594_1	6594_2	BND	chr9	24112545	chr9	115004923		False	False	False	True	1	4	5	-8,8	0,0	-8,8	0,0	-8,8	0,0	-8,8	0,0	1	4	5	0	0	0
21114	21114_1	21114_2	BND	chr9	24190222	chrX	124175734		False	False	False	True	1	4	5	-10,9	0,0	-8,8	0,0	-8,8	0,0	-10,9	0,0	1	4	5	0	0	0
20967	20967_1	20967_2	BND	chr9	24207014	chr13	67534509		False	False	False	True	1	4	5	-8,8	0,0	-8,8	0,0	-8,8	0,0	-8,8	0,0	1	4	5	0	0	0
21047	21047_1	21047_2	BND	chr9	24419255	chr20	7037396		False	False	False	True	1	4	5	-10,9	0,0	-10,9	0,0	-10,9	0,0	-10,9	0,0	1	4	5	0	0	0
20919	20919_1	20919_2	BND	chr9	25213590	chr11	103551600		False	False	False	True	1	4	5	-10,9	0,0	-10,9	0,0	-10,9	0,0	-10,9	0,0	1	4	5	0	0	0
20950	20950_1	20950_2	BND	chr9	25414020	chr12	119566691		False	False	False	True	1	4	5	-8,8	0,0	-10,9	0,0	-10,9	0,0	-8,8	0,0	1	4	5	0	0	0
6353	6353_1	6353_2	BND	chr9	25690558	chr9	25690671		False	False	False	True	1	4	5	-10,9	0,0	-2,9	0,0	-2,9	0,0	-10,9	0,0	1	4	5	0	0	0
21074	21074_1	21074_2	BND	chr9	26239056	chr21	19401730		False	False	False	True	1	4	5	-8,8	0,0	-10,9	0,0	-10,9	0,0	-8,8	0,0	1	4	5	0	0	0
6363	6363_1	6363_2	BND	chr9	29389171	chr9	29389314		False	False	False	True	1	4	5	-8,8	0,0	-8,8	0,0	-8,8	0,0	-8,8	0,0	1	4	5	0	0	0
20958	20958_1	20958_2	BND	chr9	29611924	chr13	36023917		False	False	False	True	1	4	5	-8,8	0,0	-8,8	0,0	-8,8	0,0	-8,8	0,0	1	4	5	0	0	0
20932	20932_1	20932_2	BND	chr9	29935712	chr12	24691644		False	False	False	True	1	4	5	-8,8	0,0	-8,8	0,0	-8,8	0,0	-8,8	0,0	1	4	5	0	0	0
21099	21099_1	21099_2	BND	chr9	30080091	chrX	22455099		False	False	False	True	1	4	5	-10,9	0,0	-8,8	0,0	-8,8	0,0	-10,9	0,0	1	4	5	0	0	0
20917	20917_1	20917_2	BND	chr9	31866623	chr11	84903175		False	False	False	True	1	4	5	-8,8	0,0	-8,8	0,0	-8,8	0,0	-8,8	0,0	1	4	5	0	0	0
6374	6374_1	6374_2	BND	chr9	32293310	chr9	32293445		False	False	False	True	1	4	5	-8,8	0,0	-8,8	0,0	-8,8	0,0	-8,8	0,0	1	4	5	0	0	0
21073	21073_1	21073_2	BND	chr9	32555326	chr21	17154611		False	False	False	True	1	4	5	-10,9	0,0	-8,8	0,0	-8,8	0,0	-10,9	0,0	1	4	5	0	0	0
20959	20959_1	20959_2	BND	chr9	33032143	chr13	38183581		False	False	False	True	1	4	5	-10,9	0,0	-8,8	0,0	-8,8	0,0	-10,9	0,0	1	4	5	0	0	0
20981	20981_1	20981_2	BND	chr9	33745661	chr14	60778104		False	False	False	True	1	4	5	-8,8	0,0	-8,8	0,0	-8,8	0,0	-8,8	0,0	1	4	5	0	0	0
21027	21027_1	21027_2	BND	chr9	35345248	chr18	63957059		False	False	False	True	1	4	5	-8,8	0,0	-10,9	0,0	-10,9	0,0	-8,8	0,0	1	4	5	0	0	0
20973	20973_1	20973_2	BND	chr9	36475150	chr13	107989434		False	False	False	True	1	4	5	-10,9	0,0	-8,8	0,0	-8,8	0,0	-10,9	0,0	1	4	5	0	0	0
21032	21032_1	21032_2	BND	chr9	37089095	chr19	28189278		False	False	False	True	1	4	5	-10,9	0,0	-10,9	0,0	-10,9	0,0	-10,9	0,0	1	4	5	0	0	0
6394	6394_1	6394_2	BND	chr9	37341579	chr9	37341776		True	True	False	True	2	3	5	0,8	0,1	-7,0	-7,0	-7,0	-7,0	0,8	0,1	2	3	5	0	0	0
6443	6443_1	6443_2	BND	chr9	41093224	chr9	68338222		True	True	False	True	5	0	5	-10,489	-2,108	-10,489	-2,111	-10,489	-2,111	-10,489	-2,108	5	0	5	0	0	0
20939	20939_1	20939_2	BND	chr9	41652430	chr12	54079855		True	True	False	True	6	0	6	-460,9	-84,2	-10,267	-3,61	-10,267	-3,61	-460,9	-84,2	5	0	5	1	0	1
21118	21118_1	21118_2	BND	chr9	64029779	chrY	11116360		True	True	False	True	12	0	12	-479,9	-62,1	-10,241	-3,38	-10,241	-3,38	-479,9	-62,1	11	0	11	1	0	1
21061	21061_1	21061_2	BND	chr9	65389740	chr20	30283831		True	True	False	True	7	0	7	-499,9	-82,2	-437,9	-91,0	-437,9	-91,0	-499,9	-82,2	6	0	6	1	0	1
21089	21089_1	21089_2	BND	chr9	68482461	chr22	28730415		False	False	False	True	1	4	5	-8,8	0,0	-8,8	0,0	-8,8	0,0	-8,8	0,0	1	4	5	0	0	0
20901	20901_1	20901_2	BND	chr9	68650265	chr10	100353291		False	False	False	True	1	4	5	-8,8	0,0	-10,9	0,0	-10,9	0,0	-8,8	0,0	1	4	5	0	0	0
20997	20997_1	20997_2	BND	chr9	70599794	chr15	78202227		False	False	False	True	1	4	5	-10,9	0,0	-8,8	0,0	-8,8	0,0	-10,9	0,0	1	4	5	0	0	0
20968	20968_1	20968_2	BND	chr9	71227676	chr13	80102869		False	False	False	True	1	4	5	-8,8	0,0	-8,8	0,0	-8,8	0,0	-8,8	0,0	1	4	5	0	0	0
6455	6455		DUP	chr9	71282076	chr9	71282408	332.0	True		False		6	0	6	-542,9	-100,1	-10,440	-1,90					6	0	6	0	0	0
20984	20984_1	20984_2	BND	chr9	71470479	chr14	81269005		False	False	False	True	1	4	5	-8,8	0,0	-10,9	0,0	-10,9	0,0	-8,8	0,0	1	4	5	0	0	0
20921	20921_1	20921_2	BND	chr9	72677447	chr11	133073841		False	False	False	True	1	4	5	-8,8	0,0	-10,9	0,0	-10,9	0,0	-8,8	0,0	1	4	5	0	0	0
20965	20965_1	20965_2	BND	chr9	73365392	chr13	62850099		False	False	False	True	1	4	5	-8,8	0,0	-10,9	0,0	-10,9	0,0	-8,8	0,0	1	4	5	0	0	0
20899	20899_1	20899_2	BND	chr9	73683881	chr10	88561864		False	False	False	True	1	4	5	-10,9	0,0	-10,9	0,0	-10,9	0,0	-10,9	0,0	1	4	5	0	0	0
21084	21084_1	21084_2	BND	chr9	74265302	chr22	17490623		False	False	False	True	1	4	5	-8,8	0,0	-8,8	0,0	-8,8	0,0	-8,8	0,0	1	4	5	0	0	0
21102	21102_1	21102_2	BND	chr9	74503554	chrX	48544334		False	False	False	True	1	4	5	-8,8	0,0	-8,8	0,0	-8,8	0,0	-8,8	0,0	1	4	5	0	0	0
6465	6465		INV	chr9	74831927	chr9	74832075	148.0	True		False		2	3	5	-10,9	-1,1	-10,9	-1,1					2	3	5	0	0	0
20952	20952_1	20952_2	BND	chr9	75329937	chr12	127658615		False	False	False	True	1	4	5	-8,8	0,0	-10,9	0,0	-10,9	0,0	-8,8	0,0	1	4	5	0	0	0
20900	20900_1	20900_2	BND	chr9	77477928	chr10	94876535		False	False	False	True	1	4	5	-8,8	0,0	-8,8	0,0	-8,8	0,0	-8,8	0,0	1	4	5	0	0	0
20979	20979_1	20979_2	BND	chr9	79878755	chr14	50150535		False	False	False	True	1	4	5	-10,9	0,0	-10,9	0,0	-10,9	0,0	-10,9	0,0	1	4	5	0	0	0
6487	6487		INV	chr9	81191356	chr9	81191510	154.0	True		False		1	4	5	-10,9	-1,1	-10,9	-1,1					1	4	5	0	0	0
21010	21010_1	21010_2	BND	chr9	81406425	chr17	2720506		False	False	False	True	1	4	5	-10,9	0,0	-10,9	0,0	-10,9	0,0	-10,9	0,0	1	4	5	0	0	0
6490	6490		INV	chr9	82207525	chr9	82207783	258.0	True		False		2	5	7	-10,92	0,87	-10,481	-2,162					2	5	7	0	0	0
6492	6492_1	6492_2	BND	chr9	82534300	chr9	82534394		False	False	False	True	1	4	5	-10,9	0,0	-4,9	0,0	-4,9	0,0	-10,9	0,0	1	4	5	0	0	0
6495	6495_1	6495_2	BND	chr9	83557945	chr9	83558069		True	True	False	True	2	3	5	-10,6	-1,0	-3,8	-1,0	-3,8	-1,0	-10,6	-1,0	2	3	5	0	0	0
20926	20926_1	20926_2	BND	chr9	84074816	chr12	3522821		False	False	False	True	1	4	5	-8,8	0,0	-8,8	0,0	-8,8	0,0	-8,8	0,0	1	4	5	0	0	0
21036	21036_1	21036_2	BND	chr9	85969889	chr19	21824317		False	False	False	True	1	4	5	-8,8	0,0	-10,9	0,0	-10,9	0,0	-8,8	0,0	1	4	5	0	0	0
20995	20995_1	20995_2	BND	chr9	87523020	chr15	75408405		False	False	False	True	1	4	5	-10,9	0,0	-10,9	0,0	-10,9	0,0	-10,9	0,0	1	4	5	0	0	0
21067	21067_1	21067_2	BND	chr9	87523742	chr20	54998447		False	False	False	True	1	4	5	-8,8	0,0	-10,9	0,0	-10,9	0,0	-8,8	0,0	1	4	5	0	0	0
21003	21003_1	21003_2	BND	chr9	88609186	chr16	6772551		False	False	False	True	1	4	5	-8,8	0,0	-10,9	0,0	-10,9	0,0	-8,8	0,0	1	4	5	0	0	0
20957	20957_1	20957_2	BND	chr9	89253454	chr13	31359520		False	False	False	True	1	4	5	-10,9	0,0	-8,8	0,0	-8,8	0,0	-10,9	0,0	1	4	5	0	0	0
6519	6519		INV	chr9	91052447	chr9	91052567	120.0	True		False		3	2	5	-10,20	-2,20	-10,558	-2,276					3	2	5	0	0	0
20893	20893_1	20893_2	BND	chr9	94042138	chr10	16757042		False	False	False	True	1	4	5	-8,8	0,0	-8,8	0,0	-8,8	0,0	-8,8	0,0	1	4	5	0	0	0
20969	20969_1	20969_2	BND	chr9	94192174	chr13	82074520		False	False	False	True	1	4	5	-10,9	0,0	-10,9	0,0	-10,9	0,0	-10,9	0,0	1	4	5	0	0	0
21048	21048_1	21048_2	BND	chr9	94428631	chr20	15969666		False	False	False	True	1	4	5	-8,8	0,0	-8,8	0,0	-8,8	0,0	-8,8	0,0	1	4	5	0	0	0
21100	21100_1	21100_2	BND	chr9	98281464	chrX	39273955		False	False	False	True	1	4	5	-8,8	0,0	-10,9	0,0	-10,9	0,0	-8,8	0,0	1	4	5	0	0	0
6541	6541_1	6541_2	BND	chr9	99733048	chr9	99733182		True	True	False	True	2	3	5	-7,0	-7,0	0,9	0,1	0,9	0,1	-7,0	-7,0	2	3	5	0	0	0
6543	6543_1	6543_2	BND	chr9	100320368	chr9	100320484		True	True	False	True	2	3	5	-10,1	-8,0	-10,7	-2,0	-10,7	-2,0	-10,1	-8,0	2	3	5	0	0	0
20930	20930_1	20930_2	BND	chr9	100542130	chr12	16633206		True	True	False	True	1	4	5	-10,5	-1,0	-10,9	0,0	-10,9	0,0	-10,5	-1,0	1	4	5	0	0	0
6545	6545		INV	chr9	101005916	chr9	101006068	152.0	True		False		2	3	5	-10,9	-1,1	-5,9	-1,1					2	3	5	0	0	0
6546	6546_1	6546_2	BND	chr9	101315734	chr9	101315869		False	False	False	True	2	4	6	-10,9	0,0	-10,9	0,0	-10,9	0,0	-10,9	0,0	2	4	6	0	0	0
6551	6551		INV	chr9	102774250	chr9	102774371	121.0	True		False		1	4	5	-3,9	0,3	-2,9	0,3					1	4	5	0	0	0
20898	20898_1	20898_2	BND	chr9	103676341	chr10	59685935		False	False	False	True	1	4	5	-8,8	0,0	-10,9	0,0	-10,9	0,0	-8,8	0,0	1	4	5	0	0	0
20912	20912_1	20912_2	BND	chr9	103796772	chr11	47846575		False	False	False	True	1	4	5	-8,8	0,0	-8,8	0,0	-8,8	0,0	-8,8	0,0	1	4	5	0	0	0
20989	20989_1	20989_2	BND	chr9	104102182	chr15	20368623		False	False	False	True	1	4	5	-8,8	0,0	-10,9	0,0	-10,9	0,0	-8,8	0,0	1	4	5	0	0	0
20976	20976_1	20976_2	BND	chr9	104616218	chr14	19951118		False	False	False	True	1	4	5	-10,9	0,0	-10,9	0,0	-10,9	0,0	-10,9	0,0	1	4	5	0	0	0
20904	20904_1	20904_2	BND	chr9	108789739	chr10	116116018		False	False	False	True	1	4	5	-8,8	0,0	-10,9	0,0	-10,9	0,0	-8,8	0,0	1	4	5	0	0	0
20972	20972_1	20972_2	BND	chr9	109673893	chr13	102907615		False	False	False	True	1	4	5	-10,9	0,0	-8,8	0,0	-8,8	0,0	-10,9	0,0	1	4	5	0	0	0
20999	20999_1	20999_2	BND	chr9	111284122	chr15	97721764		False	False	False	True	1	4	5	-8,8	0,0	-10,9	0,0	-10,9	0,0	-8,8	0,0	1	4	5	0	0	0
20948	20948_1	20948_2	BND	chr9	112738889	chr12	100116519		False	False	False	True	1	4	5	-8,8	0,0	-8,8	0,0	-8,8	0,0	-8,8	0,0	1	4	5	0	0	0
20947	20947_1	20947_2	BND	chr9	113365820	chr12	94653796		False	False	False	True	1	4	5	-8,8	0,0	-8,8	0,0	-8,8	0,0	-8,8	0,0	1	4	5	0	0	0
20902	20902_1	20902_2	BND	chr9	114396657	chr10	102603195		False	False	False	True	1	4	5	-10,9	0,0	-10,9	0,0	-10,9	0,0	-10,9	0,0	1	4	5	0	0	0
20896	20896_1	20896_2	BND	chr9	114752309	chr10	51924715		False	False	False	True	1	4	5	-10,9	0,0	-10,9	0,0	-10,9	0,0	-10,9	0,0	1	4	5	0	0	0
20951	20951_1	20951_2	BND	chr9	116081559	chr12	126988557		False	False	False	True	1	4	5	-8,8	0,0	-8,8	0,0	-8,8	0,0	-8,8	0,0	1	4	5	0	0	0
21077	21077_1	21077_2	BND	chr9	116830987	chr21	22761018		False	False	False	True	1	4	5	-10,9	0,0	-10,9	0,0	-10,9	0,0	-10,9	0,0	1	4	5	0	0	0
6603	6603_1	6603_2	BND	chr9	117000276	chr9	117000475		True	True	False	True	1	4	5	-10,9	-1,1	-10,9	-1,1	-10,9	-1,1	-10,9	-1,1	1	4	5	0	0	0
20949	20949_1	20949_2	BND	chr9	117079943	chr12	102292706		True	True	False	True	6	0	6	-7,476	0,103	-6,474	0,105	-6,474	0,105	-7,476	0,103	5	0	5	1	0	1
21018	21018_1	21018_2	BND	chr9	117203577	chr17	67816930		False	False	False	True	1	4	5	-10,9	0,0	-8,8	0,0	-8,8	0,0	-10,9	0,0	1	4	5	0	0	0
21088	21088_1	21088_2	BND	chr9	117673642	chr22	28492317		False	False	False	True	1	4	5	-8,8	0,0	-8,8	0,0	-8,8	0,0	-8,8	0,0	1	4	5	0	0	0
20983	20983_1	20983_2	BND	chr9	118023640	chr14	68100034		False	False	False	True	1	4	5	-8,8	0,0	-8,8	0,0	-8,8	0,0	-8,8	0,0	1	4	5	0	0	0
20909	20909_1	20909_2	BND	chr9	118879852	chr11	14425529		False	False	False	True	1	4	5	-8,8	0,0	-10,9	0,0	-10,9	0,0	-8,8	0,0	1	4	5	0	0	0
21087	21087_1	21087_2	BND	chr9	119452588	chr22	28272931		False	False	False	True	1	4	5	-10,9	0,0	-8,8	0,0	-8,8	0,0	-10,9	0,0	1	4	5	0	0	0
21012	21012_1	21012_2	BND	chr9	121519364	chr17	28205640		False	False	False	True	1	4	5	-10,9	0,0	-8,8	0,0	-8,8	0,0	-10,9	0,0	1	4	5	0	0	0
20996	20996_1	20996_2	BND	chr9	122868896	chr15	77388980		True	True	False	True	1	4	5	-10,9	0,0	-9,8	-1,0	-9,8	-1,0	-10,9	0,0	1	4	5	0	0	0
21111	21111_1	21111_2	BND	chr9	124120132	chrX	105450717		False	False	False	True	1	4	5	-8,8	0,0	-8,8	0,0	-8,8	0,0	-8,8	0,0	1	4	5	0	0	0
20990	20990_1	20990_2	BND	chr9	125268515	chr15	29615154		True	True	False	True	1	4	5	-8,8	0,1	-10,9	0,0	-10,9	0,0	-8,8	0,1	1	4	5	0	0	0
21008	21008_1	21008_2	BND	chr9	126527849	chr16	61094595		False	False	False	True	1	4	5	-8,8	0,0	-8,8	0,0	-8,8	0,0	-8,8	0,0	1	4	5	0	0	0
21116	21116_1	21116_2	BND	chr9	127679040	chrX	128635412		False	False	False	True	1	4	5	-10,9	0,0	-10,9	0,0	-10,9	0,0	-10,9	0,0	1	4	5	0	0	0
6623	6623		DEL	chr9	129428788	chr9	129429288	500.0	True		False		5	0	5	-10,405	-2,96	-447,9	-79,2					5	0	5	0	0	0
6624	6624		DEL	chr9	129435074	chr9	129435407	333.0	True		False		6	0	6	-10,158	-3,48	-298,9	-68,1					5	0	5	1	0	1
20942	20942_1	20942_2	BND	chr9	129711411	chr12	76750266		False	False	False	True	1	4	5	-10,9	0,0	-10,9	0,0	-10,9	0,0	-10,9	0,0	1	4	5	0	0	0
21022	21022_1	21022_2	BND	chr9	130361044	chr17	36184523		True	True	False	True	1	4	5	-9,5	-1,0	-5,8	0,1	-5,8	0,1	-9,5	-1,0	1	4	5	0	0	0
20931	20931_1	20931_2	BND	chr9	132581717	chr12	20850034		False	False	False	True	1	4	5	-10,9	0,0	-10,9	0,0	-10,9	0,0	-10,9	0,0	1	4	5	0	0	0
6632	6632_1	6632_2	BND	chr9	132656529	chr9	132656644		False	False	False	True	1	4	5	-8,8	0,0	-8,8	0,0	-8,8	0,0	-8,8	0,0	1	4	5	0	0	0
21043	21043_1	21043_2	BND	chr9	136486649	chr19	43811741		True	True	False	True	1	4	5	-10,9	0,0	-10,7	-1,0	-10,7	-1,0	-10,9	0,0	1	4	5	0	0	0
21030	21030_1	21030_2	BND	chr9	137864567	chr18	38880340		False	False	False	True	1	4	5	-8,8	0,0	-8,8	0,0	-8,8	0,0	-8,8	0,0	1	4	5	0	0	0
21079	21079_1	21079_2	BND	chr9	137949256	chr21	43467931		True	True	False	True	4	5	9	-7,6	0,0	-10,6	-1,0	-10,6	-1,0	-7,6	0,0	4	4	8	0	1	1
11617	11617		DUP	chrX	884576	chrX	884970	394.0	True		False		10	0	10	-323,9	-64,2	-10,481	-2,57					9	0	9	1	0	1
11625	11625		DUP	chrX	1278053	chrX	1278482	429.0	True		False		7	0	7	-475,9	-70,2	-10,388	-2,79					7	0	7	0	0	0
11629	11629		DEL	chrX	1331389	chrX	1331854	465.0	True		False		8	0	8	-10,340	-2,59	-307,9	-50,3					7	0	7	1	0	1
11659	11659_1	11659_2	BND	chrX	4059509	chrX	5519653		False	False	False	True	1	4	5	-8,8	0,0	-8,8	0,0	-8,8	0,0	-8,8	0,0	1	4	5	0	0	0
11652	11652_1	11652_2	BND	chrX	4571805	chrX	4571890		True	True	False	True	1	4	5	-10,9	-1,1	-5,9	-1,1	-5,9	-1,1	-10,9	-1,1	1	4	5	0	0	0
11664	11664_1	11664_2	BND	chrX	7862267	chrX	7862387		True	True	False	True	1	4	5	-10,8	-1,0	-10,8	-1,0	-10,8	-1,0	-10,8	-1,0	1	4	5	0	0	0
11668	11668		INV	chrX	8245930	chrX	8246172	242.0	True		False		2	3	5	-34,0	-25,0	0,41	0,31					2	3	5	0	0	0
11669	11669		INV	chrX	8446591	chrX	8446747	156.0	True		False		2	3	5	-10,9	-1,1	-10,9	-1,1					2	3	5	0	0	0
11676	11676_1	11676_2	BND	chrX	14383847	chrX	14383953		True	True	False	True	1	4	5	-10,9	-1,1	-10,9	-1,1	-10,9	-1,1	-10,9	-1,1	1	4	5	0	0	0
11680	11680_1	11680_2	BND	chrX	15302013	chrX	15302111		False	False	False	True	1	4	5	-8,8	0,0	-8,8	0,0	-8,8	0,0	-8,8	0,0	1	4	5	0	0	0
11700	11700		INV	chrX	20976308	chrX	20976489	181.0	True		False		2	3	5	-10,4	-2,1	-10,9	-1,1					2	3	5	0	0	0
11701	11701_1	11701_2	BND	chrX	21812830	chrX	21813012		True	True	False	True	2	3	5	-10,4	-1,1	-10,9	-1,1	-10,9	-1,1	-10,4	-1,1	2	3	5	0	0	0
11708	11708		INV	chrX	23460641	chrX	23460748	107.0	True		False		1	4	5	-3,9	-1,1	-3,9	-1,1					1	4	5	0	0	0
11717	11717		INV	chrX	27409788	chrX	27409908	120.0	True		False		2	4	6	-7,7	-2,3	-7,7	-2,3					2	4	6	0	0	0
11855	11855_1	11855_2	BND	chrX	28998950	chrX	84034703		False	False	False	True	1	4	5	-8,8	0,0	-8,8	0,0	-8,8	0,0	-8,8	0,0	1	4	5	0	0	0
11731	11731_1	11731_2	BND	chrX	31307570	chrX	31307699		True	True	False	True	2	3	5	-10,2	-7,0	0,6	0,1	0,6	0,1	-10,2	-7,0	2	3	5	0	0	0
11931	11931_1	11931_2	BND	chrX	32509545	chrX	114684173		False	False	False	True	1	4	5	-10,9	0,0	-10,9	0,0	-10,9	0,0	-10,9	0,0	1	4	5	0	0	0
11739	11739_1	11739_2	BND	chrX	35724023	chrX	35724136		False	False	False	True	2	4	6	-10,9	0,0	-10,9	0,0	-10,9	0,0	-10,9	0,0	2	4	6	0	0	0
11740	11740_1	11740_2	BND	chrX	36450123	chrX	36450200		False	False	False	True	1	4	5	-10,1	0,0	-8,8	0,0	-8,8	0,0	-10,1	0,0	1	4	5	0	0	0
11744	11744		INV	chrX	39099859	chrX	39099938	79.0	True		False		2	3	5	-9,1	-10,0	-10,7	-2,0					2	3	5	0	0	0
11749	11749		INV	chrX	42472498	chrX	42472605	107.0	True		False		2	3	5	-9,0	-9,0	-5,0	-5,0					2	3	5	0	0	0
11751	11751_1	11751_2	BND	chrX	43714140	chrX	43714330		False	False	False	True	1	4	5	-10,9	0,0	-9,6	0,0	-9,6	0,0	-10,9	0,0	1	4	5	0	0	0
11785	11785		INV	chrX	57945249	chrX	57945349	100.0	True		False		1	4	5	-9,1	-2,1	-9,1	-2,1					1	4	5	0	0	0
11796	11796		INV	chrX	64094509	chrX	64094780	271.0	True		False		2	3	5	-8,0	-8,0	-8,0	-8,0					2	3	5	0	0	0
11797	11797		INV	chrX	64145232	chrX	64145334	102.0	True		False		1	4	5	-10,6	-1,1	-10,9	-1,1					1	4	5	0	0	0
11798	11798_1	11798_2	BND	chrX	64235422	chrX	64235515		True	True	False	True	3	3	6	-10,9	-1,1	-10,9	-1,1	-10,9	-1,1	-10,9	-1,1	3	3	6	0	0	0
11801	11801_1	11801_2	BND	chrX	64938451	chrX	64938615		True	True	False	True	2	3	5	-10,9	-1,1	-8,9	-1,1	-8,9	-1,1	-10,9	-1,1	2	3	5	0	0	0
11804	11804		INV	chrX	66252823	chrX	66252951	128.0	True		False		2	3	5	-10,9	-1,1	-10,9	-1,1					2	3	5	0	0	0
11811	11811		INV	chrX	67932452	chrX	67932548	96.0	True		False		2	3	5	-5,4	-1,1	-4,9	0,3					2	3	5	0	0	0
11816	11816_1	11816_2	BND	chrX	73573592	chrX	73573751		True	True	False	True	1	4	5	-7,0	-7,0	-1,9	0,9	-1,9	0,9	-7,0	-7,0	1	4	5	0	0	0
11818	11818		INV	chrX	74431005	chrX	74431088	83.0	True		False		1	4	5	-3,9	0,3	-3,9	0,3					1	4	5	0	0	0
11824	11824		INV	chrX	76810096	chrX	76810347	251.0	True		False		3	2	5	-10,9	-3,3	-4,9	-3,1					3	2	5	0	0	0
11828	11828_1	11828_2	BND	chrX	77021324	chrX	77021512		True	True	False	True	2	3	5	-8,9	-1,1	-8,9	-1,1	-8,9	-1,1	-8,9	-1,1	2	3	5	0	0	0
11849	11849_1	11849_2	BND	chrX	82606433	chrX	82606555		True	True	False	True	1	4	5	-3,9	0,3	-10,5	-4,0	-10,5	-4,0	-3,9	0,3	1	4	5	0	0	0
11853	11853		INV	chrX	83470818	chrX	83470933	115.0	True		False		1	4	5	-3,0	-3,0	0,4	0,3					1	4	5	0	0	0
11854	11854_1	11854_2	BND	chrX	83815914	chrX	83815999		True	True	False	True	2	3	5	-10,1	-1,1	-10,9	-1,1	-10,9	-1,1	-10,1	-1,1	2	3	5	0	0	0
11866	11866_1	11866_2	BND	chrX	88170614	chrX	88170738		True	True	False	True	2	3	5	-9,0	-2,0	-1,9	0,8	-1,9	0,8	-9,0	-2,0	2	3	5	0	0	0
11867	11867_1	11867_2	BND	chrX	88351331	chrX	88351430		True	True	False	True	1	4	5	-10,6	-3,0	-8,0	-8,0	-8,0	-8,0	-10,6	-3,0	1	4	5	0	0	0
11883	11883_1	11883_2	BND	chrX	93377169	chrX	93377332		True	True	False	True	2	4	6	-10,47	0,47	-10,543	-2,178	-10,543	-2,178	-10,47	0,47	2	4	6	0	0	0
11908	11908_1	11908_2	BND	chrX	102491460	chrX	102491549		False	False	False	True	1	4	5	-8,8	0,0	-8,8	0,0	-8,8	0,0	-8,8	0,0	1	4	5	0	0	0
11925	11925_1	11925_2	BND	chrX	112335398	chrX	112335475		False	False	False	True	1	4	5	-10,2	0,0	-8,8	0,0	-8,8	0,0	-10,2	0,0	1	4	5	0	0	0
11930	11930_1	11930_2	BND	chrX	114471293	chrX	114602474		True	True	False	True	5	0	5	-477,9	-87,2	-483,9	-99,2	-483,9	-99,2	-477,9	-87,2	5	0	5	0	0	0
11936	11936_1	11936_2	BND	chrX	115998218	chrX	115998359		False	False	False	True	1	4	5	-10,9	0,0	-9,6	0,0	-9,6	0,0	-10,9	0,0	1	4	5	0	0	0
11939	11939		INV	chrX	116859954	chrX	116860114	160.0	True		False		1	4	5	-10,9	-1,1	-10,9	-1,1					1	4	5	0	0	0
11942	11942		INV	chrX	117442169	chrX	117442290	121.0	True		False		1	4	5	-2,9	0,3	-2,9	0,3					1	4	5	0	0	0
11950	11950_1	11950_2	BND	chrX	122107504	chrX	122107618		False	False	False	True	1	4	5	-8,8	0,0	-8,8	0,0	-8,8	0,0	-8,8	0,0	1	4	5	0	0	0
11951	11951_1	11951_2	BND	chrX	122346865	chrX	122347081		False	False	False	True	1	4	5	-8,8	0,0	-8,8	0,0	-8,8	0,0	-8,8	0,0	1	4	5	0	0	0
11957	11957		DEL	chrX	124882373	chrX	125734847	852474.0	False		False		1	4	5	-8,8	0,0	-10,9	0,0					1	4	5	0	0	0
11959	11959_1	11959_2	BND	chrX	126445451	chrX	126445566		False	False	False	True	1	4	5	-10,9	0,0	-9,6	0,0	-9,6	0,0	-10,9	0,0	1	4	5	0	0	0
11963	11963_1	11963_2	BND	chrX	127003120	chrX	127003255		True	True	False	True	2	3	5	-10,9	-1,1	-10,9	-1,1	-10,9	-1,1	-10,9	-1,1	2	3	5	0	0	0
12011	12011_1	12011_2	BND	chrX	128570132	chrX	140972269		False	False	False	True	1	4	5	-10,9	0,0	-10,9	0,0	-10,9	0,0	-10,9	0,0	1	4	5	0	0	0
11977	11977_1	11977_2	BND	chrX	131347590	chrX	131347688		False	False	False	True	1	4	5	-10,9	0,0	-9,6	0,0	-9,6	0,0	-10,9	0,0	1	4	5	0	0	0
11992	11992		INV	chrX	137919272	chrX	137919415	143.0	True		False		2	3	5	-8,0	-8,0	-9,4	-2,1					2	3	5	0	0	0
11996	11996_1	11996_2	BND	chrX	139228263	chrX	139228338		False	False	False	True	1	4	5	-8,8	0,0	-8,8	0,0	-8,8	0,0	-8,8	0,0	1	4	5	0	0	0
12002	12002		INV	chrX	140611018	chrX	140611321	303.0	True		False		3	2	5	-10,12	-10,12	-10,419	-2,152					3	2	5	0	0	0
12017	12017_1	12017_2	BND	chrX	143302158	chrX	143302266		True	True	False	True	1	4	5	-10,9	-1,1	-10,9	-1,1	-10,9	-1,1	-10,9	-1,1	1	4	5	0	0	0
12018	12018		INV	chrX	144257364	chrX	144257494	130.0	True		False		2	5	7	-1,9	0,1	-1,9	0,0					2	5	7	0	0	0
12042	12042_1	12042_2	BND	chrX	150382145	chrX	150382449		False	False	False	True	1	4	5	-8,8	0,0	-8,8	0,0	-8,8	0,0	-8,8	0,0	1	4	5	0	0	0
12045	12045		INV	chrX	151960227	chrX	151960370	143.0	True		False		2	3	5	-10,8	-1,0	-4,9	-1,3					2	3	5	0	0	0
12128	12128		DUP	chrY	11305012	chrY	11327779	22767.0	True		False		7	0	7	-488,9	-76,0	-10,365	-2,67					7	0	7	0	0	0
12129	12129		DEL	chrY	11310475	chrY	11327578	17103.0	True		False		6	0	6	-10,428	-2,75	-471,9	-92,2					5	0	5	1	0	1
12185	12185		DEL	chrY	56830287	chrY	56834446	4159.0	True		False		17	0	17	-10,122	-3,24	-511,9	-55,2					17	0	17	0	0	0
