event	id_be1	id_be2	type	chrom_be1	pos_be1	chrom_be2	pos_be2	length	imprecise_be1	imprecise_be2	secondary_be1	secondary_be2	junction_support_pe	junction_support_sr	junction_support_su	confidence_interval_pos_be1	confidence_interval_pos_95_be1	confidence_interval_end_be1	confidence_interval_end_95_be1	confidence_interval_pos_be2	confidence_interval_pos_95_be2	confidence_interval_end_be2	confidence_interval_end_95_be2	tum_support_pe	tum_support_sr	tum_support_su	norm_support_pe	norm_support_sr	norm_support_su
10147	10147_1	10147_2	BND	chr1	13242539	chr7	113238836		True	True	False	True	9	0	9	-10,157	-2,61	-607,9	-102,1	-607,9	-102,1	-10,157	-2,61	8	0	8	1	0	1
68	68		DEL	chr1	20593505	chr1	20594172	667.0	True		False		5	0	5	-10,607	-1,165	-508,9	-130,2					5	0	5	0	0	0
10333	10333_1	10333_2	BND	chr1	45703381	chrX	112696141		True	True	False	True	7	0	7	-10,507	-2,98	-10,643	0,126	-10,643	0,126	-10,507	-2,98	6	0	6	1	0	1
10338	10338_1	10338_2	BND	chr1	90241710	chrX	151703858		True	True	False	True	6	0	6	-64,9	-40,2	-644,9	-133,0	-644,9	-133,0	-64,9	-40,2	5	0	5	1	0	1
10150	10150_1	10150_2	BND	chr1	90378534	chr7	134929623		True	True	False	True	6	0	6	-644,9	-133,0	-504,9	-90,2	-504,9	-90,2	-644,9	-133,0	5	0	5	1	0	1
191	191		DEL	chr1	94069948	chr1	94070106	158.0	True		False		5	0	5	-10,116	-2,60	-137,9	-55,3					5	0	5	0	0	0
216	216		DEL	chr1	111741817	chr1	111742000	183.0	True		False		5	0	5	-10,115	-3,48	-169,9	-95,2					5	0	5	0	0	0
224	224		INV	chr1	117419941	chr1	117420030	89.0	True		False		2	3	5	-10,7	-1,1	-10,9	-1,1					2	3	5	0	0	0
240	240		DEL	chr1	124345648	chr1	124693488	347840.0	True		False		5	0	5	-10,554	-2,124	-619,9	-137,1					5	0	5	0	0	0
10127	10127_1	10127_2	BND	chr1	145796789	chr6	79375186		True	True	False	True	5	0	5	-7,598	0,145	-293,9	-102,0	-293,9	-102,0	-7,598	0,145	5	0	5	0	0	0
10263	10263_1	10263_2	BND	chr1	152723756	chr16	49493580		False	False	False	True	1	4	5	-8,8	0,0	-9,6	0,0	-9,6	0,0	-8,8	0,0	1	4	5	0	0	0
275	275		DEL	chr1	153243453	chr1	153243981	528.0	True		False		9	0	9	-10,395	-2,76	-377,9	-58,3					8	0	8	1	0	1
254	254		DEL	chr1	161579323	chr1	161661068	81745.0	True		False		6	0	6	-10,530	-2,119	-490,9	-90,2					5	0	5	1	0	1
10108	10108_1	10108_2	BND	chr1	163344642	chr5	56088355		True	True	False	True	4	2	6	-10,9	-1,1	-10,9	-1,1	-10,9	-1,1	-10,9	-1,1	3	2	5	1	0	1
10053	10053_1	10053_2	BND	chr1	178040330	chr2	205938332		True	True	False	True	6	0	6	-603,9	-121,1	-514,9	-90,2	-514,9	-90,2	-603,9	-121,1	5	0	5	1	0	1
10070	10070_1	10070_2	BND	chr1	181276019	chr3	91291243		True	True	False	True	6	0	6	-10,550	0,130	-472,9	-85,2	-472,9	-85,2	-10,550	0,130	5	0	5	1	0	1
10195	10195_1	10195_2	BND	chr1	184200504	chr11	2813455		True	True	False	True	1	4	5	-1,9	0,1	-10,8	-1,0	-10,8	-1,0	-1,9	0,1	1	4	5	0	0	0
10204	10204_1	10204_2	BND	chr1	191042938	chr11	56702382		True	True	False	True	6	0	6	-10,534	0,124	-10,477	-2,76	-10,477	-2,76	-10,534	0,124	5	0	5	1	0	1
342	342		DEL	chr1	196799082	chr1	196923703	124621.0	True		False		7	0	7	-10,234	-3,49	-339,9	-72,2					6	0	6	1	0	1
10297	10297_1	10297_2	BND	chr1	210718348	chr19	45229191		True	True	False	True	4	2	6	-10,9	-1,1	-10,6	-1,0	-10,6	-1,0	-10,9	-1,1	3	2	5	1	0	1
10329	10329_1	10329_2	BND	chr1	212900646	chrX	74913048		False	False	False	True	1	4	5	-8,8	0,0	-8,8	0,0	-8,8	0,0	-8,8	0,0	1	4	5	0	0	0
10115	10115_1	10115_2	BND	chr1	214482834	chr5	115913360		True	True	False	True	6	0	6	-332,9	-96,2	-372,9	-71,3	-372,9	-71,3	-332,9	-96,2	5	0	5	1	0	1
10199	10199_1	10199_2	BND	chr1	245141114	chr11	35403846		True	True	False	True	6	0	6	-556,9	-128,1	-532,9	-110,2	-532,9	-110,2	-556,9	-128,1	5	0	5	1	0	1
14193	14193_1	14193_2	BND	chr10	11103334	chr17	39122151		False	False	False	True	1	4	5	-8,8	0,0	-8,8	0,0	-8,8	0,0	-8,8	0,0	1	4	5	0	0	0
14167	14167_1	14167_2	BND	chr10	23515055	chr16	72859965		False	False	False	True	1	4	5	-9,6	0,0	-9,6	0,0	-9,6	0,0	-9,6	0,0	1	4	5	0	0	0
14141	14141_1	14141_2	BND	chr10	32115287	chr13	36408379		True	True	False	True	6	0	6	-565,9	-130,1	-430,9	-80,2	-430,9	-80,2	-565,9	-130,1	5	0	5	1	0	1
14202	14202_1	14202_2	BND	chr10	32194661	chr19	10715019		True	True	False	True	5	0	5	-639,9	-143,1	-10,109	-2,64	-10,109	-2,64	-639,9	-143,1	5	0	5	0	0	0
14234	14234_1	14234_2	BND	chr10	38501375	chr22	10726992		True	True	False	True	6	0	6	-644,9	-133,0	-493,9	-95,0	-493,9	-95,0	-644,9	-133,0	5	0	5	1	0	1
14185	14185_1	14185_2	BND	chr10	38942137	chr17	26962761		True	True	False	True	8	2	10	-10,9	-1,1	-10,0	-4,0	-10,0	-4,0	-10,9	-1,1	8	2	10	0	0	0
3989	3989		DEL	chr10	41858964	chr10	41914604	55640.0	True		False		4	3	7	-10,9	-1,1	-10,7	-3,1					3	3	6	1	0	1
14269	14269_1	14269_2	BND	chr10	41860086	chrY	10999957		True	True	False	True	7	0	7	-10,507	-2,88	-10,587	0,139	-10,587	0,139	-10,507	-2,88	6	0	6	1	0	1
14265	14265_1	14265_2	BND	chr10	41875374	chrY	10785230		True	True	False	True	5	0	5	-580,9	-132,1	-590,7	-144,0	-590,7	-144,0	-580,9	-132,1	5	0	5	0	0	0
14229	14229_1	14229_2	BND	chr10	41883458	chr21	10692997		True	True	False	True	6	0	6	-10,476	-1,115	-10,479	-2,80	-10,479	-2,80	-10,476	-1,115	5	0	5	1	0	1
3934	3934		DEL	chr10	41884489	chr10	41896887	12398.0	True		False		5	0	5	-10,519	-2,107	-584,9	-134,0					5	0	5	0	0	0
3961	3961		DUP	chr10	41892245	chr10	41905899	13654.0	True		False		5	0	5	-558,9	-127,2	-10,492	-1,97					5	0	5	0	0	0
3977	3977		DUP	chr10	41898809	chr10	41912445	13636.0	True		False		6	0	6	-93,9	-62,2	-10,610	-2,143					5	0	5	1	0	1
14233	14233_1	14233_2	BND	chr10	42199378	chr22	10668698		True	True	False	True	6	0	6	-556,9	-125,1	-553,9	-125,1	-553,9	-125,1	-556,9	-125,1	5	0	5	1	0	1
14129	14129_1	14129_2	BND	chr10	70575258	chr12	71369276		True	True	False	True	4	2	6	-10,9	-1,1	-10,9	-1,1	-10,9	-1,1	-10,9	-1,1	3	2	5	1	0	1
14489	14489_1	14489_2	BND	chr11	13001659	chr18	55923483		True	True	False	True	7	0	7	-404,9	-86,2	-591,9	-103,2	-591,9	-103,2	-404,9	-86,2	6	0	6	1	0	1
14515	14515_1	14515_2	BND	chr11	32580044	chrX	109564149		True	True	False	True	5	0	5	-7,598	0,145	-7,598	0,145	-7,598	0,145	-7,598	0,145	5	0	5	0	0	0
14453	14453_1	14453_2	BND	chr11	32580044	chr12	90342439		True	True	False	True	7	0	7	-10,643	0,126	-636,9	-125,0	-636,9	-125,0	-10,643	0,126	6	0	6	1	0	1
4298	4298		DEL	chr11	48913000	chr11	48913274	274.0	True		False		6	0	6	-10,216	-3,51	-124,9	-51,3					6	0	6	0	0	0
4253	4253_1	4253_2	BND	chr11	48963601	chr11	49823162		True	True	False	True	6	0	6	-10,438	-2,83	-10,526	-1,121	-10,526	-1,121	-10,438	-2,83	5	0	5	1	0	1
4426	4426_1	4426_2	BND	chr11	49359540	chr11	89346623		True	True	False	True	11	0	11	-556,9	-80,1	-339,9	-60,2	-339,9	-60,2	-556,9	-80,1	10	0	10	1	0	1
4423	4423_1	4423_2	BND	chr11	49630881	chr11	88994281		True	True	False	True	6	0	6	-509,9	-103,2	-552,9	-120,1	-552,9	-120,1	-509,9	-103,2	5	0	5	1	0	1
4319	4319		DUP	chr11	52308261	chr11	53193848	885587.0	True		False		5	0	5	-556,9	-107,2	-10,535	-2,116					5	0	5	0	0	0
4321	4321		DUP	chr11	53387006	chr11	53398068	11062.0	True		False		9	0	9	-545,9	-78,2	-10,392	-2,88					8	0	8	1	0	1
4353	4353		DUP	chr11	54384287	chr11	54549162	164875.0	True		False		5	0	5	-561,9	-120,2	-10,527	-2,114					5	0	5	0	0	0
4348	4348		DEL	chr11	54408354	chr11	54422649	14295.0	True		False		5	0	5	-10,574	-1,137	-616,9	-138,1					5	0	5	0	0	0
4370	4370		DEL	chr11	60804019	chr11	60804453	434.0	True		False		9	0	9	-10,265	-3,52	-279,9	-50,3					9	0	9	0	0	0
4379	4379		DEL	chr11	63113056	chr11	63113229	173.0	False		False		3	4	7	-10,9	0,0	-10,9	0,0					2	4	6	1	0	1
14477	14477_1	14477_2	BND	chr11	71677969	chr16	66683171		False	False	False	True	1	5	6	-10,9	0,0	-8,6	0,0	-8,6	0,0	-10,9	0,0	1	5	6	0	0	0
14460	14460_1	14460_2	BND	chr11	71752103	chr13	95176054		False	False	False	True	1	4	5	-8,8	0,0	-9,6	0,0	-9,6	0,0	-8,8	0,0	1	4	5	0	0	0
14475	14475_1	14475_2	BND	chr11	78460273	chr16	58867891		False	False	False	True	1	4	5	-9,6	0,0	-8,8	0,0	-8,8	0,0	-9,6	0,0	1	4	5	0	0	0
14473	14473_1	14473_2	BND	chr11	82854725	chr16	23127645		False	False	False	True	1	4	5	-8,8	0,0	-8,8	0,0	-8,8	0,0	-8,8	0,0	1	4	5	0	0	0
4420	4420		DEL	chr11	88189315	chr11	88189698	383.0	True		False		5	0	5	-10,381	-3,77	-344,9	-71,3					5	0	5	0	0	0
4450	4450		INV	chr11	97384146	chr11	97384314	168.0	True		False		2	3	5	-10,9	-1,1	-10,9	-1,1					2	3	5	0	0	0
14471	14471_1	14471_2	BND	chr11	105312278	chr15	76560657		False	False	False	True	1	4	5	-9,6	0,0	-9,6	0,0	-9,6	0,0	-9,6	0,0	1	4	5	0	0	0
4480	4480		DEL	chr11	115644978	chr11	115645174	196.0	True		False		5	0	5	-10,14	-2,12	-52,9	-32,2					5	0	5	0	0	0
14458	14458_1	14458_2	BND	chr11	125189366	chr13	38042459		True	True	False	True	6	0	6	-624,9	-127,1	-232,9	-66,3	-232,9	-66,3	-624,9	-127,1	5	0	5	1	0	1
4495	4495		DEL	chr11	131051335	chr11	131051851	516.0	True		False		5	0	5	-10,514	-2,150	-460,9	-134,2					5	0	5	0	0	0
14643	14643_1	14643_2	BND	chr12	2782696	chr16	47806157		False	False	False	True	115	92	207	0,0	0,0	0,0	0,0	0,0	0,0	0,0	0,0	115	92	207	0	0	0
14644	14644_1	14644_2	BND	chr12	2782899	chr16	59169758		False	False	False	True	84	89	173	0,0	0,0	0,0	0,0	0,0	0,0	0,0	0,0	84	89	173	0	0	0
4524	4524		DUP	chr12	7798987	chr12	7905861	106874.0	True		False		6	0	6	-414,9	-87,2	-10,504	-2,100					5	0	5	1	0	1
4545	4545		DEL	chr12	11014350	chr12	11069532	55182.0	True		False		9	0	9	-10,540	-1,129	-358,9	-96,2					8	0	8	1	0	1
4571	4571		DEL	chr12	11026337	chr12	11129160	102823.0	True		False		6	0	6	-10,552	-1,129	-449,9	-94,2					5	0	5	1	0	1
14697	14697_1	14697_2	BND	chr12	11038782	chrY	18897681		True	True	False	True	5	0	5	-469,9	-101,2	-621,9	-138,1	-621,9	-138,1	-469,9	-101,2	5	0	5	0	0	0
4575	4575		DUP	chr12	11060779	chr12	11132756	71977.0	True		False		5	0	5	-557,9	-119,1	-10,537	-2,115					5	0	5	0	0	0
4582	4582		DUP	chr12	13525967	chr12	13526377	410.0	True		False		6	0	6	-569,9	-123,0	-10,482	-2,90					6	0	6	0	0	0
14685	14685_1	14685_2	BND	chr12	14323960	chrX	38199385		True	True	False	True	6	0	6	-531,9	-93,2	-10,545	-1,131	-10,545	-1,131	-531,9	-93,2	5	0	5	1	0	1
14614	14614_1	14614_2	BND	chr12	22385410	chr13	44569210		True	True	False	True	7	0	7	-10,447	-2,69	-502,9	-111,1	-502,9	-111,1	-10,447	-2,69	6	0	6	1	0	1
14641	14641_1	14641_2	BND	chr12	28933803	chr15	98704838		False	False	False	True	1	4	5	-9,6	0,0	-9,6	0,0	-9,6	0,0	-9,6	0,0	1	4	5	0	0	0
14661	14661_1	14661_2	BND	chr12	30615605	chr18	55859928		False	False	False	True	1	4	5	-9,6	0,0	-8,8	0,0	-8,8	0,0	-9,6	0,0	1	4	5	0	0	0
4642	4642		DEL	chr12	35210605	chr12	35941349	730744.0	True		False		7	0	7	-10,474	-2,104	-594,9	-105,2					6	0	6	1	0	1
4645	4645		DEL	chr12	35827133	chr12	36165800	338667.0	True		False		7	0	7	-10,496	-2,103	-408,9	-58,3					6	0	6	1	0	1
4652	4652		DEL	chr12	35923482	chr12	36530173	606691.0	True		False		8	0	8	-10,319	-2,92	-447,9	-81,2					7	0	7	1	0	1
4679	4679		DUP	chr12	37614850	chr12	37615277	427.0	True		False		7	0	7	-566,9	-99,2	-10,476	-1,102					6	0	6	1	0	1
14657	14657_1	14657_2	BND	chr12	76772995	chr17	57913572		False	False	False	True	1	4	5	-8,8	0,0	-8,8	0,0	-8,8	0,0	-8,8	0,0	1	4	5	0	0	0
14669	14669_1	14669_2	BND	chr12	87064248	chr20	2144000		False	False	False	True	1	4	5	-9,6	0,0	-8,8	0,0	-8,8	0,0	-9,6	0,0	1	4	5	0	0	0
14648	14648_1	14648_2	BND	chr12	107077148	chr16	72373223		False	False	False	True	1	4	5	-8,8	0,0	-9,6	0,0	-9,6	0,0	-8,8	0,0	1	4	5	0	0	0
14655	14655_1	14655_2	BND	chr12	122093734	chr17	41633217		True	True	False	True	5	1	6	-10,9	-3,3	-10,9	-3,3	-10,9	-3,3	-10,9	-3,3	4	1	5	1	0	1
14620	14620_1	14620_2	BND	chr12	131214643	chr13	63064820		True	True	False	True	7	0	7	-516,3	-126,0	-479,9	-101,0	-479,9	-101,0	-516,3	-126,0	6	0	6	1	0	1
4867	4867		DEL	chr12	132380958	chr12	132381579	621.0	True		False		9	0	9	-10,246	-2,65	-435,6	-111,0					9	0	9	0	0	0
4870	4870		DEL	chr12	132382654	chr12	132383325	671.0	True		False		17	0	17	-10,481	-2,47	-220,9	-33,3					16	0	16	1	0	1
4897	4897		DEL	chr13	16000418	chr13	16017391	16973.0	True		False		6	0	6	-10,525	-1,126	-350,9	-79,2					6	0	6	0	0	0
4893	4893		DUP	chr13	16009818	chr13	16015539	5721.0	True		False		7	0	7	-232,9	-68,3	-10,471	-1,115					7	0	7	0	0	0
4932	4932		DUP	chr13	16121684	chr13	16152437	30753.0	True		False		5	0	5	-596,9	-133,1	-10,564	-1,135					5	0	5	0	0	0
14802	14802_1	14802_2	BND	chr13	16123800	chr15	17076279		True	True	False	True	6	0	6	-10,325	-1,96	-9,537	-1,126	-9,537	-1,126	-10,325	-1,96	5	0	5	1	0	1
4933	4933		DUP	chr13	16129383	chr13	16156850	27467.0	True		False		5	0	5	-578,9	-134,1	-9,568	0,138					5	0	5	0	0	0
4985	4985		DEL	chr13	16326884	chr13	16344784	17900.0	True		False		6	0	6	-10,520	-1,120	-539,9	-112,2					6	0	6	0	0	0
5005	5005		DUP	chr13	16355315	chr13	16993902	638587.0	True		False		5	0	5	-531,9	-109,2	-10,562	-1,129					5	0	5	0	0	0
5042	5042		DEL	chr13	18764073	chr13	18783411	19338.0	True		False		6	0	6	-10,499	-2,101	-139,9	-70,2					5	0	5	1	0	1
14798	14798_1	14798_2	BND	chr13	37281289	chr14	90445693		True	True	False	True	6	0	6	-10,529	-1,128	-6,537	0,136	-6,537	0,136	-10,529	-1,128	6	0	6	0	0	0
5139	5139		INV	chr13	65205637	chr13	65205765	128.0	True		False		3	2	5	-10,9	-1,1	-10,9	-1,1					3	2	5	0	0	0
5146	5146		INV	chr13	69540125	chr13	69540250	125.0	True		False		2	3	5	0,7	0,3	-10,2	-3,0					2	3	5	0	0	0
14797	14797_1	14797_2	BND	chr13	79507593	chr14	58577812		True	True	False	True	7	0	7	-366,9	-59,3	-9,491	0,119	-9,491	0,119	-366,9	-59,3	6	0	6	1	0	1
5231	5231		DEL	chr13	112845261	chr13	112845848	587.0	True		False		10	0	10	-10,278	-3,46	-443,9	-67,2					10	0	10	0	0	0
5288	5288_1	5288_2	BND	chr14	48893188	chr14	48893385		True	True	False	True	2	3	5	-10,9	-1,1	-10,9	-1,1	-10,9	-1,1	-10,9	-1,1	2	3	5	0	0	0
5310	5310		DEL	chr14	65368256	chr14	65368680	424.0	True		False		8	0	8	-10,381	-3,45	-343,9	-52,3					8	0	8	0	0	0
15130	15130_1	15130_2	BND	chr15	17026517	chr21	5358336		True	True	False	True	7	0	7	-463,9	-82,2	-10,481	-1,116	-10,481	-1,116	-463,9	-82,2	6	0	6	1	0	1
15121	15121_1	15121_2	BND	chr15	17061115	chr20	28923651		True	True	False	True	7	0	7	-490,9	-108,1	-508,9	-119,0	-508,9	-119,0	-490,9	-108,1	7	0	7	0	0	0
5421	5421		DEL	chr15	20342559	chr15	20342578	19.0	True		False		5	1	6	-10,9	-3,3	-10,9	-3,3					4	1	5	1	0	1
5445	5445_1	5445_2	BND	chr15	25406577	chr15	25406777		False	False	False	True	1	4	5	-8,8	0,0	-8,8	0,0	-8,8	0,0	-8,8	0,0	1	4	5	0	0	0
15112	15112_1	15112_2	BND	chr15	78335974	chr19	32085137		False	False	False	True	1	4	5	-9,6	0,0	-9,6	0,0	-9,6	0,0	-9,6	0,0	1	4	5	0	0	0
15141	15141_1	15141_2	BND	chr15	82704688	chrX	55791575		True	True	False	True	6	0	6	-588,9	-115,1	-534,9	-106,2	-534,9	-106,2	-588,9	-115,1	5	0	5	1	0	1
5573	5573		DEL	chr15	100912876	chr15	100913171	295.0	False		False		1	9	10	-4,3	0,0	-4,3	0,0					1	8	9	0	1	1
5585	5585		DEL	chr16	953443	chr16	954032	589.0	True		False		6	0	6	-10,409	-2,103	-446,9	-81,2					5	0	5	1	0	1
15260	15260_1	15260_2	BND	chr16	34071580	chrY	11722107		True	True	False	True	8	0	8	-644,9	-121,0	-10,433	-2,92	-10,433	-2,92	-644,9	-121,0	7	0	7	1	0	1
5682	5682		DUP	chr16	34592643	chr16	34593458	815.0	True		False		6	0	6	-447,9	-86,2	-10,555	0,127					5	0	5	1	0	1
6695	6695_1	6695_2	BND	chr16	46819659	chr16	71939591		False	False	False	True	199	156	355	0,0	0,0	0,0	0,0	0,0	0,0	0,0	0,0	199	156	355	0	0	0
5815	5815		DEL	chr16	46838659	chr16	46839367	708.0	True		False		3	2	5	-8,9	-1,2	-10,9	-1,1					3	2	5	0	0	0
5817	5817		DEL	chr16	46841019	chr16	46841410	391.0	False		False		1	5	6	-10,9	0,0	-7,6	0,0					1	4	5	0	1	1
5820	5820		DEL	chr16	46875042	chr16	46875128	86.0	True		False		4	1	5	-10,9	-3,3	-10,9	-3,3					4	1	5	0	0	0
5829	5829		DEL	chr16	46885489	chr16	46973376	87887.0	False		False		7	5	12	-10,9	0,0	-10,9	0,0					7	5	12	0	0	0
5821	5821		DEL	chr16	46895316	chr16	46895353	37.0	True		False		5	0	5	-10,35	-2,30	-36,9	-31,2					5	0	5	0	0	0
5822	5822		DEL	chr16	46912151	chr16	46912613	462.0	True		False		6	0	6	-10,400	-2,109	-425,9	-105,2					6	0	6	0	0	0
5824	5824		DEL	chr16	46919785	chr16	46919990	205.0	True		False		6	1	7	-10,9	-3,3	-10,9	-3,3					5	1	6	1	0	1
5842	5842_1	5842_2	BND	chr16	46934781	chr16	47135845		True	True	False	True	7	0	7	-334,9	-87,2	-407,9	-91,0	-407,9	-91,0	-334,9	-87,2	7	0	7	0	0	0
5828	5828		DEL	chr16	46960756	chr16	46960964	208.0	True		False		4	2	6	-10,9	-1,1	-10,9	-1,1					4	2	6	0	0	0
5867	5867		DEL	chr16	46971788	chr16	47370448	398660.0	False		False		9	7	16	-10,9	0,0	-10,9	0,0					9	7	16	0	0	0
5830	5830		DEL	chr16	46976960	chr16	46977143	183.0	True		False		5	0	5	-10,118	-2,67	-182,9	-87,2					5	0	5	0	0	0
5835	5835		DEL	chr16	47077668	chr16	47078184	516.0	True		False		7	0	7	-10,426	-2,89	-323,9	-80,2					6	0	6	1	0	1
5839	5839		DEL	chr16	47114244	chr16	47114818	574.0	True		False		5	0	5	-10,419	-2,126	-470,9	-135,2					5	0	5	0	0	0
5845	5845		DEL	chr16	47154027	chr16	47154718	691.0	True		False		5	0	5	-10,451	-2,110	-548,9	-132,2					5	0	5	0	0	0
5862	5862		DEL	chr16	47338987	chr16	47339579	592.0	True		False		8	0	8	-10,562	-2,153	-562,9	-158,2					8	0	8	0	0	0
5914	5914_1	5914_2	BND	chr16	47371110	chr16	48106828		False	False	False	True	11	6	17	-9,4	0,0	-4,5	0,0	-4,5	0,0	-9,4	0,0	11	6	17	0	0	0
7326	7326_1	7326_2	BND	chr16	47371572	chr16	73572500		False	False	False	True	8	5	13	-10,9	0,0	-10,9	0,0	-10,9	0,0	-10,9	0,0	8	5	13	0	0	0
5870	5870		DEL	chr16	47373201	chr16	47373865	664.0	True		False		6	0	6	-10,643	-2,326	-644,9	-326,2					6	0	6	0	0	0
5873	5873		DEL	chr16	47384958	chr16	47385320	362.0	True		False		5	0	5	-10,204	-3,63	-281,9	-78,3					5	0	5	0	0	0
6084	6084_1	6084_2	BND	chr16	47819786	chr16	59118345		True	True	False	True	4	1	5	-10,7	-3,0	-10,9	-3,3	-10,9	-3,3	-10,7	-3,0	4	1	5	0	0	0
6983	6983_1	6983_2	BND	chr16	47823844	chr16	72846890		True	True	False	True	4	3	7	-6,9	-1,1	-10,9	-1,1	-10,9	-1,1	-6,9	-1,1	4	3	7	0	0	0
5883	5883		DEL	chr16	47826416	chr16	47826721	305.0	True		False		5	0	5	-10,190	-2,82	-267,9	-88,3					5	0	5	0	0	0
5884	5884		DEL	chr16	47829597	chr16	47830122	525.0	True		False		5	0	5	-10,523	-2,191	-524,9	-187,2					5	0	5	0	0	0
5886	5886		DEL	chr16	47833094	chr16	47833731	637.0	True		False		5	0	5	-10,476	-2,151	-529,9	-151,2					5	0	5	0	0	0
5888	5888		DEL	chr16	47847288	chr16	47848011	723.0	True		False		7	0	7	-10,568	-2,194	-637,9	-214,2					7	0	7	0	0	0
6196	6196_1	6196_2	BND	chr16	47878168	chr16	73498372		True	True	False	True	3	2	5	-10,9	-1,1	-10,9	-1,1	-10,9	-1,1	-10,9	-1,1	3	2	5	0	0	0
5892	5892		DEL	chr16	47891359	chr16	47891876	517.0	True		False		5	0	5	-10,398	-2,135	-437,9	-128,2					5	0	5	0	0	0
5893	5893		DEL	chr16	47892871	chr16	47893465	594.0	True		False		6	0	6	-10,421	-2,114	-552,9	-131,2					5	0	5	1	0	1
5894	5894		DEL	chr16	47898364	chr16	47898922	558.0	True		False		7	0	7	-10,514	-2,140	-557,9	-148,2					6	0	6	1	0	1
5895	5895		DEL	chr16	47904230	chr16	47904759	529.0	True		False		7	0	7	-10,324	-2,109	-439,9	-112,2					6	0	6	1	0	1
5896	5896		DEL	chr16	47921301	chr16	47921670	369.0	True		False		5	0	5	-10,367	-2,175	-345,9	-168,2					5	0	5	0	0	0
5898	5898		DEL	chr16	47927400	chr16	47927531	131.0	True		False		5	0	5	-10,98	-3,46	-121,9	-55,3					5	0	5	0	0	0
5649	5649		DEL	chr16	47955968	chr16	47956672	704.0	True		False		8	0	8	-10,333	-2,132	-535,9	-156,2					8	0	8	0	0	0
5901	5901		DEL	chr16	47991702	chr16	47992104	402.0	True		False		7	0	7	-10,240	-3,72	-401,9	-105,2					6	0	6	1	0	1
5902	5902		DEL	chr16	47998557	chr16	47998742	185.0	True		False		6	0	6	-10,73	-3,37	-152,9	-65,2					6	0	6	0	0	0
5907	5907		DEL	chr16	48021845	chr16	48022435	590.0	True		False		5	0	5	-10,510	-2,184	-589,9	-211,2					5	0	5	0	0	0
6071	6071_1	6071_2	BND	chr16	48041793	chr16	59030435		True	True	False	True	4	3	7	-9,9	-1,1	-9,9	-1,1	-9,9	-1,1	-9,9	-1,1	4	3	7	0	0	0
5909	5909		DEL	chr16	48042302	chr16	48042874	572.0	True		False		5	0	5	-10,513	-2,98	-523,9	-113,2					5	0	5	0	0	0
5917	5917		DEL	chr16	48129296	chr16	48130157	861.0	True		False		6	0	6	-10,595	-2,204	-603,9	-207,2					5	0	5	1	0	1
5928	5928		DEL	chr16	48310436	chr16	48310896	460.0	True		False		5	0	5	-10,335	-2,120	-459,9	-135,2					5	0	5	0	0	0
5931	5931		DEL	chr16	48324376	chr16	48324658	282.0	True		False		6	0	6	-10,264	-3,64	-281,9	-65,3					6	0	6	0	0	0
5932	5932		DEL	chr16	48327733	chr16	48327902	169.0	True		False		5	0	5	-10,166	-3,54	-124,9	-70,2					5	0	5	0	0	0
5934	5934		DEL	chr16	48374202	chr16	48374626	424.0	True		False		5	0	5	-10,260	-3,68	-355,9	-71,3					5	0	5	0	0	0
5937	5937		DEL	chr16	48420437	chr16	48420607	170.0	True		False		4	1	5	-10,9	-3,3	-10,9	-3,3					4	1	5	0	0	0
5939	5939		DEL	chr16	48440540	chr16	48440745	205.0	True		False		6	0	6	-10,87	-3,42	-163,9	-58,3					6	0	6	0	0	0
6073	6073_1	6073_2	BND	chr16	48491762	chr16	59051409		True	True	False	True	6	1	7	-10,9	-1,3	-10,9	-2,3	-10,9	-2,3	-10,9	-1,3	6	1	7	0	0	0
5945	5945		DEL	chr16	48547191	chr16	48547228	37.0	True		False		5	0	5	-10,35	-1,33	-36,9	-29,2					5	0	5	0	0	0
5947	5947		DEL	chr16	48563159	chr16	48563737	578.0	True		False		5	0	5	-10,576	-2,162	-577,9	-157,2					5	0	5	0	0	0
5949	5949		DEL	chr16	48607004	chr16	48607242	238.0	True		False		5	0	5	-10,180	-2,98	-236,9	-106,2					5	0	5	0	0	0
5955	5955		DEL	chr16	48693551	chr16	48694291	740.0	True		False		7	0	7	-10,529	-2,187	-545,9	-189,2					7	0	7	0	0	0
5959	5959		DEL	chr16	48739861	chr16	48740425	564.0	True		False		5	0	5	-10,540	-2,143	-407,9	-144,2					5	0	5	0	0	0
5960	5960		DEL	chr16	48746375	chr16	48746875	500.0	True		False		5	0	5	-10,453	-2,143	-244,9	-113,2					5	0	5	0	0	0
5961	5961		DEL	chr16	48750963	chr16	48751800	837.0	True		False		5	0	5	-10,617	-2,207	-531,9	-187,2					5	0	5	0	0	0
5963	5963		DEL	chr16	48781586	chr16	48782201	615.0	True		False		5	0	5	-10,562	-2,193	-565,9	-193,2					5	0	5	0	0	0
6221	6221_1	6221_2	BND	chr16	58507906	chr16	65977000		False	False	False	True	284	239	523	0,0	0,0	0,0	0,0	0,0	0,0	0,0	0,0	284	239	523	0	0	0
5980	5980		DEL	chr16	58509583	chr16	58510108	525.0	True		False		6	0	6	-10,523	-2,145	-492,9	-137,2					6	0	6	0	0	0
5981	5981		DEL	chr16	58511312	chr16	58511965	653.0	True		False		5	0	5	-10,579	-2,197	-355,9	-169,2					5	0	5	0	0	0
5982	5982		DEL	chr16	58512361	chr16	58513019	658.0	True		False		6	0	6	-10,643	-2,326	-644,9	-326,2					6	0	6	0	0	0
5984	5984		DEL	chr16	58525134	chr16	58525464	330.0	True		False		6	0	6	-10,122	-3,53	-329,9	-78,2					6	0	6	0	0	0
5985	5985		DEL	chr16	58528745	chr16	58529621	876.0	True		False		7	0	7	-10,623	-2,209	-579,9	-197,2					6	0	6	1	0	1
5986	5986		DEL	chr16	58541208	chr16	58541665	457.0	True		False		5	0	5	-10,179	-2,99	-376,9	-146,2					5	0	5	0	0	0
5988	5988		DEL	chr16	58548783	chr16	58549362	579.0	True		False		6	0	6	-10,557	-2,147	-461,9	-151,2					6	0	6	0	0	0
5991	5991		DEL	chr16	58557423	chr16	58558354	931.0	True		False		6	0	6	-10,643	-2,326	-644,9	-326,2					6	0	6	0	0	0
5992	5992		DEL	chr16	58560323	chr16	58560908	585.0	True		False		6	0	6	-10,403	-2,122	-534,9	-127,2					6	0	6	0	0	0
5993	5993		DEL	chr16	58561701	chr16	58562259	558.0	True		False		6	0	6	-10,514	-2,133	-535,9	-142,2					6	0	6	0	0	0
5995	5995		DEL	chr16	58577760	chr16	58578319	559.0	True		False		8	0	8	-10,536	-2,124	-508,9	-105,2					8	0	8	0	0	0
5996	5996		DEL	chr16	58580711	chr16	58581300	589.0	True		False		7	0	7	-10,587	-2,202	-554,9	-191,2					6	0	6	1	0	1
5999	5999		DEL	chr16	58603068	chr16	58603537	469.0	True		False		6	0	6	-10,376	-3,95	-369,9	-110,2					6	0	6	0	0	0
6000	6000		DEL	chr16	58607110	chr16	58607739	629.0	True		False		7	0	7	-10,500	-2,100	-491,9	-119,2					7	0	7	0	0	0
6001	6001		DEL	chr16	58609258	chr16	58609855	597.0	True		False		5	0	5	-10,501	-2,129	-235,9	-89,2					5	0	5	0	0	0
6002	6002		DEL	chr16	58610336	chr16	58611003	667.0	True		False		5	0	5	-10,640	-2,215	-641,9	-215,2					5	0	5	0	0	0
6005	6005		DEL	chr16	58617004	chr16	58617736	732.0	True		False		5	0	5	-10,611	-2,206	-604,9	-203,2					5	0	5	0	0	0
6009	6009		DEL	chr16	58634378	chr16	58634881	503.0	True		False		7	0	7	-10,138	-3,64	-379,9	-99,1					7	0	7	0	0	0
6010	6010		DEL	chr16	58643898	chr16	58644415	517.0	True		False		7	0	7	-10,402	-2,116	-281,9	-98,2					6	0	6	1	0	1
6011	6011		DEL	chr16	58645016	chr16	58645270	254.0	True		False		5	0	5	-10,138	-2,66	-4,9	-4,3					5	0	5	0	0	0
6096	6096_1	6096_2	BND	chr16	58670365	chr16	59170087		False	False	False	True	50	25	75	-2,0	0,0	0,0	0,0	0,0	0,0	-2,0	0,0	50	25	75	0	0	0
6016	6016		DEL	chr16	58710711	chr16	58711066	355.0	True		False		5	0	5	-10,322	-2,102	-292,9	-106,2					5	0	5	0	0	0
6017	6017		DEL	chr16	58718869	chr16	58719160	291.0	True		False		5	0	5	-10,171	-3,57	-177,9	-77,2					5	0	5	0	0	0
6020	6020		DEL	chr16	58723091	chr16	58723636	545.0	True		False		6	0	6	-10,538	-2,140	-404,9	-141,2					6	0	6	0	0	0
6024	6024		DEL	chr16	58739962	chr16	58740452	490.0	True		False		6	0	6	-10,488	-2,103	-487,9	-124,2					6	0	6	0	0	0
6025	6025		DEL	chr16	58743896	chr16	58744263	367.0	True		False		5	0	5	-10,295	-3,66	-323,9	-74,3					5	0	5	0	0	0
6029	6029		DEL	chr16	58767965	chr16	58768499	534.0	True		False		5	0	5	-10,532	-2,151	-462,9	-125,2					5	0	5	0	0	0
6032	6032		DEL	chr16	58795326	chr16	58795889	563.0	True		False		5	0	5	-10,539	-2,189	-545,9	-189,2					5	0	5	0	0	0
6034	6034		DEL	chr16	58798580	chr16	58798893	313.0	True		False		5	0	5	-10,311	-3,91	-266,9	-104,2					5	0	5	0	0	0
6038	6038		DUP	chr16	58808223	chr16	58816504	8281.0	True		False		35	0	35	-432,9	-51,1	-10,97	-4,13					35	0	35	0	0	0
6035	6035		DEL	chr16	58809313	chr16	58810176	863.0	True		False		5	0	5	-10,643	-2,326	-644,9	-326,2					5	0	5	0	0	0
6042	6042		DEL	chr16	58826311	chr16	58826871	560.0	True		False		6	0	6	-10,436	-2,131	-513,9	-137,2					6	0	6	0	0	0
6043	6043		DEL	chr16	58829859	chr16	58830326	467.0	True		False		5	0	5	-10,374	-2,123	-466,9	-132,2					5	0	5	0	0	0
6098	6098		DEL	chr16	58831368	chr16	59474734	643366.0	True		False		3	2	5	-9,9	-1,1	-10,9	-1,1					3	2	5	0	0	0
6044	6044		DEL	chr16	58831526	chr16	58832135	609.0	True		False		5	0	5	-10,596	-2,201	-571,9	-195,2					5	0	5	0	0	0
6045	6045		DEL	chr16	58852039	chr16	58852366	327.0	True		False		5	0	5	-10,289	-3,64	0,9	0,4					5	0	5	0	0	0
6049	6049		DEL	chr16	58891585	chr16	58892098	513.0	True		False		7	0	7	-10,425	-2,144	-468,9	-129,2					7	0	7	0	0	0
6053	6053		DEL	chr16	58901924	chr16	58902354	430.0	True		False		5	0	5	-10,423	-3,76	-97,9	-54,2					5	0	5	0	0	0
6054	6054		DEL	chr16	58908655	chr16	58909345	690.0	True		False		5	0	5	-10,643	-2,326	-644,9	-326,2					5	0	5	0	0	0
6055	6055		DEL	chr16	58911042	chr16	58911285	243.0	True		False		5	0	5	-10,241	-3,89	-234,9	-86,3					5	0	5	0	0	0
6056	6056		DEL	chr16	58912638	chr16	58913145	507.0	True		False		6	0	6	-10,255	-3,68	-377,9	-83,2					6	0	6	0	0	0
6057	6057		DEL	chr16	58927899	chr16	58928348	449.0	True		False		4	1	5	-10,9	-3,3	-10,9	-3,3					4	1	5	0	0	0
6059	6059		DEL	chr16	58943643	chr16	58944309	666.0	True		False		6	0	6	-10,636	-2,214	-618,9	-207,2					6	0	6	0	0	0
6063	6063		DEL	chr16	58962451	chr16	58962608	157.0	True		False		5	0	5	-10,51	-2,35	-148,9	-72,2					5	0	5	0	0	0
6064	6064		DEL	chr16	58975299	chr16	58975891	592.0	True		False		5	0	5	-10,584	-2,198	-591,9	-201,2					5	0	5	0	0	0
5651	5651		DEL	chr16	58998309	chr16	58998663	354.0	True		False		5	0	5	-10,45	-2,33	-230,9	-95,2					5	0	5	0	0	0
6068	6068		DEL	chr16	59003552	chr16	59004220	668.0	True		False		10	0	10	-10,616	-1,170	-545,9	-148,2					10	0	10	0	0	0
5652	5652		DEL	chr16	59047929	chr16	59048224	295.0	True		False		6	0	6	-10,293	-3,90	-186,9	-80,3					6	0	6	0	0	0
6076	6076		DEL	chr16	59062224	chr16	59062918	694.0	True		False		5	0	5	-10,557	-2,192	-595,9	-201,2					5	0	5	0	0	0
6085	6085		DEL	chr16	59124170	chr16	59124633	463.0	True		False		7	0	7	-10,461	-2,98	-446,9	-113,2					7	0	7	0	0	0
6086	6086		DEL	chr16	59136188	chr16	59136751	563.0	True		False		6	0	6	-10,561	-2,133	-486,9	-99,2					6	0	6	0	0	0
6088	6088		DEL	chr16	59143234	chr16	59143842	608.0	True		False		5	0	5	-10,574	-2,156	-492,9	-140,2					5	0	5	0	0	0
6093	6093		DEL	chr16	59164462	chr16	59164751	289.0	True		False		6	0	6	-10,256	-3,71	-96,9	-48,2					6	0	6	0	0	0
6094	6094		DEL	chr16	59168439	chr16	59168487	48.0	True		False		6	0	6	-10,46	-1,41	-47,9	-37,2					6	0	6	0	0	0
6100	6100		DEL	chr16	59655045	chr16	59655708	663.0	True		False		5	0	5	-10,641	-1,216	-615,9	-207,2					5	0	5	0	0	0
6101	6101		DEL	chr16	59712412	chr16	59712773	361.0	True		False		6	0	6	-10,346	-3,94	-130,9	-73,2					5	0	5	1	0	1
6103	6103		DEL	chr16	59734052	chr16	59734234	182.0	True		False		5	0	5	-10,17	-2,14	-105,9	-53,2					5	0	5	0	0	0
6493	6493_1	6493_2	BND	chr16	59863112	chr16	66773963		True	True	False	True	6	2	8	-10,4	-1,0	-10,7	-1,0	-10,7	-1,0	-10,4	-1,0	6	2	8	0	0	0
6106	6106		DEL	chr16	59952326	chr16	59952461	135.0	True		False		3	3	6	-10,9	-1,1	-10,9	-1,1					3	3	6	0	0	0
6875	6875_1	6875_2	BND	chr16	60114825	chr16	72599006		False	False	False	True	3	4	7	-8,8	0,0	-10,1	0,0	-10,1	0,0	-8,8	0,0	3	4	7	0	0	0
6113	6113		DEL	chr16	60201297	chr16	60201807	510.0	True		False		6	0	6	-10,331	-2,130	-402,9	-127,2					6	0	6	0	0	0
6114	6114		DEL	chr16	60265936	chr16	60266484	548.0	True		False		6	0	6	-10,461	-2,128	-547,9	-147,2					5	0	5	1	0	1
6115	6115		DEL	chr16	60267534	chr16	60268152	618.0	True		False		6	0	6	-10,566	-2,153	-598,9	-159,2					6	0	6	0	0	0
6217	6217_1	6217_2	BND	chr16	60897748	chr16	65698034		True	True	False	True	11	3	14	-8,9	0,1	-10,9	-1,1	-10,9	-1,1	-8,9	0,1	11	3	14	0	0	0
6126	6126		DEL	chr16	60934028	chr16	60934461	433.0	True		False		5	0	5	-10,322	-3,76	-372,9	-93,2					5	0	5	0	0	0
5655	5655		DEL	chr16	61373865	chr16	61374505	640.0	True		False		6	0	6	-10,592	-2,157	-555,9	-156,2					5	0	5	1	0	1
6133	6133		DEL	chr16	61432432	chr16	61433059	627.0	True		False		5	0	5	-10,600	-2,202	-548,9	-190,2					5	0	5	0	0	0
6135	6135		DEL	chr16	61594107	chr16	61594681	574.0	True		False		6	0	6	-10,572	-2,153	-482,9	-141,2					5	0	5	1	0	1
6139	6139		DEL	chr16	62136273	chr16	62136855	582.0	True		False		6	0	6	-10,460	-2,136	-403,9	-140,2					6	0	6	0	0	0
6140	6140		DEL	chr16	62243466	chr16	62243992	526.0	True		False		5	0	5	-10,524	-2,190	-525,9	-189,2					5	0	5	0	0	0
6147	6147		DUP	chr16	63597053	chr16	63626618	29565.0	False		False		58	40	98	0,0	0,0	0,0	0,0					58	40	98	0	0	0
6149	6149		DEL	chr16	63701849	chr16	63702485	636.0	True		False		5	0	5	-10,634	-2,326	-635,9	-326,2					5	0	5	0	0	0
6152	6152		DEL	chr16	63831054	chr16	63831551	497.0	True		False		5	0	5	-10,442	-2,124	-436,9	-150,1					5	0	5	0	0	0
6200	6200		DEL	chr16	64122409	chr16	64123088	679.0	True		False		5	0	5	-10,565	-2,194	-633,9	-212,2					5	0	5	0	0	0
6207	6207		DEL	chr16	65242014	chr16	65242218	204.0	True		False		5	0	5	-10,86	-3,40	-177,9	-63,3					5	0	5	0	0	0
6336	6336_1	6336_2	BND	chr16	65403180	chr16	66319424		True	True	False	True	5	3	8	-10,9	-1,0	-10,9	-1,1	-10,9	-1,1	-10,9	-1,0	5	3	8	0	0	0
6218	6218		DEL	chr16	65761936	chr16	65762373	437.0	True		False		7	0	7	-10,435	-2,126	-388,9	-124,2					6	0	6	1	0	1
6159	6159		DEL	chr16	65830667	chr16	65831350	683.0	True		False		5	0	5	-10,560	-2,149	-574,9	-152,2					5	0	5	0	0	0
6219	6219		DEL	chr16	65859549	chr16	65860198	649.0	True		False		5	0	5	-10,571	-2,195	-592,9	-200,2					5	0	5	0	0	0
6220	6220		DEL	chr16	65946468	chr16	65946620	152.0	True		False		5	0	5	-10,150	-3,60	-130,9	-61,2					5	0	5	0	0	0
6223	6223		DEL	chr16	65980824	chr16	65980902	78.0	True		False		5	0	5	-10,76	-2,55	-77,9	-43,3					5	0	5	0	0	0
6225	6225		DEL	chr16	65984510	chr16	65984601	91.0	True		False		4	1	5	-10,9	-3,3	-10,9	-3,3					4	1	5	0	0	0
6227	6227		DEL	chr16	65986555	chr16	65987154	599.0	True		False		6	0	6	-10,430	-2,138	-499,9	-130,2					6	0	6	0	0	0
6228	6228		DEL	chr16	65989872	chr16	65989988	116.0	True		False		6	2	8	-10,9	-1,1	-10,9	-1,1					6	2	8	0	0	0
6232	6232		DEL	chr16	65995265	chr16	65995470	205.0	True		False		5	0	5	-10,203	-3,65	-204,9	-77,1					5	0	5	0	0	0
6234	6234		DEL	chr16	66000092	chr16	66000729	637.0	True		False		7	0	7	-10,560	-2,146	-526,9	-145,2					6	0	6	1	0	1
6235	6235		DEL	chr16	66001404	chr16	66001906	502.0	True		False		9	0	9	-10,471	-2,99	-353,9	-83,2					9	0	9	0	0	0
6236	6236		DEL	chr16	66002937	chr16	66003435	498.0	True		False		9	0	9	-10,395	-2,89	-327,9	-98,2					9	0	9	0	0	0
6237	6237		DEL	chr16	66003412	chr16	66003996	584.0	True		False		6	0	6	-10,537	-2,116	-530,9	-136,2					6	0	6	0	0	0
6238	6238		DEL	chr16	66004696	chr16	66005004	308.0	True		False		5	0	5	-10,133	-3,49	-294,9	-75,3					5	0	5	0	0	0
6239	6239		DEL	chr16	66007366	chr16	66007824	458.0	True		False		6	0	6	-10,255	-2,131	-457,9	-128,2					6	0	6	0	0	0
6242	6242		DEL	chr16	66035424	chr16	66036028	604.0	True		False		9	0	9	-10,602	-1,168	-599,9	-167,1					9	0	9	0	0	0
6243	6243		DEL	chr16	66038460	chr16	66039157	697.0	True		False		5	0	5	-10,546	-2,190	-633,9	-212,2					5	0	5	0	0	0
6245	6245		DEL	chr16	66040818	chr16	66041426	608.0	True		False		5	0	5	-10,606	-2,214	-596,9	-201,2					5	0	5	0	0	0
6246	6246		DEL	chr16	66045177	chr16	66045227	50.0	True		False		5	0	5	-10,48	-2,34	-41,9	-27,2					5	0	5	0	0	0
6248	6248		DEL	chr16	66049911	chr16	66050490	579.0	True		False		5	0	5	-10,500	-2,129	-436,9	-137,2					5	0	5	0	0	0
6824	6824_1	6824_2	BND	chr16	66050427	chr16	72472338		False	False	False	True	8	6	14	-4,4	0,0	-5,5	0,0	-5,5	0,0	-4,4	0,0	8	6	14	0	0	0
6250	6250		DEL	chr16	66055074	chr16	66055624	550.0	True		False		7	0	7	-10,514	-2,108	-479,9	-114,2					7	0	7	0	0	0
6251	6251		DEL	chr16	66057914	chr16	66058107	193.0	True		False		5	0	5	-10,40	-2,28	-155,9	-70,3					5	0	5	0	0	0
6252	6252		DEL	chr16	66063370	chr16	66063965	595.0	True		False		5	0	5	-10,386	-2,136	-370,9	-133,2					5	0	5	0	0	0
6254	6254		DEL	chr16	66068422	chr16	66068483	61.0	True		False		5	0	5	-10,59	-2,46	-60,9	-53,1					5	0	5	0	0	0
6255	6255		DEL	chr16	66070180	chr16	66070918	738.0	True		False		6	0	6	-10,595	-2,201	-541,9	-189,2					6	0	6	0	0	0
6257	6257		DEL	chr16	66072876	chr16	66073494	618.0	True		False		6	0	6	-10,546	-2,139	-477,9	-149,2					6	0	6	0	0	0
6260	6260		DEL	chr16	66089281	chr16	66089382	101.0	True		False		6	1	7	-2,9	0,9	-10,9	-3,3					5	1	6	1	0	1
6262	6262		DEL	chr16	66094926	chr16	66095428	502.0	True		False		8	0	8	-10,347	-2,93	-326,9	-94,2					7	0	7	1	0	1
6268	6268		DEL	chr16	66130660	chr16	66130756	96.0	True		False		5	0	5	-10,40	-2,29	-65,9	-32,3					5	0	5	0	0	0
6269	6269		DEL	chr16	66133177	chr16	66133685	508.0	True		False		8	0	8	-10,213	-2,98	-496,9	-116,2					7	0	7	1	0	1
6270	6270		DEL	chr16	66142651	chr16	66143187	536.0	True		False		7	0	7	-10,473	-2,111	-305,9	-96,3					6	0	6	1	0	1
6272	6272		DEL	chr16	66151631	chr16	66152146	515.0	True		False		5	0	5	-10,513	-2,188	-514,9	-188,2					5	0	5	0	0	0
6273	6273		DEL	chr16	66156731	chr16	66157227	496.0	True		False		6	0	6	-10,494	-2,130	-492,9	-128,2					6	0	6	0	0	0
6274	6274		DEL	chr16	66172438	chr16	66173064	626.0	True		False		7	0	7	-10,595	-1,147	-471,9	-110,2					7	0	7	0	0	0
6275	6275		DEL	chr16	66173723	chr16	66173825	102.0	True		False		5	0	5	-10,100	-2,64	-66,9	-32,3					5	0	5	0	0	0
6163	6163		DEL	chr16	66174537	chr16	66175074	537.0	True		False		5	0	5	-10,535	-2,157	-536,9	-137,2					5	0	5	0	0	0
6278	6278		DEL	chr16	66186690	chr16	66187280	590.0	True		False		5	0	5	-10,530	-2,187	-525,9	-186,2					5	0	5	0	0	0
6279	6279		DEL	chr16	66189785	chr16	66189959	174.0	True		False		5	0	5	-10,148	-3,53	-156,9	-75,2					5	0	5	0	0	0
6281	6281		DEL	chr16	66195612	chr16	66196417	805.0	True		False		6	0	6	-10,639	-2,215	-566,9	-194,2					6	0	6	0	0	0
6282	6282		DEL	chr16	66197011	chr16	66197147	136.0	True		False		11	2	13	-10,9	-1,1	-10,9	-1,1					10	2	12	1	0	1
6283	6283		DEL	chr16	66198172	chr16	66199136	964.0	True		False		5	0	5	-10,643	-2,326	-644,9	-326,2					5	0	5	0	0	0
6284	6284		DEL	chr16	66199714	chr16	66200372	658.0	True		False		5	0	5	-10,439	-2,149	-560,9	-154,2					5	0	5	0	0	0
6286	6286		DEL	chr16	66200739	chr16	66200960	221.0	True		False		5	0	5	-10,113	-3,50	-220,9	-84,2					5	0	5	0	0	0
6285	6285_1	6285_2	BND	chr16	66200891	chr16	66201173		True	True	False	True	2	3	5	-10,9	-1,1	-10,9	-1,1	-10,9	-1,1	-10,9	-1,1	2	3	5	0	0	0
6287	6287		DEL	chr16	66202849	chr16	66203033	184.0	True		False		5	0	5	-10,33	-2,25	-133,9	-53,3					5	0	5	0	0	0
6289	6289		DEL	chr16	66206539	chr16	66207061	522.0	True		False		10	0	10	-10,162	-1,81	-335,9	-88,2					10	0	10	0	0	0
6290	6290		DEL	chr16	66211342	chr16	66211682	340.0	True		False		5	0	5	-10,259	-3,81	-265,9	-65,3					5	0	5	0	0	0
6291	6291		DEL	chr16	66214039	chr16	66214655	616.0	True		False		9	0	9	-10,518	-2,144	-606,9	-165,1					9	0	9	0	0	0
6292	6292		DEL	chr16	66216406	chr16	66216501	95.0	True		False		5	0	5	-10,43	-3,24	-47,9	-32,2					5	0	5	0	0	0
6296	6296		DEL	chr16	66222774	chr16	66223391	617.0	True		False		6	0	6	-10,570	-2,146	-468,9	-141,2					6	0	6	0	0	0
6297	6297		DEL	chr16	66224117	chr16	66224592	475.0	True		False		7	0	7	-10,204	-1,101	-164,9	-87,2					6	0	6	1	0	1
6300	6300		DEL	chr16	66231469	chr16	66231826	357.0	True		False		5	0	5	-10,304	-3,81	-275,9	-75,3					5	0	5	0	0	0
6301	6301		DEL	chr16	66233693	chr16	66234295	602.0	True		False		6	0	6	-10,600	-1,168	-126,9	-84,2					6	0	6	0	0	0
6302	6302		DEL	chr16	66235324	chr16	66235895	571.0	True		False		7	0	7	-10,561	-2,146	-538,9	-153,2					6	0	6	1	0	1
6304	6304		DEL	chr16	66239292	chr16	66239694	402.0	True		False		5	0	5	-10,400	-2,124	-303,9	-130,2					5	0	5	0	0	0
6305	6305		DEL	chr16	66242934	chr16	66243479	545.0	True		False		11	0	11	-10,530	-2,119	-397,9	-114,2					11	0	11	0	0	0
6164	6164		DEL	chr16	66256157	chr16	66256785	628.0	True		False		6	0	6	-10,578	-2,197	-590,9	-199,2					6	0	6	0	0	0
6312	6312		DEL	chr16	66260403	chr16	66260766	363.0	True		False		7	0	7	-10,226	-3,86	-362,9	-107,2					7	0	7	0	0	0
6313	6313		DEL	chr16	66261704	chr16	66262266	562.0	True		False		8	0	8	-10,522	-2,120	-443,9	-114,2					8	0	8	0	0	0
6315	6315		DEL	chr16	66267619	chr16	66267704	85.0	True		False		6	1	7	-10,9	-3,3	-10,9	-3,3					6	1	7	0	0	0
6316	6316		DEL	chr16	66268968	chr16	66269136	168.0	True		False		6	0	6	-10,136	-3,58	-167,9	-68,3					5	0	5	1	0	1
6317	6317		DEL	chr16	66273688	chr16	66274297	609.0	True		False		6	0	6	-10,568	-2,151	-499,9	-151,2					6	0	6	0	0	0
6318	6318		DEL	chr16	66274861	chr16	66275415	554.0	True		False		5	0	5	-10,437	-2,126	-268,9	-127,2					5	0	5	0	0	0
6319	6319		DEL	chr16	66282064	chr16	66282460	396.0	True		False		7	0	7	-10,394	-3,96	-386,9	-104,2					6	0	6	1	0	1
6320	6320		DEL	chr16	66284273	chr16	66284696	423.0	True		False		5	0	5	-10,221	-3,65	-210,9	-85,2					5	0	5	0	0	0
6321	6321		DEL	chr16	66290182	chr16	66290842	660.0	True		False		7	0	7	-10,507	-2,130	-614,9	-171,1					7	0	7	0	0	0
6322	6322		DEL	chr16	66292478	chr16	66292624	146.0	True		False		6	0	6	-10,144	-2,78	-22,9	-15,3					6	0	6	0	0	0
6323	6323		DEL	chr16	66293981	chr16	66294646	665.0	True		False		6	0	6	-10,365	-2,133	-447,9	-144,2					6	0	6	0	0	0
6327	6327		DEL	chr16	66298944	chr16	66299374	430.0	True		False		6	0	6	-10,380	-2,110	-192,9	-82,2					6	0	6	0	0	0
6328	6328		DEL	chr16	66301764	chr16	66302353	589.0	True		False		9	0	9	-10,564	-2,156	-494,9	-143,2					9	0	9	0	0	0
6416	6416		DEL	chr16	66313925	chr16	66565089	251164.0	False		False		2	5	7	-10,9	0,0	-10,9	0,0					2	5	7	0	0	0
6333	6333		DEL	chr16	66317521	chr16	66317928	407.0	True		False		5	0	5	-10,298	-2,120	-362,9	-117,3					5	0	5	0	0	0
6335	6335		DEL	chr16	66318492	chr16	66318744	252.0	True		False		6	0	6	-10,170	-3,49	-129,9	-53,3					6	0	6	0	0	0
6338	6338		DEL	chr16	66324318	chr16	66324463	145.0	True		False		5	0	5	-6,0	-6,0	-118,9	-53,3					5	0	5	0	0	0
6339	6339		DEL	chr16	66328936	chr16	66329287	351.0	True		False		8	0	8	-10,206	-2,74	-287,9	-82,3					8	0	8	0	0	0
6340	6340		DEL	chr16	66333821	chr16	66334532	711.0	True		False		6	0	6	-10,640	-2,168	-627,9	-171,2					5	0	5	1	0	1
6346	6346		DEL	chr16	66352260	chr16	66352655	395.0	True		False		5	0	5	-10,274	-3,81	-394,9	-94,2					5	0	5	0	0	0
6347	6347		DEL	chr16	66355858	chr16	66356214	356.0	True		False		6	0	6	-10,354	-2,99	-332,9	-106,2					6	0	6	0	0	0
6348	6348		DEL	chr16	66358220	chr16	66358649	429.0	True		False		7	0	7	-10,411	-2,100	-428,9	-111,2					7	0	7	0	0	0
6349	6349		DEL	chr16	66361300	chr16	66361961	661.0	True		False		6	0	6	-10,539	-2,156	-416,9	-125,2					6	0	6	0	0	0
6350	6350		DEL	chr16	66362107	chr16	66362746	639.0	True		False		6	0	6	-10,516	-2,136	-397,9	-139,2					5	0	5	1	0	1
6351	6351		DEL	chr16	66366490	chr16	66366782	292.0	True		False		7	0	7	-10,113	-3,55	-183,9	-61,3					7	0	7	0	0	0
6353	6353		DEL	chr16	66370513	chr16	66371078	565.0	True		False		5	0	5	-10,483	-2,182	-516,9	-185,2					5	0	5	0	0	0
6354	6354		DEL	chr16	66375255	chr16	66375607	352.0	True		False		6	0	6	-10,172	-2,92	-196,9	-80,2					5	0	5	1	0	1
6355	6355		DEL	chr16	66377106	chr16	66377742	636.0	True		False		5	0	5	-10,617	-2,207	-631,9	-212,2					5	0	5	0	0	0
6356	6356		DEL	chr16	66379547	chr16	66380180	633.0	True		False		7	0	7	-10,515	-2,130	-488,9	-137,2					6	0	6	1	0	1
6357	6357		DEL	chr16	66382686	chr16	66382850	164.0	True		False		5	0	5	-10,65	-2,42	-84,9	-40,3					5	0	5	0	0	0
6358	6358		DEL	chr16	66384820	chr16	66385528	708.0	True		False		8	0	8	-10,606	-2,165	-640,9	-168,2					7	0	7	1	0	1
6359	6359		DEL	chr16	66385823	chr16	66386482	659.0	True		False		7	0	7	-10,586	-2,155	-642,9	-177,1					7	0	7	0	0	0
6360	6360		DEL	chr16	66389957	chr16	66390068	111.0	True		False		5	0	5	-10,2	-10,2	-10,9	-9,2					5	0	5	0	0	0
6361	6361		DEL	chr16	66393008	chr16	66393174	166.0	True		False		5	0	5	-10,75	-2,50	-82,9	-48,2					5	0	5	0	0	0
6364	6364		DEL	chr16	66398915	chr16	66399345	430.0	True		False		7	0	7	-10,332	-2,96	-280,9	-88,3					7	0	7	0	0	0
6365	6365		DEL	chr16	66400204	chr16	66400588	384.0	True		False		6	0	6	-10,382	-2,106	-225,9	-84,3					6	0	6	0	0	0
6366	6366		DEL	chr16	66403757	chr16	66404065	308.0	True		False		6	0	6	-10,7	-3,7	-307,9	-62,3					6	0	6	0	0	0
6367	6367		DEL	chr16	66404853	chr16	66405045	192.0	True		False		6	0	6	-10,97	-3,47	-109,9	-42,3					6	0	6	0	0	0
6369	6369		DEL	chr16	66407761	chr16	66408249	488.0	True		False		6	0	6	-10,388	-2,99	-481,9	-120,2					6	0	6	0	0	0
6371	6371		DEL	chr16	66410152	chr16	66410254	102.0	True		False		5	0	5	-10,100	-3,49	-21,9	-16,2					5	0	5	0	0	0
6166	6166		DEL	chr16	66420564	chr16	66420677	113.0	True		False		9	0	9	-10,74	-3,38	-5,9	-5,3					9	0	9	0	0	0
6375	6375		DEL	chr16	66430746	chr16	66431380	634.0	True		False		8	0	8	-10,452	-2,119	-574,9	-138,2					8	0	8	0	0	0
6376	6376		DEL	chr16	66433307	chr16	66433679	372.0	True		False		6	0	6	-10,209	-3,53	-123,9	-52,3					6	0	6	0	0	0
6378	6378		DEL	chr16	66437136	chr16	66437707	571.0	True		False		6	0	6	-10,551	-2,141	-543,9	-143,2					6	0	6	0	0	0
6379	6379		DEL	chr16	66442201	chr16	66442762	561.0	True		False		6	0	6	-10,383	-3,79	-288,9	-94,2					6	0	6	0	0	0
6380	6380		DEL	chr16	66443327	chr16	66443469	142.0	True		False		5	0	5	-10,140	-2,67	-136,9	-58,3					5	0	5	0	0	0
6381	6381		DEL	chr16	66445360	chr16	66446058	698.0	True		False		9	0	9	-10,523	-2,133	-591,9	-138,1					9	0	9	0	0	0
6383	6383		DEL	chr16	66451736	chr16	66452087	351.0	True		False		6	0	6	-10,314	-2,122	-350,9	-120,2					6	0	6	0	0	0
6384	6384		DEL	chr16	66452708	chr16	66452792	84.0	True		False		5	0	5	-10,3	-6,3	-36,9	-26,2					5	0	5	0	0	0
6385	6385		DEL	chr16	66453919	chr16	66454472	553.0	True		False		6	0	6	-10,534	-2,149	-552,9	-139,2					5	0	5	1	0	1
6388	6388		DEL	chr16	66462667	chr16	66462900	233.0	True		False		5	0	5	-10,211	-3,77	-74,9	-41,3					5	0	5	0	0	0
6390	6390		DEL	chr16	66468070	chr16	66468554	484.0	True		False		5	0	5	-10,311	-2,136	-483,9	-127,2					5	0	5	0	0	0
6167	6167		DEL	chr16	66469308	chr16	66469595	287.0	True		False		5	0	5	-10,266	-2,152	-286,9	-164,2					5	0	5	0	0	0
6392	6392		DEL	chr16	66475958	chr16	66476507	549.0	True		False		5	0	5	-10,385	-2,129	-548,9	-159,2					5	0	5	0	0	0
6393	6393		DEL	chr16	66481346	chr16	66481724	378.0	True		False		6	0	6	-10,353	-2,95	-251,9	-93,2					6	0	6	0	0	0
6394	6394		DEL	chr16	66484878	chr16	66485326	448.0	True		False		6	0	6	-10,446	-2,102	-338,9	-94,2					6	0	6	0	0	0
6168	6168		DEL	chr16	66486289	chr16	66486483	194.0	True		False		7	0	7	-10,40	-3,24	-193,9	-55,3					6	0	6	1	0	1
6396	6396		DEL	chr16	66492162	chr16	66492543	381.0	True		False		4	1	5	-10,9	-3,3	-10,9	-3,3					4	1	5	0	0	0
6623	6623_1	6623_2	BND	chr16	66504091	chr16	67122277		True	True	False	True	5	3	8	-10,9	-1,0	-10,8	-1,0	-10,8	-1,0	-10,9	-1,0	5	3	8	0	0	0
6397	6397		DEL	chr16	66506399	chr16	66506791	392.0	True		False		3	2	5	-10,9	-1,1	-10,9	-1,1					3	2	5	0	0	0
6400	6400		DEL	chr16	66510935	chr16	66511580	645.0	True		False		8	0	8	-10,564	-2,159	-470,9	-135,2					8	0	8	0	0	0
6402	6402		DEL	chr16	66519799	chr16	66520071	272.0	True		False		3	2	5	-7,9	-1,2	-10,9	-1,1					3	2	5	0	0	0
6403	6403		DEL	chr16	66521348	chr16	66521668	320.0	True		False		6	0	6	-10,283	-3,86	-306,9	-100,2					6	0	6	0	0	0
6404	6404		DEL	chr16	66522408	chr16	66522839	431.0	True		False		10	0	10	-10,323	-3,79	-391,9	-89,2					9	0	9	1	0	1
6405	6405		DEL	chr16	66527637	chr16	66528126	489.0	True		False		10	0	10	-10,412	-2,99	-440,9	-86,2					10	0	10	0	0	0
6408	6408		DEL	chr16	66544134	chr16	66544685	551.0	True		False		5	0	5	-10,549	-2,198	-533,9	-187,2					5	0	5	0	0	0
6411	6411		DEL	chr16	66548032	chr16	66548607	575.0	True		False		9	0	9	-10,223	-2,95	-249,9	-85,2					9	0	9	0	0	0
6413	6413		DEL	chr16	66556949	chr16	66557396	447.0	True		False		6	0	6	-10,445	-2,127	-352,9	-130,2					6	0	6	0	0	0
6415	6415		DEL	chr16	66561435	chr16	66562086	651.0	True		False		10	0	10	-10,365	-2,83	-330,9	-64,3					9	0	9	1	0	1
6418	6418		DEL	chr16	66570656	chr16	66571244	588.0	True		False		6	0	6	-10,504	-2,133	-542,9	-148,2					6	0	6	0	0	0
6420	6420		DEL	chr16	66575534	chr16	66575871	337.0	True		False		7	0	7	-10,335	-2,96	-165,9	-76,2					7	0	7	0	0	0
6421	6421		DEL	chr16	66578122	chr16	66578425	303.0	True		False		5	0	5	-10,233	-2,110	-302,9	-118,2					5	0	5	0	0	0
6422	6422		DEL	chr16	66578752	chr16	66579063	311.0	True		False		5	0	5	-10,89	-3,46	-310,9	-71,3					5	0	5	0	0	0
6423	6423		DEL	chr16	66580125	chr16	66580271	146.0	True		False		4	1	5	-10,9	-3,3	-10,9	-3,3					4	1	5	0	0	0
6424	6424		DEL	chr16	66581718	chr16	66582266	548.0	True		False		5	0	5	-10,467	-1,152	-387,9	-124,2					5	0	5	0	0	0
6429	6429		DEL	chr16	66591112	chr16	66591491	379.0	True		False		5	0	5	-10,377	-2,98	-81,9	-43,3					5	0	5	0	0	0
6430	6430		DEL	chr16	66593763	chr16	66594403	640.0	True		False		10	0	10	-10,522	-2,110	-588,9	-141,1					10	0	10	0	0	0
6431	6431		DEL	chr16	66596801	chr16	66597354	553.0	True		False		8	0	8	-10,523	-2,138	-521,9	-154,2					8	0	8	0	0	0
6432	6432		DEL	chr16	66599162	chr16	66599398	236.0	True		False		7	0	7	-10,137	-3,44	-97,9	-40,3					7	0	7	0	0	0
6434	6434		DEL	chr16	66607818	chr16	66608152	334.0	True		False		7	0	7	-10,332	-2,100	-259,9	-86,3					7	0	7	0	0	0
6436	6436		DEL	chr16	66615702	chr16	66616258	556.0	True		False		10	0	10	-10,286	-2,109	-512,9	-121,2					10	0	10	0	0	0
6169	6169		DEL	chr16	66617172	chr16	66617692	520.0	True		False		8	0	8	-10,421	-2,146	-486,9	-130,2					8	0	8	0	0	0
6437	6437		DEL	chr16	66625187	chr16	66625296	109.0	True		False		4	1	5	-10,9	-3,3	-10,9	-3,3					4	1	5	0	0	0
6438	6438		DEL	chr16	66626909	chr16	66627393	484.0	True		False		5	0	5	-10,455	-2,126	-411,9	-145,2					5	0	5	0	0	0
6439	6439		DEL	chr16	66632450	chr16	66633044	594.0	True		False		7	0	7	-10,571	-2,146	-560,9	-159,2					7	0	7	0	0	0
6441	6441		DEL	chr16	66645196	chr16	66645723	527.0	True		False		6	0	6	-10,337	-2,95	-397,9	-102,2					6	0	6	0	0	0
6442	6442		DEL	chr16	66648260	chr16	66648786	526.0	True		False		6	0	6	-10,524	-2,191	-519,9	-185,2					6	0	6	0	0	0
6443	6443		DEL	chr16	66651870	chr16	66652493	623.0	True		False		7	0	7	-10,495	-2,116	-320,9	-104,2					7	0	7	0	0	0
6445	6445		DEL	chr16	66655981	chr16	66656218	237.0	True		False		5	0	5	-10,226	-2,89	-102,9	-60,2					5	0	5	0	0	0
6447	6447		DEL	chr16	66657920	chr16	66658328	408.0	True		False		5	0	5	-10,220	-3,65	-361,9	-84,3					5	0	5	0	0	0
6448	6448		DEL	chr16	66660509	chr16	66661079	570.0	True		False		6	0	6	-10,533	-2,142	-569,9	-162,2					6	0	6	0	0	0
6449	6449		DEL	chr16	66661844	chr16	66662467	623.0	True		False		6	0	6	-10,512	-2,140	-541,9	-144,2					5	0	5	1	0	1
6451	6451		DEL	chr16	66669816	chr16	66670202	386.0	True		False		2	3	5	-10,9	-1,1	-10,9	-1,1					2	3	5	0	0	0
6452	6452		DEL	chr16	66674944	chr16	66675247	303.0	True		False		5	0	5	-10,119	-3,53	-237,9	-88,2					5	0	5	0	0	0
6453	6453		DEL	chr16	66676399	chr16	66676837	438.0	True		False		5	0	5	-10,436	-2,124	-437,9	-139,2					5	0	5	0	0	0
6454	6454		DEL	chr16	66678718	chr16	66679257	539.0	True		False		6	0	6	-10,494	-2,113	-478,9	-105,2					6	0	6	0	0	0
6456	6456		DEL	chr16	66684335	chr16	66684972	637.0	True		False		6	0	6	-10,544	-2,156	-499,9	-146,2					6	0	6	0	0	0
6460	6460		DEL	chr16	66689669	chr16	66689975	306.0	True		False		6	0	6	-10,6	-3,6	-183,9	-57,3					6	0	6	0	0	0
6463	6463		DEL	chr16	66698396	chr16	66698687	291.0	True		False		4	1	5	-10,9	-3,3	-10,9	-3,3					4	1	5	0	0	0
6468	6468		DEL	chr16	66717719	chr16	66718351	632.0	True		False		6	0	6	-10,374	-2,142	-429,9	-150,2					5	0	5	1	0	1
6469	6469		DEL	chr16	66718987	chr16	66719136	149.0	True		False		5	0	5	-10,77	-3,41	-148,9	-64,3					5	0	5	0	0	0
6470	6470		DEL	chr16	66720282	chr16	66720768	486.0	True		False		8	0	8	-10,398	-2,119	-430,9	-103,2					8	0	8	0	0	0
6472	6472		DEL	chr16	66724940	chr16	66725221	281.0	False		False		1	4	5	-10,9	0,0	-10,9	0,0					1	4	5	0	0	0
6474	6474		DEL	chr16	66729486	chr16	66729990	504.0	True		False		7	0	7	-10,235	-2,84	-453,9	-100,2					6	0	6	1	0	1
6172	6172		DEL	chr16	66732090	chr16	66732477	387.0	True		False		5	0	5	-10,295	-2,121	-350,9	-120,2					5	0	5	0	0	0
6476	6476		DEL	chr16	66735273	chr16	66735655	382.0	True		False		6	1	7	-10,9	-3,3	-10,9	-3,3					5	1	6	1	0	1
6477	6477		DEL	chr16	66741896	chr16	66742343	447.0	True		False		8	0	8	-10,417	-2,88	-390,9	-85,2					8	0	8	0	0	0
6479	6479		DEL	chr16	66744127	chr16	66744572	445.0	True		False		2	3	5	-10,9	-1,1	-10,9	-1,1					2	3	5	0	0	0
6480	6480		DEL	chr16	66748794	chr16	66749889	1095.0	True		False		5	0	5	-10,643	-2,326	-644,9	-326,2					5	0	5	0	0	0
6481	6481		DEL	chr16	66752959	chr16	66753224	265.0	True		False		8	0	8	-10,78	-2,47	-148,9	-60,3					8	0	8	0	0	0
6482	6482		DEL	chr16	66754919	chr16	66755373	454.0	True		False		9	0	9	-10,157	-2,67	-417,9	-76,2					9	0	9	0	0	0
6484	6484		DEL	chr16	66759853	chr16	66760835	982.0	True		False		80	0	80	-10,18	-4,5	-70,9	-8,3					79	0	79	1	0	1
6485	6485		DEL	chr16	66761556	chr16	66761786	230.0	True		False		12	1	13	0,9	0,9	-10,9	-3,3					12	1	13	0	0	0
6488	6488		DEL	chr16	66767066	chr16	66767578	512.0	True		False		6	0	6	-10,510	-2,142	-511,9	-141,2					6	0	6	0	0	0
6489	6489		DEL	chr16	66768619	chr16	66768768	149.0	True		False		6	0	6	-10,147	-3,47	-42,9	-30,2					6	0	6	0	0	0
6490	6490		DEL	chr16	66769200	chr16	66769815	615.0	True		False		6	0	6	-10,484	-2,133	-612,9	-171,0					6	0	6	0	0	0
6491	6491		DEL	chr16	66770744	chr16	66771268	524.0	True		False		8	0	8	-10,521	-2,109	-262,9	-98,2					8	0	8	0	0	0
6494	6494		DEL	chr16	66773498	chr16	66774011	513.0	True		False		6	0	6	-10,451	-2,127	-343,9	-144,2					6	0	6	0	0	0
6495	6495		INV	chr16	66777038	chr16	66777185	147.0	True		False		4	2	6	-4,4	-1,1	-1,3	-1,1					4	2	6	0	0	0
6496	6496		DEL	chr16	66777719	chr16	66778235	516.0	True		False		6	0	6	-10,456	-2,103	-83,9	-51,2					6	0	6	0	0	0
6497	6497		DEL	chr16	66778377	chr16	66778666	289.0	True		False		5	1	6	-10,9	-3,3	-10,9	-3,3					5	1	6	0	0	0
6173	6173		DEL	chr16	66780678	chr16	66781134	456.0	True		False		7	0	7	-10,454	-2,103	-449,9	-103,2					7	0	7	0	0	0
6498	6498		DEL	chr16	66781928	chr16	66782424	496.0	True		False		9	0	9	-10,419	-2,127	-495,9	-131,2					9	0	9	0	0	0
6500	6500		DEL	chr16	66786414	chr16	66786656	242.0	True		False		8	0	8	-10,240	-3,48	-97,9	-35,3					7	0	7	1	0	1
6502	6502		DEL	chr16	66792653	chr16	66793287	634.0	True		False		7	0	7	-10,575	-2,154	-441,9	-142,2					6	0	6	1	0	1
6503	6503		DEL	chr16	66794198	chr16	66794693	495.0	True		False		5	0	5	-10,479	-2,143	-494,9	-129,2					5	0	5	0	0	0
6504	6504		DEL	chr16	66803717	chr16	66803840	123.0	True		False		4	1	5	-10,9	-3,3	-10,9	-3,3					4	1	5	0	0	0
6505	6505		DEL	chr16	66806472	chr16	66806548	76.0	True		False		8	0	8	-10,39	-2,26	-56,9	-38,2					8	0	8	0	0	0
6506	6506		DEL	chr16	66810637	chr16	66810734	97.0	True		False		6	0	6	-10,80	-3,33	-96,9	-62,2					6	0	6	0	0	0
6508	6508		DEL	chr16	66824168	chr16	66824350	182.0	True		False		7	0	7	-10,130	-3,64	-104,9	-52,2					7	0	7	0	0	0
6509	6509		DEL	chr16	66825831	chr16	66826289	458.0	True		False		6	0	6	-10,375	-2,126	-440,9	-129,2					6	0	6	0	0	0
6510	6510		DEL	chr16	66829096	chr16	66829701	605.0	True		False		14	0	14	-10,427	-2,85	-493,9	-100,1					13	0	13	1	0	1
6512	6512		DEL	chr16	66836367	chr16	66836965	598.0	True		False		7	0	7	-10,463	-2,128	-370,9	-113,2					6	0	6	1	0	1
6513	6513		DEL	chr16	66839944	chr16	66840298	354.0	True		False		5	0	5	-10,352	-2,173	-313,9	-163,2					5	0	5	0	0	0
6515	6515		DEL	chr16	66843738	chr16	66844368	630.0	True		False		7	0	7	-10,595	-2,163	-615,9	-167,1					7	0	7	0	0	0
6608	6608		DUP	chr16	66850466	chr16	67083936	233470.0	False		False		3	4	7	-9,4	0,0	-10,9	0,0					3	4	7	0	0	0
6521	6521		DEL	chr16	66862685	chr16	66863085	400.0	True		False		9	0	9	-10,398	-2,74	-347,9	-67,3					9	0	9	0	0	0
6522	6522		DEL	chr16	66863985	chr16	66864235	250.0	True		False		6	0	6	-10,26	-2,21	-213,9	-79,3					6	0	6	0	0	0
6915	6915_1	6915_2	BND	chr16	66864850	chr16	72704116		True	True	False	True	8	1	9	-10,8	-3,0	-10,9	-3,0	-10,9	-3,0	-10,8	-3,0	8	1	9	0	0	0
6523	6523		DEL	chr16	66865988	chr16	66866371	383.0	True		False		7	0	7	-10,320	-2,89	-367,9	-83,3					6	0	6	1	0	1
6524	6524		DEL	chr16	66867117	chr16	66867420	303.0	True		False		4	1	5	-10,9	-3,3	-10,9	-3,3					4	1	5	0	0	0
6525	6525		DEL	chr16	66870895	chr16	66871626	731.0	True		False		10	0	10	-10,451	-2,113	-485,9	-119,2					9	0	9	1	0	1
6529	6529		DEL	chr16	66888325	chr16	66888572	247.0	True		False		3	2	5	-10,9	-1,1	-10,9	-1,1					3	2	5	0	0	0
6530	6530		DEL	chr16	66890476	chr16	66891101	625.0	True		False		5	0	5	-10,623	-2,326	-624,9	-326,2					5	0	5	0	0	0
6533	6533		DEL	chr16	66898971	chr16	66899504	533.0	True		False		6	0	6	-10,412	-2,123	-444,9	-135,2					6	0	6	0	0	0
6536	6536		DEL	chr16	66917961	chr16	66918445	484.0	True		False		5	0	5	-10,446	-2,93	-454,9	-88,2					5	0	5	0	0	0
6537	6537		DEL	chr16	66922673	chr16	66923309	636.0	True		False		5	0	5	-10,604	-2,204	-539,9	-188,2					5	0	5	0	0	0
6538	6538		DEL	chr16	66931993	chr16	66932160	167.0	True		False		6	0	6	-10,80	-2,53	-166,9	-109,2					6	0	6	0	0	0
6541	6541		DEL	chr16	66939193	chr16	66939515	322.0	True		False		4	2	6	-10,9	-1,1	-10,9	-1,1					4	2	6	0	0	0
6174	6174		DEL	chr16	66944558	chr16	66944800	242.0	True		False		6	1	7	-10,9	-3,3	-10,3	-7,1					5	1	6	1	0	1
6543	6543		DEL	chr16	66946150	chr16	66946598	448.0	True		False		5	1	6	-10,9	-3,3	-10,9	-3,3					5	1	6	0	0	0
6544	6544		DEL	chr16	66949186	chr16	66949332	146.0	True		False		3	2	5	-10,9	-1,1	-10,9	-1,1					3	2	5	0	0	0
6545	6545		DEL	chr16	66952659	chr16	66953262	603.0	True		False		5	0	5	-10,542	-2,149	-535,9	-154,2					5	0	5	0	0	0
6546	6546		DEL	chr16	66954310	chr16	66954935	625.0	True		False		7	0	7	-10,549	-2,190	-568,9	-194,2					7	0	7	0	0	0
6547	6547		DEL	chr16	66955700	chr16	66956192	492.0	True		False		7	0	7	-10,490	-2,115	-245,9	-91,2					7	0	7	0	0	0
6548	6548		DEL	chr16	66957158	chr16	66957400	242.0	True		False		7	0	7	-10,142	-2,72	-52,9	-33,2					7	0	7	0	0	0
6549	6549		DEL	chr16	66960093	chr16	66960594	501.0	True		False		6	0	6	-10,388	-2,114	-442,9	-105,2					6	0	6	0	0	0
6550	6550		DEL	chr16	66965736	chr16	66966373	637.0	True		False		5	0	5	-10,481	-2,181	-587,9	-199,2					5	0	5	0	0	0
6555	6555		DEL	chr16	66973697	chr16	66974169	472.0	True		False		5	0	5	-10,311	-2,106	-449,9	-75,3					5	0	5	0	0	0
6560	6560		DEL	chr16	66982483	chr16	66982634	151.0	True		False		6	0	6	-10,86	-2,47	-74,9	-45,2					6	0	6	0	0	0
6561	6561		DEL	chr16	66983127	chr16	66983610	483.0	True		False		9	0	9	-10,407	-2,73	-406,9	-82,2					9	0	9	0	0	0
6562	6562		DEL	chr16	66984421	chr16	66984727	306.0	True		False		8	3	11	-10,9	-1,1	-10,9	-1,1					8	3	11	0	0	0
6564	6564		DEL	chr16	66988405	chr16	66988619	214.0	True		False		5	0	5	-10,157	-2,76	-138,9	-55,3					5	0	5	0	0	0
6566	6566		DEL	chr16	66992142	chr16	66992710	568.0	True		False		6	0	6	-10,358	-2,135	-567,9	-159,2					6	0	6	0	0	0
6567	6567		DEL	chr16	66996861	chr16	66997388	527.0	True		False		8	0	8	-10,345	-3,67	-280,9	-74,2					8	0	8	0	0	0
6571	6571		DEL	chr16	67008454	chr16	67008980	526.0	True		False		6	0	6	-10,484	-2,138	-522,9	-150,2					6	0	6	0	0	0
6573	6573		DEL	chr16	67015681	chr16	67016001	320.0	True		False		6	0	6	-10,198	-3,64	-109,9	-50,2					6	0	6	0	0	0
6576	6576		DEL	chr16	67023109	chr16	67023884	775.0	True		False		7	0	7	-10,535	-2,188	-637,9	-214,2					7	0	7	0	0	0
6579	6579		DEL	chr16	67031325	chr16	67031774	449.0	True		False		7	0	7	-10,208	-2,97	-195,9	-84,2					7	0	7	0	0	0
6580	6580		DEL	chr16	67032717	chr16	67033241	524.0	True		False		8	0	8	-10,488	-2,116	-504,9	-101,2					8	0	8	0	0	0
6581	6581		DEL	chr16	67034873	chr16	67035413	540.0	True		False		12	0	12	-10,367	-2,88	-423,9	-74,2					12	0	12	0	0	0
6582	6582		DEL	chr16	67036987	chr16	67037852	865.0	True		False		6	0	6	-10,634	-2,213	-535,9	-188,2					5	0	5	1	0	1
6583	6583		DEL	chr16	67039624	chr16	67040093	469.0	True		False		5	0	5	-10,467	-2,134	-453,9	-125,2					5	0	5	0	0	0
6584	6584		DEL	chr16	67041454	chr16	67041966	512.0	True		False		5	0	5	-10,480	-2,142	-511,9	-132,2					5	0	5	0	0	0
6585	6585		DEL	chr16	67044664	chr16	67045089	425.0	True		False		5	0	5	-10,315	-2,118	-383,9	-136,2					5	0	5	0	0	0
6586	6586		DEL	chr16	67046106	chr16	67046273	167.0	True		False		5	1	6	-10,9	-3,3	-9,0	-9,0					5	1	6	0	0	0
6587	6587		DEL	chr16	67046670	chr16	67047335	665.0	True		False		5	0	5	-10,557	-2,153	-337,9	-139,2					5	0	5	0	0	0
6588	6588		DEL	chr16	67048140	chr16	67048760	620.0	True		False		6	0	6	-10,466	-2,144	-386,9	-137,2					6	0	6	0	0	0
6589	6589		DEL	chr16	67051100	chr16	67051759	659.0	True		False		6	0	6	-10,550	-2,191	-608,9	-204,2					6	0	6	0	0	0
6590	6590		DEL	chr16	67052507	chr16	67052742	235.0	False		False		2	6	8	-7,6	0,0	-7,6	0,0					2	6	8	0	0	0
6592	6592		DEL	chr16	67056841	chr16	67057340	499.0	True		False		9	0	9	-10,456	-2,113	-470,9	-105,2					9	0	9	0	0	0
6594	6594		DEL	chr16	67059318	chr16	67059399	81.0	True		False		5	0	5	-10,20	-2,16	-80,9	-45,2					5	0	5	0	0	0
7057	7057_1	7057_2	BND	chr16	67060758	chr16	72998249		True	True	False	True	6	0	6	-10,397	-2,80	-8,521	0,124	-8,521	0,124	-10,397	-2,80	6	0	6	0	0	0
6595	6595		INV	chr16	67061032	chr16	67061138	106.0	True		False		4	1	5	-10,2	-3,1	-10,9	-3,3					4	1	5	0	0	0
7061	7061_1	7061_2	BND	chr16	67062527	chr16	73003488		True	True	False	True	4	2	6	-10,9	-1,1	-9,9	-1,1	-9,9	-1,1	-10,9	-1,1	4	2	6	0	0	0
6596	6596		DEL	chr16	67064632	chr16	67065123	491.0	True		False		10	0	10	-10,451	-2,102	-450,9	-88,2					10	0	10	0	0	0
6599	6599		DEL	chr16	67069865	chr16	67070413	548.0	True		False		8	0	8	-10,458	-2,130	-529,9	-135,2					8	0	8	0	0	0
6600	6600		DEL	chr16	67070335	chr16	67070630	295.0	True		False		5	2	7	-10,9	-1,1	-10,9	-1,1					5	2	7	0	0	0
6601	6601		DEL	chr16	67071169	chr16	67071758	589.0	True		False		6	0	6	-10,477	-2,96	-271,9	-83,2					5	0	5	1	0	1
6602	6602		DEL	chr16	67073438	chr16	67073948	510.0	True		False		6	0	6	-10,478	-2,117	-509,9	-102,2					6	0	6	0	0	0
6603	6603		DEL	chr16	67074659	chr16	67075160	501.0	True		False		5	0	5	-10,253	-2,93	-304,9	-121,2					5	0	5	0	0	0
6609	6609		DEL	chr16	67084126	chr16	67084250	124.0	True		False		6	0	6	-10,26	-3,18	-100,9	-54,1					6	0	6	0	0	0
6610	6610		DEL	chr16	67088947	chr16	67089616	669.0	True		False		11	0	11	-10,535	-2,119	-522,9	-126,2					11	0	11	0	0	0
6611	6611		DEL	chr16	67090278	chr16	67090708	430.0	True		False		5	0	5	-10,428	-2,125	-404,9	-135,2					5	0	5	0	0	0
6612	6612		DEL	chr16	67092725	chr16	67093059	334.0	True		False		6	0	6	-10,272	-3,68	-234,9	-61,3					6	0	6	0	0	0
6616	6616		DEL	chr16	67101564	chr16	67101864	300.0	True		False		6	0	6	-10,298	-3,58	-235,9	-69,3					6	0	6	0	0	0
6617	6617		DEL	chr16	67103807	chr16	67104204	397.0	True		False		8	0	8	-10,85	-2,48	-276,9	-86,2					8	0	8	0	0	0
6618	6618		INV	chr16	67108795	chr16	67108914	119.0	True		False		4	1	5	-10,9	-3,3	-10,9	-2,3					4	1	5	0	0	0
6619	6619		DEL	chr16	67110192	chr16	67110815	623.0	True		False		8	0	8	-10,354	-2,108	-353,9	-107,2					8	0	8	0	0	0
6620	6620		DEL	chr16	67116717	chr16	67116809	92.0	True		False		6	0	6	-9,0	-9,0	-90,9	-47,2					6	0	6	0	0	0
6621	6621		DEL	chr16	67119715	chr16	67119855	140.0	True		False		7	0	7	-10,68	-3,32	-114,9	-39,3					7	0	7	0	0	0
6626	6626		DEL	chr16	67128282	chr16	67128655	373.0	True		False		6	0	6	-10,222	-2,98	-357,9	-99,2					6	0	6	0	0	0
6627	6627		DEL	chr16	67129223	chr16	67129863	640.0	True		False		6	0	6	-10,576	-2,152	-502,9	-143,2					6	0	6	0	0	0
6628	6628		DEL	chr16	67132044	chr16	67132333	289.0	True		False		6	0	6	-10,287	-3,61	-240,9	-50,3					6	0	6	0	0	0
6630	6630		DEL	chr16	67135142	chr16	67135446	304.0	True		False		4	2	6	-10,9	-1,1	-10,9	-1,1					4	2	6	0	0	0
6631	6631		DEL	chr16	67138209	chr16	67138758	549.0	True		False		6	0	6	-10,423	-2,148	-437,9	-134,2					6	0	6	0	0	0
6632	6632		DEL	chr16	67140489	chr16	67141273	784.0	True		False		6	0	6	-10,550	-2,191	-638,9	-214,2					5	0	5	1	0	1
6635	6635		DEL	chr16	67152470	chr16	67152920	450.0	True		False		9	0	9	-10,348	-2,95	-306,9	-77,3					9	0	9	0	0	0
6639	6639		DEL	chr16	67160614	chr16	67160813	199.0	True		False		5	0	5	-10,151	-2,74	0,6	0,4					5	0	5	0	0	0
6640	6640		DEL	chr16	67162209	chr16	67162616	407.0	True		False		6	0	6	-10,379	-3,58	-119,9	-63,2					6	0	6	0	0	0
6643	6643		DEL	chr16	67168530	chr16	67169073	543.0	True		False		5	0	5	-10,361	-2,126	-538,9	-144,2					5	0	5	0	0	0
6645	6645		DEL	chr16	67181837	chr16	67182383	546.0	True		False		7	0	7	-10,513	-2,135	-336,9	-139,2					7	0	7	0	0	0
6649	6649		DEL	chr16	67189007	chr16	67189533	526.0	True		False		6	0	6	-10,524	-2,154	-513,9	-135,2					6	0	6	0	0	0
6650	6650		DEL	chr16	67194609	chr16	67194826	217.0	True		False		5	0	5	-10,9	-2,9	-167,9	-59,3					5	0	5	0	0	0
6652	6652		DEL	chr16	67204289	chr16	67204921	632.0	True		False		5	0	5	-10,350	-2,145	-514,9	-135,2					5	0	5	0	0	0
6653	6653		DEL	chr16	67206037	chr16	67206405	368.0	True		False		3	2	5	-10,9	-1,1	-10,9	-1,1					3	2	5	0	0	0
6654	6654		DEL	chr16	67209637	chr16	67210175	538.0	True		False		5	0	5	-10,337	-2,124	-425,9	-127,2					5	0	5	0	0	0
6655	6655		DEL	chr16	67212057	chr16	67212324	267.0	True		False		8	0	8	-10,112	-3,54	-202,9	-63,3					8	0	8	0	0	0
6662	6662		DEL	chr16	67221916	chr16	67222202	286.0	True		False		8	1	9	-10,9	-3,3	-10,9	-3,3					8	1	9	0	0	0
6666	6666		DEL	chr16	67238215	chr16	67238693	478.0	True		False		7	0	7	-10,449	-2,80	-273,9	-74,3					6	0	6	1	0	1
6667	6667		DEL	chr16	67240096	chr16	67240468	372.0	True		False		4	2	6	-10,9	-1,1	-10,9	-1,1					4	2	6	0	0	0
6669	6669		DEL	chr16	67245729	chr16	67246159	430.0	True		False		5	0	5	-10,368	-2,126	-425,9	-129,2					5	0	5	0	0	0
6671	6671		DEL	chr16	67252149	chr16	67252605	456.0	True		False		5	0	5	-10,437	-2,95	-390,9	-72,3					5	0	5	0	0	0
6672	6672		DEL	chr16	67253773	chr16	67254505	732.0	True		False		5	0	5	-10,326	-2,138	-518,9	-141,2					5	0	5	0	0	0
6673	6673		DEL	chr16	67258245	chr16	67258549	304.0	True		False		6	0	6	-10,298	-3,70	-257,9	-56,3					6	0	6	0	0	0
6674	6674		DEL	chr16	67260548	chr16	67261564	1016.0	True		False		10	0	10	-10,643	-2,326	-644,9	-326,2					10	0	10	0	0	0
6676	6676		DEL	chr16	67271247	chr16	67271793	546.0	True		False		6	0	6	-10,541	-2,145	-545,9	-155,2					6	0	6	0	0	0
6678	6678		DEL	chr16	67277331	chr16	67277940	609.0	True		False		8	0	8	-10,488	-2,121	-505,9	-130,2					8	0	8	0	0	0
6681	6681		DEL	chr16	67281174	chr16	67281679	505.0	True		False		7	0	7	-10,359	-2,116	-494,9	-109,2					7	0	7	0	0	0
6683	6683		DEL	chr16	67283670	chr16	67283888	218.0	True		False		5	1	6	-1,9	-1,9	-10,9	-3,3					5	1	6	0	0	0
6684	6684		DEL	chr16	67286562	chr16	67287079	517.0	True		False		5	0	5	-10,515	-2,156	-486,9	-133,2					5	0	5	0	0	0
6686	6686		DEL	chr16	67289030	chr16	67289280	250.0	True		False		5	1	6	-10,9	-3,3	-10,9	-3,3					5	1	6	0	0	0
7333	7333_1	7333_2	BND	chr16	67292548	chr16	73583353		False	False	False	True	568	440	1008	0,0	0,0	0,0	0,0	0,0	0,0	0,0	0,0	568	440	1008	0	0	0
7334	7334_1	7334_2	BND	chr16	70121625	chr16	74359741		True	True	False	True	9	0	9	-217,9	-35,3	-319,9	-73,1	-319,9	-73,1	-217,9	-35,3	8	0	8	1	0	1
6702	6702		DEL	chr16	71967660	chr16	71967876	216.0	True		False		5	0	5	-10,214	-3,62	-81,9	-52,2					5	0	5	0	0	0
6705	6705		DEL	chr16	71981261	chr16	71981690	429.0	True		False		6	0	6	-10,417	-2,176	-428,9	-179,2					5	0	5	1	0	1
6706	6706		DEL	chr16	71983207	chr16	71983704	497.0	True		False		5	2	7	-10,9	-1,1	-10,3	-6,1					5	2	7	0	0	0
6707	6707		DEL	chr16	71991775	chr16	71992307	532.0	True		False		5	0	5	-10,516	-2,139	-403,9	-129,2					5	0	5	0	0	0
6709	6709		DEL	chr16	72006108	chr16	72006654	546.0	True		False		7	0	7	-10,479	-2,122	-533,9	-116,2					7	0	7	0	0	0
6710	6710		DEL	chr16	72014456	chr16	72014552	96.0	True		False		6	1	7	-10,9	-3,3	-10,9	-3,3					5	1	6	1	0	1
6718	6718		DEL	chr16	72080555	chr16	72080601	46.0	True		False		7	1	8	-5,9	-1,6	-10,9	-3,3					7	1	8	0	0	0
6720	6720		DEL	chr16	72090751	chr16	72091539	788.0	True		False		8	0	8	-10,643	-2,326	-644,9	-326,2					7	0	7	1	0	1
6721	6721		DEL	chr16	72098134	chr16	72098345	211.0	True		False		6	0	6	-10,34	-2,25	-210,9	-73,3					5	0	5	1	0	1
6724	6724		DEL	chr16	72141270	chr16	72141998	728.0	True		False		5	0	5	-10,552	-2,191	-614,9	-206,2					5	0	5	0	0	0
6727	6727		DEL	chr16	72153907	chr16	72154322	415.0	True		False		5	0	5	-10,351	-2,120	-374,9	-128,2					5	0	5	0	0	0
6734	6734		DEL	chr16	72244180	chr16	72244796	616.0	True		False		7	0	7	-10,460	-2,111	-377,9	-104,2					6	0	6	1	0	1
6738	6738		DEL	chr16	72254909	chr16	72255291	382.0	True		False		5	0	5	-10,264	-3,87	-324,9	-97,2					5	0	5	0	0	0
6742	6742		DEL	chr16	72270385	chr16	72270467	82.0	True		False		4	1	5	-10,9	-3,3	-10,9	-3,3					4	1	5	0	0	0
6743	6743		DEL	chr16	72271637	chr16	72272327	690.0	True		False		6	0	6	-10,535	-2,188	-524,9	-186,2					6	0	6	0	0	0
6744	6744		DEL	chr16	72274544	chr16	72274855	311.0	True		False		2	3	5	-10,9	-1,1	-10,9	-1,1					2	3	5	0	0	0
6745	6745		DEL	chr16	72275983	chr16	72276942	959.0	True		False		7	0	7	-10,599	-2,202	-617,9	-207,2					7	0	7	0	0	0
6747	6747		DEL	chr16	72278736	chr16	72278892	156.0	True		False		5	0	5	-10,153	-2,76	-109,9	-63,2					5	0	5	0	0	0
6751	6751		DEL	chr16	72288501	chr16	72288666	165.0	True		False		5	0	5	-10,101	-3,49	-157,9	-58,3					5	0	5	0	0	0
6752	6752		DEL	chr16	72290521	chr16	72291226	705.0	True		False		7	0	7	-10,620	-2,208	-600,9	-202,2					6	0	6	1	0	1
6754	6754		DEL	chr16	72293905	chr16	72294802	897.0	True		False		7	0	7	-10,643	-2,326	-644,9	-326,2					7	0	7	0	0	0
6755	6755		DEL	chr16	72295346	chr16	72295595	249.0	True		False		9	0	9	-10,99	-2,53	-111,9	-49,3					9	0	9	0	0	0
6756	6756_1	6756_2	BND	chr16	72299642	chr16	72299844		True	True	False	True	3	2	5	-10,49	0,48	-10,556	-2,159	-10,556	-2,159	-10,49	0,48	3	2	5	0	0	0
6180	6180		DEL	chr16	72302042	chr16	72302290	248.0	True		False		7	0	7	-10,246	-2,127	-125,9	-74,2					7	0	7	0	0	0
6760	6760		DEL	chr16	72306989	chr16	72307545	556.0	True		False		13	0	13	-10,472	-2,92	-481,9	-85,2					12	0	12	1	0	1
6762	6762		DEL	chr16	72309718	chr16	72310257	539.0	True		False		6	0	6	-10,319	-2,99	-421,9	-102,2					6	0	6	0	0	0
6763	6763		DEL	chr16	72313040	chr16	72313623	583.0	True		False		5	0	5	-10,548	-2,190	-496,9	-183,2					5	0	5	0	0	0
6764	6764		DEL	chr16	72314082	chr16	72314604	522.0	True		False		7	0	7	-10,407	-2,133	-511,9	-138,2					7	0	7	0	0	0
6766	6766		DEL	chr16	72320033	chr16	72320559	526.0	True		False		7	0	7	-10,425	-2,141	-476,9	-133,2					7	0	7	0	0	0
6768	6768		DEL	chr16	72322118	chr16	72322855	737.0	True		False		5	0	5	-10,641	-1,216	-524,9	-186,2					5	0	5	0	0	0
6770	6770		DEL	chr16	72325259	chr16	72325485	226.0	True		False		7	0	7	-10,137	-2,65	-107,9	-56,2					7	0	7	0	0	0
6771	6771		DEL	chr16	72326384	chr16	72326970	586.0	True		False		10	0	10	-10,491	-2,134	-486,9	-109,2					10	0	10	0	0	0
6774	6774		DEL	chr16	72336172	chr16	72336750	578.0	True		False		5	0	5	-10,576	-2,197	-498,9	-183,2					5	0	5	0	0	0
6775	6775		DEL	chr16	72336981	chr16	72337320	339.0	True		False		6	0	6	-10,337	-3,90	-293,9	-104,2					6	0	6	0	0	0
6778	6778		DEL	chr16	72340793	chr16	72341244	451.0	True		False		6	0	6	-10,449	-2,182	-445,9	-178,2					6	0	6	0	0	0
6779	6779		DEL	chr16	72347105	chr16	72347672	567.0	True		False		7	0	7	-10,563	-2,132	-479,9	-110,2					7	0	7	0	0	0
6781	6781		DEL	chr16	72356464	chr16	72357030	566.0	True		False		8	0	8	-10,509	-2,139	-538,9	-141,2					8	0	8	0	0	0
6782	6782		DEL	chr16	72358355	chr16	72358686	331.0	True		False		7	0	7	-10,95	-3,41	-15,9	-12,2					7	0	7	0	0	0
6784	6784		DEL	chr16	72360066	chr16	72360495	429.0	True		False		5	0	5	-10,409	-3,85	-392,9	-94,2					5	0	5	0	0	0
6785	6785		DEL	chr16	72362934	chr16	72363526	592.0	True		False		5	0	5	-10,495	-2,183	-591,9	-208,2					5	0	5	0	0	0
6786	6786		DEL	chr16	72365920	chr16	72366506	586.0	True		False		8	0	8	-10,506	-2,138	-575,9	-162,2					7	0	7	1	0	1
6181	6181		DEL	chr16	72367878	chr16	72368516	638.0	True		False		8	0	8	-10,541	-2,153	-485,9	-140,2					8	0	8	0	0	0
6788	6788		DEL	chr16	72370856	chr16	72371401	545.0	True		False		9	0	9	-10,428	-2,113	-434,9	-119,2					9	0	9	0	0	0
6790	6790		DEL	chr16	72374813	chr16	72375341	528.0	True		False		6	0	6	-10,486	-2,142	-496,9	-142,2					5	0	5	1	0	1
6794	6794		INV	chr16	72386488	chr16	72386829	341.0	True		False		4	1	5	-10,8	-2,2	-10,9	-3,1					4	1	5	0	0	0
6795	6795		DEL	chr16	72388872	chr16	72389417	545.0	True		False		5	0	5	-10,373	-2,133	-505,9	-145,2					5	0	5	0	0	0
6798	6798		DEL	chr16	72400180	chr16	72400757	577.0	True		False		7	0	7	-10,490	-2,140	-517,9	-139,2					6	0	6	1	0	1
6799	6799		DEL	chr16	72403439	chr16	72403779	340.0	True		False		5	0	5	-10,56	-2,38	-42,9	-31,2					5	0	5	0	0	0
6801	6801		DEL	chr16	72405584	chr16	72406130	546.0	True		False		10	0	10	-10,370	-2,77	-381,9	-69,3					10	0	10	0	0	0
6802	6802		DEL	chr16	72407696	chr16	72408546	850.0	True		False		7	0	7	-10,580	-2,197	-617,9	-207,2					6	0	6	1	0	1
6803	6803		DEL	chr16	72411506	chr16	72412152	646.0	True		False		7	0	7	-10,494	-2,128	-348,9	-136,2					7	0	7	0	0	0
6804	6804		DEL	chr16	72413687	chr16	72413743	56.0	True		False		8	1	9	-10,9	-3,3	-10,9	-3,3					8	1	9	0	0	0
6805	6805		DEL	chr16	72418241	chr16	72418714	473.0	True		False		5	0	5	-10,452	-2,129	-435,9	-142,2					5	0	5	0	0	0
6806	6806		DEL	chr16	72419942	chr16	72420409	467.0	True		False		8	0	8	-10,441	-2,116	-445,9	-100,2					8	0	8	0	0	0
6810	6810		DEL	chr16	72428576	chr16	72428907	331.0	True		False		4	2	6	-10,9	-1,1	-10,9	-1,1					4	2	6	0	0	0
6811	6811		DEL	chr16	72440132	chr16	72440618	486.0	True		False		5	0	5	-10,484	-2,130	-466,9	-124,2					5	0	5	0	0	0
6812	6812		DEL	chr16	72441887	chr16	72441975	88.0	True		False		8	0	8	-10,12	-3,10	-75,9	-33,3					8	0	8	0	0	0
6814	6814		DEL	chr16	72454059	chr16	72454846	787.0	True		False		5	0	5	-10,643	0,217	-602,9	-203,2					5	0	5	0	0	0
6815	6815		DEL	chr16	72454879	chr16	72454950	71.0	True		False		6	1	7	-4,9	-1,7	-10,9	-3,3					6	1	7	0	0	0
6817	6817		DEL	chr16	72458478	chr16	72459074	596.0	True		False		7	0	7	-10,481	-2,123	-595,9	-138,2					7	0	7	0	0	0
6819	6819		DEL	chr16	72459199	chr16	72459803	604.0	True		False		7	0	7	-10,535	-1,135	-509,9	-122,2					7	0	7	0	0	0
6820	6820		DEL	chr16	72461743	chr16	72462403	660.0	True		False		5	0	5	-10,643	-2,326	-644,9	-326,2					5	0	5	0	0	0
6825	6825		DEL	chr16	72470811	chr16	72472910	2099.0	True		False		3	2	5	-10,9	-1,1	-10,8	-1,0					3	2	5	0	0	0
6823	6823		DEL	chr16	72471214	chr16	72471396	182.0	True		False		5	0	5	-10,13	-2,12	-173,9	-56,3					5	0	5	0	0	0
6827	6827		DEL	chr16	72480766	chr16	72481691	925.0	True		False		6	0	6	-10,558	-2,192	-641,9	-215,2					6	0	6	0	0	0
6829	6829		DEL	chr16	72486773	chr16	72486841	68.0	True		False		4	1	5	-10,9	-3,3	-6,9	-2,4					4	1	5	0	0	0
6830	6830		DEL	chr16	72487942	chr16	72488485	543.0	True		False		6	0	6	-10,512	-2,112	-498,9	-101,2					5	0	5	1	0	1
6833	6833		DEL	chr16	72494123	chr16	72494724	601.0	True		False		10	0	10	-10,577	-2,150	-574,9	-161,2					10	0	10	0	0	0
7249	7249_1	7249_2	BND	chr16	72498265	chr16	73410767		False	False	False	True	6	11	17	-3,2	0,0	-3,2	0,0	-3,2	0,0	-3,2	0,0	6	11	17	0	0	0
6834	6834		DEL	chr16	72499529	chr16	72500312	783.0	True		False		6	0	6	-10,610	-2,205	-587,9	-199,2					6	0	6	0	0	0
6836	6836		DEL	chr16	72505614	chr16	72505659	45.0	True		False		6	1	7	-10,9	-3,3	-10,9	-3,3					6	1	7	0	0	0
6837	6837		INV	chr16	72506775	chr16	72506911	136.0	True		False		2	3	5	-10,9	-1,1	-9,9	-1,1					2	3	5	0	0	0
6838	6838		DEL	chr16	72507264	chr16	72507853	589.0	True		False		8	0	8	-10,505	-2,125	-310,9	-99,2					8	0	8	0	0	0
6839	6839		DEL	chr16	72509251	chr16	72509764	513.0	True		False		8	0	8	-10,350	-2,94	-308,9	-99,2					8	0	8	0	0	0
6841	6841		DEL	chr16	72513790	chr16	72514193	403.0	True		False		5	0	5	-10,401	-3,81	-245,9	-76,3					5	0	5	0	0	0
6182	6182		DEL	chr16	72515232	chr16	72515797	565.0	True		False		8	0	8	-10,547	-2,147	-556,9	-147,2					7	0	7	1	0	1
6842	6842		DEL	chr16	72516834	chr16	72517304	470.0	True		False		9	0	9	-10,468	-2,102	-363,9	-110,2					9	0	9	0	0	0
6843	6843		DEL	chr16	72517801	chr16	72518225	424.0	True		False		9	0	9	-10,422	-2,88	-333,9	-80,2					9	0	9	0	0	0
6844	6844		INV	chr16	72520649	chr16	72520934	285.0	True		False		3	2	5	-24,0	-24,0	-77,160	-77,129					3	2	5	0	0	0
6846	6846		DEL	chr16	72522635	chr16	72523160	525.0	True		False		6	0	6	-10,520	-2,131	-488,9	-115,2					6	0	6	0	0	0
6847	6847		DEL	chr16	72523882	chr16	72524486	604.0	True		False		7	0	7	-10,253	-2,110	-563,9	-148,2					7	0	7	0	0	0
6848	6848		DEL	chr16	72529266	chr16	72529987	721.0	True		False		5	0	5	-10,607	-2,204	-564,9	-193,2					5	0	5	0	0	0
6849	6849		DEL	chr16	72530802	chr16	72531395	593.0	True		False		9	0	9	-10,432	-2,136	-467,9	-143,2					9	0	9	0	0	0
6851	6851		DEL	chr16	72540221	chr16	72540731	510.0	True		False		5	0	5	-10,345	-2,135	-482,9	-137,2					5	0	5	0	0	0
6855	6855		DEL	chr16	72553121	chr16	72553530	409.0	True		False		5	0	5	-10,126	-3,62	-287,9	-96,2					5	0	5	0	0	0
6856	6856		DEL	chr16	72555830	chr16	72555916	86.0	True		False		5	2	7	-10,9	-1,1	-10,9	-1,1					5	2	7	0	0	0
6857	6857		DEL	chr16	72556263	chr16	72556739	476.0	True		False		7	0	7	-10,151	-2,74	-404,9	-100,2					6	0	6	1	0	1
6858	6858		DEL	chr16	72560050	chr16	72560534	484.0	True		False		6	0	6	-10,421	-2,93	-216,9	-97,2					5	0	5	1	0	1
6859	6859		DEL	chr16	72562044	chr16	72562243	199.0	True		False		5	0	5	-10,141	-2,83	-170,9	-93,2					5	0	5	0	0	0
6860	6860		DEL	chr16	72563829	chr16	72564150	321.0	True		False		7	0	7	-10,172	-3,69	-163,9	-70,3					7	0	7	0	0	0
6861	6861		DEL	chr16	72565493	chr16	72566073	580.0	True		False		8	0	8	-10,543	-2,146	-579,9	-165,1					7	0	7	1	0	1
6862	6862		DEL	chr16	72568766	chr16	72569291	525.0	True		False		6	0	6	-10,412	-2,124	-480,9	-127,2					6	0	6	0	0	0
6863	6863		INV	chr16	72569341	chr16	72569578	237.0	True		False		3	3	6	-10,9	-3,3	-10,9	-3,1					3	3	6	0	0	0
6865	6865		DEL	chr16	72573148	chr16	72573722	574.0	True		False		6	0	6	-10,181	-2,81	-487,9	-101,2					6	0	6	0	0	0
6867	6867		DEL	chr16	72576209	chr16	72576668	459.0	True		False		7	0	7	-10,350	-2,126	-425,9	-138,2					7	0	7	0	0	0
6868	6868		DEL	chr16	72576511	chr16	72577522	1011.0	True		False		5	0	5	-10,643	-2,326	-644,9	-326,2					5	0	5	0	0	0
6870	6870		DEL	chr16	72589791	chr16	72590138	347.0	True		False		8	0	8	-10,83	-2,49	-294,9	-78,3					8	0	8	0	0	0
6872	6872		DEL	chr16	72591622	chr16	72592065	443.0	True		False		9	0	9	-10,406	-2,87	-296,9	-82,3					9	0	9	0	0	0
6873	6873		DEL	chr16	72593244	chr16	72593883	639.0	True		False		7	0	7	-10,566	-2,194	-509,9	-184,2					7	0	7	0	0	0
6874	6874		DEL	chr16	72594404	chr16	72594718	314.0	True		False		8	0	8	-10,268	-3,47	-140,9	-41,3					8	0	8	0	0	0
6876	6876		DEL	chr16	72605650	chr16	72605873	223.0	True		False		6	0	6	-10,202	-3,53	-19,9	-15,2					6	0	6	0	0	0
6877	6877		DEL	chr16	72608737	chr16	72609256	519.0	True		False		6	0	6	-10,414	-2,126	-507,9	-153,2					6	0	6	0	0	0
6878	6878		DEL	chr16	72611342	chr16	72611914	572.0	True		False		7	0	7	-10,507	-2,131	-473,9	-139,2					7	0	7	0	0	0
6879	6879		DEL	chr16	72615248	chr16	72615307	59.0	True		False		4	1	5	-10,9	-3,3	-10,9	-3,3					4	1	5	0	0	0
6881	6881		DEL	chr16	72616906	chr16	72617446	540.0	True		False		6	0	6	-10,415	-2,103	-485,9	-136,2					6	0	6	0	0	0
6882	6882		DEL	chr16	72618863	chr16	72619160	297.0	True		False		6	1	7	-10,9	-3,3	-10,5	-5,1					5	1	6	1	0	1
6883	6883		DEL	chr16	72620642	chr16	72621100	458.0	True		False		12	0	12	-10,414	-3,84	-442,9	-85,3					12	0	12	0	0	0
6884	6884		DEL	chr16	72621598	chr16	72621854	256.0	True		False		6	0	6	-10,9	-2,9	-243,9	-82,2					6	0	6	0	0	0
6885	6885		DEL	chr16	72622628	chr16	72623388	760.0	True		False		5	0	5	-10,526	-2,187	-602,9	-203,2					5	0	5	0	0	0
6886	6886		DEL	chr16	72624278	chr16	72624707	429.0	True		False		5	0	5	-10,424	-2,115	-117,9	-69,2					5	0	5	0	0	0
6887	6887		DEL	chr16	72626226	chr16	72626762	536.0	True		False		7	0	7	-10,534	-2,189	-535,9	-191,2					7	0	7	0	0	0
6889	6889		DEL	chr16	72639003	chr16	72639486	483.0	True		False		7	0	7	-10,309	-2,100	-482,9	-103,2					7	0	7	0	0	0
6893	6893		DEL	chr16	72647100	chr16	72647388	288.0	True		False		5	0	5	-10,267	-3,79	-221,9	-67,3					5	0	5	0	0	0
6895	6895		DEL	chr16	72650871	chr16	72651736	865.0	True		False		6	0	6	-10,643	-2,326	-644,9	-326,2					6	0	6	0	0	0
6896	6896		DEL	chr16	72651943	chr16	72652081	138.0	True		False		6	0	6	-10,61	-2,40	-2,9	-2,3					6	0	6	0	0	0
6897	6897		DEL	chr16	72652733	chr16	72653234	501.0	True		False		5	0	5	-10,499	-2,147	-238,9	-110,2					5	0	5	0	0	0
6900	6900		DEL	chr16	72657869	chr16	72657952	83.0	True		False		4	1	5	-10,9	-3,3	-10,9	-3,3					4	1	5	0	0	0
6902	6902		DEL	chr16	72667235	chr16	72667743	508.0	True		False		8	0	8	-10,439	-2,106	-432,9	-124,2					8	0	8	0	0	0
6904	6904		DEL	chr16	72671728	chr16	72672254	526.0	True		False		17	0	17	-10,433	-2,89	-425,9	-71,2					17	0	17	0	0	0
6905	6905		DEL	chr16	72672411	chr16	72672870	459.0	True		False		5	0	5	-10,243	-2,99	-436,9	-102,2					5	0	5	0	0	0
6906	6906		DEL	chr16	72674624	chr16	72675289	665.0	True		False		6	0	6	-10,410	-2,147	-475,9	-140,2					6	0	6	0	0	0
6907	6907		DEL	chr16	72679880	chr16	72680227	347.0	True		False		5	0	5	-10,221	-2,84	-189,9	-68,3					5	0	5	0	0	0
6908	6908		DEL	chr16	72683340	chr16	72683855	515.0	True		False		5	0	5	-10,430	-2,106	-445,9	-123,2					5	0	5	0	0	0
6911	6911		DEL	chr16	72689815	chr16	72689982	167.0	True		False		5	0	5	-10,165	-3,60	-138,9	-62,3					5	0	5	0	0	0
15273	15273_1	15273_2	BND	chr16	72695377	chrY	19472307		True	True	False	True	6	0	6	-519,9	-105,2	-8,542	-1,135	-8,542	-1,135	-519,9	-105,2	6	0	6	0	0	0
6912	6912		DEL	chr16	72695856	chr16	72696492	636.0	True		False		7	0	7	-10,558	-2,119	-216,9	-89,2					6	0	6	1	0	1
6913	6913		DEL	chr16	72701607	chr16	72702225	618.0	True		False		8	0	8	-10,526	-2,143	-545,9	-157,2					8	0	8	0	0	0
6916	6916		DEL	chr16	72705308	chr16	72705912	604.0	True		False		6	0	6	-10,602	-2,205	-603,9	-211,2					6	0	6	0	0	0
6917	6917		DEL	chr16	72707793	chr16	72708311	518.0	True		False		8	0	8	-10,431	-2,122	-403,9	-103,2					8	0	8	0	0	0
6918	6918		DEL	chr16	72708847	chr16	72708924	77.0	True		False		5	3	8	-10,9	-1,1	-10,9	-1,1					5	3	8	0	0	0
6919	6919		DEL	chr16	72710451	chr16	72710881	430.0	True		False		7	0	7	-10,399	-2,115	-169,9	-77,3					7	0	7	0	0	0
6920	6920		DEL	chr16	72714552	chr16	72715163	611.0	True		False		8	0	8	-10,461	-3,92	-398,9	-97,2					7	0	7	1	0	1
6921	6921		DEL	chr16	72715945	chr16	72716700	755.0	True		False		9	0	9	-10,575	-2,196	-571,9	-195,2					9	0	9	0	0	0
6926	6926		DEL	chr16	72726695	chr16	72726979	284.0	True		False		5	0	5	-10,228	-2,109	-283,9	-117,2					5	0	5	0	0	0
6927	6927		DEL	chr16	72730102	chr16	72730670	568.0	True		False		6	0	6	-10,388	-2,133	-483,9	-141,2					6	0	6	0	0	0
6928	6928		DEL	chr16	72732348	chr16	72732971	623.0	True		False		6	0	6	-10,541	-2,189	-622,9	-213,2					6	0	6	0	0	0
6929	6929		DEL	chr16	72737305	chr16	72737672	367.0	True		False		7	0	7	-10,252	-3,50	-222,9	-55,3					7	0	7	0	0	0
6930	6930		DEL	chr16	72740303	chr16	72741000	697.0	True		False		5	0	5	-10,624	-2,210	-351,9	-169,2					5	0	5	0	0	0
6931	6931		DEL	chr16	72741622	chr16	72742324	702.0	True		False		5	0	5	-10,469	-2,180	-539,9	-188,2					5	0	5	0	0	0
6155	6155		DEL	chr16	72744616	chr16	72745370	754.0	True		False		6	0	6	-10,642	-1,216	-626,9	-210,2					6	0	6	0	0	0
6935	6935		DEL	chr16	72751055	chr16	72751839	784.0	True		False		12	0	12	-10,587	-2,159	-621,9	-168,1					11	0	11	1	0	1
6936	6936		DEL	chr16	72754079	chr16	72754685	606.0	True		False		5	0	5	-10,529	-2,187	-574,9	-195,2					5	0	5	0	0	0
6937	6937		DEL	chr16	72758232	chr16	72758781	549.0	True		False		6	0	6	-10,485	-2,128	-455,9	-125,2					6	0	6	0	0	0
6938	6938		DEL	chr16	72759697	chr16	72759769	72.0	True		False		8	1	9	-10,9	-3,3	-10,9	-3,3					8	1	9	0	0	0
6939	6939		DEL	chr16	72765441	chr16	72765969	528.0	True		False		6	0	6	-10,526	-2,135	-527,9	-156,2					6	0	6	0	0	0
6940	6940		DEL	chr16	72768906	chr16	72769489	583.0	True		False		5	0	5	-10,581	-1,164	-467,9	-148,2					5	0	5	0	0	0
6941	6941		DEL	chr16	72772677	chr16	72773265	588.0	True		False		7	0	7	-10,586	-2,155	-462,9	-137,2					6	0	6	1	0	1
6942	6942		DEL	chr16	72774628	chr16	72774837	209.0	True		False		5	0	5	-10,40	-2,29	-22,9	-17,2					5	0	5	0	0	0
6943	6943		DEL	chr16	72776099	chr16	72776257	158.0	True		False		5	0	5	-10,156	-3,57	-146,9	-58,3					5	0	5	0	0	0
6184	6184		DEL	chr16	72777431	chr16	72778095	664.0	True		False		5	0	5	-10,516	-2,185	-602,9	-203,2					5	0	5	0	0	0
6944	6944		DEL	chr16	72780087	chr16	72780611	524.0	True		False		5	0	5	-10,403	-2,124	-511,9	-135,2					5	0	5	0	0	0
6945	6945		DEL	chr16	72781800	chr16	72782219	419.0	True		False		6	0	6	-10,222	-3,61	-383,9	-66,3					6	0	6	0	0	0
7264	7264		DUP	chr16	72782485	chr16	73436774	654289.0	False		False		11	10	21	-3,1	0,0	-10,9	0,0					11	10	21	0	0	0
6946	6946		DEL	chr16	72782742	chr16	72783075	333.0	True		False		7	0	7	-10,34	-2,25	-301,9	-84,3					7	0	7	0	0	0
6948	6948		DEL	chr16	72785373	chr16	72785966	593.0	True		False		5	0	5	-10,387	-2,144	-348,9	-131,2					5	0	5	0	0	0
6949	6949		DEL	chr16	72789297	chr16	72789935	638.0	True		False		6	0	6	-10,549	-2,190	-617,9	-207,2					6	0	6	0	0	0
6951	6951		DEL	chr16	72792309	chr16	72792599	290.0	True		False		7	0	7	-10,117	-2,63	-198,9	-67,3					7	0	7	0	0	0
6953	6953		DEL	chr16	72794384	chr16	72794625	241.0	True		False		8	0	8	-10,239	-2,110	-206,9	-103,2					8	0	8	0	0	0
6954	6954		DEL	chr16	72796088	chr16	72796540	452.0	True		False		5	0	5	-10,450	-2,124	-451,9	-131,2					5	0	5	0	0	0
6955	6955		DEL	chr16	72799633	chr16	72799745	112.0	True		False		6	0	6	-10,40	-2,28	-27,9	-19,2					6	0	6	0	0	0
6959	6959		DEL	chr16	72807290	chr16	72807746	456.0	True		False		10	0	10	-10,409	-2,89	-418,9	-93,2					9	0	9	1	0	1
6961	6961		DEL	chr16	72813473	chr16	72813910	437.0	True		False		5	0	5	-10,435	-3,78	-354,9	-73,3					5	0	5	0	0	0
6964	6964		DEL	chr16	72816021	chr16	72816083	62.0	True		False		7	1	8	-10,9	-3,3	-10,9	-3,3					7	1	8	0	0	0
6965	6965		DEL	chr16	72816857	chr16	72817411	554.0	True		False		7	0	7	-10,324	-2,90	-354,9	-96,2					7	0	7	0	0	0
6966	6966		DEL	chr16	72817709	chr16	72818249	540.0	True		False		6	0	6	-10,455	-2,122	-539,9	-129,2					6	0	6	0	0	0
6967	6967		DEL	chr16	72818689	chr16	72819833	1144.0	True		False		6	0	6	-10,643	-2,326	-644,9	-326,2					6	0	6	0	0	0
6969	6969		DEL	chr16	72821009	chr16	72821589	580.0	True		False		7	0	7	-10,494	-2,103	-461,9	-101,2					7	0	7	0	0	0
6970	6970		DEL	chr16	72825616	chr16	72825685	69.0	True		False		7	0	7	-10,0	-10,0	-3,9	-3,2					7	0	7	0	0	0
6971	6971		DEL	chr16	72827348	chr16	72827683	335.0	True		False		6	0	6	-10,320	-2,93	-245,9	-98,2					6	0	6	0	0	0
6972	6972		DEL	chr16	72828756	chr16	72829037	281.0	True		False		6	1	7	-10,9	-3,3	-10,9	-3,3					6	1	7	0	0	0
6973	6973		DEL	chr16	72830379	chr16	72831106	727.0	True		False		5	0	5	-10,574	-2,196	-618,9	-207,2					5	0	5	0	0	0
6975	6975		DEL	chr16	72833675	chr16	72834236	561.0	True		False		5	0	5	-10,468	-2,147	-355,9	-127,2					5	0	5	0	0	0
6976	6976		DEL	chr16	72835712	chr16	72836328	616.0	True		False		6	0	6	-10,549	-2,147	-562,9	-151,2					5	0	5	1	0	1
6977	6977		DEL	chr16	72836956	chr16	72837795	839.0	True		False		5	0	5	-10,643	-2,326	-644,9	-326,2					5	0	5	0	0	0
6978	6978		DEL	chr16	72838023	chr16	72838190	167.0	True		False		6	0	6	-10,165	-3,55	-166,9	-49,3					6	0	6	0	0	0
6980	6980		DEL	chr16	72841148	chr16	72842167	1019.0	True		False		5	0	5	-10,643	-2,326	-644,9	-326,2					5	0	5	0	0	0
6982	6982		DEL	chr16	72844280	chr16	72844692	412.0	True		False		7	0	7	-10,410	-2,140	-411,9	-124,2					7	0	7	0	0	0
6984	6984		DEL	chr16	72846212	chr16	72846595	383.0	True		False		5	0	5	-10,381	-2,102	-365,9	-92,3					5	0	5	0	0	0
6985	6985		DEL	chr16	72849750	chr16	72849892	142.0	True		False		5	0	5	-10,69	-2,39	-62,9	-37,2					5	0	5	0	0	0
6987	6987		DEL	chr16	72853763	chr16	72854011	248.0	True		False		7	0	7	-10,63	-2,40	-182,9	-54,3					7	0	7	0	0	0
6988	6988		DEL	chr16	72855622	chr16	72855873	251.0	True		False		7	0	7	-10,249	-3,62	-207,9	-45,3					7	0	7	0	0	0
6989	6989		DEL	chr16	72856809	chr16	72857358	549.0	True		False		5	0	5	-10,496	-2,133	-418,9	-135,2					5	0	5	0	0	0
6185	6185		DEL	chr16	72859465	chr16	72859821	356.0	True		False		9	0	9	-10,338	-3,66	-175,9	-64,2					9	0	9	0	0	0
6991	6991		DEL	chr16	72862829	chr16	72863381	552.0	True		False		6	0	6	-10,550	-2,150	-513,9	-149,2					6	0	6	0	0	0
6994	6994		DEL	chr16	72873021	chr16	72873511	490.0	True		False		8	0	8	-10,411	-2,113	-444,9	-113,2					8	0	8	0	0	0
6997	6997		DEL	chr16	72880938	chr16	72881433	495.0	True		False		9	0	9	-10,493	-2,110	-477,9	-120,2					9	0	9	0	0	0
6998	6998		DEL	chr16	72882190	chr16	72882321	131.0	True		False		7	0	7	-10,36	-2,25	-130,9	-64,2					7	0	7	0	0	0
6999	6999		DEL	chr16	72883000	chr16	72883135	135.0	True		False		7	0	7	-10,94	-3,40	-131,9	-41,3					7	0	7	0	0	0
7001	7001		DEL	chr16	72884406	chr16	72885030	624.0	True		False		7	0	7	-10,588	-2,159	-395,9	-129,2					7	0	7	0	0	0
7002	7002		DEL	chr16	72886470	chr16	72886998	528.0	True		False		6	0	6	-10,508	-2,131	-426,9	-129,2					6	0	6	0	0	0
7003	7003		DEL	chr16	72888410	chr16	72889244	834.0	True		False		7	0	7	-10,643	-2,210	-611,9	-209,2					6	0	6	1	0	1
7005	7005		DEL	chr16	72890263	chr16	72890595	332.0	True		False		6	0	6	-10,330	-2,78	-196,9	-55,3					6	0	6	0	0	0
6186	6186		DEL	chr16	72891913	chr16	72892372	459.0	True		False		5	0	5	-10,277	-2,119	-399,9	-123,2					5	0	5	0	0	0
7007	7007		DEL	chr16	72894029	chr16	72894197	168.0	True		False		7	0	7	-10,166	-3,48	-128,9	-46,3					7	0	7	0	0	0
7008	7008		DEL	chr16	72895057	chr16	72895258	201.0	True		False		5	0	5	-10,134	-3,50	-176,9	-72,3					5	0	5	0	0	0
7009	7009		DEL	chr16	72895748	chr16	72896005	257.0	True		False		5	0	5	-10,255	-3,79	-256,9	-77,3					5	0	5	0	0	0
7010	7010		DEL	chr16	72900169	chr16	72900578	409.0	True		False		6	0	6	-10,291	-3,62	-343,9	-74,3					5	0	5	1	0	1
7013	7013		DEL	chr16	72905154	chr16	72905544	390.0	True		False		7	0	7	-10,223	-2,90	-349,9	-96,2					7	0	7	0	0	0
7014	7014		DEL	chr16	72906204	chr16	72906546	342.0	True		False		5	0	5	-10,340	-3,76	-241,9	-63,3					5	0	5	0	0	0
7016	7016		DEL	chr16	72911903	chr16	72912465	562.0	True		False		5	0	5	-10,536	-2,143	-561,9	-148,2					5	0	5	0	0	0
7017	7017		DEL	chr16	72914812	chr16	72915421	609.0	True		False		7	0	7	-10,448	-2,128	-582,9	-156,2					7	0	7	0	0	0
7018	7018		DEL	chr16	72918738	chr16	72918776	38.0	True		False		5	1	6	-10,9	-3,3	-10,9	-3,3					5	1	6	0	0	0
7240	7240		DUP	chr16	72920587	chr16	73387414	466827.0	False		False		7	4	11	-10,9	0,0	-10,9	0,0					7	4	11	0	0	0
7019	7019		DEL	chr16	72922586	chr16	72923192	606.0	True		False		6	0	6	-10,548	-2,159	-539,9	-143,2					5	0	5	1	0	1
7021	7021		DEL	chr16	72926050	chr16	72926492	442.0	True		False		13	0	13	-10,334	-3,64	-378,9	-63,3					12	0	12	1	0	1
7022	7022		DEL	chr16	72928952	chr16	72929240	288.0	True		False		5	0	5	-10,193	-3,62	-12,9	-10,2					5	0	5	0	0	0
7023	7023		DEL	chr16	72929466	chr16	72930137	671.0	True		False		6	0	6	-10,642	-1,216	-610,9	-205,2					6	0	6	0	0	0
7025	7025		DEL	chr16	72932124	chr16	72932774	650.0	True		False		7	0	7	-10,527	-2,154	-351,9	-122,2					7	0	7	0	0	0
7026	7026		DEL	chr16	72934475	chr16	72935291	816.0	True		False		5	0	5	-10,525	-2,186	-363,9	-170,2					5	0	5	0	0	0
7027	7027		DEL	chr16	72935500	chr16	72935602	102.0	True		False		6	1	7	-10,9	-3,3	-10,9	-3,3					6	1	7	0	0	0
7028	7028		DEL	chr16	72936411	chr16	72936928	517.0	True		False		6	0	6	-10,196	-2,77	-408,9	-103,2					6	0	6	0	0	0
7029	7029		DEL	chr16	72938492	chr16	72938970	478.0	True		False		11	0	11	-10,303	-2,74	-370,9	-71,3					10	0	10	1	0	1
7030	7030		DEL	chr16	72940506	chr16	72941037	531.0	True		False		5	0	5	-10,529	-2,150	-316,9	-130,2					5	0	5	0	0	0
7031	7031		DEL	chr16	72942077	chr16	72942707	630.0	True		False		5	0	5	-10,522	-2,186	-501,9	-183,2					5	0	5	0	0	0
7032	7032		DEL	chr16	72945789	chr16	72946365	576.0	True		False		6	0	6	-10,528	-2,140	-563,9	-154,2					6	0	6	0	0	0
7034	7034		DEL	chr16	72951245	chr16	72951814	569.0	True		False		6	0	6	-10,567	-2,162	-412,9	-125,2					6	0	6	0	0	0
7035	7035		DEL	chr16	72952629	chr16	72953104	475.0	True		False		5	0	5	-10,418	-2,134	-377,9	-129,2					5	0	5	0	0	0
7037	7037		DEL	chr16	72954679	chr16	72955015	336.0	True		False		5	0	5	-10,276	-2,94	-255,9	-64,3					5	0	5	0	0	0
7040	7040		DEL	chr16	72961485	chr16	72961954	469.0	True		False		7	0	7	-10,403	-2,124	-283,9	-128,2					6	0	6	1	0	1
7041	7041		DEL	chr16	72965402	chr16	72966058	656.0	True		False		8	0	8	-10,559	-2,139	-482,9	-116,2					8	0	8	0	0	0
7059	7059		DEL	chr16	72966157	chr16	73000238	34081.0	False		False		8	5	13	-5,6	0,0	-10,9	0,0					8	5	13	0	0	0
7043	7043		DEL	chr16	72970172	chr16	72970375	203.0	True		False		9	0	9	-10,169	-2,54	-160,9	-48,3					9	0	9	0	0	0
7046	7046		DEL	chr16	72975844	chr16	72976322	478.0	True		False		9	0	9	-10,422	-3,86	-337,9	-81,3					9	0	9	0	0	0
7047	7047		DEL	chr16	72979750	chr16	72980189	439.0	True		False		5	0	5	-10,176	-2,78	-438,9	-86,2					5	0	5	0	0	0
7048	7048		DEL	chr16	72981088	chr16	72981708	620.0	True		False		5	0	5	-10,558	-2,148	-606,9	-167,1					5	0	5	0	0	0
7049	7049		DEL	chr16	72982425	chr16	72982944	519.0	True		False		7	0	7	-10,517	-2,114	-481,9	-105,2					6	0	6	1	0	1
7051	7051		DEL	chr16	72986500	chr16	72986839	339.0	True		False		9	0	9	-10,249	-3,67	-25,9	-19,2					9	0	9	0	0	0
7052	7052		DEL	chr16	72987989	chr16	72988576	587.0	True		False		6	0	6	-10,569	-2,152	-462,9	-136,2					6	0	6	0	0	0
7054	7054		DEL	chr16	72992515	chr16	72992823	308.0	True		False		5	0	5	-10,306	-3,73	-307,9	-77,3					5	0	5	0	0	0
7055	7055		DEL	chr16	72993794	chr16	72994612	818.0	True		False		7	0	7	-10,643	-2,326	-644,9	-326,2					6	0	6	1	0	1
7058	7058		DEL	chr16	72998807	chr16	72999018	211.0	True		False		6	0	6	-10,23	-2,18	-192,9	-70,3					6	0	6	0	0	0
7060	7060		DEL	chr16	73001977	chr16	73002054	77.0	True		False		4	1	5	-10,9	-3,3	-10,9	-3,3					4	1	5	0	0	0
7062	7062		DEL	chr16	73003871	chr16	73004503	632.0	True		False		6	0	6	-10,529	-2,127	-350,9	-102,2					5	0	5	1	0	1
6157	6157		DEL	chr16	73006228	chr16	73007433	1205.0	True		False		6	0	6	-10,643	-2,326	-644,9	-326,2					6	0	6	0	0	0
7064	7064		DEL	chr16	73008848	chr16	73009436	588.0	True		False		6	0	6	-10,396	-2,131	-559,9	-155,2					6	0	6	0	0	0
7065	7065		DEL	chr16	73012773	chr16	73012808	35.0	True		False		5	0	5	-10,33	-2,29	-34,9	-28,2					5	0	5	0	0	0
7066	7066		DEL	chr16	73013491	chr16	73013855	364.0	True		False		5	0	5	-10,273	-3,68	-213,9	-72,3					5	0	5	0	0	0
7067	7067		DEL	chr16	73016100	chr16	73016597	497.0	True		False		8	0	8	-10,495	-2,110	-491,9	-102,3					7	0	7	1	0	1
7068	7068		DEL	chr16	73018933	chr16	73019189	256.0	True		False		7	0	7	-10,207	-2,71	-62,9	-32,3					7	0	7	0	0	0
7069	7069		DEL	chr16	73022425	chr16	73022882	457.0	True		False		5	0	5	-10,333	-2,109	-437,9	-94,3					5	0	5	0	0	0
7071	7071		DEL	chr16	73027436	chr16	73027583	147.0	True		False		5	0	5	-10,51	-2,31	-80,9	-45,2					5	0	5	0	0	0
7072	7072		DEL	chr16	73030586	chr16	73030988	402.0	True		False		9	0	9	-10,284	-3,66	-251,9	-73,2					9	0	9	0	0	0
7074	7074		DEL	chr16	73034232	chr16	73034460	228.0	True		False		5	0	5	-10,128	-3,52	-227,9	-85,2					5	0	5	0	0	0
7076	7076		DEL	chr16	73038069	chr16	73038421	352.0	True		False		7	0	7	-10,95	-2,50	-240,9	-85,2					7	0	7	0	0	0
7078	7078		DEL	chr16	73040830	chr16	73041358	528.0	True		False		5	0	5	-10,526	-2,119	-459,9	-116,2					5	0	5	0	0	0
7079	7079		DEL	chr16	73041809	chr16	73042002	193.0	True		False		5	0	5	-10,191	-3,61	-166,9	-67,3					5	0	5	0	0	0
7083	7083		DEL	chr16	73056528	chr16	73056898	370.0	True		False		5	2	7	-10,9	-1,1	-10,9	-1,1					4	2	6	1	0	1
7086	7086		DEL	chr16	73060736	chr16	73060891	155.0	True		False		5	0	5	-10,21	-2,17	-73,9	-37,3					5	0	5	0	0	0
7087	7087		DEL	chr16	73062091	chr16	73062816	725.0	True		False		7	0	7	-10,582	-2,198	-608,9	-204,2					7	0	7	0	0	0
7089	7089		DEL	chr16	73065058	chr16	73065533	475.0	True		False		5	0	5	-10,450	-2,149	-474,9	-126,2					5	0	5	0	0	0
7090	7090		DEL	chr16	73070044	chr16	73070604	560.0	True		False		9	0	9	-10,469	-2,114	-480,9	-106,2					9	0	9	0	0	0
7091	7091		DEL	chr16	73073324	chr16	73073918	594.0	True		False		10	0	10	-10,513	-2,133	-501,9	-130,2					10	0	10	0	0	0
7092	7092		DEL	chr16	73079487	chr16	73080147	660.0	True		False		6	1	7	-10,9	-2,3	-10,9	-3,3					5	1	6	1	0	1
7093	7093		DEL	chr16	73081327	chr16	73082009	682.0	True		False		7	0	7	-10,429	-2,87	-552,9	-112,2					7	0	7	0	0	0
7094	7094		DEL	chr16	73084086	chr16	73084930	844.0	True		False		8	0	8	-10,630	-2,212	-592,9	-200,2					8	0	8	0	0	0
7095	7095		DEL	chr16	73089078	chr16	73089684	606.0	True		False		7	0	7	-10,498	-2,121	-549,9	-123,2					6	0	6	1	0	1
7097	7097		DEL	chr16	73094233	chr16	73094522	289.0	True		False		7	0	7	-10,254	-2,57	-248,9	-52,3					7	0	7	0	0	0
7098	7098		DEL	chr16	73096581	chr16	73097173	592.0	True		False		9	0	9	-10,371	-2,114	-511,9	-116,2					9	0	9	0	0	0
7099	7099		DEL	chr16	73099126	chr16	73099130	4.0	True		False		6	0	6	-7,0	-7,0	0,7	0,4					6	0	6	0	0	0
7100	7100		DEL	chr16	73099832	chr16	73100444	612.0	True		False		5	0	5	-10,610	-1,175	-504,9	-134,2					5	0	5	0	0	0
7101	7101		DEL	chr16	73103785	chr16	73104099	314.0	True		False		4	1	5	-10,9	-3,3	-10,9	-3,3					4	1	5	0	0	0
7102	7102		DEL	chr16	73107078	chr16	73107595	517.0	True		False		6	0	6	-10,500	-2,105	-468,9	-103,2					5	0	5	1	0	1
7103	7103		DEL	chr16	73108911	chr16	73109655	744.0	True		False		7	0	7	-10,582	-2,200	-644,9	-213,2					6	0	6	1	0	1
7107	7107		DEL	chr16	73113676	chr16	73114086	410.0	True		False		5	0	5	-10,408	-2,104	-132,9	-73,2					5	0	5	0	0	0
7109	7109		DEL	chr16	73117276	chr16	73117906	630.0	True		False		6	0	6	-10,282	-2,139	-573,9	-149,2					6	0	6	0	0	0
6188	6188		DEL	chr16	73121118	chr16	73121733	615.0	True		False		5	0	5	-10,258	-2,102	-549,9	-137,2					5	0	5	0	0	0
7112	7112		DEL	chr16	73123079	chr16	73123513	434.0	True		False		6	0	6	-10,418	-2,109	-433,9	-109,2					6	0	6	0	0	0
7114	7114		DEL	chr16	73127159	chr16	73127504	345.0	True		False		10	0	10	-10,222	-2,78	-259,9	-74,3					10	0	10	0	0	0
7115	7115		DEL	chr16	73128364	chr16	73128628	264.0	True		False		6	0	6	-10,172	-3,51	-251,9	-59,3					6	0	6	0	0	0
7116	7116		DEL	chr16	73130504	chr16	73131273	769.0	True		False		5	0	5	-10,430	-2,104	-513,9	-113,2					5	0	5	0	0	0
7117	7117		DEL	chr16	73131840	chr16	73132435	595.0	True		False		5	0	5	-10,523	-2,127	-458,9	-121,2					5	0	5	0	0	0
7118	7118		DEL	chr16	73133262	chr16	73133400	138.0	True		False		5	0	5	-10,42	-2,29	-88,9	-48,2					5	0	5	0	0	0
7119	7119		DEL	chr16	73135878	chr16	73136419	541.0	True		False		5	0	5	-10,429	-2,123	-414,9	-145,2					5	0	5	0	0	0
7120	7120		DEL	chr16	73137781	chr16	73138011	230.0	True		False		5	0	5	-10,89	-2,57	-167,9	-75,3					5	0	5	0	0	0
7121	7121		DEL	chr16	73141250	chr16	73141819	569.0	True		False		7	0	7	-10,369	-2,95	-467,9	-108,2					7	0	7	0	0	0
7123	7123		DEL	chr16	73148843	chr16	73149481	638.0	True		False		7	0	7	-10,551	-2,156	-561,9	-148,2					7	0	7	0	0	0
7125	7125		DEL	chr16	73152705	chr16	73153342	637.0	True		False		6	0	6	-10,604	-2,204	-569,9	-194,2					6	0	6	0	0	0
6189	6189		DEL	chr16	73154382	chr16	73154831	449.0	True		False		6	0	6	-10,447	-2,103	-303,9	-109,2					6	0	6	0	0	0
7126	7126		DEL	chr16	73155598	chr16	73155732	134.0	True		False		8	1	9	-10,9	-3,3	-10,9	-2,4					8	1	9	0	0	0
7127	7127		DEL	chr16	73158140	chr16	73158725	585.0	True		False		5	0	5	-10,511	-2,153	-584,9	-166,1					5	0	5	0	0	0
7128	7128		DEL	chr16	73159065	chr16	73159546	481.0	True		False		6	0	6	-10,448	-2,129	-143,9	-75,2					6	0	6	0	0	0
7129	7129		DEL	chr16	73160074	chr16	73160682	608.0	True		False		5	0	5	-10,354	-2,103	-552,9	-126,2					5	0	5	0	0	0
7133	7133		DEL	chr16	73167157	chr16	73168009	852.0	True		False		5	0	5	-10,643	-2,326	-644,9	-326,2					5	0	5	0	0	0
7135	7135		DEL	chr16	73172414	chr16	73172986	572.0	True		False		6	0	6	-10,314	-2,111	-464,9	-115,2					6	0	6	0	0	0
7137	7137		DEL	chr16	73176992	chr16	73177435	443.0	True		False		9	0	9	-10,275	-2,70	-305,9	-80,1					9	0	9	0	0	0
7138	7138		DEL	chr16	73178566	chr16	73179195	629.0	True		False		5	0	5	-10,564	-2,193	-609,9	-205,2					5	0	5	0	0	0
7140	7140		DEL	chr16	73180601	chr16	73180803	202.0	True		False		6	0	6	-10,152	-3,48	-176,9	-60,3					6	0	6	0	0	0
7142	7142		DEL	chr16	73185434	chr16	73185939	505.0	True		False		7	0	7	-10,503	-2,122	-465,9	-81,2					7	0	7	0	0	0
7145	7145		DEL	chr16	73193220	chr16	73193764	544.0	True		False		7	0	7	-10,360	-2,96	-473,9	-102,1					7	0	7	0	0	0
7148	7148		DEL	chr16	73197955	chr16	73198537	582.0	True		False		6	0	6	-10,562	-2,151	-573,9	-160,2					6	0	6	0	0	0
7149	7149		DEL	chr16	73200852	chr16	73201544	692.0	True		False		8	0	8	-10,620	-2,208	-576,9	-196,2					8	0	8	0	0	0
7150	7150		DEL	chr16	73202329	chr16	73202436	107.0	True		False		6	1	7	-10,9	-3,3	-10,9	-3,3					6	1	7	0	0	0
7151	7151		DEL	chr16	73205514	chr16	73205597	83.0	True		False		5	0	5	-10,39	-2,27	-23,9	-17,2					5	0	5	0	0	0
7152	7152		DEL	chr16	73206352	chr16	73206622	270.0	True		False		5	0	5	-10,242	-3,65	-269,9	-78,3					5	0	5	0	0	0
7154	7154		DEL	chr16	73210464	chr16	73210652	188.0	True		False		5	0	5	-10,143	-3,54	-41,9	-28,2					5	0	5	0	0	0
7156	7156		DEL	chr16	73212123	chr16	73212948	825.0	True		False		8	0	8	-10,643	-2,221	-644,9	-219,2					7	0	7	1	0	1
7157	7157		DEL	chr16	73213305	chr16	73213697	392.0	True		False		7	0	7	-10,54	-2,37	-91,9	-51,2					7	0	7	0	0	0
7163	7163		DEL	chr16	73224295	chr16	73224781	486.0	True		False		6	0	6	-10,301	-2,123	-485,9	-139,2					6	0	6	0	0	0
7164	7164		DEL	chr16	73226223	chr16	73226634	411.0	True		False		8	0	8	-10,254	-2,75	-164,9	-57,3					8	0	8	0	0	0
7165	7165		DEL	chr16	73226924	chr16	73227313	389.0	True		False		8	0	8	-10,382	-3,83	-179,9	-68,3					8	0	8	0	0	0
7166	7166		DEL	chr16	73228557	chr16	73229137	580.0	True		False		8	0	8	-10,559	-2,144	-496,9	-133,2					8	0	8	0	0	0
7168	7168		DEL	chr16	73234520	chr16	73235368	848.0	True		False		9	0	9	-10,624	-2,210	-610,9	-205,2					9	0	9	0	0	0
7169	7169		DEL	chr16	73235236	chr16	73235820	584.0	True		False		4	1	5	-10,9	-3,3	-10,9	-3,3					4	1	5	0	0	0
6191	6191		DEL	chr16	73236544	chr16	73236793	249.0	True		False		7	0	7	-10,225	-3,53	-135,9	-40,3					7	0	7	0	0	0
7170	7170		DEL	chr16	73239331	chr16	73239921	590.0	True		False		5	0	5	-10,571	-2,195	-588,9	-199,2					5	0	5	0	0	0
7171	7171		DEL	chr16	73240328	chr16	73240693	365.0	True		False		5	0	5	-10,135	-2,70	-279,9	-68,3					5	0	5	0	0	0
7172	7172		DEL	chr16	73241651	chr16	73241810	159.0	True		False		5	0	5	-10,104	-3,48	-83,9	-49,2					5	0	5	0	0	0
7175	7175		DEL	chr16	73247048	chr16	73247547	499.0	True		False		5	0	5	-10,497	-1,156	-490,9	-128,2					5	0	5	0	0	0
7177	7177		DEL	chr16	73250288	chr16	73250884	596.0	True		False		8	0	8	-10,593	-2,159	-543,9	-152,2					8	0	8	0	0	0
7181	7181		DEL	chr16	73261416	chr16	73261829	413.0	True		False		6	0	6	-10,184	-3,63	-282,9	-86,2					6	0	6	0	0	0
7182	7182		DEL	chr16	73263090	chr16	73263751	661.0	True		False		5	0	5	-10,556	-2,192	-557,9	-192,2					5	0	5	0	0	0
7183	7183		DEL	chr16	73266082	chr16	73266596	514.0	True		False		5	0	5	-10,330	-2,109	-513,9	-118,2					5	0	5	0	0	0
7184	7184		DEL	chr16	73267496	chr16	73267987	491.0	True		False		5	0	5	-10,460	-2,136	-338,9	-121,2					5	0	5	0	0	0
7185	7185		DEL	chr16	73271067	chr16	73271601	534.0	True		False		6	0	6	-10,474	-2,113	-479,9	-100,2					6	0	6	0	0	0
7186	7186		DEL	chr16	73272573	chr16	73273554	981.0	True		False		7	0	7	-10,755	-2,384	-756,9	-384,2					6	0	6	1	0	1
7187	7187		DEL	chr16	73274178	chr16	73274702	524.0	True		False		6	0	6	-10,522	-2,139	-523,9	-157,2					6	0	6	0	0	0
7189	7189		DEL	chr16	73278121	chr16	73278615	494.0	True		False		5	0	5	-10,492	-2,143	-414,9	-133,2					5	0	5	0	0	0
7194	7194		DUP	chr16	73287267	chr16	73287857	590.0	False		False		1	7	8	-10,9	0,0	-10,9	0,0					1	7	8	0	0	0
7198	7198		DEL	chr16	73293509	chr16	73294060	551.0	True		False		9	0	9	-10,487	-2,115	-474,9	-111,2					9	0	9	0	0	0
7200	7200		DEL	chr16	73295450	chr16	73296222	772.0	True		False		5	0	5	-10,600	-2,202	-443,9	-178,2					5	0	5	0	0	0
7201	7201		DEL	chr16	73300528	chr16	73300847	319.0	True		False		7	0	7	-10,295	-3,72	-302,9	-87,2					7	0	7	0	0	0
6192	6192		DEL	chr16	73302010	chr16	73302538	528.0	True		False		5	0	5	-10,402	-2,146	-302,9	-124,2					5	0	5	0	0	0
7202	7202		DEL	chr16	73303609	chr16	73304226	617.0	True		False		6	0	6	-10,418	-2,127	-462,9	-151,1					6	0	6	0	0	0
7203	7203		DEL	chr16	73306066	chr16	73306508	442.0	True		False		12	0	12	-10,324	-3,56	-377,9	-57,3					12	0	12	0	0	0
7204	7204		DEL	chr16	73309232	chr16	73309299	67.0	True		False		4	1	5	-10,9	-3,3	-10,9	-3,3					4	1	5	0	0	0
7206	7206		DEL	chr16	73311455	chr16	73312114	659.0	True		False		8	0	8	-10,524	-2,120	-601,9	-144,1					8	0	8	0	0	0
7208	7208		DEL	chr16	73314555	chr16	73314776	221.0	True		False		7	0	7	-10,196	-3,44	-200,9	-49,3					7	0	7	0	0	0
7209	7209		DEL	chr16	73315262	chr16	73315314	52.0	True		False		9	1	10	-10,9	-3,3	-10,9	-3,3					8	1	9	1	0	1
7210	7210		DEL	chr16	73316654	chr16	73317378	724.0	True		False		7	0	7	-10,357	-2,144	-624,9	-170,1					7	0	7	0	0	0
7212	7212		DEL	chr16	73319469	chr16	73320022	553.0	True		False		5	0	5	-10,551	-2,153	-523,9	-140,2					5	0	5	0	0	0
7214	7214		DEL	chr16	73325037	chr16	73325072	35.0	True		False		6	0	6	-10,0	-10,0	-30,9	-21,2					6	0	6	0	0	0
7216	7216		DEL	chr16	73328663	chr16	73328857	194.0	True		False		5	0	5	-10,192	-3,62	-193,9	-78,2					5	0	5	0	0	0
7217	7217		DEL	chr16	73331931	chr16	73332253	322.0	True		False		6	0	6	-10,168	-2,80	-304,9	-96,2					5	0	5	1	0	1
7218	7218		DEL	chr16	73335317	chr16	73335733	416.0	True		False		9	0	9	-10,372	-3,79	-222,9	-75,3					9	0	9	0	0	0
7219	7219		DEL	chr16	73340150	chr16	73340772	622.0	True		False		5	0	5	-10,595	-2,201	-497,9	-183,2					5	0	5	0	0	0
7222	7222		DEL	chr16	73346640	chr16	73346996	356.0	True		False		7	0	7	-10,351	-2,110	-355,9	-93,3					6	0	6	1	0	1
7223	7223		DEL	chr16	73347726	chr16	73348073	347.0	True		False		8	0	8	-10,275	-3,64	-303,9	-61,3					8	0	8	0	0	0
7225	7225		DEL	chr16	73348216	chr16	73348800	584.0	True		False		5	0	5	-10,582	-2,161	-477,9	-126,2					5	0	5	0	0	0
7227	7227		DEL	chr16	73350848	chr16	73350993	145.0	True		False		5	0	5	-10,81	-2,52	-128,9	-69,2					5	0	5	0	0	0
7228	7228		DEL	chr16	73357169	chr16	73357722	553.0	True		False		5	0	5	-10,297	-2,124	-333,9	-143,2					5	0	5	0	0	0
7232	7232		DEL	chr16	73362778	chr16	73363210	432.0	True		False		5	0	5	-10,430	-2,131	-336,9	-123,2					5	0	5	0	0	0
7234	7234		DEL	chr16	73366199	chr16	73366648	449.0	True		False		5	0	5	-10,388	-2,110	-328,9	-71,3					5	0	5	0	0	0
6194	6194		DEL	chr16	73367112	chr16	73367242	130.0	True		False		6	1	7	-10,9	-3,3	-10,9	-3,3					6	1	7	0	0	0
7235	7235		DEL	chr16	73372323	chr16	73372883	560.0	True		False		6	0	6	-10,435	-2,128	-403,9	-130,2					6	0	6	0	0	0
7236	7236		DEL	chr16	73374152	chr16	73374736	584.0	True		False		8	0	8	-10,472	-2,128	-567,9	-152,2					8	0	8	0	0	0
7237	7237		DEL	chr16	73382627	chr16	73382717	90.0	True		False		4	1	5	-10,9	-3,3	-10,9	-3,3					4	1	5	0	0	0
7238	7238		DEL	chr16	73384822	chr16	73385322	500.0	True		False		7	0	7	-10,454	-2,130	-484,9	-142,2					7	0	7	0	0	0
7239	7239		DEL	chr16	73385941	chr16	73386053	112.0	True		False		6	0	6	-10,110	-2,70	-111,9	-64,2					6	0	6	0	0	0
7245	7245		DEL	chr16	73402202	chr16	73402748	546.0	True		False		8	0	8	-10,463	-2,142	-438,9	-141,2					8	0	8	0	0	0
7246	7246		DEL	chr16	73403728	chr16	73404002	274.0	True		False		8	0	8	-10,251	-3,79	-130,9	-64,3					8	0	8	0	0	0
7247	7247		DEL	chr16	73405531	chr16	73405830	299.0	True		False		6	0	6	-10,149	-3,50	-298,9	-68,3					6	0	6	0	0	0
7248	7248		DEL	chr16	73407746	chr16	73407881	135.0	True		False		7	0	7	-10,30	-3,18	-91,9	-40,3					7	0	7	0	0	0
7251	7251		DEL	chr16	73410814	chr16	73411311	497.0	True		False		6	0	6	-10,423	-2,143	-356,9	-129,2					6	0	6	0	0	0
7252	7252		DEL	chr16	73412904	chr16	73413154	250.0	True		False		5	0	5	-10,61	-2,41	-99,9	-47,3					5	0	5	0	0	0
7253	7253		DEL	chr16	73418617	chr16	73419240	623.0	True		False		8	0	8	-10,477	-2,132	-622,9	-171,1					8	0	8	0	0	0
7254	7254		DEL	chr16	73419607	chr16	73420347	740.0	True		False		5	0	5	-10,553	-2,191	-615,9	-207,2					5	0	5	0	0	0
7255	7255		DEL	chr16	73420847	chr16	73421433	586.0	True		False		6	0	6	-10,584	-2,162	-572,9	-146,2					6	0	6	0	0	0
7256	7256		DEL	chr16	73422173	chr16	73422752	579.0	True		False		9	0	9	-10,534	-2,129	-536,9	-109,2					9	0	9	0	0	0
7257	7257		DEL	chr16	73422785	chr16	73423388	603.0	True		False		6	0	6	-10,588	-2,164	-459,9	-138,2					6	0	6	0	0	0
7258	7258		DEL	chr16	73424349	chr16	73424909	560.0	True		False		5	0	5	-10,471	-2,120	-369,9	-98,2					5	0	5	0	0	0
7259	7259		DEL	chr16	73425502	chr16	73426056	554.0	True		False		5	0	5	-10,289	-2,123	-553,9	-145,2					5	0	5	0	0	0
7262	7262		DEL	chr16	73429076	chr16	73429557	481.0	True		False		6	0	6	-10,430	-2,129	-468,9	-129,2					6	0	6	0	0	0
7263	7263		DEL	chr16	73433882	chr16	73434512	630.0	True		False		5	0	5	-10,510	-2,152	-459,9	-126,2					5	0	5	0	0	0
7265	7265		DEL	chr16	73435765	chr16	73435993	228.0	True		False		6	0	6	-10,226	-2,104	-40,9	-28,2					6	0	6	0	0	0
7266	7266		DEL	chr16	73438566	chr16	73438899	333.0	True		False		6	0	6	-10,250	-3,79	-257,9	-69,3					6	0	6	0	0	0
7268	7268		DEL	chr16	73440146	chr16	73440811	665.0	True		False		6	0	6	-10,558	-2,157	-431,9	-137,2					6	0	6	0	0	0
7270	7270		DEL	chr16	73447510	chr16	73448213	703.0	True		False		7	0	7	-10,528	-2,187	-510,9	-184,2					7	0	7	0	0	0
6195	6195		DEL	chr16	73449167	chr16	73449732	565.0	True		False		8	0	8	-10,472	-2,115	-514,9	-118,2					8	0	8	0	0	0
7271	7271		DEL	chr16	73450780	chr16	73451065	285.0	True		False		8	0	8	-10,49	-2,33	-108,9	-50,3					8	0	8	0	0	0
7272	7272		DEL	chr16	73456932	chr16	73457185	253.0	True		False		6	0	6	-10,184	-2,82	-228,9	-82,3					6	0	6	0	0	0
7273	7273		DEL	chr16	73458070	chr16	73458519	449.0	True		False		7	0	7	-10,447	-2,102	-440,9	-100,2					7	0	7	0	0	0
7274	7274		DEL	chr16	73460061	chr16	73460659	598.0	True		False		6	0	6	-10,470	-2,180	-597,9	-207,2					6	0	6	0	0	0
7275	7275		DEL	chr16	73460932	chr16	73461588	656.0	True		False		5	0	5	-10,556	-2,192	-631,9	-212,2					5	0	5	0	0	0
7276	7276		DEL	chr16	73464110	chr16	73464592	482.0	True		False		5	0	5	-10,317	-3,81	-405,9	-86,2					5	0	5	0	0	0
7277	7277		DEL	chr16	73465066	chr16	73465407	341.0	True		False		5	0	5	-10,234	-2,84	-296,9	-76,3					5	0	5	0	0	0
7278	7278		DEL	chr16	73469702	chr16	73470309	607.0	True		False		5	0	5	-10,495	-2,114	-452,9	-110,2					5	0	5	0	0	0
7281	7281		DEL	chr16	73478284	chr16	73478752	468.0	True		False		11	0	11	-10,280	-3,66	-324,9	-62,3					11	0	11	0	0	0
7282	7282		DEL	chr16	73481046	chr16	73481339	293.0	True		False		4	1	5	-2,9	0,9	-10,9	-3,3					4	1	5	0	0	0
7286	7286		DEL	chr16	73490071	chr16	73490795	724.0	True		False		6	0	6	-10,602	-2,203	-579,9	-197,2					6	0	6	0	0	0
7288	7288		DEL	chr16	73494593	chr16	73494814	221.0	True		False		6	0	6	-10,137	-3,51	-79,9	-42,3					6	0	6	0	0	0
7289	7289		DEL	chr16	73496127	chr16	73496601	474.0	True		False		9	0	9	-10,205	-2,79	-273,9	-77,3					9	0	9	0	0	0
7290	7290		DEL	chr16	73497182	chr16	73497741	559.0	True		False		5	0	5	-10,402	-2,137	-510,9	-134,2					5	0	5	0	0	0
6197	6197		DEL	chr16	73498149	chr16	73498580	431.0	True		False		5	0	5	-10,98	-2,63	-284,9	-100,2					5	0	5	0	0	0
7291	7291		DEL	chr16	73499334	chr16	73499725	391.0	True		False		5	0	5	-10,373	-2,94	-146,9	-56,3					5	0	5	0	0	0
7292	7292		DEL	chr16	73500041	chr16	73500663	622.0	True		False		6	0	6	-10,493	-2,113	-567,9	-134,2					6	0	6	0	0	0
7293	7293		DEL	chr16	73501601	chr16	73502188	587.0	True		False		5	0	5	-10,560	-2,143	-547,9	-139,2					5	0	5	0	0	0
7294	7294		DEL	chr16	73502449	chr16	73503307	858.0	True		False		5	0	5	-10,643	-2,326	-644,9	-326,2					5	0	5	0	0	0
7295	7295		DEL	chr16	73505449	chr16	73505731	282.0	True		False		11	0	11	-10,213	-2,102	-273,9	-114,2					11	0	11	0	0	0
7296	7296		DEL	chr16	73506414	chr16	73506920	506.0	True		False		7	0	7	-10,493	-2,103	-447,9	-108,2					7	0	7	0	0	0
7297	7297		DEL	chr16	73507236	chr16	73507804	568.0	True		False		8	0	8	-10,474	-2,134	-554,9	-119,2					8	0	8	0	0	0
7298	7298		DEL	chr16	73510305	chr16	73510381	76.0	True		False		5	0	5	-10,45	-2,28	-19,9	-15,2					5	0	5	0	0	0
7299	7299		DEL	chr16	73511576	chr16	73512049	473.0	True		False		6	0	6	-10,431	-2,125	-434,9	-134,2					6	0	6	0	0	0
7300	7300		DEL	chr16	73517355	chr16	73517851	496.0	True		False		10	0	10	-10,316	-2,97	-495,9	-106,2					10	0	10	0	0	0
7301	7301		DEL	chr16	73520916	chr16	73521305	389.0	True		False		5	0	5	-10,387	-3,81	-388,9	-90,2					5	0	5	0	0	0
7303	7303		DEL	chr16	73527934	chr16	73528573	639.0	True		False		5	0	5	-10,519	-2,186	-623,9	-209,2					5	0	5	0	0	0
7304	7304		DEL	chr16	73529311	chr16	73529927	616.0	True		False		5	0	5	-10,573	-2,195	-524,9	-186,2					5	0	5	0	0	0
7306	7306		DEL	chr16	73532970	chr16	73533583	613.0	True		False		7	0	7	-10,530	-2,115	-340,9	-113,2					7	0	7	0	0	0
7307	7307		DEL	chr16	73535417	chr16	73535552	135.0	True		False		5	0	5	-10,133	-2,79	-134,9	-49,3					5	0	5	0	0	0
7308	7308		DEL	chr16	73538877	chr16	73539265	388.0	True		False		10	0	10	-10,386	-2,94	-284,9	-79,3					10	0	10	0	0	0
7309	7309		DEL	chr16	73540323	chr16	73540629	306.0	True		False		8	0	8	-10,199	-3,73	-206,9	-71,3					8	0	8	0	0	0
7310	7310		DEL	chr16	73542805	chr16	73543380	575.0	True		False		6	0	6	-10,460	-2,141	-494,9	-133,2					6	0	6	0	0	0
7311	7311		DEL	chr16	73545561	chr16	73546293	732.0	True		False		9	0	9	-10,631	-2,165	-416,9	-130,2					8	0	8	1	0	1
7313	7313		DEL	chr16	73552766	chr16	73553404	638.0	True		False		7	0	7	-10,514	-1,155	-540,9	-153,2					7	0	7	0	0	0
7316	7316		DEL	chr16	73554501	chr16	73555000	499.0	True		False		10	0	10	-10,397	-3,85	-355,9	-92,2					10	0	10	0	0	0
7314	7314_1	7314_2	BND	chr16	73554652	chr16	73554791		False	False	False	True	5	15	20	-10,9	0,0	-2,1	0,0	-2,1	0,0	-10,9	0,0	5	15	20	0	0	0
7317	7317		DEL	chr16	73556685	chr16	73557336	651.0	True		False		7	0	7	-10,364	-2,128	-622,9	-169,1					6	0	6	1	0	1
7318	7318		DEL	chr16	73558754	chr16	73559265	511.0	True		False		8	0	8	-10,509	-2,187	-432,9	-177,2					8	0	8	0	0	0
7319	7319		DEL	chr16	73560219	chr16	73560804	585.0	True		False		6	0	6	-10,433	-2,145	-457,9	-127,2					6	0	6	0	0	0
7320	7320		DEL	chr16	73561716	chr16	73562007	291.0	True		False		7	0	7	-10,246	-3,54	-259,9	-51,2					7	0	7	0	0	0
7321	7321		DEL	chr16	73563149	chr16	73563515	366.0	True		False		5	1	6	-10,9	-3,3	-10,1	-9,0					5	1	6	0	0	0
7325	7325		DEL	chr16	73568976	chr16	73569528	552.0	True		False		9	0	9	-10,536	-2,117	-295,9	-104,2					8	0	8	1	0	1
7329	7329		DEL	chr16	73574629	chr16	73575248	619.0	True		False		6	0	6	-10,453	-2,145	-514,9	-146,2					6	0	6	0	0	0
7330	7330		DEL	chr16	73577364	chr16	73577918	554.0	True		False		5	0	5	-10,448	-2,136	-385,9	-144,2					5	0	5	0	0	0
7331	7331		DEL	chr16	73577920	chr16	73578435	515.0	True		False		9	0	9	-10,433	-2,86	-284,9	-99,2					9	0	9	0	0	0
6198	6198		DEL	chr16	73580252	chr16	73580845	593.0	True		False		8	0	8	-10,497	-2,124	-499,9	-119,2					8	0	8	0	0	0
15212	15212_1	15212_2	BND	chr16	78929098	chr18	4014102		True	True	False	True	1	4	5	-9,5	-2,1	-8,8	0,0	-8,8	0,0	-9,5	-2,1	1	4	5	0	0	0
7361	7361		DEL	chr16	88053853	chr16	88054343	490.0	True		False		11	0	11	-10,324	-2,61	-321,9	-48,2					11	0	11	0	0	0
7455	7455_1	7455_2	BND	chr17	15692161	chr17	18690098		True	True	False	True	5	0	5	-567,9	-126,1	-616,9	-137,1	-616,9	-137,1	-567,9	-126,1	5	0	5	0	0	0
7476	7476_1	7476_2	BND	chr17	21309272	chr17	21778661		True	True	False	True	9	0	9	-10,463	-2,60	-10,365	-1,64	-10,365	-1,64	-10,463	-2,60	8	0	8	1	0	1
7428	7428_1	7428_2	BND	chr17	21634348	chr17	22069013		True	True	False	True	6	0	6	-10,625	-1,123	-10,311	-2,87	-10,311	-2,87	-10,625	-1,123	5	0	5	1	0	1
7486	7486		DEL	chr17	21975970	chr17	21979430	3460.0	True		False		5	0	5	-10,558	-1,128	-585,9	-137,1					5	0	5	0	0	0
7510	7510		DUP	chr17	23016229	chr17	23343822	327593.0	True		False		7	0	7	-488,9	-121,1	-10,469	-2,102					7	0	7	0	0	0
7441	7441		DEL	chr17	25151461	chr17	25920104	768643.0	True		False		10	0	10	-10,314	-3,41	-575,9	-92,2					9	0	9	1	0	1
7439	7439		DEL	chr17	25243055	chr17	25920119	677064.0	True		False		8	0	8	-10,606	-1,104	-593,9	-103,2					7	0	7	1	0	1
7536	7536_1	7536_2	BND	chr17	25685357	chr17	26133681		True	True	False	True	6	0	6	-10,486	-2,105	-9,556	-1,131	-9,556	-1,131	-10,486	-2,105	5	0	5	1	0	1
7566	7566		DUP	chr17	25893022	chr17	26620102	727080.0	True		False		9	0	9	-446,9	-55,2	-10,291	-3,42					8	0	8	1	0	1
7578	7578		DUP	chr17	26177900	chr17	26620149	442249.0	True		False		10	0	10	-370,9	-74,2	-10,394	-1,97					9	0	9	1	0	1
7598	7598		DEL	chr17	26833215	chr17	26860166	26951.0	True		False		5	0	5	-7,598	0,145	-466,9	-127,0					5	0	5	0	0	0
15370	15370_1	15370_2	BND	chr17	34747546	chr19	3127997		True	True	False	True	5	0	5	-601,5	-145,0	-544,9	-126,2	-544,9	-126,2	-601,5	-145,0	5	0	5	0	0	0
7654	7654_1	7654_2	BND	chr17	45618499	chr17	46227283		True	True	False	True	5	0	5	-10,522	-2,115	-10,536	-2,108	-10,536	-2,108	-10,522	-2,115	5	0	5	0	0	0
7662	7662		DEL	chr17	48959868	chr17	48960454	586.0	True		False		6	0	6	-10,464	-2,77	-517,9	-101,2					5	0	5	1	0	1
7671	7671		DEL	chr17	53775432	chr17	53783344	7912.0	True		False		14	0	14	-10,422	0,67	-212,9	-38,3					13	0	13	1	0	1
7697	7697		DEL	chr17	68035489	chr17	68035507	18.0	True		False		1	8	9	-7,4	-1,0	-5,4	0,0					1	8	9	0	0	0
7713	7713		DEL	chr17	74732793	chr17	74733444	651.0	True		False		3	2	5	-10,9	-1,1	0,0	0,0					3	2	5	0	0	0
7716	7716_1	7716_2	BND	chr17	75253567	chr17	76610610		True	True	False	True	6	0	6	-630,9	-131,1	-320,9	-82,2	-320,9	-82,2	-630,9	-131,1	6	0	6	0	0	0
7742	7742		DEL	chr17	82359901	chr17	82360608	707.0	True		False		6	0	6	-10,147	-3,44	-410,9	-72,3					6	0	6	0	0	0
7750	7750		DEL	chr18	1082082	chr18	1082681	599.0	True		False		6	0	6	-10,430	-2,144	-541,9	-157,2					5	0	5	1	0	1
7779	7779_1	7779_2	BND	chr18	10610053	chr18	12225610		True	True	False	True	8	0	8	-346,9	-53,3	-435,9	-78,2	-435,9	-78,2	-346,9	-53,3	7	0	7	1	0	1
7800	7800		DEL	chr18	15731718	chr18	15743589	11871.0	True		False		6	0	6	-10,516	-2,111	-604,9	-119,2					5	0	5	1	0	1
7823	7823		DEL	chr18	20711776	chr18	20735701	23925.0	True		False		7	0	7	-10,481	-1,122	-522,9	-96,2					7	0	7	0	0	0
7924	7924		DEL	chr19	350253	chr19	350829	576.0	True		False		5	0	5	-10,451	-2,89	-370,9	-68,3					5	0	5	0	0	0
7966	7966		DEL	chr19	8889081	chr19	8914265	25184.0	True		False		6	0	6	-10,360	-3,58	-23,5	-18,0					5	0	5	1	0	1
8007	8007		DUP	chr19	22180603	chr19	22181064	461.0	True		False		7	0	7	-477,9	-99,2	-10,443	-2,82					6	0	6	1	0	1
8010	8010_1	8010_2	BND	chr19	22424755	chr19	22633100		True	True	False	True	6	0	6	-620,9	-125,1	-582,5	-132,0	-582,5	-132,0	-620,9	-125,1	5	0	5	1	0	1
8030	8030		DEL	chr19	24385912	chr19	24386393	481.0	True		False		6	0	6	-10,112	-3,51	-374,9	-83,2					5	0	5	1	0	1
15692	15692_1	15692_2	BND	chr19	28613742	chrX	49140667		True	True	False	True	7	0	7	-242,9	-66,3	-189,9	-51,3	-189,9	-51,3	-242,9	-66,3	6	0	6	1	0	1
8086	8086_1	8086_2	BND	chr19	40814167	chr19	41132172		True	True	False	True	6	0	6	-142,9	-53,3	-31,9	-23,2	-31,9	-23,2	-142,9	-53,3	5	0	5	1	0	1
15684	15684_1	15684_2	BND	chr19	53794572	chr20	36453716		True	True	False	True	6	0	6	-532,9	-113,1	-638,9	-132,1	-638,9	-132,1	-532,9	-113,1	5	0	5	1	0	1
8144	8144		DUP	chr19	54576033	chr19	54633238	57205.0	True		False		6	0	6	-199,9	-98,2	-10,540	-1,107					6	0	6	0	0	0
8155	8155		DEL	chr19	55530361	chr19	55530780	419.0	True		False		7	0	7	-10,274	-3,59	-91,9	-45,3					6	0	6	1	0	1
460	460		DEL	chr2	1317005	chr2	1317309	304.0	True		False		6	0	6	-10,235	-3,65	-260,9	-67,3					5	0	5	1	0	1
10489	10489_1	10489_2	BND	chr2	8580479	chr3	81663057		False	False	False	True	1	4	5	-8,8	0,0	-9,6	0,0	-9,6	0,0	-8,8	0,0	1	4	5	0	0	0
517	517		DEL	chr2	26989825	chr2	26990005	180.0	True		False		5	0	5	-10,78	-3,42	-179,9	-61,3					5	0	5	0	0	0
10692	10692_1	10692_2	BND	chr2	32916225	chr8	1508384		True	True	False	True	7	0	7	-421,9	-92,2	-473,9	-76,2	-473,9	-76,2	-421,9	-92,2	7	0	7	0	0	0
11065	11065_1	11065_2	BND	chr2	32916229	chr21	46054827		True	True	False	True	6	0	6	-563,9	-127,1	-352,9	-65,3	-352,9	-65,3	-563,9	-127,1	5	0	5	1	0	1
10926	10926_1	10926_2	BND	chr2	32916229	chr16	67236896		True	True	False	True	23	0	23	-235,4	-72,1	-10,136	-4,17	-10,136	-4,17	-235,4	-72,1	23	0	23	0	0	0
10913	10913_1	10913_2	BND	chr2	32916230	chr16	66402552		True	True	False	True	18	0	18	-237,7	-37,1	-10,352	-3,22	-10,352	-3,22	-237,7	-37,1	17	0	17	1	0	1
10929	10929_1	10929_2	BND	chr2	32916230	chr16	73105970		True	True	False	True	5	0	5	-583,9	-134,0	-463,9	-87,2	-463,9	-87,2	-583,9	-134,0	5	0	5	0	0	0
10918	10918_1	10918_2	BND	chr2	32916230	chr16	67001141		True	True	False	True	19	0	19	-386,9	-75,0	-10,189	-3,23	-10,189	-3,23	-386,9	-75,0	19	0	19	0	0	0
11028	11028_1	11028_2	BND	chr2	32916230	chr20	51455933		True	True	False	True	6	0	6	-431,9	-96,1	-10,283	-3,60	-10,283	-3,60	-431,9	-96,1	6	0	6	0	0	0
10920	10920_1	10920_2	BND	chr2	32916231	chr16	67029061		True	True	False	True	13	0	13	-333,3	-90,0	-10,211	-3,40	-10,211	-3,40	-333,3	-90,0	12	0	12	1	0	1
10855	10855_1	10855_2	BND	chr2	32916232	chr14	105477737		True	True	False	True	3	3	6	-10,7	-3,1	-9,9	0,2	-9,9	0,2	-10,7	-3,1	3	2	5	0	1	1
10915	10915_1	10915_2	BND	chr2	32916232	chr16	66474488		True	True	False	True	7	0	7	-404,9	-50,3	-10,435	-2,83	-10,435	-2,83	-404,9	-50,3	7	0	7	0	0	0
10822	10822_1	10822_2	BND	chr2	32916236	chr12	131894608		True	True	False	True	6	0	6	-552,9	-132,1	-10,9	-9,2	-10,9	-9,2	-552,9	-132,1	6	0	6	0	0	0
10957	10957_1	10957_2	BND	chr2	32916242	chr17	81380151		True	True	False	True	3	3	6	-10,0	-10,0	-10,9	-3,3	-10,9	-3,3	-10,0	-10,0	3	3	6	0	0	0
10693	10693_1	10693_2	BND	chr2	32916322	chr8	1824796		True	True	False	True	5	1	6	-10,9	-3,3	-10,9	-3,3	-10,9	-3,3	-10,9	-3,3	4	1	5	1	0	1
10930	10930_1	10930_2	BND	chr2	32916433	chr16	73280998		True	True	False	True	7	0	7	-640,9	-125,0	-10,470	-2,95	-10,470	-2,95	-640,9	-125,0	6	0	6	1	0	1
11111	11111_1	11111_2	BND	chr2	47092158	chrX	154456926		True	True	False	True	6	0	6	-10,506	0,105	-7,557	0,130	-7,557	0,130	-10,506	0,105	5	0	5	1	0	1
10699	10699_1	10699_2	BND	chr2	57449471	chr8	34998941		False	False	False	True	1	4	5	-8,8	0,0	-8,8	0,0	-8,8	0,0	-8,8	0,0	1	4	5	0	0	0
10632	10632_1	10632_2	BND	chr2	68687714	chr5	65172226		True	True	False	True	6	0	6	-10,458	-2,84	-10,412	-2,85	-10,412	-2,85	-10,458	-2,84	5	0	5	1	0	1
10794	10794_1	10794_2	BND	chr2	72622311	chr11	118330249		True	True	False	True	5	0	5	-361,9	-81,2	-600,9	-143,1	-600,9	-143,1	-361,9	-81,2	5	0	5	0	0	0
696	696_1	696_2	BND	chr2	86835014	chr2	106514195		True	True	False	True	7	0	7	-588,9	-113,2	-34,9	-25,2	-34,9	-25,2	-588,9	-113,2	6	0	6	1	0	1
678	678_1	678_2	BND	chr2	88775607	chr2	95936356		True	True	False	True	8	0	8	-10,343	-2,68	-10,441	-2,99	-10,441	-2,99	-10,343	-2,68	7	0	7	1	0	1
10543	10543_1	10543_2	BND	chr2	89830075	chr4	49657703		False	False	False	True	1	4	5	-10,9	0,0	-10,8	0,0	-10,8	0,0	-10,9	0,0	1	4	5	0	0	0
10572	10572_1	10572_2	BND	chr2	89830494	chr5	49601101		True	True	False	True	2	3	5	-10,8	-1,1	-7,9	-1,1	-7,9	-1,1	-10,8	-1,1	2	3	5	0	0	0
10760	10760_1	10760_2	BND	chr2	89831027	chr10	41883235		True	True	False	True	6	1	7	-9,8	-2,3	-1,9	-1,9	-1,9	-1,9	-9,8	-2,3	5	1	6	1	0	1
10604	10604_1	10604_2	BND	chr2	89839633	chr5	49659495		True	True	False	True	6	0	6	-610,9	-119,1	-117,9	-45,3	-117,9	-45,3	-610,9	-119,1	6	0	6	0	0	0
650	650		DEL	chr2	90397910	chr2	90398233	323.0	True		False		6	0	6	-10,307	-3,65	-312,9	-56,3					6	0	6	0	0	0
10847	10847_1	10847_2	BND	chr2	104407539	chr14	78686099		False	False	False	True	1	4	5	-8,8	0,0	-9,6	0,0	-9,6	0,0	-8,8	0,0	1	4	5	0	0	0
571	571_1	571_2	BND	chr2	106360710	chr2	109199332		True	True	False	True	7	0	7	-10,610	-1,114	-10,440	0,89	-10,440	0,89	-10,610	-1,114	6	0	6	1	0	1
10530	10530_1	10530_2	BND	chr2	109199325	chr4	49109683		True	True	False	True	6	0	6	-433,9	-61,3	-363,9	-106,2	-363,9	-106,2	-433,9	-61,3	5	0	5	1	0	1
572	572		DEL	chr2	109199332	chr2	109199849	517.0	True		False		7	0	7	-10,261	-3,57	-421,9	-87,0					6	0	6	1	0	1
10538	10538_1	10538_2	BND	chr2	109199419	chr4	49147273		True	True	False	True	14	0	14	-291,9	-53,2	-298,3	-66,0	-298,3	-66,0	-291,9	-53,2	13	0	13	1	0	1
10529	10529_1	10529_2	BND	chr2	109199461	chr4	49103872		True	True	False	True	6	0	6	-542,9	-115,2	-93,9	-33,3	-93,9	-33,3	-542,9	-115,2	5	0	5	1	0	1
10727	10727_1	10727_2	BND	chr2	126152564	chr9	88201234		False	False	False	True	1	4	5	-9,6	0,0	-9,6	0,0	-9,6	0,0	-9,6	0,0	1	4	5	0	0	0
10804	10804_1	10804_2	BND	chr2	128082432	chr12	22655537		True	True	False	True	6	0	6	-10,515	-2,100	-619,9	-127,0	-619,9	-127,0	-10,515	-2,100	5	0	5	1	0	1
739	739		DEL	chr2	128340521	chr2	128341163	642.0	True		False		14	0	14	-10,240	-3,35	-516,9	-46,2					13	0	13	1	0	1
745	745		DEL	chr2	130062733	chr2	130063794	1061.0	True		False		9	0	9	-10,369	-2,64	-403,9	-85,2					8	0	8	1	0	1
763	763		DEL	chr2	136261763	chr2	136398940	137177.0	True		False		5	1	6	-10,9	-1,3	-10,9	-3,3					5	1	6	0	0	0
10838	10838_1	10838_2	BND	chr2	146048973	chr13	29054556		False	False	False	True	2	4	6	-9,5	0,0	-9,5	0,0	-9,5	0,0	-9,5	0,0	2	4	6	0	0	0
10938	10938_1	10938_2	BND	chr2	162753030	chr16	15999872		True	True	False	True	7	0	7	-10,643	0,126	-10,436	-2,86	-10,436	-2,86	-10,643	0,126	6	0	6	1	0	1
798	798		INV	chr2	164801735	chr2	164802174	439.0	True		False		2	3	5	-4,9	0,3	-4,9	-1,1					2	3	5	0	0	0
10671	10671_1	10671_2	BND	chr2	165841112	chr7	25471590		False	False	False	True	1	4	5	-9,6	0,0	-8,8	0,0	-8,8	0,0	-9,6	0,0	1	4	5	0	0	0
10785	10785_1	10785_2	BND	chr2	180502632	chr11	37852208		False	False	False	True	1	4	5	-8,8	0,0	-9,6	0,0	-9,6	0,0	-8,8	0,0	1	4	5	0	0	0
10490	10490_1	10490_2	BND	chr2	186790528	chr3	82778056		False	False	False	True	1	4	5	-8,8	0,0	-9,6	0,0	-9,6	0,0	-8,8	0,0	1	4	5	0	0	0
855	855_1	855_2	BND	chr2	197874251	chr2	197874376		True	True	False	True	2	3	5	-10,9	-1,1	-2,9	-1,1	-2,9	-1,1	-10,9	-1,1	2	3	5	0	0	0
875	875		DEL	chr2	209093923	chr2	209094322	399.0	True		False		5	0	5	-10,229	-2,118	-360,9	-122,2					5	0	5	0	0	0
898	898		DEL	chr2	224385136	chr2	224385327	191.0	True		False		5	0	5	-10,82	-2,50	-53,9	-34,2					5	0	5	0	0	0
10551	10551_1	10551_2	BND	chr2	227321382	chr4	126490635		True	True	False	True	6	0	6	-10,534	-1,118	-493,9	-87,2	-493,9	-87,2	-10,534	-1,118	5	0	5	1	0	1
10514	10514_1	10514_2	BND	chr2	228438553	chr4	7171560		False	False	False	True	1	4	5	-9,6	0,0	-8,8	0,0	-8,8	0,0	-9,6	0,0	1	4	5	0	0	0
10811	10811_1	10811_2	BND	chr2	230499513	chr12	92419004		False	False	False	True	3	4	7	-9,8	0,0	-9,4	0,0	-9,4	0,0	-9,8	0,0	3	4	7	0	0	0
10666	10666_1	10666_2	BND	chr2	241713013	chr7	3704375		False	False	False	True	1	4	5	-8,8	0,0	-8,8	0,0	-8,8	0,0	-8,8	0,0	1	4	5	0	0	0
8207	8207		DEL	chr20	16241208	chr20	16241691	483.0	True		False		11	0	11	-10,303	-3,46	-268,9	-43,3					11	0	11	0	0	0
15846	15846_1	15846_2	BND	chr20	18708189	chrX	87024825		True	True	False	True	7	0	7	-10,432	-1,79	-497,9	-115,1	-497,9	-115,1	-10,432	-1,79	6	0	6	1	0	1
8217	8217		DUP	chr20	20337271	chr20	20337648	377.0	True		False		5	0	5	-561,9	-110,2	-10,553	-2,121					5	0	5	0	0	0
8229	8229		DEL	chr20	23718771	chr20	23794277	75506.0	True		False		6	0	6	-10,530	-1,120	-484,9	-98,1					5	0	5	1	0	1
8233	8233		DUP	chr20	26365413	chr20	26369913	4500.0	True		False		6	0	6	-499,9	-113,1	-10,160	-2,72					6	0	6	0	0	0
8255	8255		DUP	chr20	26477070	chr20	26578683	101613.0	True		False		6	0	6	-630,9	-127,1	-10,519	-2,112					5	0	5	1	0	1
8301	8301_1	8301_2	BND	chr20	28557775	chr20	29125458		True	True	False	True	11	0	11	-10,362	-1,95	-10,336	-2,63	-10,336	-2,63	-10,362	-1,95	10	0	10	1	0	1
8203	8203		DUP	chr20	28839169	chr20	29196118	356949.0	True		False		5	0	5	-329,9	-84,3	-10,465	-3,88					5	0	5	0	0	0
8302	8302		DUP	chr20	28839330	chr20	29127458	288128.0	True		False		5	0	5	-491,9	-109,2	-10,572	-1,133					5	0	5	0	0	0
8317	8317		DEL	chr20	28841530	chr20	29193563	352033.0	True		False		7	0	7	-10,491	0,121	-516,6	-122,1					6	0	6	1	0	1
15859	15859_1	15859_2	BND	chr20	29298516	chrY	10198875		True	True	False	True	6	0	6	-519,9	-106,1	-531,9	-121,1	-531,9	-121,1	-519,9	-106,1	6	0	6	0	0	0
8364	8364_1	8364_2	BND	chr20	29640757	chr20	30215921		True	True	False	True	6	0	6	-581,9	-108,2	-549,9	-104,2	-549,9	-104,2	-581,9	-108,2	5	0	5	1	0	1
15823	15823_1	15823_2	BND	chr20	29859358	chr22	11373236		True	True	False	True	6	0	6	-10,544	-1,127	-490,9	-94,2	-490,9	-94,2	-10,544	-1,127	5	0	5	1	0	1
15824	15824_1	15824_2	BND	chr20	29862481	chr22	11377865		True	True	False	True	8	0	8	-10,414	-2,77	-587,9	-97,2	-587,9	-97,2	-10,414	-2,77	7	0	7	1	0	1
8359	8359		DUP	chr20	29994058	chr20	30027459	33401.0	True		False		6	0	6	-569,9	-127,1	-10,500	-2,95					5	0	5	1	0	1
8355	8355		DEL	chr20	30000968	chr20	30010624	9656.0	True		False		6	0	6	-10,528	-1,115	-558,9	-96,2					5	0	5	1	0	1
15850	15850_1	15850_2	BND	chr20	31052121	chrY	11747666		True	True	False	True	6	0	6	-10,546	-1,131	-569,5	-132,0	-569,5	-132,0	-10,546	-1,131	5	0	5	1	0	1
8502	8502		DUP	chr20	31052261	chr20	31076005	23744.0	True		False		5	1	6	-10,9	-3,3	-10,9	-3,3					4	1	5	1	0	1
8417	8417		DEL	chr20	31058398	chr20	31064000	5602.0	True		False		8	0	8	-10,173	-3,41	-483,8	-117,0					8	0	8	0	0	0
8442	8442		DEL	chr20	31058515	chr20	31068902	10387.0	True		False		5	1	6	-10,9	-3,3	-10,9	-3,3					4	1	5	1	0	1
8456	8456		DEL	chr20	31059747	chr20	31071343	11596.0	True		False		3	3	6	-10,9	-1,1	-10,9	-1,1					2	3	5	1	0	1
8431	8431		DEL	chr20	31060926	chr20	31065748	4822.0	True		False		7	1	8	-10,9	-2,3	-10,9	-3,3					7	0	7	0	1	1
8490	8490		DUP	chr20	31065801	chr20	31074975	9174.0	True		False		9	0	9	-319,9	-68,2	-10,72	-3,26					8	0	8	1	0	1
8494	8494		DEL	chr20	31073017	chr20	31074581	1564.0	True		False		4	1	5	-10,6	-3,2	-10,9	-3,3					4	1	5	0	0	0
8541	8541		DEL	chr20	45906776	chr20	45907161	385.0	True		False		7	0	7	-10,299	-2,74	-234,9	-53,3					7	0	7	0	0	0
8549	8549_1	8549_2	BND	chr20	48214227	chr20	48598301		True	True	False	True	8	0	8	-10,177	-2,73	-10,421	-2,88	-10,421	-2,88	-10,177	-2,73	7	0	7	1	0	1
16186	16186_1	16186_2	BND	chr21	7950881	chrY	26639931		True	True	False	True	5	0	5	-10,538	-2,111	-7,598	0,145	-7,598	0,145	-10,538	-2,111	5	0	5	0	0	0
8594	8594		DEL	chr21	7951611	chr21	7951784	173.0	True		False		6	0	6	-10,35	-2,24	-113,9	-45,3					5	0	5	1	0	1
16171	16171_1	16171_2	BND	chr21	10386308	chr22	11039089		True	True	False	True	11	0	11	-363,9	-68,2	-10,387	-1,102	-10,387	-1,102	-363,9	-68,2	10	0	10	1	0	1
8604	8604		DEL	chr21	10475719	chr21	10476369	650.0	True		False		12	0	12	-4,344	0,95	-337,9	-79,2					12	0	12	0	0	0
16196	16196_1	16196_2	BND	chr21	10719527	chrY	11680520		True	True	False	True	7	0	7	-10,442	-2,73	-10,643	0,126	-10,643	0,126	-10,442	-2,73	6	0	6	1	0	1
8618	8618		DEL	chr21	13444458	chr21	13445845	1387.0	True		False		7	0	7	-10,454	-2,96	-339,9	-99,1					6	0	6	1	0	1
8685	8685		DUP	chr21	45909743	chr21	45910050	307.0	True		False		7	0	7	-506,9	-90,2	-10,456	-1,92					6	0	6	1	0	1
16387	16387_1	16387_2	BND	chr22	10749237	chrY	56881273		True	True	False	True	6	0	6	-10,517	-1,111	-10,550	-1,127	-10,550	-1,127	-10,517	-1,111	5	0	5	1	0	1
8705	8705_1	8705_2	BND	chr22	11330416	chr22	11549320		True	True	False	True	5	0	5	-10,552	-2,111	-10,560	-1,125	-10,560	-1,125	-10,552	-2,111	5	0	5	0	0	0
8711	8711		DEL	chr22	16056388	chr22	16057030	642.0	True		False		6	0	6	-10,518	-1,107	-576,9	-104,2					5	0	5	1	0	1
8751	8751_1	8751_2	BND	chr22	21281192	chr22	24660339		True	True	False	True	5	0	5	-8,579	0,144	-10,561	-1,131	-10,561	-1,131	-8,579	0,144	5	0	5	0	0	0
8737	8737		DUP	chr22	22348885	chr22	22398252	49367.0	True		False		13	0	13	-306,9	-64,2	-10,284	-1,49					12	0	12	1	0	1
8742	8742		DEL	chr22	22707309	chr22	22765514	58205.0	True		False		7	0	7	-10,442	-2,98	-544,9	-113,1					6	0	6	1	0	1
8756	8756		DEL	chr22	25260642	chr22	25517607	256965.0	True		False		11	0	11	-10,334	-2,75	-357,9	-81,2					10	0	10	1	0	1
8757	8757		DEL	chr22	25264754	chr22	25521754	257000.0	True		False		6	0	6	-10,499	-2,107	-431,9	-94,2					6	0	6	0	0	0
16373	16373_1	16373_2	BND	chr22	34845422	chrX	148276994		False	False	False	True	1	4	5	-8,8	0,0	-9,6	0,0	-9,6	0,0	-8,8	0,0	1	4	5	0	0	0
16371	16371_1	16371_2	BND	chr22	40746630	chrX	68325652		False	False	False	True	2	4	6	-8,8	0,0	-10,8	0,0	-10,8	0,0	-8,8	0,0	2	4	6	0	0	0
8787	8787		DEL	chr22	42705473	chr22	42706183	710.0	True		False		18	0	18	-10,416	-3,44	-336,9	-37,0					17	0	17	1	0	1
8806	8806		DEL	chr22	49226590	chr22	49228371	1781.0	False		False		5	10	15	-10,9	0,0	-10,9	0,0					5	9	14	0	1	1
11442	11442_1	11442_2	BND	chr3	9578934	chr19	3128031		True	True	False	True	6	0	6	-10,527	-1,117	-10,501	-2,94	-10,501	-2,94	-10,527	-1,117	5	0	5	1	0	1
985	985		DUP	chr3	25495969	chr3	25496293	324.0	True		False		1	6	7	0,2	0,0	-8,0	-8,0					1	6	7	0	0	0
11309	11309_1	11309_2	BND	chr3	40221051	chr7	112574050		False	False	False	True	1	4	5	-9,6	0,0	-9,6	0,0	-9,6	0,0	-9,6	0,0	1	4	5	0	0	0
11423	11423_1	11423_2	BND	chr3	53907712	chr16	20674436		False	False	False	True	1	4	5	-9,6	0,0	-9,6	0,0	-9,6	0,0	-9,6	0,0	1	4	5	0	0	0
11483	11483_1	11483_2	BND	chr3	64398815	chr21	44468475		True	True	False	True	6	0	6	-547,9	-116,1	-409,9	-74,3	-409,9	-74,3	-547,9	-116,1	5	0	5	1	0	1
11393	11393_1	11393_2	BND	chr3	65855613	chr13	49061602		True	True	False	True	4	3	7	-10,9	-1,1	-10,4	-1,0	-10,4	-1,0	-10,9	-1,1	4	3	7	0	0	0
11432	11432_1	11432_2	BND	chr3	73998348	chr17	50041118		True	True	False	True	11	0	11	-644,9	-109,0	-484,9	-85,0	-484,9	-85,0	-644,9	-109,0	10	0	10	1	0	1
1184	1184_1	1184_2	BND	chr3	86256577	chr3	112873753		False	False	False	True	1	4	5	-9,6	0,0	-9,6	0,0	-9,6	0,0	-9,6	0,0	1	4	5	0	0	0
11507	11507_1	11507_2	BND	chr3	89569124	chrX	115655488		False	False	False	True	1	4	5	-8,8	0,0	-8,8	0,0	-8,8	0,0	-8,8	0,0	1	4	5	0	0	0
1089	1089		DUP	chr3	90820344	chr3	90889176	68832.0	True		False		7	0	7	-590,9	-112,1	-10,458	-2,97					6	0	6	1	0	1
1099	1099		DUP	chr3	90913526	chr3	90989858	76332.0	True		False		7	0	7	-559,9	-95,2	-10,494	-1,104					6	0	6	1	0	1
1127	1127		DUP	chr3	90961576	chr3	91179937	218361.0	True		False		7	0	7	-527,9	-89,2	-10,494	-1,109					6	0	6	1	0	1
1131	1131		DEL	chr3	91093922	chr3	91219641	125719.0	True		False		6	0	6	-10,396	-2,96	-550,9	-94,2					5	0	5	1	0	1
1138	1138_1	1138_2	BND	chr3	93470438	chr3	93470514		True	True	False	True	13	2	15	-644,9	-326,2	-3,9	-3,2	-3,9	-3,2	-644,9	-326,2	13	2	15	0	0	0
1035	1035		INV	chr3	93470494	chr3	93470788	294.0	True		False		12	8	20	-2,1	-2,1	-10,6	-1,0					11	8	19	1	0	1
1149	1149_1	1149_2	BND	chr3	93470577	chr3	93470752		True	True	False	True	10	2	12	-2,0	-2,0	-9,520	-1,122	-9,520	-1,122	-2,0	-2,0	10	2	12	0	0	0
1154	1154_1	1154_2	BND	chr3	93470615	chr3	93470788		True	True	False	True	13	8	21	-1,0	-1,0	-7,7	0,0	-7,7	0,0	-1,0	-1,0	13	8	21	0	0	0
1150	1150_1	1150_2	BND	chr3	93470677	chr3	93470797		True	True	False	True	6	1	7	0,0	0,0	-8,0	-8,0	-8,0	-8,0	0,0	0,0	5	1	6	1	0	1
11358	11358_1	11358_2	BND	chr3	100523747	chr10	116390738		True	True	False	True	3	2	5	-10,6	-5,0	-10,9	-3,3	-10,9	-3,3	-10,6	-5,0	3	2	5	0	0	0
11351	11351_1	11351_2	BND	chr3	106901512	chr10	69595840		True	True	False	True	6	0	6	-10,529	0,123	-10,508	0,114	-10,508	0,114	-10,529	0,123	6	0	6	0	0	0
11394	11394_1	11394_2	BND	chr3	113956706	chr13	51680987		True	True	False	True	1	4	5	-8,7	-1,0	-6,9	0,1	-6,9	0,1	-8,7	-1,0	1	4	5	0	0	0
11396	11396_1	11396_2	BND	chr3	114753396	chr13	57765868		True	True	False	True	4	2	6	-10,9	-1,1	-10,4	-1,0	-10,4	-1,0	-10,9	-1,1	3	2	5	1	0	1
11395	11395_1	11395_2	BND	chr3	114753429	chr13	57765954		True	True	False	True	2	4	6	-8,7	-1,0	-10,9	0,0	-10,9	0,0	-8,7	-1,0	2	3	5	0	1	1
11431	11431_1	11431_2	BND	chr3	118718621	chr17	29533066		True	True	False	True	6	0	6	-10,537	-1,129	-390,9	-79,2	-390,9	-79,2	-10,537	-1,129	5	0	5	1	0	1
11486	11486_1	11486_2	BND	chr3	130083102	chr21	32436403		True	True	False	True	6	0	6	-574,9	-103,2	-521,9	-94,2	-521,9	-94,2	-574,9	-103,2	5	0	5	1	0	1
1240	1240		DEL	chr3	146667402	chr3	146672617	5215.0	True		False		6	0	6	-7,532	0,121	-550,9	-115,0					5	0	5	1	0	1
11383	11383_1	11383_2	BND	chr3	147018675	chr12	49369786		False	False	False	True	1	4	5	-8,8	0,0	-9,6	0,0	-9,6	0,0	-8,8	0,0	1	4	5	0	0	0
11498	11498_1	11498_2	BND	chr3	151511006	chr22	12699123		True	True	False	True	6	0	6	-10,542	-1,126	-415,9	-87,2	-415,9	-87,2	-10,542	-1,126	5	0	5	1	0	1
1262	1262_1	1262_2	BND	chr3	159269954	chr3	159270070		False	False	False	True	1	4	5	-8,8	0,0	-8,8	0,0	-8,8	0,0	-8,8	0,0	1	4	5	0	0	0
11479	11479_1	11479_2	BND	chr3	159878400	chr20	16894391		True	True	False	True	7	0	7	-489,9	-101,2	-10,421	-1,79	-10,421	-1,79	-489,9	-101,2	6	0	6	1	0	1
11302	11302_1	11302_2	BND	chr3	174781651	chr6	144936285		False	False	False	True	1	4	5	-8,8	0,0	-9,6	0,0	-9,6	0,0	-8,8	0,0	1	4	5	0	0	0
11503	11503_1	11503_2	BND	chr3	183314936	chrX	41018238		True	True	False	True	5	0	5	-10,418	-1,105	-10,617	-1,135	-10,617	-1,135	-10,418	-1,105	5	0	5	0	0	0
11353	11353_1	11353_2	BND	chr3	183712180	chr10	94531913		True	True	False	True	6	0	6	-410,9	-98,2	-10,449	-3,66	-10,449	-3,66	-410,9	-98,2	5	0	5	1	0	1
1295	1295_1	1295_2	BND	chr3	189405479	chr3	189405867		False	False	False	True	1	4	5	-8,8	0,0	-8,8	0,0	-8,8	0,0	-8,8	0,0	1	4	5	0	0	0
1315	1315		DEL	chr3	195781561	chr3	195783167	1606.0	True		False		6	0	6	-10,324	-3,64	-517,9	-73,2					5	0	5	1	0	1
12194	12194_1	12194_2	BND	chr4	1467924	chr20	62504418		True	True	False	True	7	0	7	-10,475	-2,104	-7,489	0,121	-7,489	0,121	-10,475	-2,104	6	0	6	1	0	1
12148	12148_1	12148_2	BND	chr4	1707231	chr16	67260368		True	True	False	True	11	0	11	-380,3	-111,0	-10,300	-2,49	-10,300	-2,49	-380,3	-111,0	11	0	11	0	0	0
12255	12255_1	12255_2	BND	chr4	6977078	chrX	145435554		True	True	False	True	6	0	6	-10,467	-2,85	-560,7	-130,0	-560,7	-130,0	-10,467	-2,85	5	0	5	1	0	1
1361	1361		DEL	chr4	7814528	chr4	7815291	763.0	True		False		5	0	5	-10,549	-2,190	-606,9	-204,2					5	0	5	0	0	0
12149	12149_1	12149_2	BND	chr4	20579302	chr16	72748248		False	False	False	True	1	4	5	-9,6	0,0	-9,6	0,0	-9,6	0,0	-9,6	0,0	1	4	5	0	0	0
1470	1470		DEL	chr4	49092853	chr4	49104660	11807.0	True		False		6	0	6	-10,582	-2,149	-590,9	-154,2					5	0	5	1	0	1
12019	12019_1	12019_2	BND	chr4	49092925	chr10	41870606		True	True	False	True	7	0	7	-10,462	-2,104	-5,497	0,129	-5,497	0,129	-10,462	-2,104	7	0	7	0	0	0
1666	1666_1	1666_2	BND	chr4	49095007	chr4	49657715		True	True	False	True	5	0	5	-10,277	-3,62	-10,548	-2,120	-10,548	-2,120	-10,277	-3,62	5	0	5	0	0	0
11870	11870_1	11870_2	BND	chr4	49097162	chr5	49659937		True	True	False	True	9	0	9	-119,9	-23,3	-7,406	0,112	-7,406	0,112	-119,9	-23,3	9	0	9	0	0	0
1675	1675_1	1675_2	BND	chr4	49097264	chr4	49657508		True	True	False	True	16	1	17	-10,9	-3,3	-10,9	-3,2	-10,9	-3,2	-10,9	-3,3	16	0	16	0	1	1
1463	1463		DUP	chr4	49097266	chr4	49103687	6421.0	True		False		7	0	7	-611,9	-152,1	-10,309	-1,130					6	0	6	1	0	1
12161	12161_1	12161_2	BND	chr4	49097777	chr17	21976488		True	True	False	True	8	0	8	-10,541	-1,125	-10,79	0,51	-10,79	0,51	-10,541	-1,125	7	0	7	1	0	1
12022	12022_1	12022_2	BND	chr4	49098268	chr10	41874860		True	True	False	True	6	0	6	-364,112	-127,103	-104,50	-54,38	-104,50	-54,38	-364,112	-127,103	5	0	5	1	0	1
1556	1556		DUP	chr4	49102290	chr4	49142173	39883.0	True		False		5	0	5	-601,5	-145,0	-9,578	-1,144					5	0	5	0	0	0
1506	1506		DEL	chr4	49107943	chr4	49112258	4315.0	True		False		8	0	8	-7,457	0,117	-470,9	-112,1					7	0	7	1	0	1
1517	1517		DEL	chr4	49107950	chr4	49119014	11064.0	True		False		7	0	7	-10,612	-1,147	-590,9	-126,2					6	0	6	1	0	1
12202	12202_1	12202_2	BND	chr4	49108225	chr20	31051976		True	True	False	True	6	0	6	-532,9	-111,2	-239,9	-91,2	-239,9	-91,2	-532,9	-111,2	5	0	5	1	0	1
12012	12012_1	12012_2	BND	chr4	49108258	chr10	41859900		True	True	False	True	5	0	5	-554,9	-117,2	-280,9	-76,2	-280,9	-76,2	-554,9	-117,2	5	0	5	0	0	0
1572	1572		DUP	chr4	49109634	chr4	49149838	40204.0	True		False		8	0	8	-388,9	-69,1	-10,43	-3,21					7	0	7	1	0	1
1588	1588		DUP	chr4	49109885	chr4	49151249	41364.0	True		False		6	0	6	-544,9	-116,1	-10,535	-1,124					5	0	5	1	0	1
11757	11757_1	11757_2	BND	chr4	49110668	chr5	49601095		True	True	False	True	7	0	7	-626,9	-119,1	-197,9	-57,1	-197,9	-57,1	-626,9	-119,1	6	0	6	1	0	1
1533	1533		DEL	chr4	49110736	chr4	49120218	9482.0	True		False		14	1	15	-10,9	-3,3	-10,9	-3,3					13	1	14	1	0	1
12016	12016_1	12016_2	BND	chr4	49118335	chr10	41860935		True	True	False	True	6	0	6	-2,9	-2,1	0,4	0,0	0,4	0,0	-2,9	-2,1	5	0	5	1	0	1
12090	12090_1	12090_2	BND	chr4	49118800	chr10	41914654		True	True	False	True	6	0	6	-10,509	-2,111	-7,543	0,135	-7,543	0,135	-10,509	-2,111	6	0	6	0	0	0
12082	12082_1	12082_2	BND	chr4	49120938	chr10	41903504		False	False	False	True	1	5	6	-10,9	0,0	-10,9	0,0	-10,9	0,0	-10,9	0,0	1	4	5	0	1	1
1564	1564		DEL	chr4	49136167	chr4	49147272	11105.0	True		False		6	0	6	-10,505	-2,93	-511,9	-112,1					5	0	5	1	0	1
12196	12196_1	12196_2	BND	chr4	49142080	chr20	28897459		True	True	False	True	6	0	6	-566,5	-132,0	-6,550	0,133	-6,550	0,133	-566,5	-132,0	5	0	5	1	0	1
12009	12009_1	12009_2	BND	chr4	49147273	chr10	38573477		True	True	False	True	6	0	6	-639,9	-135,0	-569,4	-136,0	-569,4	-136,0	-639,9	-135,0	6	0	6	0	0	0
1576	1576		DEL	chr4	49147528	chr4	49149340	1812.0	True		False		5	0	5	-10,471	-2,108	-249,9	-73,3					5	0	5	0	0	0
12035	12035_1	12035_2	BND	chr4	49147557	chr10	41875517		True	True	False	True	6	0	6	-10,465	-3,68	-10,588	-2,108	-10,588	-2,108	-10,465	-3,68	5	0	5	1	0	1
12264	12264_1	12264_2	BND	chr4	49149329	chrY	11747664		True	True	False	True	6	0	6	-349,9	-101,1	-607,6	-141,1	-607,6	-141,1	-349,9	-101,1	5	0	5	1	0	1
12064	12064_1	12064_2	BND	chr4	49149329	chr10	41883036		True	True	False	True	5	0	5	-562,9	-113,1	-264,9	-76,3	-264,9	-76,3	-562,9	-113,1	5	0	5	0	0	0
11917	11917_1	11917_2	BND	chr4	49149360	chr5	49667237		True	True	False	True	5	0	5	-279,9	-75,3	-10,395	-1,105	-10,395	-1,105	-279,9	-75,3	5	0	5	0	0	0
11915	11915_1	11915_2	BND	chr4	49149365	chr5	49661083		True	True	False	True	5	0	5	-289,9	-111,2	-10,373	-2,100	-10,373	-2,100	-289,9	-111,2	5	0	5	0	0	0
1667	1667_1	1667_2	BND	chr4	49149545	chr4	49657729		True	True	False	True	6	0	6	-10,537	-2,116	-10,557	-2,99	-10,557	-2,99	-10,537	-2,116	5	0	5	1	0	1
12065	12065_1	12065_2	BND	chr4	49149844	chr10	41879383		True	True	False	True	6	0	6	-10,200	-3,52	-10,538	-1,122	-10,538	-1,122	-10,200	-3,52	5	0	5	1	0	1
11842	11842_1	11842_2	BND	chr4	49150439	chr5	49659023		True	True	False	True	6	0	6	-225,9	-109,2	-10,232	-3,49	-10,232	-3,49	-225,9	-109,2	5	0	5	1	0	1
1612	1612_1	1612_2	BND	chr4	49150588	chr4	49634269		True	True	False	True	6	0	6	-10,518	-1,117	-7,545	0,136	-7,545	0,136	-10,518	-1,117	6	0	6	0	0	0
12210	12210_1	12210_2	BND	chr4	49153409	chr20	31054166		True	True	False	True	5	0	5	-137,245	-127,143	-124,176	-114,115	-124,176	-114,115	-137,245	-127,143	5	0	5	0	0	0
12275	12275_1	12275_2	BND	chr4	49266797	chrY	11111820		True	True	False	True	6	0	6	-10,539	-2,90	-10,525	-1,117	-10,525	-1,117	-10,539	-2,90	5	0	5	1	0	1
11854	11854_1	11854_2	BND	chr4	49631966	chr5	49658650		True	True	False	True	4	4	8	-7,9	0,0	-7,9	0,1	-7,9	0,1	-7,9	0,0	4	4	8	0	0	0
11934	11934_1	11934_2	BND	chr4	49635044	chr5	49661629		True	True	False	True	7	0	7	-517,133	-191,124	-65,75	-50,66	-65,75	-50,66	-517,133	-191,124	6	0	6	1	0	1
12157	12157_1	12157_2	BND	chr4	49635607	chr17	21969216		True	True	False	True	8	0	8	-10,271	-3,37	-404,9	-62,2	-404,9	-62,2	-10,271	-3,37	7	0	7	1	0	1
12142	12142_1	12142_2	BND	chr4	49635612	chr16	34071580		True	True	False	True	8	0	8	-10,448	-1,115	-644,9	-121,0	-644,9	-121,0	-10,448	-1,115	7	0	7	1	0	1
1641	1641		DEL	chr4	49635948	chr4	49648669	12721.0	True		False		7	0	7	-10,310	-2,96	-77,9	-29,3					7	0	7	0	0	0
12218	12218_1	12218_2	BND	chr4	49637111	chr20	31074317		True	True	False	True	2	3	5	-10,6	-1,0	0,5	0,3	0,5	0,3	-10,6	-1,0	2	3	5	0	0	0
1630	1630		DEL	chr4	49638262	chr4	49645215	6953.0	True		False		5	0	5	-10,397	-2,111	-628,9	-140,1					5	0	5	0	0	0
12211	12211_1	12211_2	BND	chr4	49640927	chr20	31057930		True	True	False	True	7	0	7	-641,9	-129,0	-10,588	-1,112	-10,588	-1,112	-641,9	-129,0	7	0	7	0	0	0
1707	1707		DEL	chr4	56057804	chr4	56057984	180.0	False		False		2	4	6	-10,9	0,0	-9,6	0,0					2	3	5	0	1	1
1717	1717_1	1717_2	BND	chr4	59861059	chr4	59861231		True	True	False	True	2	3	5	-10,9	-1,1	-7,9	-1,1	-7,9	-1,1	-10,9	-1,1	2	3	5	0	0	0
1729	1729_1	1729_2	BND	chr4	64842651	chr4	64861208		True	True	False	True	5	0	5	-481,9	-117,2	-572,9	-129,1	-572,9	-129,1	-481,9	-117,2	5	0	5	0	0	0
11976	11976_1	11976_2	BND	chr4	108923486	chr7	76414814		True	True	False	True	13	0	13	-10,641	0,103	-245,9	-46,3	-245,9	-46,3	-10,641	0,103	12	0	12	1	0	1
1813	1813		DUP	chr4	111337172	chr4	111894925	557753.0	True		False		6	0	6	-459,9	-86,2	-10,312	-2,79					5	0	5	1	0	1
1817	1817		DEL	chr4	113064823	chr4	113065173	350.0	True		False		7	0	7	-10,209	-3,46	-315,9	-80,2					6	0	6	1	0	1
12105	12105_1	12105_2	BND	chr4	130499474	chr11	98199788		False	False	False	True	1	4	5	-8,8	0,0	-9,6	0,0	-9,6	0,0	-8,8	0,0	1	4	5	0	0	0
11956	11956_1	11956_2	BND	chr4	135586383	chr6	19473704		True	True	False	True	3	3	6	-10,9	-1,1	-10,5	-1,0	-10,5	-1,0	-10,9	-1,1	3	3	6	0	0	0
12254	12254_1	12254_2	BND	chr4	182100832	chrX	145274996		True	True	False	True	7	0	7	-221,9	-64,3	-10,498	-1,121	-10,498	-1,121	-221,9	-64,3	6	0	6	1	0	1
1950	1950		DEL	chr4	188269104	chr4	188269682	578.0	True		False		7	0	7	-10,418	-2,88	-208,9	-71,2					6	0	6	1	0	1
1954	1954		DEL	chr4	188504358	chr4	188506669	2311.0	True		False		6	0	6	-10,593	-2,153	-640,9	-169,2					5	0	5	1	0	1
2013	2013_1	2013_2	BND	chr5	15839304	chr5	15839445		True	True	False	True	2	3	5	-10,9	-1,1	-7,9	-1,1	-7,9	-1,1	-10,9	-1,1	2	3	5	0	0	0
2025	2025_1	2025_2	BND	chr5	23789375	chr5	23790322		False	False	False	True	1	4	5	-8,8	0,0	-8,8	0,0	-8,8	0,0	-8,8	0,0	1	4	5	0	0	0
2133	2133_1	2133_2	BND	chr5	49601086	chr5	49660897		True	True	False	True	6	0	6	-263,9	-74,3	-479,9	-84,2	-479,9	-84,2	-263,9	-74,3	6	0	6	0	0	0
2165	2165_1	2165_2	BND	chr5	49601500	chr5	49666455		True	True	False	True	5	1	6	-10,9	-3,3	-10,9	-3,3	-10,9	-3,3	-10,9	-3,3	5	1	6	0	0	0
12939	12939_1	12939_2	BND	chr5	49601531	chrY	11723373		True	True	False	True	5	0	5	-164,9	-57,3	-10,560	-1,131	-10,560	-1,131	-164,9	-57,3	5	0	5	0	0	0
12762	12762_1	12762_2	BND	chr5	49602264	chr17	21983039		True	True	False	True	9	0	9	-10,46	-3,16	-93,9	-34,1	-93,9	-34,1	-10,46	-3,16	8	0	8	1	0	1
12877	12877_1	12877_2	BND	chr5	49602617	chr21	10692801		True	True	False	True	7	0	7	-616,9	-121,0	-489,9	-117,1	-489,9	-117,1	-616,9	-121,0	7	0	7	0	0	0
12650	12650_1	12650_2	BND	chr5	49657668	chr10	41883365		True	True	False	True	6	0	6	-1,4	-1,3	-319,9	-106,0	-319,9	-106,0	-1,4	-1,3	5	0	5	1	0	1
12769	12769_1	12769_2	BND	chr5	49657683	chr17	21976438		True	True	False	True	5	0	5	-211,9	-124,2	-384,9	-147,2	-384,9	-147,2	-211,9	-124,2	5	0	5	0	0	0
12630	12630_1	12630_2	BND	chr5	49657956	chr10	41869960		True	True	False	True	5	1	6	-10,9	-3,3	-10,9	-3,3	-10,9	-3,3	-10,9	-3,3	5	1	6	0	0	0
12609	12609_1	12609_2	BND	chr5	49658089	chr10	41860932		True	True	False	True	5	0	5	-67,9	-30,2	0,7	0,1	0,7	0,1	-67,9	-30,2	5	0	5	0	0	0
2148	2148		DEL	chr5	49658761	chr5	49661727	2966.0	True		False		22	1	23	-10,6	-1,3	-10,9	-3,3					22	0	22	0	1	1
12831	12831_1	12831_2	BND	chr5	49661257	chr20	31054438		True	True	False	True	7	1	8	-10,9	-3,3	-10,9	-3,3	-10,9	-3,3	-10,9	-3,3	6	1	7	1	0	1
12847	12847_1	12847_2	BND	chr5	49661406	chr20	31074973		True	True	False	True	5	0	5	-302,9	-108,2	-211,9	-58,3	-211,9	-58,3	-302,9	-108,2	5	0	5	0	0	0
12863	12863_1	12863_2	BND	chr5	50196093	chr21	5371653		True	True	False	True	7	0	7	-490,9	-102,2	-612,9	-116,1	-612,9	-116,1	-490,9	-102,2	6	0	6	1	0	1
12887	12887_1	12887_2	BND	chr5	61522162	chr22	40846984		False	False	False	True	1	4	5	-8,8	0,0	-9,6	0,0	-9,6	0,0	-8,8	0,0	1	4	5	0	0	0
2202	2202		DEL	chr5	68398967	chr5	68399647	680.0	True		False		5	0	5	-10,643	-2,326	-644,9	-326,2					5	0	5	0	0	0
12702	12702_1	12702_2	BND	chr5	95492688	chr10	85403352		True	True	False	True	4	1	5	-10,9	-1,3	-10,9	-3,1	-10,9	-3,1	-10,9	-1,3	4	1	5	0	0	0
12724	12724_1	12724_2	BND	chr5	134210120	chr13	99373182		False	False	False	True	1	4	5	-8,8	0,0	-8,8	0,0	-8,8	0,0	-8,8	0,0	1	4	5	0	0	0
12581	12581_1	12581_2	BND	chr5	142269104	chr6	100262409		False	False	False	True	1	4	5	-9,6	0,0	-8,8	0,0	-8,8	0,0	-9,6	0,0	1	4	5	0	0	0
12582	12582_1	12582_2	BND	chr5	151849182	chr6	113578517		True	True	False	True	5	0	5	-291,9	-97,2	-10,596	-1,124	-10,596	-1,124	-291,9	-97,2	5	0	5	0	0	0
2355	2355		DEL	chr5	161245138	chr5	161253849	8711.0	True		False		8	0	8	-10,557	-2,84	-246,9	-50,3					7	0	7	1	0	1
12794	12794_1	12794_2	BND	chr5	178168875	chr18	48671984		False	False	False	True	6	5	11	-10,9	0,0	-10,8	0,0	-10,8	0,0	-10,9	0,0	6	4	10	0	1	1
13241	13241_1	13241_2	BND	chr6	150691	chr19	254061		True	True	False	True	8	0	8	-10,436	-2,100	-604,9	-108,0	-604,9	-108,0	-10,436	-2,100	7	0	7	1	0	1
13186	13186_1	13186_2	BND	chr6	11936672	chr10	9099535		True	True	False	True	3	2	5	-10,9	-1,1	-10,9	-1,0	-10,9	-1,0	-10,9	-1,1	3	2	5	0	0	0
13222	13222_1	13222_2	BND	chr6	16914863	chr15	50251855		False	False	False	True	1	4	5	-9,6	0,0	-9,6	0,0	-9,6	0,0	-9,6	0,0	1	4	5	0	0	0
13210	13210_1	13210_2	BND	chr6	23308577	chr14	40247369		False	False	False	True	1	4	5	-9,6	0,0	-8,8	0,0	-8,8	0,0	-9,6	0,0	1	4	5	0	0	0
2504	2504		DEL	chr6	32485298	chr6	32571275	85977.0	True		False		7	0	7	-10,148	-2,71	-471,9	-91,2					6	0	6	1	0	1
2490	2490		DEL	chr6	32520831	chr6	32556441	35610.0	True		False		7	0	7	-10,337	-3,61	-126,9	-57,2					6	0	6	1	0	1
2492	2492		DEL	chr6	32522154	chr6	32558121	35967.0	True		False		6	0	6	-10,540	-2,114	-617,9	-151,1					5	0	5	1	0	1
13198	13198_1	13198_2	BND	chr6	60239384	chr12	34681096		True	True	False	True	6	0	6	-10,443	-2,73	-567,9	-111,2	-567,9	-111,2	-10,443	-2,73	5	0	5	1	0	1
13267	13267_1	13267_2	BND	chr6	64534584	chrX	113535792		False	False	False	True	1	4	5	-8,8	0,0	-8,8	0,0	-8,8	0,0	-8,8	0,0	1	4	5	0	0	0
13212	13212_1	13212_2	BND	chr6	66363263	chr14	49330184		True	True	False	True	5	0	5	-601,5	-145,0	-8,579	0,143	-8,579	0,143	-601,5	-145,0	5	0	5	0	0	0
13203	13203_1	13203_2	BND	chr6	114425324	chr13	90851580		True	True	False	True	5	0	5	-580,9	-130,1	-10,549	-2,123	-10,549	-2,123	-580,9	-130,1	5	0	5	0	0	0
13167	13167_1	13167_2	BND	chr6	153232989	chr7	63015375		True	True	False	True	6	0	6	-6,551	0,133	-375,9	-114,0	-375,9	-114,0	-6,551	0,133	5	0	5	1	0	1
13169	13169_1	13169_2	BND	chr6	164807039	chr7	84690890		True	True	False	True	2	3	5	-1,9	-1,1	-10,6	-1,0	-10,6	-1,0	-1,9	-1,1	2	3	5	0	0	0
13178	13178_1	13178_2	BND	chr6	167651429	chr8	101652546		True	True	False	True	4	2	6	-10,9	-1,1	-7,9	-1,1	-7,9	-1,1	-10,9	-1,1	3	2	5	1	0	1
2797	2797		DEL	chr6	170168942	chr6	170170870	1928.0	True		False		6	0	6	-10,455	-2,90	-175,9	-50,3					5	0	5	1	0	1
3226	3226_1	3226_2	BND	chr7	19814035	chr7	149320584		False	False	False	True	1	5	6	-10,9	0,0	-10,9	0,0	-10,9	0,0	-10,9	0,0	1	4	5	0	1	1
13492	13492_1	13492_2	BND	chr7	27264231	chr18	11978918		True	True	False	True	6	0	6	-563,9	-126,1	-270,9	-73,3	-270,9	-73,3	-563,9	-126,1	5	0	5	1	0	1
13378	13378_1	13378_2	BND	chr7	34495121	chr9	75969879		False	False	False	True	1	4	5	-8,8	0,0	-8,8	0,0	-8,8	0,0	-8,8	0,0	1	4	5	0	0	0
2925	2925_1	2925_2	BND	chr7	39796341	chr7	51384281		True	True	False	True	6	0	6	-580,9	-110,2	-478,9	-89,2	-478,9	-89,2	-580,9	-110,2	6	0	6	0	0	0
13514	13514_1	13514_2	BND	chr7	44254777	chr21	43337088		True	True	False	True	5	0	5	-573,9	-130,0	-10,633	0,144	-10,633	0,144	-573,9	-130,0	5	0	5	0	0	0
2943	2943		DEL	chr7	57491685	chr7	57496385	4700.0	True		False		6	0	6	-10,380	-2,88	-307,9	-84,2					5	0	5	1	0	1
13486	13486_1	13486_2	BND	chr7	57650060	chr17	21677700		True	True	False	True	7	0	7	-502,9	-118,1	-10,252	-1,71	-10,252	-1,71	-502,9	-118,1	7	0	7	0	0	0
13474	13474_1	13474_2	BND	chr7	62309437	chr16	46390563		True	True	False	True	5	0	5	-10,556	-1,129	-526,9	-106,2	-526,9	-106,2	-10,556	-1,129	5	0	5	0	0	0
2973	2973		DEL	chr7	62651658	chr7	62652215	557.0	True		False		8	0	8	-10,296	-2,57	-285,9	-54,3					7	0	7	1	0	1
3025	3025_1	3025_2	BND	chr7	67186501	chr7	72625612		True	True	False	True	7	0	7	-589,9	-106,1	-454,9	-76,2	-454,9	-76,2	-589,9	-106,1	6	0	6	1	0	1
3024	3024_1	3024_2	BND	chr7	67186703	chr7	72625469		True	True	False	True	5	0	5	-10,561	-2,126	-10,382	-2,101	-10,382	-2,101	-10,561	-2,126	5	0	5	0	0	0
3022	3022_1	3022_2	BND	chr7	67253630	chr7	72561401		True	True	False	True	6	0	6	-10,404	-3,67	-10,527	-1,108	-10,527	-1,108	-10,404	-3,67	5	0	5	1	0	1
13433	13433_1	13433_2	BND	chr7	68449220	chr13	26339912		False	False	False	True	1	4	5	-8,8	0,0	-9,6	0,0	-9,6	0,0	-8,8	0,0	1	4	5	0	0	0
3046	3046		DUP	chr7	76501868	chr7	77001757	499889.0	True		False		6	0	6	-592,9	-107,2	-10,542	-1,127					5	0	5	1	0	1
3061	3061_1	3061_2	BND	chr7	86197466	chr7	86205374		True	True	False	True	6	0	6	-545,9	-108,2	-409,9	-90,2	-409,9	-90,2	-545,9	-108,2	5	0	5	1	0	1
13477	13477_1	13477_2	BND	chr7	92552122	chr16	64162323		True	True	False	True	5	0	5	-569,8	-134,0	-8,579	-1,145	-8,579	-1,145	-569,8	-134,0	5	0	5	0	0	0
13394	13394_1	13394_2	BND	chr7	96052342	chr10	105887397		False	False	False	True	1	4	5	-8,8	0,0	-8,8	0,0	-8,8	0,0	-8,8	0,0	1	4	5	0	0	0
13506	13506_1	13506_2	BND	chr7	100950995	chr20	2232282		True	True	False	True	6	0	6	-10,344	-2,91	-10,542	-1,131	-10,542	-1,131	-10,344	-2,91	6	0	6	0	0	0
13371	13371_1	13371_2	BND	chr7	142749789	chr9	33795902		True	True	False	True	6	0	6	-540,9	-115,2	-10,501	-2,99	-10,501	-2,99	-540,9	-115,2	5	0	5	1	0	1
3210	3210		DUP	chr7	142750170	chr7	142761166	10996.0	True		False		11	0	11	-587,9	-130,2	-10,521	-2,108					10	0	10	1	0	1
3214	3214		DEL	chr7	142761249	chr7	142771747	10498.0	True		False		6	0	6	-10,433	-2,91	-564,9	-107,2					5	0	5	1	0	1
13374	13374_1	13374_2	BND	chr7	142774890	chr9	33799673		True	True	False	True	8	0	8	-10,589	-2,165	-626,9	-172,1	-626,9	-172,1	-10,589	-2,165	7	0	7	1	0	1
13377	13377_1	13377_2	BND	chr7	142778025	chr9	33802631		True	True	False	True	7	0	7	-10,485	-2,103	-572,9	-120,2	-572,9	-120,2	-10,485	-2,103	6	0	6	1	0	1
13534	13534_1	13534_2	BND	chr7	152408188	chr22	10775416		True	True	False	True	6	0	6	-508,9	-106,2	-10,421	-3,71	-10,421	-3,71	-508,9	-106,2	5	0	5	1	0	1
3260	3260		DUP	chr7	155615040	chr7	155615625	585.0	True		False		6	0	6	-496,9	-91,2	-10,518	-2,108					5	0	5	1	0	1
3149	3149		DEL	chr7	158088202	chr7	158089597	1395.0	True		False		6	0	6	-10,258	-3,54	-622,9	-125,1					5	0	5	1	0	1
3294	3294		DEL	chr8	1798268	chr8	1798711	443.0	True		False		8	0	8	-10,325	-3,43	-371,9	-64,1					7	0	7	1	0	1
3296	3296		DEL	chr8	1888963	chr8	1889761	798.0	False		False		1	4	5	-10,9	0,0	-9,8	0,0					1	4	5	0	0	0
3319	3319		DEL	chr8	12569819	chr8	12627899	58080.0	True		False		6	0	6	-10,184	-1,79	-502,9	-116,2					6	0	6	0	0	0
13760	13760_1	13760_2	BND	chr8	14513521	chr11	103984783		False	False	False	True	1	4	5	-9,8	0,0	-9,6	0,0	-9,6	0,0	-9,8	0,0	1	4	5	0	0	0
13776	13776_1	13776_2	BND	chr8	43237774	chr14	16093478		True	True	False	True	6	0	6	-132,9	-48,3	-10,105	-2,56	-10,105	-2,56	-132,9	-48,3	5	0	5	1	0	1
3362	3362		DUP	chr8	43239093	chr8	43239883	790.0	True		False		6	0	6	-456,9	-93,2	-10,251	-1,85					5	0	5	1	0	1
3440	3440		DEL	chr8	79117118	chr8	79224760	107642.0	True		False		7	0	7	-10,473	-1,114	-432,9	-93,1					7	0	7	0	0	0
13769	13769_1	13769_2	BND	chr8	100709644	chr13	25097250		True	True	False	True	6	0	6	-10,546	-1,125	-10,402	-3,70	-10,402	-3,70	-10,546	-1,125	5	0	5	1	0	1
3490	3490		INV	chr8	113312117	chr8	113312421	304.0	True		False		2	3	5	-10,9	-1,1	-10,9	-1,1					2	3	5	0	0	0
13773	13773_1	13773_2	BND	chr8	115009432	chr13	107887392		True	True	False	True	6	0	6	-644,9	-133,0	-10,450	-2,97	-10,450	-2,97	-644,9	-133,0	5	0	5	1	0	1
13793	13793_1	13793_2	BND	chr8	121236684	chr16	60884404		True	True	False	True	3	3	6	-10,9	-1,1	-10,9	-1,1	-10,9	-1,1	-10,9	-1,1	3	3	6	0	0	0
13791	13791_1	13791_2	BND	chr8	126241991	chr16	48520154		False	False	False	True	1	4	5	-8,8	0,0	-9,6	0,0	-9,6	0,0	-8,8	0,0	1	4	5	0	0	0
3511	3511_1	3511_2	BND	chr8	128501700	chr8	128501798		False	False	False	True	1	4	5	-9,6	0,0	-10,9	0,0	-10,9	0,0	-9,6	0,0	1	4	5	0	0	0
13796	13796_1	13796_2	BND	chr8	131901981	chr16	58719840		True	True	False	True	8	0	8	-435,9	-90,1	-7,412	0,91	-7,412	0,91	-435,9	-90,1	8	0	8	0	0	0
13799	13799_1	13799_2	BND	chr8	131902180	chr16	66023938		False	False	False	True	10	8	18	-10,9	0,0	-10,9	0,0	-10,9	0,0	-10,9	0,0	10	8	18	0	0	0
3552	3552		DEL	chr8	144023299	chr8	144023831	532.0	True		False		5	0	5	-10,335	-2,84	-477,9	-84,2					5	0	5	0	0	0
13900	13900_1	13900_2	BND	chr9	809086	chr10	132514643		True	True	False	True	2	3	5	-10,9	-1,1	-9,9	-1,2	-9,9	-1,2	-10,9	-1,1	2	3	5	0	0	0
13933	13933_1	13933_2	BND	chr9	21742326	chr16	78864243		False	False	False	True	1	4	5	-8,8	0,0	-9,6	0,0	-9,6	0,0	-8,8	0,0	1	4	5	0	0	0
13968	13968_1	13968_2	BND	chr9	31121849	chr20	47930523		False	False	False	True	1	4	5	-9,6	0,0	-9,6	0,0	-9,6	0,0	-9,6	0,0	1	4	5	0	0	0
13981	13981_1	13981_2	BND	chr9	43185817	chr22	16056920		True	True	False	True	12	0	12	-301,9	-54,1	-315,9	-66,2	-315,9	-66,2	-301,9	-54,1	12	0	12	0	0	0
13992	13992_1	13992_2	BND	chr9	64028870	chrY	11115378		True	True	False	True	6	0	6	-10,537	-1,124	-540,9	-94,2	-540,9	-94,2	-10,537	-1,124	5	0	5	1	0	1
3661	3661_1	3661_2	BND	chr9	65285746	chr9	65735742		True	True	False	True	6	0	6	-537,9	-116,2	-575,9	-111,1	-575,9	-111,1	-537,9	-116,2	5	0	5	1	0	1
13950	13950_1	13950_2	BND	chr9	73106220	chr19	42830143		False	False	False	True	1	4	5	-9,6	0,0	-9,6	0,0	-9,6	0,0	-9,6	0,0	1	4	5	0	0	0
3680	3680		DEL	chr9	76443900	chr9	76443990	90.0	False		False		1	8	9	-5,3	0,0	-10,9	0,0					1	8	9	0	0	0
3689	3689		DEL	chr9	81863875	chr9	81864161	286.0	True		False		2	5	7	0,7	0,1	-10,9	0,0					2	4	6	0	1	1
13954	13954_1	13954_2	BND	chr9	95433758	chr20	10065762		False	False	False	True	1	4	5	-8,8	0,0	-8,8	0,0	-8,8	0,0	-8,8	0,0	1	4	5	0	0	0
13991	13991_1	13991_2	BND	chr9	112525919	chrX	104761983		True	True	False	True	5	0	5	-464,9	-98,2	-10,579	-1,141	-10,579	-1,141	-464,9	-98,2	5	0	5	0	0	0
3752	3752		DEL	chr9	123601357	chr9	123601864	507.0	True		False		5	0	5	-10,414	-2,136	-484,9	-132,2					5	0	5	0	0	0
8847	8847		DEL	chrX	1509189	chrX	1509777	588.0	True		False		6	0	6	-10,525	-2,118	-161,9	-67,3					5	0	5	1	0	1
16556	16556_1	16556_2	BND	chrX	8531172	chrY	13917690		True	True	False	True	5	0	5	-544,9	-126,2	-600,9	-126,1	-600,9	-126,1	-544,9	-126,2	5	0	5	0	0	0
8894	8894		DEL	chrX	40645934	chrX	40646484	550.0	True		False		6	0	6	-10,414	-1,78	-373,9	-69,3					5	0	5	1	0	1
8897	8897		DEL	chrX	46825705	chrX	46826287	582.0	True		False		5	0	5	-10,278	-2,127	-456,9	-138,2					5	0	5	0	0	0
8931	8931_1	8931_2	BND	chrX	73033702	chrX	73063754		True	True	False	True	7	0	7	-399,9	-78,2	-521,9	-116,1	-521,9	-116,1	-399,9	-78,2	6	0	6	1	0	1
16563	16563_1	16563_2	BND	chrX	89204742	chrY	6535211		True	True	False	True	5	0	5	-595,9	-134,1	-10,548	-2,119	-10,548	-2,119	-595,9	-134,1	5	0	5	0	0	0
8975	8975_1	8975_2	BND	chrX	113043425	chrX	113043761		False	False	False	True	1	4	5	-8,8	0,0	-8,8	0,0	-8,8	0,0	-8,8	0,0	1	4	5	0	0	0
9073	9073		DEL	chrY	11293903	chrY	11294339	436.0	True		False		19	1	20	-10,9	-4,2	-10,9	-2,4					18	1	19	1	0	1
9115	9115		DEL	chrY	11643797	chrY	11721925	78128.0	True		False		6	0	6	-7,547	-1,132	-595,9	-118,1					5	0	5	1	0	1
9147	9147		DEL	chrY	56830287	chrY	56834449	4162.0	True		False		8	0	8	-10,323	-2,60	-466,4	-122,1					8	0	8	0	0	0
9179	9179		DEL	chrY	56838705	chrY	56851299	12594.0	True		False		6	0	6	-10,534	-1,120	-300,9	-72,2					5	0	5	1	0	1
