event	id_be1	id_be2	type	chrom_be1	pos_be1	chrom_be2	pos_be2	length	imprecise_be1	imprecise_be2	secondary_be1	secondary_be2	junction_support_pe	junction_support_sr	junction_support_su	confidence_interval_pos_be1	confidence_interval_pos_95_be1	confidence_interval_end_be1	confidence_interval_end_95_be1	confidence_interval_pos_be2	confidence_interval_pos_95_be2	confidence_interval_end_be2	confidence_interval_end_95_be2	tum_support_pe	tum_support_sr	tum_support_su	norm_support_pe	norm_support_sr	norm_support_su
25967	25967_1	25967_2	BND	chr1	876043	chr2	32916231		True	True	False	True	6	0	6	-267,9	-58,3	-397,9	-71,3	-397,9	-71,3	-267,9	-58,3	5	0	5	1	0	1
25968	25968_1	25968_2	BND	chr1	977871	chr2	32916230		True	True	False	True	9	0	9	-276,9	-41,3	-627,9	-101,0	-627,9	-101,0	-276,9	-41,3	8	0	8	1	0	1
25976	25976_1	25976_2	BND	chr1	2019242	chr2	32916403		True	True	False	True	6	0	6	-10,496	0,99	-610,9	-115,1	-610,9	-115,1	-10,496	0,99	5	0	5	1	0	1
25977	25977_1	25977_2	BND	chr1	2641159	chr2	32916244		True	True	False	True	5	0	5	-10,298	-3,76	-396,9	-71,3	-396,9	-71,3	-10,298	-3,76	5	0	5	0	0	0
19	19		DEL	chr1	2650319	chr1	2650790	471.0	True		False		5	0	5	-10,130	-3,60	-3,9	-3,3					5	0	5	0	0	0
36	36		DUP	chr1	4144460	chr1	4144746	286.0	True		False		6	0	6	-617,9	-115,2	-10,530	-2,108					5	0	5	1	0	1
44	44		DEL	chr1	4420292	chr1	4420357	65.0	True		False		1	7	8	-5,6	0,1	-5,4	0,0					1	6	7	0	1	1
54	54		DEL	chr1	5097124	chr1	5097793	669.0	True		False		5	0	5	-10,510	-2,183	-616,9	-201,2					5	0	5	0	0	0
60	60		DEL	chr1	5395148	chr1	5395586	438.0	True		False		5	0	5	-10,436	-2,83	-248,9	-68,3					5	0	5	0	0	0
26350	26350_1	26350_2	BND	chr1	5667418	chr20	29787963		True	True	False	True	5	0	5	-10,423	-3,80	-10,575	-1,124	-10,575	-1,124	-10,423	-3,80	5	0	5	0	0	0
26347	26347_1	26347_2	BND	chr1	5671060	chr20	29346210		True	True	False	True	9	0	9	-10,388	-2,80	-10,377	-1,85	-10,377	-1,85	-10,388	-2,80	8	0	8	1	0	1
68	68		DEL	chr1	6431990	chr1	6432518	528.0	True		False		5	0	5	-10,306	-2,129	-354,9	-130,2					5	0	5	0	0	0
71	71		DEL	chr1	6638628	chr1	6639229	601.0	True		False		5	0	5	-10,173	-2,89	-523,9	-122,2					5	0	5	0	0	0
72	72		DEL	chr1	6703993	chr1	6704697	704.0	True		False		6	0	6	-10,548	-2,143	-319,9	-106,3					5	0	5	1	0	1
26016	26016_1	26016_2	BND	chr1	7018144	chr2	133663292		True	True	False	True	5	2	7	-10,9	-1,1	-10,9	-1,1	-10,9	-1,1	-10,9	-1,1	5	2	7	0	0	0
76	76		DEL	chr1	7068374	chr1	7068696	322.0	True		False		5	0	5	-10,80	-3,41	-285,9	-79,3					5	0	5	0	0	0
79	79		DEL	chr1	7177463	chr1	7177634	171.0	True		False		4	2	6	-10,9	-1,1	0,8	0,2					3	2	5	1	0	1
80	80		DEL	chr1	7320877	chr1	7321361	484.0	True		False		7	0	7	-10,198	-2,87	-278,9	-95,2					7	0	7	0	0	0
81	81		DEL	chr1	7483520	chr1	7483908	388.0	True		False		5	0	5	-10,182	-2,82	-264,9	-66,3					5	0	5	0	0	0
91	91		DEL	chr1	8684967	chr1	8685074	107.0	True		False		4	1	5	-10,9	-3,3	-10,9	-3,3					4	1	5	0	0	0
94	94		DEL	chr1	8842946	chr1	8843783	837.0	True		False		5	0	5	-10,476	-2,180	-618,9	-201,2					5	0	5	0	0	0
99	99		DEL	chr1	9456662	chr1	9456872	210.0	True		False		5	0	5	-10,88	-3,46	-164,9	-68,3					5	0	5	0	0	0
100	100		DEL	chr1	9512763	chr1	9513312	549.0	True		False		5	0	5	-10,388	-2,130	-475,9	-132,2					5	0	5	0	0	0
102	102		DEL	chr1	9754642	chr1	9755505	863.0	True		False		5	0	5	-10,559	-2,188	-622,9	-203,2					5	0	5	0	0	0
84	84		DEL	chr1	10059711	chr1	10060112	401.0	True		False		6	0	6	-10,260	-3,77	-225,9	-70,3					6	0	6	0	0	0
114	114		DEL	chr1	11129396	chr1	11129816	420.0	True		False		6	0	6	-10,233	-2,95	-165,9	-84,2					5	0	5	1	0	1
116	116		DEL	chr1	11281664	chr1	11281847	183.0	True		False		5	0	5	-10,75	-2,44	-117,9	-51,3					5	0	5	0	0	0
120	120		DEL	chr1	11461271	chr1	11461705	434.0	True		False		5	0	5	-10,262	-3,76	-399,9	-76,3					5	0	5	0	0	0
121	121		DEL	chr1	11463765	chr1	11464405	640.0	True		False		5	0	5	-10,574	-2,191	-588,9	-194,2					5	0	5	0	0	0
122	122		DEL	chr1	11485507	chr1	11486211	704.0	True		False		5	0	5	-10,540	-2,150	-452,9	-127,2					5	0	5	0	0	0
130	130		DEL	chr1	12037537	chr1	12037641	104.0	True		False		6	0	6	-10,102	-2,57	-64,9	-44,2					5	0	5	1	0	1
134	134		INV	chr1	12403894	chr1	12404152	258.0	True		False		3	2	5	-24,0	-24,0	0,57	0,46					3	2	5	0	0	0
138	138		DEL	chr1	12723976	chr1	12724613	637.0	True		False		5	0	5	-10,419	-2,144	-413,9	-140,2					5	0	5	0	0	0
146	146		DEL	chr1	13592656	chr1	13594039	1383.0	True		False		5	0	5	-10,649	-2,328	-650,9	-328,2					5	0	5	0	0	0
156	156		DEL	chr1	14276073	chr1	14276870	797.0	True		False		5	0	5	-10,554	-2,187	-598,9	-196,2					5	0	5	0	0	0
157	157		DEL	chr1	14285820	chr1	14285917	97.0	True		False		5	0	5	-10,20	-2,16	-75,9	-39,2					5	0	5	0	0	0
158	158		DEL	chr1	14350560	chr1	14351090	530.0	True		False		5	0	5	-10,528	-2,139	-335,9	-125,2					5	0	5	0	0	0
162	162		DEL	chr1	14657919	chr1	14658206	287.0	True		False		5	0	5	-10,236	-3,69	-47,9	-33,2					5	0	5	0	0	0
164	164		DEL	chr1	14678055	chr1	14678387	332.0	True		False		4	1	5	-10,9	-3,3	-10,9	-3,3					4	1	5	0	0	0
26307	26307_1	26307_2	BND	chr1	15225218	chr17	49377691		True	True	False	True	5	0	5	-402,9	-72,3	-650,9	-138,0	-650,9	-138,0	-402,9	-72,3	5	0	5	0	0	0
173	173		DEL	chr1	15385986	chr1	15386610	624.0	True		False		6	0	6	-10,564	-2,122	-70,9	-50,2					6	0	6	0	0	0
175	175		DEL	chr1	15434290	chr1	15435136	846.0	True		False		5	0	5	-10,445	-2,179	-646,9	-210,2					5	0	5	0	0	0
192	192		DEL	chr1	16037307	chr1	16060530	23223.0	True		False		10	0	10	-10,360	-2,74	-308,9	-65,0					9	0	9	1	0	1
196	196		DEL	chr1	16605601	chr1	16605932	331.0	True		False		5	0	5	-10,234	-2,84	-55,9	-36,2					5	0	5	0	0	0
198	198		DEL	chr1	16615371	chr1	16615911	540.0	True		False		5	0	5	-10,344	-2,101	-143,9	-77,2					5	0	5	0	0	0
205	205_1	205_2	BND	chr1	16623630	chr1	16949123		True	True	False	True	10	0	10	-10,357	-2,63	-10,374	-2,72	-10,374	-2,72	-10,357	-2,63	9	0	9	1	0	1
201	201		DEL	chr1	16720968	chr1	16721656	688.0	True		False		5	0	5	-10,631	-2,206	-582,9	-192,2					5	0	5	0	0	0
202	202		DEL	chr1	16727073	chr1	16727436	363.0	True		False		5	0	5	-10,304	-3,70	-341,9	-88,2					5	0	5	0	0	0
265	265_1	265_2	BND	chr1	16850024	chr1	21418711		True	True	False	True	5	0	5	-620,9	-131,1	-285,9	-109,2	-285,9	-109,2	-620,9	-131,1	5	0	5	0	0	0
214	214		DEL	chr1	17414266	chr1	17414778	512.0	True		False		6	0	6	-10,457	-2,76	-380,9	-75,2					6	0	6	0	0	0
218	218		DEL	chr1	18180266	chr1	18180551	285.0	True		False		5	0	5	-10,269	-2,95	-80,9	-54,2					5	0	5	0	0	0
219	219		DEL	chr1	18229591	chr1	18229862	271.0	True		False		6	0	6	-4,0	-4,0	-198,9	-63,3					5	0	5	1	0	1
223	223		DEL	chr1	18586124	chr1	18586587	463.0	True		False		5	0	5	-10,456	-2,104	-54,9	-38,2					5	0	5	0	0	0
183	183		DEL	chr1	18824913	chr1	18825783	870.0	True		False		7	0	7	-10,590	-2,147	-149,9	-91,2					6	0	6	1	0	1
232	232		DEL	chr1	19128029	chr1	19128382	353.0	True		False		5	0	5	-10,248	-2,113	-280,9	-118,2					5	0	5	0	0	0
233	233		DEL	chr1	19160765	chr1	19161499	734.0	True		False		6	0	6	-10,482	-2,181	-570,9	-190,2					5	0	5	1	0	1
239	239		DEL	chr1	19489229	chr1	19489671	442.0	True		False		6	0	6	-10,417	-2,100	-163,9	-81,2					6	0	6	0	0	0
26267	26267_1	26267_2	BND	chr1	20382469	chr14	79257472		True	True	False	True	3	3	6	-9,9	-1,1	-10,1	-3,0	-10,1	-3,0	-9,9	-1,1	3	2	5	0	1	1
250	250		DEL	chr1	20605503	chr1	20606197	694.0	True		False		8	0	8	-10,359	-3,60	-141,9	-54,3					7	0	7	1	0	1
252	252		DEL	chr1	20766818	chr1	20767876	1058.0	True		False		7	0	7	-10,572	-2,191	-452,9	-179,2					7	0	7	0	0	0
253	253		DEL	chr1	20797408	chr1	20798115	707.0	True		False		5	0	5	-10,195	-2,112	-182,9	-114,2					5	0	5	0	0	0
254	254		DEL	chr1	20913699	chr1	20914092	393.0	True		False		5	0	5	-10,281	-3,91	-335,9	-102,2					5	0	5	0	0	0
256	256		DEL	chr1	20938069	chr1	20938449	380.0	True		False		5	0	5	-10,197	-3,64	-244,9	-95,2					5	0	5	0	0	0
258	258		DEL	chr1	21016656	chr1	21016815	159.0	True		False		6	0	6	-10,131	-3,43	-125,9	-55,3					6	0	6	0	0	0
259	259		DEL	chr1	21021903	chr1	21022808	905.0	True		False		5	0	5	-10,649	-2,328	-650,9	-328,2					5	0	5	0	0	0
262	262		DEL	chr1	21137460	chr1	21137650	190.0	True		False		6	0	6	-10,53	-2,37	-177,9	-83,2					5	0	5	1	0	1
270	270		DEL	chr1	21817799	chr1	21818337	538.0	True		False		6	0	6	-10,414	-2,93	-263,9	-69,3					5	0	5	1	0	1
275	275		DEL	chr1	21985896	chr1	22008751	22855.0	True		False		6	0	6	-10,344	-2,73	-617,9	-111,2					5	0	5	1	0	1
282	282		DEL	chr1	23247909	chr1	23248220	311.0	True		False		5	0	5	-10,81	-3,44	-98,9	-61,2					5	0	5	0	0	0
283	283		DEL	chr1	23349459	chr1	23350200	741.0	True		False		7	0	7	-10,643	-2,206	-557,9	-180,2					6	0	6	1	0	1
288	288		DEL	chr1	23570233	chr1	23570853	620.0	True		False		7	0	7	-10,585	-2,157	-565,9	-154,2					7	0	7	0	0	0
292	292		DEL	chr1	24123162	chr1	24123704	542.0	True		False		5	0	5	-10,432	-2,178	-540,9	-185,2					5	0	5	0	0	0
295	295		DEL	chr1	24420000	chr1	24420872	872.0	True		False		5	0	5	-10,492	-2,181	-649,9	-211,1					5	0	5	0	0	0
25985	25985_1	25985_2	BND	chr1	24730353	chr2	32916357		True	True	False	True	5	1	6	-10,9	-3,3	-10,9	-3,3	-10,9	-3,3	-10,9	-3,3	5	1	6	0	0	0
305	305		DEL	chr1	25355968	chr1	25356548	580.0	True		False		5	0	5	-10,474	-2,139	-542,9	-149,2					5	0	5	0	0	0
308	308		DEL	chr1	25548225	chr1	25548335	110.0	True		False		5	0	5	-10,14	-2,12	-53,9	-27,3					5	0	5	0	0	0
309	309		DEL	chr1	25630809	chr1	25631387	578.0	True		False		5	0	5	-10,51	-2,35	-560,9	-121,2					5	0	5	0	0	0
26143	26143_1	26143_2	BND	chr1	26252852	chr7	24972663		False	False	False	True	1	4	5	-9,6	0,0	-9,6	0,0	-9,6	0,0	-9,6	0,0	1	4	5	0	0	0
316	316		DEL	chr1	26501388	chr1	26502263	875.0	True		False		5	0	5	-10,544	-2,186	-358,9	-172,2					5	0	5	0	0	0
317	317		DEL	chr1	26524050	chr1	26524497	447.0	True		False		5	0	5	-10,445	-2,135	-330,9	-123,2					5	0	5	0	0	0
187	187		DEL	chr1	26591178	chr1	26591508	330.0	True		False		6	0	6	-10,189	-3,82	-209,9	-97,2					6	0	6	0	0	0
318	318		DEL	chr1	26662189	chr1	26662759	570.0	True		False		6	0	6	-10,353	-2,138	-511,9	-129,2					6	0	6	0	0	0
321	321		DEL	chr1	26840515	chr1	26841356	841.0	True		False		6	0	6	-10,297	-2,162	-247,9	-148,2					6	0	6	0	0	0
26038	26038_1	26038_2	BND	chr1	27086628	chr2	234517026		True	True	False	True	6	0	6	-6,555	0,123	-6,555	0,123	-6,555	0,123	-6,555	0,123	5	0	5	1	0	1
326	326		DEL	chr1	27150919	chr1	27151389	470.0	True		False		6	0	6	-10,438	-2,178	-469,9	-181,2					6	0	6	0	0	0
328	328		DEL	chr1	27225128	chr1	27225243	115.0	True		False		4	2	6	-10,9	-1,1	-10,9	-1,1					3	2	5	1	0	1
332	332		DEL	chr1	27507198	chr1	27507928	730.0	True		False		6	0	6	-10,529	-2,145	-576,9	-134,2					5	0	5	1	0	1
335	335		DEL	chr1	27889016	chr1	27889396	380.0	True		False		5	0	5	-10,0	-10,0	-217,9	-86,2					5	0	5	0	0	0
352	352		DEL	chr1	29389413	chr1	29390132	719.0	True		False		5	0	5	-10,438	-2,132	-512,9	-134,2					5	0	5	0	0	0
356	356		DEL	chr1	29825313	chr1	29825334	21.0	False		False		1	6	7	-8,5	0,0	-6,5	0,0					1	5	6	0	1	1
360	360		DEL	chr1	30078870	chr1	30079073	203.0	True		False		7	0	7	-10,201	-2,110	-202,9	-107,2					6	0	6	1	0	1
361	361		DEL	chr1	30092617	chr1	30092916	299.0	True		False		6	0	6	-10,57	-2,39	-58,9	-35,2					5	0	5	1	0	1
370	370		DEL	chr1	30602633	chr1	30603279	646.0	True		False		6	0	6	-10,518	-3,173	-540,9	-196,2					5	0	5	1	0	1
372	372		DEL	chr1	30682807	chr1	30683053	246.0	True		False		5	0	5	-10,98	-2,53	-49,9	-35,2					5	0	5	0	0	0
378	378		DEL	chr1	30974400	chr1	30974928	528.0	True		False		5	0	5	-10,490	-2,127	-450,9	-145,2					5	0	5	0	0	0
26085	26085_1	26085_2	BND	chr1	31022106	chr4	189988854		False	False	False	True	1	4	5	-8,8	0,0	-9,6	0,0	-9,6	0,0	-8,8	0,0	1	4	5	0	0	0
381	381		DEL	chr1	31207049	chr1	31207335	286.0	True		False		5	0	5	-10,260	-2,126	-128,9	-79,2					5	0	5	0	0	0
385	385		DEL	chr1	31402605	chr1	31403380	775.0	True		False		5	0	5	-10,573	-2,191	-380,9	-174,2					5	0	5	0	0	0
386	386		DEL	chr1	31511539	chr1	31512097	558.0	True		False		6	0	6	-10,524	-2,116	-494,9	-97,2					5	0	5	1	0	1
411	411		DEL	chr1	32348943	chr1	32349167	224.0	True		False		6	0	6	-10,118	-3,49	-177,9	-50,3					5	0	5	1	0	1
412	412		DEL	chr1	32441240	chr1	32441609	369.0	True		False		5	0	5	-10,44	-2,33	-89,9	-57,2					5	0	5	0	0	0
414	414		DEL	chr1	32554266	chr1	32554884	618.0	True		False		5	0	5	-10,584	-2,193	-617,9	-208,2					5	0	5	0	0	0
420	420		DEL	chr1	33042563	chr1	33042927	364.0	True		False		5	0	5	-10,202	-2,117	-363,9	-120,3					5	0	5	0	0	0
435	435		DEL	chr1	34856115	chr1	34856656	541.0	True		False		5	0	5	-10,524	-2,147	-244,9	-114,2					5	0	5	0	0	0
439	439		DEL	chr1	35098153	chr1	35098477	324.0	True		False		5	0	5	-10,272	-3,90	-251,9	-89,3					5	0	5	0	0	0
441	441		DEL	chr1	35391812	chr1	35392358	546.0	True		False		5	0	5	-10,484	-2,148	-499,9	-133,2					5	0	5	0	0	0
442	442		DEL	chr1	35450883	chr1	35451732	849.0	True		False		5	0	5	-10,641	-2,209	-595,9	-195,2					5	0	5	0	0	0
457	457		DEL	chr1	36499313	chr1	36500049	736.0	True		False		5	0	5	-10,536	-2,185	-530,9	-184,2					5	0	5	0	0	0
469	469		DEL	chr1	37624354	chr1	37624931	577.0	True		False		5	0	5	-10,469	-2,135	-261,9	-117,2					5	0	5	0	0	0
476	476		DEL	chr1	38293499	chr1	38293632	133.0	True		False		5	0	5	-10,28	-2,23	-114,9	-48,3					5	0	5	0	0	0
477	477		DEL	chr1	38297980	chr1	38298728	748.0	True		False		6	0	6	-10,473	-2,148	-76,9	-57,2					6	0	6	0	0	0
482	482		DEL	chr1	38621758	chr1	38622134	376.0	True		False		5	0	5	-10,337	-2,85	-132,9	-57,3					5	0	5	0	0	0
484	484		DEL	chr1	38948648	chr1	38948860	212.0	True		False		5	0	5	-10,105	-2,62	-210,9	-98,2					5	0	5	0	0	0
490	490		DEL	chr1	39603949	chr1	39604546	597.0	True		False		6	0	6	-10,509	-2,150	-539,9	-121,2					5	0	5	1	0	1
26246	26246_1	26246_2	BND	chr1	39664514	chr12	114874647		True	True	False	True	10	0	10	-10,190	0,61	-6,385	0,102	-6,385	0,102	-10,190	0,61	9	0	9	1	0	1
509	509		DEL	chr1	41199492	chr1	41200075	583.0	True		False		5	0	5	-10,453	-2,179	-373,9	-173,2					5	0	5	0	0	0
512	512		DEL	chr1	41306205	chr1	41306268	63.0	True		False		5	0	5	-10,4	-3,4	-62,9	-37,2					5	0	5	0	0	0
520	520		DEL	chr1	42318922	chr1	42319439	517.0	True		False		5	0	5	-10,443	-2,87	-167,9	-67,3					5	0	5	0	0	0
523	523		DEL	chr1	42712015	chr1	42712844	829.0	True		False		5	0	5	-10,578	-2,192	-629,9	-205,2					5	0	5	0	0	0
527	527		DEL	chr1	43044401	chr1	43045187	786.0	True		False		7	0	7	-10,527	-2,148	-526,9	-135,2					7	0	7	0	0	0
531	531		DEL	chr1	43523800	chr1	43524207	407.0	True		False		5	0	5	-10,174	-3,70	-340,9	-85,2					5	0	5	0	0	0
398	398		DEL	chr1	43613720	chr1	43614382	662.0	True		False		6	0	6	-10,442	-2,124	-559,9	-143,2					6	0	6	0	0	0
538	538		DEL	chr1	44063981	chr1	44064460	479.0	True		False		6	0	6	-10,321	-2,98	-392,9	-111,2					6	0	6	0	0	0
543	543		DEL	chr1	44709791	chr1	44710511	720.0	True		False		8	0	8	-10,0	-10,0	-432,9	-73,2					7	0	7	1	0	1
547	547		DEL	chr1	44849209	chr1	44849510	301.0	True		False		5	0	5	-10,226	-3,68	-114,9	-52,3					5	0	5	0	0	0
552	552_1	552_2	BND	chr1	45051546	chr1	45051706		True	True	False	True	3	2	5	-10,0	-3,0	-3,8	-1,0	-3,8	-1,0	-10,0	-3,0	3	2	5	0	0	0
399	399		DEL	chr1	45120808	chr1	45121339	531.0	True		False		6	0	6	-10,370	-2,145	-211,9	-101,2					5	0	5	1	0	1
566	566		DEL	chr1	46279931	chr1	46280250	319.0	True		False		7	0	7	-10,220	-3,48	-168,9	-52,3					6	0	6	1	0	1
567	567		DEL	chr1	46293699	chr1	46294438	739.0	True		False		5	0	5	-10,535	-2,149	-201,9	-122,1					5	0	5	0	0	0
569	569		DEL	chr1	46417874	chr1	46418962	1088.0	True		False		5	0	5	-10,625	-2,204	-603,9	-197,2					5	0	5	0	0	0
571	571		DEL	chr1	46475946	chr1	46476229	283.0	True		False		5	0	5	-10,281	-3,68	-282,9	-77,3					5	0	5	0	0	0
572	572		DEL	chr1	46545789	chr1	46546422	633.0	True		False		5	0	5	-10,476	-2,145	-517,9	-128,2					5	0	5	0	0	0
574	574		DEL	chr1	47254025	chr1	47254564	539.0	True		False		5	0	5	-10,415	-2,109	-261,9	-89,3					5	0	5	0	0	0
575	575		DEL	chr1	47384875	chr1	47385383	508.0	True		False		5	0	5	-10,364	-2,96	-471,9	-111,2					5	0	5	0	0	0
585	585		DEL	chr1	48235210	chr1	48236336	1126.0	True		False		5	0	5	-10,649	-2,328	-650,9	-328,2					5	0	5	0	0	0
590	590		DEL	chr1	48549400	chr1	48550009	609.0	True		False		5	0	5	-10,504	-2,130	-491,9	-128,2					5	0	5	0	0	0
605	605		DEL	chr1	50249064	chr1	50249382	318.0	True		False		5	0	5	-10,13	-2,12	-128,9	-75,2					5	0	5	0	0	0
616	616		DEL	chr1	51553198	chr1	51554342	1144.0	True		False		5	0	5	-10,649	-2,328	-650,9	-328,2					5	0	5	0	0	0
622	622		DEL	chr1	52048395	chr1	52049095	700.0	True		False		5	0	5	-10,606	-2,198	-571,9	-190,2					5	0	5	0	0	0
1839	1839_1	1839_2	BND	chr1	52401109	chr1	200138537		False	False	False	True	1	4	5	-9,6	0,0	-9,6	0,0	-9,6	0,0	-9,6	0,0	1	4	5	0	0	0
632	632		DEL	chr1	52902182	chr1	52902606	424.0	True		False		5	0	5	-10,372	-3,77	-315,9	-90,2					5	0	5	0	0	0
26314	26314_1	26314_2	BND	chr1	53425338	chr17	76610530		True	True	False	True	12	0	12	-361,9	-89,1	-180,9	-52,2	-180,9	-52,2	-361,9	-89,1	11	0	11	1	0	1
640	640		DEL	chr1	53573962	chr1	53575037	1075.0	True		False		5	0	5	-10,642	-2,209	-638,9	-208,2					5	0	5	0	0	0
644	644		DEL	chr1	53708177	chr1	53709070	893.0	True		False		5	0	5	-10,642	-2,209	-650,9	-211,1					5	0	5	0	0	0
645	645		DEL	chr1	53760789	chr1	53761786	997.0	True		False		5	0	5	-10,649	-2,328	-650,9	-328,2					5	0	5	0	0	0
650	650		DEL	chr1	53904928	chr1	53905410	482.0	True		False		5	0	5	-10,463	-2,91	-285,9	-75,3					5	0	5	0	0	0
657	657		DEL	chr1	54610235	chr1	54610961	726.0	True		False		6	0	6	-10,508	-2,132	-603,9	-158,2					6	0	6	0	0	0
664	664		DEL	chr1	55046745	chr1	55046857	112.0	True		False		5	0	5	-10,36	-2,29	-36,9	-22,3					5	0	5	0	0	0
666	666		DEL	chr1	55302347	chr1	55302816	469.0	True		False		5	0	5	-10,386	-2,125	-468,9	-127,2					5	0	5	0	0	0
667	667		DEL	chr1	55364679	chr1	55364990	311.0	True		False		5	0	5	-10,175	-2,86	-122,9	-74,2					5	0	5	0	0	0
672	672_1	672_2	BND	chr1	56208976	chr1	56209216		False	False	False	True	1	4	5	-8,8	0,0	-8,8	0,0	-8,8	0,0	-8,8	0,0	1	4	5	0	0	0
674	674		DEL	chr1	56381105	chr1	56381400	295.0	True		False		5	0	5	-10,108	-3,54	-5,9	-4,3					5	0	5	0	0	0
684	684_1	684_2	BND	chr1	56636382	chr1	56636485		False	False	False	True	1	4	5	-9,6	0,0	-8,6	0,0	-8,6	0,0	-9,6	0,0	1	4	5	0	0	0
686	686		DEL	chr1	56823495	chr1	56824486	991.0	True		False		6	0	6	-10,649	-2,328	-650,9	-328,2					6	0	6	0	0	0
689	689		DEL	chr1	56972371	chr1	56973000	629.0	True		False		5	0	5	-10,442	-2,145	-515,9	-143,2					5	0	5	0	0	0
26159	26159_1	26159_2	BND	chr1	57125595	chr7	139601871		False	False	False	True	2	4	6	-10,9	0,0	-10,9	0,0	-10,9	0,0	-10,9	0,0	2	4	6	0	0	0
693	693		DEL	chr1	57255349	chr1	57256001	652.0	True		False		6	0	6	-10,527	-2,136	-543,9	-142,2					5	0	5	1	0	1
701	701		DEL	chr1	58390314	chr1	58390920	606.0	True		False		5	0	5	-10,478	-2,126	-585,9	-147,2					5	0	5	0	0	0
711	711		DEL	chr1	58890823	chr1	58890873	50.0	True		False		5	0	5	-10,28	-2,22	-49,9	-39,2					5	0	5	0	0	0
722	722		DEL	chr1	60321042	chr1	60321984	942.0	True		False		5	0	5	-10,649	-2,328	-650,9	-328,2					5	0	5	0	0	0
26122	26122_1	26122_2	BND	chr1	60710901	chr6	67896089		False	False	False	True	1	4	5	-9,6	0,0	-9,6	0,0	-9,6	0,0	-9,6	0,0	1	4	5	0	0	0
729	729		DEL	chr1	60990753	chr1	60991331	578.0	True		False		6	0	6	-10,520	-2,109	-480,9	-109,2					6	0	6	0	0	0
735	735		DEL	chr1	61658740	chr1	61659416	676.0	True		False		6	0	6	-10,549	-2,114	-220,9	-91,2					5	0	5	1	0	1
736	736		DEL	chr1	61678293	chr1	61678992	699.0	True		False		5	0	5	-10,534	-2,185	-554,9	-187,2					5	0	5	0	0	0
749	749		DEL	chr1	62928827	chr1	62929354	527.0	True		False		5	0	5	-10,397	-2,146	-488,9	-131,2					5	0	5	0	0	0
26104	26104_1	26104_2	BND	chr1	63767563	chr5	93988051		False	False	False	True	1	4	5	-8,8	0,0	-9,6	0,0	-9,6	0,0	-8,8	0,0	1	4	5	0	0	0
760	760		DEL	chr1	63899035	chr1	63899851	816.0	True		False		5	0	5	-10,605	-2,198	-549,9	-187,2					5	0	5	0	0	0
763	763		DEL	chr1	63969050	chr1	63969834	784.0	True		False		5	0	5	-10,649	-2,328	-650,9	-328,2					5	0	5	0	0	0
764	764		DEL	chr1	63980292	chr1	63981036	744.0	True		False		5	0	5	-10,622	-2,203	-646,9	-210,2					5	0	5	0	0	0
782	782		DEL	chr1	64073846	chr1	64073982	136.0	True		False		5	0	5	-10,132	-3,54	-135,9	-60,3					5	0	5	0	0	0
784	784_1	784_2	BND	chr1	64373792	chr1	64388992		True	True	False	True	15	0	15	-399,9	-38,3	-339,9	-38,3	-339,9	-38,3	-399,9	-38,3	15	0	15	0	0	0
787	787		DEL	chr1	64541477	chr1	64541714	237.0	True		False		5	0	5	-10,235	-3,68	-236,9	-68,3					5	0	5	0	0	0
793	793		DEL	chr1	65207611	chr1	65207879	268.0	True		False		5	0	5	-10,179	-2,88	-49,9	-36,2					5	0	5	0	0	0
796	796		DEL	chr1	65529301	chr1	65529804	503.0	True		False		5	0	5	-10,501	-2,128	-466,9	-127,2					5	0	5	0	0	0
797	797		INV	chr1	65572335	chr1	65572601	266.0	True		False		2	3	5	-7,9	-2,4	-10,9	-3,3					2	3	5	0	0	0
814	814		DEL	chr1	67462654	chr1	67463533	879.0	True		False		5	0	5	-10,649	-2,328	-650,9	-328,2					5	0	5	0	0	0
824	824		DEL	chr1	68208879	chr1	68209864	985.0	True		False		6	0	6	-10,636	-2,203	-614,9	-201,2					5	0	5	1	0	1
829	829		DEL	chr1	69269267	chr1	69270085	818.0	True		False		6	0	6	-10,533	-2,176	-505,9	-172,3					5	0	5	1	0	1
849	849		DEL	chr1	71717143	chr1	71717856	713.0	True		False		5	0	5	-10,648	-1,211	-537,9	-185,2					5	0	5	0	0	0
26168	26168_1	26168_2	BND	chr1	73090974	chr8	36228620		False	False	False	True	1	4	5	-8,8	0,0	-8,8	0,0	-8,8	0,0	-8,8	0,0	1	4	5	0	0	0
862	862		DEL	chr1	74053483	chr1	74053853	370.0	True		False		6	0	6	-10,368	-2,123	-305,9	-117,3					6	0	6	0	0	0
863	863		DEL	chr1	74065703	chr1	74066188	485.0	True		False		6	0	6	-10,284	-2,112	-455,9	-133,2					5	0	5	1	0	1
26222	26222_1	26222_2	BND	chr1	77367902	chr11	96562029		True	True	False	True	5	0	5	-564,9	-117,2	-650,9	-138,0	-650,9	-138,0	-564,9	-117,2	5	0	5	0	0	0
888	888		DEL	chr1	77751240	chr1	77751526	286.0	True		False		5	0	5	-10,231	-3,66	-147,9	-67,2					5	0	5	0	0	0
893	893		DEL	chr1	78092079	chr1	78092719	640.0	True		False		5	0	5	-10,601	-2,157	-420,9	-125,2					5	0	5	0	0	0
902	902_1	902_2	BND	chr1	79274741	chr1	79274858		True	True	False	True	2	3	5	-10,9	-1,0	-10,9	-1,0	-10,9	-1,0	-10,9	-1,0	2	3	5	0	0	0
904	904		INV	chr1	79888285	chr1	79888544	259.0	True		False		2	3	5	-10,9	-1,1	-10,9	-1,1					2	3	5	0	0	0
905	905		INV	chr1	80104815	chr1	80105074	259.0	True		False		3	2	5	-10,9	-3,3	-6,9	-3,1					3	2	5	0	0	0
907	907		DEL	chr1	80482656	chr1	80483074	418.0	True		False		5	0	5	-10,416	-2,127	-416,9	-126,2					5	0	5	0	0	0
908	908		DEL	chr1	80496889	chr1	80497474	585.0	True		False		5	0	5	-10,483	-2,142	-492,9	-126,2					5	0	5	0	0	0
928	928		DEL	chr1	82825983	chr1	82826592	609.0	True		False		5	0	5	-10,205	-2,119	-474,9	-146,2					5	0	5	0	0	0
26277	26277_1	26277_2	BND	chr1	83979726	chr15	32861665		True	True	False	True	1	4	5	-10,7	-1,0	-5,9	0,1	-5,9	0,1	-10,7	-1,0	1	4	5	0	0	0
938	938		DEL	chr1	84888861	chr1	84889491	630.0	True		False		5	0	5	-10,505	-2,141	-176,9	-102,2					5	0	5	0	0	0
956	956		DEL	chr1	86268148	chr1	86269012	864.0	True		False		6	0	6	-10,537	-1,152	-400,9	-139,2					6	0	6	0	0	0
985	985_1	985_2	BND	chr1	86344329	chr1	89254089		True	True	False	True	7	0	7	-10,289	-3,68	-10,480	-2,95	-10,480	-2,95	-10,289	-3,68	6	0	6	1	0	1
961	961		DEL	chr1	86721952	chr1	86722092	140.0	True		False		6	0	6	-10,32	-2,24	-66,9	-36,3					5	0	5	1	0	1
983	983		DEL	chr1	89088354	chr1	89089147	793.0	True		False		5	0	5	-10,601	-2,197	-642,9	-209,2					5	0	5	0	0	0
994	994		INV	chr1	90401296	chr1	90401434	138.0	True		False		2	3	5	-9,1	-3,1	-5,8	-1,2					2	3	5	0	0	0
26106	26106_1	26106_2	BND	chr1	90562474	chr5	108676889		False	False	False	True	1	4	5	-8,8	0,0	-8,8	0,0	-8,8	0,0	-8,8	0,0	1	4	5	0	0	0
995	995		DEL	chr1	90575235	chr1	90575410	175.0	True		False		6	0	6	-10,173	-3,65	-81,9	-37,3					6	0	6	0	0	0
1000	1000		DEL	chr1	91064540	chr1	91065135	595.0	True		False		6	0	6	-10,445	-2,102	-481,9	-129,2					5	0	5	1	0	1
1007	1007		DEL	chr1	91505753	chr1	91506386	633.0	True		False		5	0	5	-10,316	-2,122	-522,9	-150,2					5	0	5	0	0	0
1013	1013		DEL	chr1	91860602	chr1	91860875	273.0	True		False		6	0	6	-10,115	-2,56	-81,9	-47,2					5	0	5	1	0	1
1014	1014		DEL	chr1	91883981	chr1	91884327	346.0	True		False		5	0	5	-10,292	-2,100	-296,9	-101,2					5	0	5	0	0	0
1015	1015		DEL	chr1	91945937	chr1	91946067	130.0	True		False		5	0	5	-10,128	-2,65	-61,9	-33,3					5	0	5	0	0	0
1017	1017		DEL	chr1	92072345	chr1	92072985	640.0	True		False		5	0	5	-10,307	-2,128	-463,9	-139,2					5	0	5	0	0	0
773	773		DEL	chr1	92110758	chr1	92111401	643.0	True		False		7	0	7	-10,550	-2,187	-629,9	-205,2					7	0	7	0	0	0
1019	1019		DEL	chr1	92268682	chr1	92269617	935.0	True		False		5	0	5	-10,649	-2,328	-650,9	-328,2					5	0	5	0	0	0
1020	1020		DEL	chr1	92318922	chr1	92319669	747.0	True		False		5	0	5	-10,603	-2,156	-287,9	-132,2					5	0	5	0	0	0
1021	1021		DEL	chr1	92396818	chr1	92398048	1230.0	True		False		5	0	5	-10,649	-2,328	-650,9	-328,2					5	0	5	0	0	0
1022	1022		DEL	chr1	92427495	chr1	92427801	306.0	True		False		5	0	5	-10,59	-2,40	-289,9	-70,3					5	0	5	0	0	0
1023	1023		DEL	chr1	92560393	chr1	92561681	1288.0	True		False		6	0	6	-10,649	-2,328	-650,9	-328,2					5	0	5	1	0	1
1041	1041		DEL	chr1	94310272	chr1	94311093	821.0	True		False		5	0	5	-10,73	-2,51	-473,9	-104,2					5	0	5	0	0	0
1055	1055		DEL	chr1	96210763	chr1	96211436	673.0	True		False		5	0	5	-10,568	-2,190	-542,9	-186,2					5	0	5	0	0	0
1059	1059		DEL	chr1	97333296	chr1	97334085	789.0	True		False		5	0	5	-10,645	-2,210	-499,9	-182,2					5	0	5	0	0	0
1068	1068		INV	chr1	99345495	chr1	99345598	103.0	True		False		3	3	6	-9,0	-9,0	-8,9	-1,1					3	3	6	0	0	0
1070	1070		DEL	chr1	100094088	chr1	100094657	569.0	True		False		8	0	8	-10,548	-2,154	-441,9	-110,3					7	0	7	1	0	1
1071	1071		DEL	chr1	100122938	chr1	100123171	233.0	True		False		7	0	7	-10,8	-2,8	-10,9	-9,2					6	0	6	1	0	1
1073	1073		DEL	chr1	100241509	chr1	100241582	73.0	True		False		5	0	5	-10,16	-2,14	-23,9	-18,2					5	0	5	0	0	0
26087	26087_1	26087_2	BND	chr1	100332350	chr5	6632590		True	True	False	True	3	3	6	-10,9	-1,1	-10,9	-1,0	-10,9	-1,0	-10,9	-1,1	3	3	6	0	0	0
1078	1078		DEL	chr1	101117607	chr1	101118367	760.0	True		False		5	0	5	-10,594	-2,153	-477,9	-139,2					5	0	5	0	0	0
1084	1084		DEL	chr1	101321181	chr1	101321446	265.0	True		False		5	0	5	-10,263	-2,97	-215,9	-62,3					5	0	5	0	0	0
1090	1090		DEL	chr1	102625674	chr1	102626263	589.0	True		False		5	0	5	-10,529	-2,143	-346,9	-126,2					5	0	5	0	0	0
1101	1101		DEL	chr1	103972363	chr1	103972802	439.0	True		False		6	0	6	-10,123	-2,76	-171,9	-71,3					5	0	5	1	0	1
1102	1102		INV	chr1	104111880	chr1	104112152	272.0	True		False		2	3	5	-10,9	-1,1	-10,9	-1,1					2	3	5	0	0	0
1110	1110		DEL	chr1	104859563	chr1	104860027	464.0	True		False		5	0	5	-10,410	-2,104	-184,9	-86,2					5	0	5	0	0	0
1115	1115		DEL	chr1	105207840	chr1	105208467	627.0	True		False		5	0	5	-10,541	-2,186	-621,9	-202,2					5	0	5	0	0	0
1118	1118		INV	chr1	105654706	chr1	105654872	166.0	True		False		3	2	5	-8,9	-1,2	0,6	0,6					3	2	5	0	0	0
1120	1120		DEL	chr1	105910134	chr1	105910780	646.0	True		False		5	0	5	-10,569	-2,154	-463,9	-144,2					5	0	5	0	0	0
1123	1123		DEL	chr1	106576559	chr1	106576853	294.0	True		False		5	0	5	-10,129	-2,65	-120,9	-58,3					5	0	5	0	0	0
1127	1127		DEL	chr1	107500413	chr1	107500776	363.0	True		False		5	0	5	-10,128	-3,57	-109,9	-59,2					5	0	5	0	0	0
1138	1138		DEL	chr1	108824611	chr1	108825309	698.0	True		False		5	0	5	-10,440	-2,147	-602,9	-158,2					5	0	5	0	0	0
1144	1144		DEL	chr1	109224005	chr1	109224630	625.0	True		False		5	0	5	-10,551	-2,187	-557,9	-188,2					5	0	5	0	0	0
1154	1154		DEL	chr1	110073387	chr1	110074014	627.0	True		False		5	0	5	-10,406	-2,125	-571,9	-146,2					5	0	5	0	0	0
1158	1158		DEL	chr1	110581892	chr1	110582405	513.0	True		False		6	0	6	-10,285	-2,89	-343,9	-77,3					6	0	6	0	0	0
1170	1170		DEL	chr1	111567145	chr1	111567771	626.0	True		False		5	0	5	-10,584	-2,157	-459,9	-126,2					5	0	5	0	0	0
1172	1172		DEL	chr1	111720029	chr1	111720654	625.0	True		False		5	0	5	-10,573	-2,191	-624,9	-207,2					5	0	5	0	0	0
1177	1177		DEL	chr1	112024302	chr1	112025047	745.0	True		False		5	0	5	-10,621	-2,203	-623,9	-203,2					5	0	5	0	0	0
1186	1186		DEL	chr1	112673531	chr1	112674333	802.0	True		False		5	0	5	-10,575	-2,191	-616,9	-201,2					5	0	5	0	0	0
1192	1192		DEL	chr1	113173023	chr1	113173298	275.0	True		False		4	2	6	-10,9	-1,1	-10,9	-1,1					4	1	5	0	1	1
1194	1194		DEL	chr1	113236175	chr1	113236713	538.0	True		False		5	0	5	-10,498	-2,131	-521,9	-134,2					5	0	5	0	0	0
1197	1197		DEL	chr1	113460379	chr1	113460894	515.0	True		False		5	0	5	-10,459	-2,146	-427,9	-126,2					5	0	5	0	0	0
26311	26311_1	26311_2	BND	chr1	113503256	chr17	70361258		True	True	False	True	6	0	6	-10,479	-3,68	-587,9	-109,0	-587,9	-109,0	-10,479	-3,68	5	0	5	1	0	1
779	779		DEL	chr1	114343740	chr1	114343918	178.0	True		False		5	0	5	-10,176	-3,65	-115,9	-53,3					5	0	5	0	0	0
1207	1207		DEL	chr1	114452195	chr1	114452780	585.0	True		False		6	0	6	-10,478	-2,115	-338,9	-100,2					6	0	6	0	0	0
1211	1211		DEL	chr1	114747338	chr1	114747932	594.0	True		False		5	0	5	-10,341	-2,139	-522,9	-147,2					5	0	5	0	0	0
1214	1214		DEL	chr1	115394604	chr1	115395135	531.0	True		False		5	0	5	-10,432	-2,135	-484,9	-126,2					5	0	5	0	0	0
1221	1221		DEL	chr1	116586705	chr1	116587041	336.0	True		False		6	0	6	-10,250	-3,65	-217,9	-62,3					6	0	6	0	0	0
1223	1223		DEL	chr1	116729714	chr1	116730215	501.0	True		False		6	0	6	-10,168	-2,76	-388,9	-114,2					5	0	5	1	0	1
1224	1224		DEL	chr1	116888715	chr1	116889404	689.0	True		False		5	0	5	-10,623	-1,165	-501,9	-147,2					5	0	5	0	0	0
1225	1225		DEL	chr1	116905478	chr1	116906222	744.0	True		False		6	0	6	-10,460	-2,102	-296,9	-92,3					5	0	5	1	0	1
1230	1230		DEL	chr1	117025575	chr1	117026103	528.0	True		False		6	0	6	-10,476	-2,143	-415,9	-116,3					5	0	5	1	0	1
1233	1233		DEL	chr1	117539615	chr1	117539989	374.0	True		False		5	0	5	-10,16	-2,14	-146,9	-69,3					5	0	5	0	0	0
1236	1236		DEL	chr1	117662520	chr1	117663271	751.0	True		False		9	0	9	-10,636	-2,159	-512,9	-115,3					8	0	8	1	0	1
1244	1244		DEL	chr1	118946254	chr1	118946991	737.0	True		False		5	0	5	-10,280	-2,158	-610,9	-199,2					5	0	5	0	0	0
1247	1247		DEL	chr1	119090865	chr1	119091414	549.0	True		False		6	0	6	-10,308	-3,106	-267,9	-117,2					5	0	5	1	0	1
1248	1248		DEL	chr1	119357531	chr1	119358311	780.0	True		False		5	0	5	-10,559	-2,188	-605,9	-198,2					5	0	5	0	0	0
1251	1251		DEL	chr1	119585899	chr1	119586491	592.0	True		False		6	0	6	-10,309	-2,124	-536,9	-145,2					5	0	5	1	0	1
1254	1254		DEL	chr1	119919569	chr1	119920215	646.0	True		False		6	0	6	-10,514	-2,139	-476,9	-146,2					5	0	5	1	0	1
1255	1255		DEL	chr1	121422083	chr1	121422347	264.0	True		False		6	0	6	-10,92	-3,43	-141,9	-51,3					5	0	5	1	0	1
1258	1258		DUP	chr1	122505432	chr1	122927055	421623.0	True		False		5	0	5	-585,9	-124,1	-10,555	-2,113					5	0	5	0	0	0
1257	1257		DUP	chr1	122583819	chr1	122834436	250617.0	True		False		13	0	13	-308,9	-72,2	-10,296	-1,74					13	0	13	0	0	0
1259	1259		DUP	chr1	122659937	chr1	122970732	310795.0	True		False		5	0	5	-575,9	-114,2	-10,576	-1,124					5	0	5	0	0	0
1260	1260		DEL	chr1	122660171	chr1	123104599	444428.0	True		False		11	0	11	-10,345	-1,71	-332,9	-59,2					10	0	10	1	0	1
1292	1292		DEL	chr1	123265354	chr1	124175463	910109.0	True		False		6	0	6	-10,545	-2,102	-562,9	-114,1					5	0	5	1	0	1
1291	1291		DUP	chr1	123799172	chr1	124140049	340877.0	True		False		14	0	14	-591,9	-72,1	-10,284	-2,68					13	0	13	1	0	1
1301	1301		DUP	chr1	123837460	chr1	124432380	594920.0	True		False		6	0	6	-540,9	-96,2	-10,544	-2,112					5	0	5	1	0	1
1303	1303		DEL	chr1	123935658	chr1	124521172	585514.0	True		False		6	0	6	-10,543	-1,125	-463,9	-94,2					6	0	6	0	0	0
1318	1318		DEL	chr1	124794856	chr1	124802531	7675.0	True		False		7	0	7	-10,471	-2,101	-453,9	-74,2					7	0	7	0	0	0
1319	1319		DUP	chr1	124978326	chr1	124980155	1829.0	True		False		5	0	5	-301,9	-116,1	-10,580	0,126					5	0	5	0	0	0
1373	1373_1	1373_2	BND	chr1	125180072	chr1	143191207		True	True	False	True	7	0	7	-511,9	-110,1	-612,9	-101,2	-612,9	-101,2	-511,9	-110,1	6	0	6	1	0	1
1372	1372		DEL	chr1	143190549	chr1	143191152	603.0	True		False		8	0	8	-10,442	-1,98	-565,9	-87,2					8	0	8	0	0	0
1379	1379		DUP	chr1	143245577	chr1	143248250	2673.0	True		False		5	0	5	-591,9	-111,2	-10,78	-3,37					5	0	5	0	0	0
26301	26301_1	26301_2	BND	chr1	143539990	chr16	34907804		True	True	False	True	5	0	5	-10,234	-2,107	-311,9	-116,1	-311,9	-116,1	-10,234	-2,107	5	0	5	0	0	0
1386	1386		DEL	chr1	145998716	chr1	145999421	705.0	True		False		5	0	5	-10,625	-2,204	-593,9	-195,2					5	0	5	0	0	0
1396	1396_1	1396_2	BND	chr1	146430895	chr1	149142159		True	True	False	True	5	0	5	-551,9	-105,2	-573,9	-116,1	-573,9	-116,1	-551,9	-105,2	5	0	5	0	0	0
1388	1388		DEL	chr1	147168850	chr1	147169272	422.0	True		False		5	0	5	-10,372	-2,98	-63,9	-44,2					5	0	5	0	0	0
1390	1390		DEL	chr1	147252959	chr1	147253670	711.0	True		False		6	0	6	-10,644	-2,203	-528,9	-175,2					5	0	5	1	0	1
1404	1404		DEL	chr1	150668268	chr1	150668553	285.0	True		False		5	0	5	-10,111	-2,59	-141,9	-67,3					5	0	5	0	0	0
1409	1409		DEL	chr1	150856722	chr1	150857256	534.0	True		False		5	0	5	-10,298	-2,118	-310,9	-126,2					5	0	5	0	0	0
1410	1410		DEL	chr1	150975978	chr1	150976439	461.0	True		False		5	0	5	-10,335	-2,126	-327,9	-121,2					5	0	5	0	0	0
1411	1411		DEL	chr1	151009155	chr1	151010153	998.0	True		False		5	0	5	-10,649	-2,328	-650,9	-328,2					5	0	5	0	0	0
1412	1412		DEL	chr1	151010534	chr1	151010841	307.0	True		False		5	0	5	-10,88	-2,51	-206,9	-75,3					5	0	5	0	0	0
1418	1418		DEL	chr1	151567200	chr1	151567889	689.0	True		False		6	0	6	-10,517	-2,142	-554,9	-143,2					6	0	6	0	0	0
1421	1421		DEL	chr1	151658365	chr1	151658489	124.0	True		False		5	0	5	-10,114	-2,59	-123,9	-55,3					5	0	5	0	0	0
26117	26117_1	26117_2	BND	chr1	152414611	chr6	32599605		True	True	False	True	13	0	13	-621,9	-86,2	-367,9	-48,0	-367,9	-48,0	-621,9	-86,2	12	0	12	1	0	1
1431	1431		DEL	chr1	152670496	chr1	152670921	425.0	True		False		5	0	5	-10,401	-2,124	-396,9	-123,2					5	0	5	0	0	0
1448	1448		DEL	chr1	154053465	chr1	154054127	662.0	True		False		5	0	5	-10,377	-2,127	-551,9	-152,2					5	0	5	0	0	0
1451	1451		DEL	chr1	154193344	chr1	154193977	633.0	True		False		8	0	8	-10,546	-2,140	-589,9	-156,2					8	0	8	0	0	0
1456	1456		DEL	chr1	154621605	chr1	154622249	644.0	True		False		6	0	6	-10,536	-2,105	-529,9	-103,2					6	0	6	0	0	0
1465	1465		INV	chr1	155147315	chr1	155147442	127.0	True		False		10	0	10	-45,0	-35,0	0,7	0,1					9	0	9	1	0	1
1467	1467		DEL	chr1	155319360	chr1	155319764	404.0	True		False		5	0	5	-10,342	-3,93	-39,9	-30,2					5	0	5	0	0	0
1469	1469		DEL	chr1	155487006	chr1	155487634	628.0	True		False		5	0	5	-10,626	-2,328	-627,9	-328,2					5	0	5	0	0	0
1476	1476		DEL	chr1	156108856	chr1	156109368	512.0	True		False		5	0	5	-10,488	-2,127	-492,9	-126,2					5	0	5	0	0	0
1477	1477		INV	chr1	156209886	chr1	156210010	124.0	True		False		2	3	5	-9,2	-2,1	-10,1	-2,1					2	3	5	0	0	0
1480	1480		DEL	chr1	156331003	chr1	156331564	561.0	True		False		6	0	6	-10,326	-3,68	-147,9	-59,3					6	0	6	0	0	0
1490	1490		DEL	chr1	156944621	chr1	156944951	330.0	True		False		6	0	6	-10,301	-3,71	-197,9	-54,3					5	0	5	1	0	1
1493	1493_1	1493_2	BND	chr1	157140866	chr1	157140930		False	False	False	True	1	4	5	-9,6	0,0	-1,9	0,0	-1,9	0,0	-9,6	0,0	1	4	5	0	0	0
1497	1497		DEL	chr1	157831923	chr1	157832332	409.0	True		False		6	0	6	-10,131	-2,66	-390,9	-105,2					5	0	5	1	0	1
1499	1499_1	1499_2	BND	chr1	157917499	chr1	157918096		True	True	False	True	22	0	22	-10,215	-1,27	-10,419	-3,36	-10,419	-3,36	-10,215	-1,27	21	0	21	1	0	1
1503	1503		DEL	chr1	158648725	chr1	158649221	496.0	True		False		5	0	5	-10,24	-2,19	-433,9	-83,2					5	0	5	0	0	0
1504	1504		INV	chr1	158656297	chr1	158656520	223.0	True		False		1	4	5	-10,6	-2,1	-10,3	-2,1					1	4	5	0	0	0
1509	1509_1	1509_2	BND	chr1	159458887	chr1	159525202		True	True	False	True	11	0	11	-10,358	-1,84	-10,254	-2,57	-10,254	-2,57	-10,358	-1,84	10	0	10	1	0	1
1338	1338		DEL	chr1	159858680	chr1	159859351	671.0	True		False		5	0	5	-10,593	-2,195	-591,9	-194,2					5	0	5	0	0	0
1513	1513		DEL	chr1	159892919	chr1	159893416	497.0	True		False		5	0	5	-10,428	-3,78	-496,9	-105,2					5	0	5	0	0	0
26262	26262_1	26262_2	BND	chr1	160201053	chr13	27925992		False	False	False	True	1	4	5	-8,8	0,0	-9,6	0,0	-9,6	0,0	-8,8	0,0	1	4	5	0	0	0
1517	1517		DEL	chr1	160572394	chr1	160572603	209.0	True		False		5	0	5	-10,184	-3,66	-65,9	-41,2					5	0	5	0	0	0
1523	1523		DEL	chr1	160844408	chr1	160844794	386.0	True		False		5	0	5	-10,345	-2,132	-64,9	-46,2					5	0	5	0	0	0
26139	26139_1	26139_2	BND	chr1	161035894	chr7	6629402		True	True	False	True	8	0	8	-351,9	-62,2	-625,9	-107,1	-625,9	-107,1	-351,9	-62,2	7	0	7	1	0	1
1531	1531		DEL	chr1	161511690	chr1	161593295	81605.0	True		False		6	0	6	-10,210	-2,78	-564,9	-117,2					5	0	5	1	0	1
1538	1538		DEL	chr1	162260958	chr1	162261489	531.0	False		False		10	6	16	-4,5	0,0	-8,4	0,0					10	5	15	0	1	1
1543	1543		DEL	chr1	163236988	chr1	163237149	161.0	True		False		5	0	5	-10,159	-2,79	-87,9	-53,2					5	0	5	0	0	0
1544	1544		DEL	chr1	163458358	chr1	163459561	1203.0	True		False		5	0	5	-10,649	-2,328	-650,9	-328,2					5	0	5	0	0	0
1548	1548		INV	chr1	164399647	chr1	164399946	299.0	True		False		3	2	5	-10,9	-3,1	-10,9	-3,1					3	2	5	0	0	0
26036	26036_1	26036_2	BND	chr1	164699016	chr2	222407394		False	False	False	True	1	4	5	-9,6	0,0	-9,6	0,0	-9,6	0,0	-9,6	0,0	1	4	5	0	0	0
1570	1570		DEL	chr1	166264392	chr1	166265684	1292.0	True		False		5	0	5	-10,649	-2,328	-650,9	-328,2					5	0	5	0	0	0
26058	26058_1	26058_2	BND	chr1	166764104	chr3	165691995		False	False	False	True	1	4	5	-8,8	0,0	-8,8	0,0	-8,8	0,0	-8,8	0,0	1	4	5	0	0	0
26035	26035_1	26035_2	BND	chr1	167041418	chr2	222066029		False	False	False	True	1	4	5	-8,8	0,0	-8,8	0,0	-8,8	0,0	-8,8	0,0	1	4	5	0	0	0
1576	1576		DUP	chr1	167056594	chr1	167056918	324.0	True		False		6	0	6	-467,9	-81,2	-10,472	0,89					6	0	6	0	0	0
1580	1580		DEL	chr1	167288188	chr1	167288869	681.0	True		False		7	0	7	-10,370	-2,135	-494,9	-148,2					6	0	6	1	0	1
1590	1590		DEL	chr1	168187963	chr1	168188281	318.0	True		False		5	0	5	-10,255	-2,117	-182,9	-97,2					5	0	5	0	0	0
26134	26134_1	26134_2	BND	chr1	168298787	chr6	152605072		True	True	False	True	6	0	6	-10,517	-2,99	-6,551	0,122	-6,551	0,122	-10,517	-2,99	5	0	5	1	0	1
1592	1592_1	1592_2	BND	chr1	168346797	chr1	168347000		True	True	False	True	2	3	5	-10,8	-1,0	-10,9	-1,0	-10,9	-1,0	-10,8	-1,0	2	3	5	0	0	0
1594	1594		DEL	chr1	168511264	chr1	168511959	695.0	True		False		7	0	7	-10,489	-2,142	-506,9	-132,2					7	0	7	0	0	0
1598	1598		DEL	chr1	168609483	chr1	168609925	442.0	True		False		5	0	5	-10,440	-2,124	-441,9	-126,2					5	0	5	0	0	0
26191	26191_1	26191_2	BND	chr1	169822621	chr10	15209443		True	True	False	True	7	0	7	-9,516	0,121	-144,9	-57,3	-144,9	-57,3	-9,516	0,121	7	0	7	0	0	0
1615	1615		DEL	chr1	169865265	chr1	169865492	227.0	True		False		5	0	5	-10,225	-3,68	-83,9	-45,3					5	0	5	0	0	0
1617	1617		INV	chr1	169980249	chr1	169980419	170.0	True		False		3	2	5	-9,5	-1,1	-10,9	-1,1					3	2	5	0	0	0
1619	1619		DEL	chr1	170548020	chr1	170548218	198.0	True		False		5	0	5	-10,196	-3,77	-106,9	-50,3					5	0	5	0	0	0
1620	1620		DEL	chr1	170730007	chr1	170730251	244.0	True		False		5	0	5	-10,167	-3,62	-76,9	-44,2					5	0	5	0	0	0
26084	26084_1	26084_2	BND	chr1	171910820	chr4	181074289		False	False	False	True	1	4	5	-9,6	0,0	-8,8	0,0	-8,8	0,0	-9,6	0,0	1	4	5	0	0	0
26360	26360_1	26360_2	BND	chr1	173011235	chr21	24870640		False	False	False	True	1	4	5	-9,6	0,0	-8,8	0,0	-8,8	0,0	-9,6	0,0	1	4	5	0	0	0
26131	26131_1	26131_2	BND	chr1	175335814	chr6	120420595		False	False	False	True	1	4	5	-8,8	0,0	-8,8	0,0	-8,8	0,0	-8,8	0,0	1	4	5	0	0	0
1666	1666		DEL	chr1	175874605	chr1	175875366	761.0	True		False		5	0	5	-10,437	-2,146	-510,9	-128,2					5	0	5	0	0	0
1667	1667		DEL	chr1	175948889	chr1	175949297	408.0	True		False		4	1	5	-10,9	-3,3	-10,8	-3,1					4	1	5	0	0	0
26066	26066_1	26066_2	BND	chr1	176846296	chr4	5208358		False	False	False	True	1	4	5	-8,8	0,0	-9,6	0,0	-9,6	0,0	-8,8	0,0	1	4	5	0	0	0
26124	26124_1	26124_2	BND	chr1	177542420	chr6	79652223		False	False	False	True	1	4	5	-9,6	0,0	-9,6	0,0	-9,6	0,0	-9,6	0,0	1	4	5	0	0	0
1682	1682		DEL	chr1	177939582	chr1	177939949	367.0	True		False		6	0	6	-10,365	-2,122	-366,9	-125,2					6	0	6	0	0	0
1694	1694		DEL	chr1	179108204	chr1	179108612	408.0	True		False		5	0	5	-10,133	-3,60	-231,9	-69,3					5	0	5	0	0	0
1696	1696		DEL	chr1	179170632	chr1	179171125	493.0	True		False		6	0	6	-10,400	-3,77	-382,9	-57,3					5	0	5	1	0	1
1697	1697		DEL	chr1	179510922	chr1	179511106	184.0	True		False		6	0	6	-10,182	-3,62	-19,9	-15,2					6	0	6	0	0	0
1700	1700		DEL	chr1	179911865	chr1	179912173	308.0	True		False		6	0	6	-10,269	-2,107	-74,9	-46,2					5	0	5	1	0	1
1704	1704		DEL	chr1	180075811	chr1	180076432	621.0	True		False		6	0	6	-10,518	-2,130	-295,9	-140,2					6	0	6	0	0	0
1708	1708		DEL	chr1	180381326	chr1	180382269	943.0	True		False		5	0	5	-10,649	-2,328	-650,9	-328,2					5	0	5	0	0	0
1709	1709		DEL	chr1	180712264	chr1	180712952	688.0	True		False		5	0	5	-10,628	-2,205	-524,9	-184,2					5	0	5	0	0	0
1712	1712		DEL	chr1	180988027	chr1	180989197	1170.0	True		False		5	0	5	-10,649	-2,328	-650,9	-328,2					5	0	5	0	0	0
1713	1713		DEL	chr1	181084940	chr1	181085438	498.0	True		False		5	0	5	-10,450	-2,125	-271,9	-120,2					5	0	5	0	0	0
1721	1721		DEL	chr1	182061348	chr1	182061970	622.0	True		False		5	0	5	-10,620	-2,205	-589,9	-194,2					5	0	5	0	0	0
1726	1726		DEL	chr1	182635641	chr1	182636324	683.0	True		False		5	0	5	-10,578	-2,192	-512,9	-183,2					5	0	5	0	0	0
1732	1732		DEL	chr1	183977046	chr1	183977249	203.0	True		False		5	0	5	-10,30	-2,24	-58,9	-38,2					5	0	5	0	0	0
1740	1740		DEL	chr1	185126172	chr1	185127010	838.0	True		False		5	0	5	-10,617	-2,201	-650,9	-211,1					5	0	5	0	0	0
1750	1750		INV	chr1	187125171	chr1	187125313	142.0	True		False		2	3	5	0,9	0,3	0,8	0,3					2	3	5	0	0	0
26019	26019_1	26019_2	BND	chr1	187290878	chr2	150071429		False	False	False	True	1	4	5	-8,8	0,0	-9,6	0,0	-9,6	0,0	-8,8	0,0	1	4	5	0	0	0
1752	1752		DEL	chr1	187337081	chr1	187337176	95.0	True		False		4	1	5	-10,9	-3,3	-10,9	-3,3					4	1	5	0	0	0
26238	26238_1	26238_2	BND	chr1	187343708	chr12	48535269		True	True	False	True	9	0	9	-439,5	-103,0	-485,9	-56,2	-485,9	-56,2	-439,5	-103,0	8	0	8	1	0	1
26317	26317_1	26317_2	BND	chr1	187862348	chr17	19331009		False	False	False	True	1	4	5	-9,6	0,0	-8,8	0,0	-8,8	0,0	-9,6	0,0	1	4	5	0	0	0
1758	1758		DEL	chr1	188379740	chr1	188380074	334.0	True		False		5	0	5	-10,332	-2,100	-87,9	-42,3					5	0	5	0	0	0
1780	1780		DEL	chr1	191271835	chr1	191272358	523.0	True		False		5	0	5	-10,400	-2,134	-404,9	-125,2					5	0	5	0	0	0
1781	1781		DEL	chr1	191447648	chr1	191448194	546.0	True		False		5	0	5	-10,426	-2,110	-275,9	-92,3					5	0	5	0	0	0
1802	1802		INV	chr1	194234838	chr1	194234996	158.0	True		False		3	2	5	-2,9	0,8	-9,5	-2,2					3	2	5	0	0	0
1803	1803		DEL	chr1	194499993	chr1	194500618	625.0	True		False		5	0	5	-10,612	-2,200	-477,9	-180,2					5	0	5	0	0	0
1807	1807		DEL	chr1	194874138	chr1	194875013	875.0	True		False		5	0	5	-10,488	-2,181	-526,9	-184,2					5	0	5	0	0	0
1812	1812		DEL	chr1	195746736	chr1	195747047	311.0	True		False		5	0	5	-10,309	-2,81	-227,9	-69,3					5	0	5	0	0	0
1817	1817_1	1817_2	BND	chr1	196347842	chr1	196348249		True	True	False	True	2	3	5	-10,9	-1,1	-10,9	-1,1	-10,9	-1,1	-10,9	-1,1	2	3	5	0	0	0
1821	1821		DEL	chr1	197496559	chr1	197496892	333.0	True		False		5	0	5	-10,168	-3,65	-290,9	-83,3					5	0	5	0	0	0
1825	1825		DEL	chr1	197861981	chr1	197862575	594.0	True		False		5	0	5	-10,346	-2,140	-322,9	-136,2					5	0	5	0	0	0
1841	1841		DEL	chr1	200722022	chr1	200722648	626.0	True		False		6	0	6	-10,493	-2,112	-399,9	-106,2					6	0	6	0	0	0
1846	1846		DEL	chr1	201473033	chr1	201473362	329.0	True		False		7	0	7	-10,327	-2,137	-328,9	-118,3					6	0	6	1	0	1
1847	1847		DEL	chr1	201615475	chr1	201616224	749.0	True		False		5	0	5	-10,563	-2,150	-123,9	-74,2					5	0	5	0	0	0
1866	1866		DEL	chr1	202669249	chr1	202669954	705.0	True		False		5	0	5	-10,580	-2,144	-275,9	-133,2					5	0	5	0	0	0
1867	1867		DEL	chr1	202713412	chr1	202714177	765.0	True		False		6	0	6	-10,618	-2,154	-484,9	-135,2					5	0	5	1	0	1
26193	26193_1	26193_2	BND	chr1	203547844	chr10	33136620		False	False	False	True	1	4	5	-9,6	0,0	-8,8	0,0	-8,8	0,0	-9,6	0,0	1	4	5	0	0	0
1880	1880		DEL	chr1	203808759	chr1	203808916	157.0	True		False		5	0	5	-10,143	-2,70	-1,6	-1,4					5	0	5	0	0	0
1884	1884		DEL	chr1	204218532	chr1	204219061	529.0	True		False		5	0	5	-10,471	-2,180	-515,9	-183,2					5	0	5	0	0	0
1887	1887		DEL	chr1	204382529	chr1	204383771	1242.0	True		False		6	0	6	-10,622	-2,203	-496,9	-181,2					6	0	6	0	0	0
1891	1891		INV	chr1	204740353	chr1	204740569	216.0	True		False		2	3	5	-10,9	-1,1	-10,9	-1,0					2	3	5	0	0	0
1894	1894		DEL	chr1	204903990	chr1	204904862	872.0	True		False		6	0	6	-10,521	-2,174	-389,9	-164,3					5	0	5	1	0	1
1900	1900		DEL	chr1	205665955	chr1	205667234	1279.0	True		False		7	0	7	-10,623	-2,203	-598,9	-196,2					7	0	7	0	0	0
1905	1905		DEL	chr1	206441253	chr1	206441843	590.0	True		False		6	0	6	-10,393	-2,104	-515,9	-117,2					6	0	6	0	0	0
1914	1914		DEL	chr1	206707384	chr1	206708072	688.0	True		False		5	0	5	-10,440	-2,147	-416,9	-125,2					5	0	5	0	0	0
1921	1921		DEL	chr1	206985314	chr1	206985935	621.0	True		False		5	0	5	-10,504	-2,127	-619,9	-161,2					5	0	5	0	0	0
26188	26188_1	26188_2	BND	chr1	206998674	chr10	57180116		True	True	False	True	7	0	7	-10,513	-1,112	-10,443	-2,78	-10,443	-2,78	-10,513	-1,112	7	0	7	0	0	0
1922	1922		DEL	chr1	207004247	chr1	207005010	763.0	True		False		5	0	5	-10,610	-2,200	-593,9	-195,2					5	0	5	0	0	0
1928	1928		DEL	chr1	208009349	chr1	208009770	421.0	True		False		5	0	5	-10,331	-2,97	-306,9	-107,1					5	0	5	0	0	0
1934	1934		DEL	chr1	208564109	chr1	208564986	877.0	True		False		6	0	6	-10,560	-2,188	-648,9	-210,2					6	0	6	0	0	0
1940	1940		DEL	chr1	209523754	chr1	209524354	600.0	True		False		6	0	6	-10,573	-2,146	-599,9	-154,2					5	0	5	1	0	1
1941	1941		DEL	chr1	209663725	chr1	209664367	642.0	True		False		5	0	5	-10,640	-2,210	-599,9	-196,2					5	0	5	0	0	0
1328	1328		DEL	chr1	209714901	chr1	209715286	385.0	True		False		5	0	5	-10,286	-2,100	-180,9	-80,3					5	0	5	0	0	0
1951	1951		DEL	chr1	210212849	chr1	210213123	274.0	True		False		5	0	5	-10,192	-3,66	-81,9	-46,2					5	0	5	0	0	0
1955	1955		DEL	chr1	210554354	chr1	210555189	835.0	True		False		5	0	5	-10,649	-2,328	-650,9	-328,2					5	0	5	0	0	0
1965	1965		DEL	chr1	211370878	chr1	211371588	710.0	True		False		5	0	5	-10,329	-2,135	-519,9	-148,2					5	0	5	0	0	0
1966	1966		DEL	chr1	211522095	chr1	211522258	163.0	True		False		4	1	5	-10,9	-3,3	-10,9	-3,3					4	1	5	0	0	0
26273	26273_1	26273_2	BND	chr1	212000448	chr14	39610764		False	False	False	True	1	4	5	-9,6	0,0	-9,6	0,0	-9,6	0,0	-9,6	0,0	1	4	5	0	0	0
1976	1976		DEL	chr1	212537468	chr1	212537505	37.0	True		False		5	0	5	-10,1	-10,1	-1,5	-1,4					5	0	5	0	0	0
1978	1978		DEL	chr1	212743576	chr1	212744070	494.0	True		False		6	0	6	-10,452	-2,138	-214,9	-98,3					5	0	5	1	0	1
26146	26146_1	26146_2	BND	chr1	213602047	chr7	31144337		True	True	False	True	6	0	6	-648,9	-122,0	-10,470	-2,78	-10,470	-2,78	-648,9	-122,0	5	0	5	1	0	1
1990	1990		DEL	chr1	213666169	chr1	213666637	468.0	True		False		6	0	6	-10,435	-3,109	-383,9	-130,2					5	0	5	1	0	1
2001	2001		DEL	chr1	214472035	chr1	214472585	550.0	True		False		5	0	5	-10,348	-2,123	-168,9	-103,2					5	0	5	0	0	0
2004	2004		DEL	chr1	214912891	chr1	214913744	853.0	True		False		5	0	5	-10,629	-2,205	-233,9	-143,2					5	0	5	0	0	0
2009	2009		DEL	chr1	215557156	chr1	215557782	626.0	True		False		5	0	5	-10,621	-2,203	-625,9	-206,2					5	0	5	0	0	0
26046	26046_1	26046_2	BND	chr1	215971805	chr3	57350343		True	True	False	True	1	4	5	-5,9	0,1	-9,6	0,0	-9,6	0,0	-5,9	0,1	1	4	5	0	0	0
2013	2013		DEL	chr1	216449883	chr1	216450463	580.0	True		False		5	0	5	-10,497	-2,131	-281,9	-126,2					5	0	5	0	0	0
2021	2021		DEL	chr1	217719838	chr1	217720282	444.0	True		False		6	0	6	-10,72	-2,42	-70,9	-34,3					6	0	6	0	0	0
2045	2045		DEL	chr1	221136379	chr1	221136768	389.0	True		False		6	0	6	-10,135	-2,74	-388,9	-108,2					6	0	6	0	0	0
2051	2051		DEL	chr1	222606315	chr1	222607119	804.0	True		False		5	0	5	-10,492	-2,181	-639,9	-208,2					5	0	5	0	0	0
26097	26097_1	26097_2	BND	chr1	223119948	chr5	55106208		True	True	False	True	12	0	12	-483,9	-53,2	-7,336	0,89	-7,336	0,89	-483,9	-53,2	12	0	12	0	0	0
2059	2059		DEL	chr1	223390125	chr1	223390472	347.0	True		False		6	0	6	-10,83	-2,48	-237,9	-81,3					6	0	6	0	0	0
26245	26245_1	26245_2	BND	chr1	223682983	chr12	108865483		False	False	False	True	1	4	5	-9,6	0,0	-8,8	0,0	-8,8	0,0	-9,6	0,0	1	4	5	0	0	0
2076	2076		DEL	chr1	224823052	chr1	224823312	260.0	True		False		5	0	5	-10,258	-2,97	-56,9	-39,2					5	0	5	0	0	0
2077	2077		INV	chr1	224989234	chr1	224989464	230.0	True		False		2	3	5	-10,9	-1,1	-10,9	-1,1					2	3	5	0	0	0
2109	2109		DEL	chr1	227084926	chr1	227085586	660.0	True		False		5	0	5	-10,527	-2,139	-602,9	-159,2					5	0	5	0	0	0
2114	2114		DEL	chr1	227564457	chr1	227564765	308.0	True		False		5	0	5	-10,301	-2,96	-307,9	-91,3					5	0	5	0	0	0
2122	2122		INV	chr1	228043102	chr1	228043245	143.0	True		False		2	3	5	0,6	0,6	-6,9	-1,3					2	3	5	0	0	0
2128	2128		DEL	chr1	229106105	chr1	229106781	676.0	True		False		5	0	5	-10,604	-2,198	-152,9	-105,2					5	0	5	0	0	0
2148	2148		DEL	chr1	230647768	chr1	230648128	360.0	True		False		5	0	5	-10,273	-3,69	-68,9	-44,2					5	0	5	0	0	0
26089	26089_1	26089_2	BND	chr1	230872050	chr5	16823460		False	False	False	True	1	6	7	-6,4	0,0	-7,5	0,0	-7,5	0,0	-6,4	0,0	1	5	6	0	1	1
2154	2154		DEL	chr1	231235687	chr1	231236709	1022.0	True		False		6	0	6	-10,625	-2,204	-574,9	-191,2					6	0	6	0	0	0
2155	2155		DEL	chr1	231267668	chr1	231268413	745.0	True		False		5	0	5	-10,639	-2,208	-643,9	-209,2					5	0	5	0	0	0
2163	2163		DEL	chr1	231762206	chr1	231762230	24.0	False		False		1	5	6	-8,6	0,0	-7,6	0,0					1	5	6	0	0	0
2164	2164		DEL	chr1	231768712	chr1	231769452	740.0	True		False		5	0	5	-10,591	-2,157	-21,9	-17,2					5	0	5	0	0	0
2169	2169		DEL	chr1	232150393	chr1	232150964	571.0	True		False		5	0	5	-10,464	-2,134	-485,9	-147,2					5	0	5	0	0	0
2170	2170		DEL	chr1	232169353	chr1	232170092	739.0	True		False		5	0	5	-10,631	-2,206	-539,9	-185,2					5	0	5	0	0	0
2178	2178		DEL	chr1	232650475	chr1	232651059	584.0	True		False		5	0	5	-10,426	-2,138	-454,9	-132,2					5	0	5	0	0	0
2179	2179_1	2179_2	BND	chr1	232677382	chr1	232677697		False	False	False	True	1	4	5	-8,8	0,0	-8,8	0,0	-8,8	0,0	-8,8	0,0	1	4	5	0	0	0
2182	2182		DEL	chr1	233014276	chr1	233014901	625.0	True		False		5	0	5	-10,535	-2,185	-547,9	-186,2					5	0	5	0	0	0
2184	2184_1	2184_2	BND	chr1	233409363	chr1	233409500		False	False	False	True	1	4	5	-8,8	0,0	-8,8	0,0	-8,8	0,0	-8,8	0,0	1	4	5	0	0	0
2189	2189		DEL	chr1	233729439	chr1	233729898	459.0	True		False		9	0	9	-10,0	-10,0	-342,9	-49,3					8	0	8	1	0	1
2200	2200		DEL	chr1	234485300	chr1	234485573	273.0	True		False		5	0	5	-10,38	-2,29	-258,9	-92,2					5	0	5	0	0	0
2213	2213		DEL	chr1	235138596	chr1	235139175	579.0	True		False		5	0	5	-10,577	-2,198	-576,9	-191,2					5	0	5	0	0	0
2216	2216		DEL	chr1	235229562	chr1	235230348	786.0	True		False		6	0	6	-10,388	-2,144	-527,9	-129,2					5	0	5	1	0	1
2225	2225		DEL	chr1	235665662	chr1	235665867	205.0	True		False		5	0	5	-10,25	-2,20	-80,9	-43,2					5	0	5	0	0	0
2228	2228		DEL	chr1	236086187	chr1	236086737	550.0	True		False		6	0	6	-10,267	-3,62	-389,9	-74,3					6	0	6	0	0	0
2238	2238		DEL	chr1	236594862	chr1	236595067	205.0	True		False		6	0	6	-10,203	-3,84	-129,9	-67,2					6	0	6	0	0	0
2248	2248		DEL	chr1	237394355	chr1	237394636	281.0	True		False		5	0	5	-10,176	-2,89	-188,9	-85,2					5	0	5	0	0	0
2251	2251		DEL	chr1	237579134	chr1	237579789	655.0	True		False		6	0	6	-10,555	-1,154	-600,9	-159,2					6	0	6	0	0	0
2260	2260_1	2260_2	BND	chr1	238461674	chr1	238461803		False	False	False	True	1	4	5	-9,6	0,0	-9,6	0,0	-9,6	0,0	-9,6	0,0	1	4	5	0	0	0
2267	2267		DEL	chr1	239371004	chr1	239371327	323.0	True		False		5	0	5	-10,140	-2,68	-322,9	-80,3					5	0	5	0	0	0
2275	2275		DEL	chr1	240035887	chr1	240036040	153.0	True		False		5	0	5	-10,16	-2,14	-137,9	-73,2					5	0	5	0	0	0
2287	2287		DEL	chr1	241162925	chr1	241163969	1044.0	True		False		5	0	5	-10,649	-2,328	-650,9	-328,2					5	0	5	0	0	0
2292	2292		DEL	chr1	241383968	chr1	241384515	547.0	True		False		5	0	5	-10,427	-2,139	-297,9	-119,2					5	0	5	0	0	0
2297	2297		DEL	chr1	241754156	chr1	241754821	665.0	True		False		5	0	5	-10,474	-2,130	-559,9	-141,2					5	0	5	0	0	0
26388	26388_1	26388_2	BND	chr1	242932515	chrY	11831672		True	True	False	True	5	0	5	-358,9	-76,3	-10,567	-1,122	-10,567	-1,122	-358,9	-76,3	5	0	5	0	0	0
2315	2315		DEL	chr1	243999522	chr1	243999725	203.0	True		False		5	0	5	-10,38	-2,27	-72,9	-38,2					5	0	5	0	0	0
2321	2321		DEL	chr1	244434158	chr1	244434711	553.0	True		False		5	0	5	-10,492	-2,130	-112,9	-79,1					5	0	5	0	0	0
26013	26013_1	26013_2	BND	chr1	244618219	chr2	120457492		False	False	False	True	1	4	5	-8,8	0,0	-9,6	0,0	-9,6	0,0	-8,8	0,0	1	4	5	0	0	0
2324	2324		DEL	chr1	244656868	chr1	244657125	257.0	True		False		5	0	5	-10,201	-3,75	-121,9	-53,3					5	0	5	0	0	0
1371	1371		DEL	chr1	244727005	chr1	244727815	810.0	True		False		5	0	5	-10,380	-2,139	-479,9	-145,2					5	0	5	0	0	0
2326	2326		DEL	chr1	244910367	chr1	244910421	54.0	True		False		5	0	5	-1,0	-1,0	-31,9	-22,2					5	0	5	0	0	0
2328	2328		DEL	chr1	244924643	chr1	244924961	318.0	True		False		6	0	6	-10,290	-2,113	-317,9	-141,2					6	0	6	0	0	0
2332	2332		DEL	chr1	245255921	chr1	245256112	191.0	True		False		6	0	6	-10,136	-2,96	-148,9	-103,2					5	0	5	1	0	1
2340	2340		DEL	chr1	245974556	chr1	245975638	1082.0	True		False		5	0	5	-10,334	-3,70	-333,9	-112,2					5	0	5	0	0	0
2348	2348		DEL	chr1	246476331	chr1	246476643	312.0	True		False		6	0	6	-10,35	-2,25	-311,9	-84,2					5	0	5	1	0	1
2357	2357		DEL	chr1	246981908	chr1	246982570	662.0	True		False		5	0	5	-10,204	-2,121	-537,9	-148,2					5	0	5	0	0	0
2361	2361		DEL	chr1	247205694	chr1	247206128	434.0	True		False		5	0	5	-10,240	-3,72	-233,9	-84,2					5	0	5	0	0	0
26155	26155_1	26155_2	BND	chr1	247657114	chr7	77725415		True	True	False	True	5	0	5	-7,592	0,138	-534,9	-98,2	-534,9	-98,2	-7,592	0,138	5	0	5	0	0	0
2379	2379		DEL	chr1	248389273	chr1	248389749	476.0	True		False		6	0	6	-10,474	-2,86	-13,9	-11,2					6	0	6	0	0	0
2388	2388		DEL	chr1	248849290	chr1	248849604	314.0	True		False		4	1	5	-10,9	-3,3	-1,0	-1,0					4	1	5	0	0	0
15138	15138		DUP	chr10	447223	chr10	447712	489.0	True		False		6	0	6	-497,9	-86,2	-10,484	-2,84					5	0	5	1	0	1
15146	15146_1	15146_2	BND	chr10	1907097	chr10	1907228		True	True	False	True	2	3	5	-10,9	-1,0	-1,6	-1,0	-1,6	-1,0	-10,9	-1,0	2	3	5	0	0	0
15158	15158		DUP	chr10	3456980	chr10	3458122	1142.0	True		False		5	0	5	-545,9	-94,2	-10,253	-3,65					5	0	5	0	0	0
15173	15173		DEL	chr10	6243770	chr10	6244517	747.0	True		False		7	0	7	-10,614	-2,195	-564,9	-181,2					6	0	6	1	0	1
30539	30539_1	30539_2	BND	chr10	6349432	chr17	36576287		True	True	False	True	6	0	6	-8,535	0,114	-10,448	-2,74	-10,448	-2,74	-8,535	0,114	5	0	5	1	0	1
15178	15178_1	15178_2	BND	chr10	7219530	chr10	7219663		True	True	False	True	2	3	5	-10,4	-1,1	-8,9	-1,1	-8,9	-1,1	-10,4	-1,1	2	3	5	0	0	0
15182	15182		DEL	chr10	7511840	chr10	7511961	121.0	True		False		5	0	5	-10,67	-2,41	-109,9	-68,2					5	0	5	0	0	0
15196	15196		INV	chr10	8873474	chr10	8873698	224.0	True		False		2	3	5	-10,9	-1,1	-10,9	-1,1					2	3	5	0	0	0
15200	15200		DEL	chr10	9336439	chr10	9337228	789.0	True		False		5	0	5	-10,590	-2,194	-321,9	-166,2					5	0	5	0	0	0
15206	15206		DEL	chr10	11152949	chr10	11153153	204.0	True		False		5	0	5	-10,196	-2,104	-193,9	-97,2					5	0	5	0	0	0
15207	15207		DEL	chr10	11338765	chr10	11339050	285.0	True		False		5	0	5	-10,283	-3,79	-142,9	-65,3					5	0	5	0	0	0
15212	15212_1	15212_2	BND	chr10	12010871	chr10	12010960		False	False	False	True	1	4	5	-9,6	0,0	-9,6	0,0	-9,6	0,0	-9,6	0,0	1	4	5	0	0	0
15226	15226		DEL	chr10	13188425	chr10	13189038	613.0	True		False		5	0	5	-10,380	-2,139	-547,9	-141,2					5	0	5	0	0	0
15236	15236		INV	chr10	14871251	chr10	14871475	224.0	True		False		2	3	5	-10,0	-2,0	-9,1	-2,1					2	3	5	0	0	0
15243	15243		DEL	chr10	15553084	chr10	15553783	699.0	True		False		4	1	5	-10,9	-2,3	-10,9	-3,3					4	1	5	0	0	0
30487	30487_1	30487_2	BND	chr10	16711373	chr13	78186462		False	False	False	True	1	4	5	-9,6	0,0	-8,8	0,0	-8,8	0,0	-9,6	0,0	1	4	5	0	0	0
15253	15253		DEL	chr10	16718832	chr10	16719416	584.0	True		False		6	0	6	-10,357	-2,144	-510,9	-133,2					5	0	5	1	0	1
30513	30513_1	30513_2	BND	chr10	17654020	chr17	858700		False	False	False	True	1	4	5	-8,8	0,0	-9,6	0,0	-9,6	0,0	-8,8	0,0	1	4	5	0	0	0
15255	15255		DEL	chr10	18001968	chr10	18002489	521.0	True		False		5	0	5	-10,519	-2,145	-510,9	-128,2					5	0	5	0	0	0
15256	15256		DEL	chr10	18130037	chr10	18131272	1235.0	True		False		6	0	6	-10,649	-2,328	-650,9	-328,2					6	0	6	0	0	0
15259	15259		DEL	chr10	18495258	chr10	18496126	868.0	True		False		5	0	5	-10,493	-2,135	-591,9	-146,2					5	0	5	0	0	0
15261	15261		DEL	chr10	19065279	chr10	19065799	520.0	True		False		5	0	5	-10,499	-2,126	-500,9	-136,2					5	0	5	0	0	0
15317	15317		DEL	chr10	29026537	chr10	29027539	1002.0	True		False		6	0	6	-10,701	-2,352	-702,9	-352,2					5	0	5	1	0	1
15328	15328		DEL	chr10	30739589	chr10	30740108	519.0	True		False		4	1	5	-10,9	-3,3	-10,9	-3,3					4	1	5	0	0	0
15353	15353_1	15353_2	BND	chr10	32950007	chr10	32950166		False	False	False	True	1	4	5	-9,6	0,0	0,0	0,0	0,0	0,0	-9,6	0,0	1	4	5	0	0	0
30484	30484_1	30484_2	BND	chr10	33440432	chr12	124999873		True	True	False	True	9	0	9	-410,9	-89,2	-435,4	-106,0	-435,4	-106,0	-410,9	-89,2	9	0	9	0	0	0
15363	15363		DEL	chr10	34468774	chr10	34469283	509.0	True		False		6	0	6	-10,455	-2,124	-498,9	-137,2					5	0	5	1	0	1
15364	15364		DEL	chr10	34479239	chr10	34479967	728.0	True		False		5	0	5	-10,589	-2,194	-614,9	-200,2					5	0	5	0	0	0
30547	30547_1	30547_2	BND	chr10	37145829	chr18	14780811		True	True	False	True	9	0	9	-420,7	-96,0	-10,377	-2,63	-10,377	-2,63	-420,7	-96,0	9	0	9	0	0	0
15383	15383		DEL	chr10	37836779	chr10	37837266	487.0	True		False		5	0	5	-10,410	-2,125	-486,9	-126,2					5	0	5	0	0	0
30588	30588_1	30588_2	BND	chr10	38529906	chr22	16351147		True	True	False	True	6	0	6	-10,348	-2,87	-645,9	-121,1	-645,9	-121,1	-10,348	-2,87	5	0	5	1	0	1
15391	15391		DEL	chr10	38574333	chr10	38576767	2434.0	True		False		5	0	5	-10,578	0,126	-558,9	-103,2					5	0	5	0	0	0
30616	30616_1	30616_2	BND	chr10	38688323	chrY	11384939		True	True	False	True	8	0	8	-570,9	-101,1	-9,456	-1,113	-9,456	-1,113	-570,9	-101,1	8	0	8	0	0	0
15394	15394		DEL	chr10	38913437	chr10	38919689	6252.0	True		False		5	0	5	-8,584	0,134	-587,9	-120,2					5	0	5	0	0	0
15412	15412		DEL	chr10	41565795	chr10	41584107	18312.0	True		False		7	0	7	-10,502	-2,103	-551,9	-77,2					6	0	6	1	0	1
15417	15417		DUP	chr10	41859079	chr10	41864229	5150.0	True		False		11	0	11	-351,9	-77,2	-10,345	-2,80					10	0	10	1	0	1
15458	15458		DUP	chr10	41859699	chr10	41892990	33291.0	True		False		7	0	7	-611,9	-105,1	-10,120	-3,35					6	0	6	1	0	1
30555	30555_1	30555_2	BND	chr10	41863774	chr20	31058066		True	True	False	True	11	0	11	-628,9	-94,0	-10,336	-2,63	-10,336	-2,63	-628,9	-94,0	10	0	10	1	0	1
15503	15503		DUP	chr10	41865794	chr10	41909622	43828.0	True		False		7	0	7	-509,9	-105,1	-10,89	-2,30					7	0	7	0	0	0
30517	30517_1	30517_2	BND	chr10	41874152	chr17	21976488		True	True	False	True	7	0	7	-588,9	-89,2	-5,521	0,116	-5,521	0,116	-588,9	-89,2	6	0	6	1	0	1
15429	15429		DUP	chr10	41875276	chr10	41882041	6765.0	True		False		6	2	8	-10,9	-1,1	-10,9	-1,1					5	2	7	1	0	1
30519	30519_1	30519_2	BND	chr10	41875370	chr17	21973673		True	True	False	True	6	0	6	-536,9	-96,2	-10,95	-3,34	-10,95	-3,34	-536,9	-96,2	5	0	5	1	0	1
15490	15490		DUP	chr10	41878632	chr10	41904993	26361.0	True		False		9	0	9	-421,9	-101,1	-10,374	-2,68					9	0	9	0	0	0
30564	30564_1	30564_2	BND	chr10	41878686	chr21	10660881		True	True	False	True	6	0	6	-51,9	-22,3	-583,4	-123,0	-583,4	-123,0	-51,9	-22,3	5	0	5	1	0	1
30499	30499_1	30499_2	BND	chr10	41879281	chr16	34071636		True	True	False	True	7	0	7	-506,8	-122,1	-7,592	0,138	-7,592	0,138	-506,8	-122,1	7	0	7	0	0	0
30613	30613_1	30613_2	BND	chr10	41879363	chrY	10999957		True	True	False	True	5	0	5	-10,44	0,28	-10,645	0,138	-10,645	0,138	-10,44	0,28	5	0	5	0	0	0
15431	15431		DEL	chr10	41882374	chr10	41882420	46.0	True		False		5	1	6	-10,9	-3,3	-10,9	-3,3					4	1	5	1	0	1
30620	30620_1	30620_2	BND	chr10	41883457	chrY	11721926		True	True	False	True	6	0	6	-10,467	0,107	-615,9	-119,2	-615,9	-119,2	-10,467	0,107	5	0	5	1	0	1
15476	15476		DEL	chr10	41886273	chr10	41902163	15890.0	False		False		1	7	8	-6,4	0,0	-10,9	0,0					1	6	7	0	1	1
15469	15469		DUP	chr10	41890113	chr10	41899718	9605.0	True		False		5	0	5	-533,9	-100,2	-10,423	-2,81					5	0	5	0	0	0
15533	15533		DUP	chr10	41890144	chr10	41914762	24618.0	True		False		7	0	7	-468,9	-69,2	-10,473	-2,97					6	0	6	1	0	1
15536	15536		DEL	chr10	41892180	chr10	41914514	22334.0	True		False		6	0	6	-10,226	-3,52	-522,9	-89,2					5	0	5	1	0	1
15464	15464		DEL	chr10	41897055	chr10	41898477	1422.0	True		False		14	0	14	-10,210	-3,23	-243,9	-38,3					13	0	13	1	0	1
15537	15537		DUP	chr10	41898892	chr10	41914809	15917.0	True		False		5	0	5	-464,9	-131,2	-10,572	-2,119					5	0	5	0	0	0
15345	15345		DEL	chr10	41909574	chr10	41910228	654.0	True		False		9	0	9	-10,210	-2,90	-40,9	-31,2					8	0	8	1	0	1
15527	15527		DEL	chr10	41912220	chr10	41913994	1774.0	True		False		6	0	6	-10,513	-2,96	-553,9	-111,2					5	0	5	1	0	1
15569	15569		DUP	chr10	42177398	chr10	42243683	66285.0	True		False		6	0	6	-231,9	-64,3	-10,483	-2,83					6	0	6	0	0	0
30586	30586_1	30586_2	BND	chr10	42199375	chr22	10668698		True	True	False	True	7	0	7	-622,9	-108,1	-509,9	-99,1	-509,9	-99,1	-622,9	-108,1	6	0	6	1	0	1
15573	15573		DEL	chr10	42808197	chr10	42808429	232.0	True		False		5	0	5	-10,230	-3,77	-117,9	-54,3					5	0	5	0	0	0
15582	15582		DEL	chr10	44746476	chr10	44747191	715.0	True		False		5	0	5	-10,572	-2,149	-516,9	-130,2					5	0	5	0	0	0
15337	15337		DEL	chr10	46530432	chr10	46530585	153.0	True		False		5	0	5	-10,40	-2,28	-21,9	-17,2					5	0	5	0	0	0
15591	15591		DEL	chr10	47113351	chr10	47113747	396.0	True		False		5	0	5	-10,263	-2,95	-190,9	-67,3					5	0	5	0	0	0
15598	15598		DEL	chr10	48938255	chr10	48938699	444.0	True		False		5	0	5	-10,387	-2,109	-398,9	-98,2					5	0	5	0	0	0
15612	15612		DEL	chr10	50985089	chr10	50986265	1176.0	True		False		5	0	5	-10,649	-2,328	-650,9	-328,2					5	0	5	0	0	0
15626	15626		DEL	chr10	54114752	chr10	54114947	195.0	True		False		5	0	5	-10,33	-3,21	-57,9	-36,2					5	0	5	0	0	0
30540	30540_1	30540_2	BND	chr10	56027568	chr17	40087186		True	True	False	True	2	3	5	-8,9	-1,1	-10,8	-1,0	-10,8	-1,0	-8,9	-1,1	2	3	5	0	0	0
15633	15633_1	15633_2	BND	chr10	56355197	chr10	56355369		False	False	False	True	1	4	5	-9,6	0,0	-9,6	0,0	-9,6	0,0	-9,6	0,0	1	4	5	0	0	0
15644	15644		DEL	chr10	60597507	chr10	60597964	457.0	True		False		5	0	5	-10,271	-2,87	-267,9	-72,3					5	0	5	0	0	0
15646	15646		DEL	chr10	61095102	chr10	61095655	553.0	True		False		5	0	5	-10,228	-3,70	-259,9	-109,2					5	0	5	0	0	0
15660	15660		DEL	chr10	63701476	chr10	63702385	909.0	True		False		5	0	5	-10,567	-2,190	-530,9	-184,2					5	0	5	0	0	0
15671	15671		DEL	chr10	64947724	chr10	64948020	296.0	True		False		5	0	5	-10,46	-3,29	-199,9	-84,2					5	0	5	0	0	0
15674	15674_1	15674_2	BND	chr10	65482736	chr10	65482986		True	True	False	True	3	3	6	-10,9	-1,1	-10,9	-1,1	-10,9	-1,1	-10,9	-1,1	3	3	6	0	0	0
15676	15676		DEL	chr10	65732748	chr10	65733157	409.0	True		False		5	0	5	-10,65	-2,43	-343,9	-72,3					5	0	5	0	0	0
30480	30480_1	30480_2	BND	chr10	70575258	chr12	71369276		True	True	False	True	8	2	10	-4,9	-1,1	-10,9	-1,1	-10,9	-1,1	-4,9	-1,1	7	2	9	1	0	1
15695	15695		DEL	chr10	71222743	chr10	71223527	784.0	True		False		5	0	5	-10,646	-2,210	-585,9	-193,2					5	0	5	0	0	0
30541	30541_1	30541_2	BND	chr10	72289318	chr17	43017072		True	True	False	True	11	0	11	-630,9	-91,2	-10,457	-3,44	-10,457	-3,44	-630,9	-91,2	10	0	10	1	0	1
15717	15717		DEL	chr10	74756865	chr10	74757397	532.0	True		False		5	0	5	-10,455	-2,124	-497,9	-126,2					5	0	5	0	0	0
15729	15729		DEL	chr10	78352915	chr10	78353711	796.0	True		False		6	0	6	-10,612	-2,195	-630,9	-201,2					5	0	5	1	0	1
15737	15737		DEL	chr10	79209187	chr10	79209770	583.0	True		False		5	0	5	-10,328	-2,168	-546,9	-186,2					5	0	5	0	0	0
15745	15745_1	15745_2	BND	chr10	79556696	chr10	79614517		True	True	False	True	8	0	8	-561,9	-90,2	-427,9	-57,2	-427,9	-57,2	-561,9	-90,2	7	0	7	1	0	1
30507	30507_1	30507_2	BND	chr10	80533334	chr16	75469435		True	True	False	True	9	0	9	-650,9	-107,0	-10,378	-1,71	-10,378	-1,71	-650,9	-107,0	8	0	8	1	0	1
15767	15767		DEL	chr10	86386025	chr10	86386137	112.0	True		False		5	0	5	-10,55	-2,33	-12,9	-10,2					5	0	5	0	0	0
15769	15769		DEL	chr10	86800049	chr10	86800701	652.0	True		False		6	0	6	-10,553	-2,155	-366,9	-130,2					5	0	5	1	0	1
15772	15772		DEL	chr10	87074989	chr10	87075680	691.0	True		False		5	0	5	-10,621	-2,203	-502,9	-182,2					5	0	5	0	0	0
15781	15781		DEL	chr10	90290868	chr10	90291473	605.0	True		False		5	0	5	-10,439	-2,139	-75,9	-53,2					5	0	5	0	0	0
15795	15795		DEL	chr10	92569774	chr10	92569999	225.0	True		False		6	0	6	-10,77	-2,44	-1,2	-1,2					6	0	6	0	0	0
15796	15796		DEL	chr10	92789953	chr10	92790176	223.0	True		False		5	0	5	-10,183	-3,75	-28,9	-22,2					5	0	5	0	0	0
15797	15797		DEL	chr10	92917135	chr10	92918101	966.0	True		False		5	0	5	-10,649	-2,328	-650,9	-328,2					5	0	5	0	0	0
15798	15798		DEL	chr10	93481281	chr10	93482370	1089.0	True		False		5	0	5	-10,649	-2,328	-650,9	-328,2					5	0	5	0	0	0
30534	30534_1	30534_2	BND	chr10	94062547	chr17	29438155		False	False	False	True	1	4	5	-8,8	0,0	-9,6	0,0	-9,6	0,0	-8,8	0,0	1	4	5	0	0	0
15803	15803		DEL	chr10	94614265	chr10	94614640	375.0	True		False		6	0	6	-10,338	-3,69	-103,9	-46,3					5	0	5	1	0	1
30474	30474_1	30474_2	BND	chr10	95986282	chr12	29801528		True	True	False	True	7	0	7	-404,9	-53,3	-635,9	-110,2	-635,9	-110,2	-404,9	-53,3	6	0	6	1	0	1
15811	15811		DEL	chr10	96566300	chr10	96566827	527.0	True		False		5	0	5	-10,288	-3,70	-1,2	-1,2					5	0	5	0	0	0
15664	15664		DEL	chr10	99172252	chr10	99173001	749.0	True		False		6	0	6	-10,543	-2,186	-573,9	-191,2					5	0	5	1	0	1
15822	15822		DEL	chr10	99716185	chr10	99716916	731.0	True		False		6	0	6	-10,507	-2,129	-6,9	-5,3					6	0	6	0	0	0
15837	15837		DEL	chr10	103526274	chr10	103527158	884.0	True		False		6	0	6	-10,649	-2,328	-650,9	-328,2					6	0	6	0	0	0
15838	15838		DEL	chr10	104373705	chr10	104374405	700.0	True		False		7	0	7	-10,584	-2,193	-523,9	-184,2					7	0	7	0	0	0
15851	15851		DEL	chr10	107044610	chr10	107045106	496.0	True		False		5	0	5	-10,205	-2,93	-273,9	-104,2					5	0	5	0	0	0
30563	30563_1	30563_2	BND	chr10	108270278	chr20	38630129		False	False	False	True	1	4	5	-9,6	0,0	-8,8	0,0	-8,8	0,0	-9,6	0,0	1	4	5	0	0	0
15667	15667		DEL	chr10	111493063	chr10	111493477	414.0	True		False		5	0	5	-10,306	-2,120	-371,9	-120,3					5	0	5	0	0	0
15876	15876		DEL	chr10	112057875	chr10	112058157	282.0	True		False		5	0	5	-10,24	-2,19	-190,9	-77,3					5	0	5	0	0	0
15896	15896		DEL	chr10	116745023	chr10	116745559	536.0	True		False		5	0	5	-10,494	-2,181	-535,9	-189,2					5	0	5	0	0	0
15904	15904		DEL	chr10	118027465	chr10	118027911	446.0	True		False		5	0	5	-10,3	-4,3	-248,9	-68,3					5	0	5	0	0	0
15909	15909		DEL	chr10	119287333	chr10	119287353	20.0	True		False		4	3	7	-10,9	-1,1	-10,9	-1,1					3	3	6	1	0	1
15920	15920		DEL	chr10	121297967	chr10	121298451	484.0	True		False		5	0	5	-10,140	-2,82	-185,9	-85,2					5	0	5	0	0	0
15923	15923		DEL	chr10	121548930	chr10	121549444	514.0	True		False		5	0	5	-10,497	-2,182	-480,9	-181,2					5	0	5	0	0	0
15924	15924		DEL	chr10	121593409	chr10	121593937	528.0	True		False		5	0	5	-10,526	-2,138	-492,9	-135,2					5	0	5	0	0	0
15927	15927		DEL	chr10	122457303	chr10	122457747	444.0	True		False		7	0	7	-10,250	-3,57	-244,9	-50,3					6	0	6	1	0	1
15928	15928		DEL	chr10	122800954	chr10	122801511	557.0	True		False		5	0	5	-10,459	-2,127	-367,9	-125,2					5	0	5	0	0	0
15940	15940		DEL	chr10	124440865	chr10	124441500	635.0	True		False		5	0	5	-10,482	-2,143	-563,9	-154,2					5	0	5	0	0	0
30594	30594_1	30594_2	BND	chr10	125894182	chr22	10739715		True	True	False	True	11	0	11	-10,344	-1,76	-519,9	-64,2	-519,9	-64,2	-10,344	-1,76	11	0	11	0	0	0
15967	15967		DEL	chr10	127851882	chr10	127852475	593.0	True		False		6	0	6	-10,471	-2,125	-519,9	-146,2					6	0	6	0	0	0
15974	15974		DEL	chr10	128293390	chr10	128293774	384.0	True		False		5	0	5	-10,292	-2,86	-171,9	-60,3					5	0	5	0	0	0
15970	15970		DEL	chr10	131383121	chr10	131383683	562.0	True		False		6	0	6	-10,528	-2,109	-392,9	-110,2					5	0	5	1	0	1
16012	16012_1	16012_2	BND	chr11	307800	chr11	321210		True	True	False	True	6	0	6	-10,303	-2,86	-10,510	-2,95	-10,510	-2,95	-10,303	-2,86	5	0	5	1	0	1
16018	16018_1	16018_2	BND	chr11	389179	chr11	574452		True	True	False	True	6	0	6	-10,492	-2,91	-10,547	-2,118	-10,547	-2,118	-10,492	-2,91	5	0	5	1	0	1
16027	16027		DEL	chr11	1601986	chr11	1602643	657.0	True		False		6	0	6	-10,401	-2,145	-499,9	-135,2					5	0	5	1	0	1
16035	16035		DUP	chr11	3395029	chr11	3594233	199204.0	True		False		7	0	7	-606,9	-98,2	-10,354	-3,52					6	0	6	1	0	1
16050	16050		DEL	chr11	6079190	chr11	6079887	697.0	True		False		5	0	5	-10,634	-2,207	-603,9	-197,2					5	0	5	0	0	0
16063	16063		DEL	chr11	8844101	chr11	8844285	184.0	True		False		5	0	5	-10,105	-2,53	-87,9	-47,3					5	0	5	0	0	0
16070	16070		DEL	chr11	9563737	chr11	9564368	631.0	True		False		5	0	5	-10,394	-2,111	-251,9	-104,2					5	0	5	0	0	0
16071	16071		DEL	chr11	9816749	chr11	9817153	404.0	True		False		6	0	6	-10,192	-2,96	-336,9	-95,3					6	0	6	0	0	0
16074	16074		INV	chr11	10267995	chr11	10268224	229.0	True		False		3	2	5	-10,4	-2,3	-10,9	-3,3					3	2	5	0	0	0
16085	16085		DEL	chr11	12129138	chr11	12130092	954.0	True		False		5	0	5	-10,613	-2,200	-650,9	-211,1					5	0	5	0	0	0
16088	16088		DEL	chr11	12830634	chr11	12831249	615.0	True		False		5	0	5	-10,535	-2,141	-531,9	-134,2					5	0	5	0	0	0
16092	16092_1	16092_2	BND	chr11	13578263	chr11	13578356		False	False	False	True	1	4	5	-9,6	0,0	-9,6	0,0	-9,6	0,0	-9,6	0,0	1	4	5	0	0	0
16094	16094		DEL	chr11	13764106	chr11	13764422	316.0	True		False		6	0	6	-10,105	-3,44	-184,9	-58,3					6	0	6	0	0	0
30826	30826_1	30826_2	BND	chr11	15116922	chr19	23761902		False	False	False	True	3	4	7	-10,9	0,0	-10,8	0,0	-10,8	0,0	-10,9	0,0	3	4	7	0	0	0
30818	30818_1	30818_2	BND	chr11	15401195	chr17	58005241		False	False	False	True	1	4	5	-8,8	0,0	-8,8	0,0	-8,8	0,0	-8,8	0,0	1	4	5	0	0	0
16117	16117		DEL	chr11	19347600	chr11	19348173	573.0	True		False		5	0	5	-10,571	-2,145	-276,9	-130,2					5	0	5	0	0	0
16120	16120		DEL	chr11	20033219	chr11	20033534	315.0	True		False		6	0	6	-10,282	-2,119	-258,9	-114,2					5	0	5	1	0	1
16145	16145_1	16145_2	BND	chr11	27308345	chr11	27308597		True	True	False	True	3	2	5	-1,3	-1,3	-10,9	-3,3	-10,9	-3,3	-1,3	-1,3	3	2	5	0	0	0
16148	16148		DEL	chr11	28621433	chr11	28621962	529.0	True		False		5	0	5	-10,459	-2,142	-315,9	-129,2					5	0	5	0	0	0
16150	16150		DEL	chr11	28985654	chr11	28991341	5687.0	True		False		7	0	7	-10,523	0,100	-357,9	-83,0					6	0	6	1	0	1
16153	16153		DEL	chr11	30413165	chr11	30413705	540.0	True		False		5	0	5	-10,538	-2,134	-348,9	-123,2					5	0	5	0	0	0
16169	16169		DEL	chr11	32202910	chr11	32203702	792.0	True		False		6	0	6	-10,649	-2,205	-632,9	-201,2					5	0	5	1	0	1
16172	16172		DEL	chr11	32567391	chr11	32568289	898.0	True		False		5	0	5	-10,649	-2,328	-650,9	-328,2					5	0	5	0	0	0
16185	16185		DEL	chr11	35473274	chr11	35473784	510.0	True		False		5	0	5	-10,38	-2,30	-241,9	-92,2					5	0	5	0	0	0
16197	16197_1	16197_2	BND	chr11	39112443	chr11	39112772		True	True	False	True	2	3	5	-10,9	-1,1	-10,9	-1,1	-10,9	-1,1	-10,9	-1,1	2	3	5	0	0	0
16214	16214		DEL	chr11	43094043	chr11	43094610	567.0	True		False		6	0	6	-10,224	-2,95	-426,9	-116,2					5	0	5	1	0	1
16240	16240		DEL	chr11	47638774	chr11	47642376	3602.0	True		False		12	0	12	-6,376	-1,97	-361,1	-97,0					11	0	11	1	0	1
16243	16243		DEL	chr11	48008900	chr11	48009099	199.0	True		False		5	0	5	-10,182	-2,91	-198,9	-82,3					5	0	5	0	0	0
16246	16246		DEL	chr11	48209874	chr11	48210942	1068.0	True		False		5	0	5	-10,649	-2,328	-650,9	-328,2					5	0	5	0	0	0
16255	16255		DUP	chr11	48910812	chr11	48919203	8391.0	True		False		9	0	9	-427,9	-98,1	-7,0	-7,0					8	0	8	1	0	1
16165	16165_1	16165_2	BND	chr11	48963621	chr11	49823162		True	True	False	True	7	0	7	-10,432	-2,70	-10,488	-2,105	-10,488	-2,105	-10,432	-2,70	6	0	6	1	0	1
16269	16269		DEL	chr11	50758179	chr11	50760542	2363.0	True		False		12	0	12	-10,479	-3,45	-364,2	-96,0					11	0	11	1	0	1
16308	16308		DEL	chr11	61848537	chr11	61849175	638.0	True		False		5	0	5	-10,452	-2,136	-535,9	-151,2					5	0	5	0	0	0
16311	16311_1	16311_2	BND	chr11	62097725	chr11	62098061		True	True	False	True	5	0	5	-541,9	-100,2	-87,9	-82,0	-87,9	-82,0	-541,9	-100,2	5	0	5	0	0	0
16312	16312		DUP	chr11	62366619	chr11	62385306	18687.0	True		False		6	0	6	-491,9	-74,2	-10,516	-2,99					5	0	5	1	0	1
16314	16314		DEL	chr11	63113056	chr11	63113223	167.0	True		False		2	4	6	-10,9	0,0	-4,9	0,1					2	3	5	0	1	1
16331	16331		DEL	chr11	64814341	chr11	64814982	641.0	True		False		5	0	5	-10,639	-2,328	-640,9	-328,2					5	0	5	0	0	0
16340	16340		DEL	chr11	66909591	chr11	66909767	176.0	True		False		5	0	5	-10,144	-3,57	-175,9	-65,3					5	0	5	0	0	0
16350	16350		DEL	chr11	68656222	chr11	68656550	328.0	True		False		5	0	5	-10,213	-3,77	-129,9	-60,3					5	0	5	0	0	0
30821	30821_1	30821_2	BND	chr11	69206683	chr18	10063014		True	True	False	True	5	0	5	-10,578	-1,130	-276,9	-78,3	-276,9	-78,3	-10,578	-1,130	5	0	5	0	0	0
16357	16357		DEL	chr11	71305374	chr11	71305989	615.0	True		False		6	0	6	-10,613	-1,163	-614,9	-164,1					5	0	5	1	0	1
16365	16365_1	16365_2	BND	chr11	72544433	chr11	72544510		True	True	False	True	1	4	5	-7,0	0,1	-8,8	0,0	-8,8	0,0	-7,0	0,1	1	4	5	0	0	0
16380	16380		DEL	chr11	76458084	chr11	76458224	140.0	True		False		7	0	7	-10,75	-3,37	-72,9	-34,3					6	0	6	1	0	1
16382	16382		DEL	chr11	77058296	chr11	77059072	776.0	True		False		6	0	6	-10,324	-2,143	-582,9	-149,2					6	0	6	0	0	0
16385	16385		DEL	chr11	77549204	chr11	77549471	267.0	True		False		6	0	6	-10,124	-3,54	-55,9	-36,2					5	0	5	1	0	1
16390	16390		INV	chr11	78302016	chr11	78302102	86.0	True		False		2	3	5	-10,7	-1,1	-10,9	-1,1					2	3	5	0	0	0
16392	16392		DEL	chr11	78537564	chr11	78538058	494.0	True		False		5	0	5	-10,259	-2,94	-415,9	-101,2					5	0	5	0	0	0
16396	16396		DEL	chr11	78802701	chr11	78803523	822.0	True		False		5	0	5	-10,577	-2,192	-508,9	-182,2					5	0	5	0	0	0
16398	16398		DEL	chr11	78910154	chr11	78910719	565.0	True		False		5	0	5	-10,347	-2,131	-389,9	-125,2					5	0	5	0	0	0
16401	16401		DEL	chr11	79189082	chr11	79189554	472.0	True		False		5	0	5	-10,325	-2,122	-147,9	-96,2					5	0	5	0	0	0
16404	16404_1	16404_2	BND	chr11	80251789	chr11	80251891		False	False	False	True	1	4	5	-9,6	0,0	-9,6	0,0	-9,6	0,0	-9,6	0,0	1	4	5	0	0	0
16414	16414		DEL	chr11	83053488	chr11	83054296	808.0	True		False		7	0	7	-10,552	-2,148	-559,9	-144,2					6	0	6	1	0	1
16430	16430_1	16430_2	BND	chr11	88023580	chr11	88023681		True	True	False	True	2	3	5	-10,1	-1,1	-8,9	-1,1	-8,9	-1,1	-10,1	-1,1	2	3	5	0	0	0
16440	16440_1	16440_2	BND	chr11	89774031	chr11	90077351		True	True	False	True	12	0	12	-301,9	-46,1	-603,9	-83,0	-603,9	-83,0	-301,9	-46,1	12	0	12	0	0	0
16456	16456		DEL	chr11	93761752	chr11	93762399	647.0	True		False		5	0	5	-10,459	-2,127	-482,9	-135,2					5	0	5	0	0	0
30831	30831_1	30831_2	BND	chr11	95265822	chr19	23661043		False	False	False	True	1	4	5	-9,6	0,0	-9,6	0,0	-9,6	0,0	-9,6	0,0	1	4	5	0	0	0
16464	16464		DEL	chr11	96192646	chr11	96193602	956.0	True		False		5	0	5	-10,583	-2,193	-599,9	-196,2					5	0	5	0	0	0
16481	16481		DEL	chr11	99846011	chr11	99847100	1089.0	True		False		5	0	5	-10,520	-2,183	-636,9	-207,2					5	0	5	0	0	0
16519	16519		DEL	chr11	108209004	chr11	108209299	295.0	True		False		5	0	5	-10,293	-2,118	-209,9	-107,2					5	0	5	0	0	0
16526	16526		DEL	chr11	109402241	chr11	109447686	45445.0	True		False		9	0	9	-10,361	-3,56	-393,9	-66,2					8	0	8	1	0	1
16547	16547		DEL	chr11	114869800	chr11	114870314	514.0	True		False		5	0	5	-10,458	-2,125	-372,9	-137,2					5	0	5	0	0	0
16549	16549_1	16549_2	BND	chr11	115174562	chr11	115174701		True	True	False	True	2	3	5	-10,9	-1,1	-10,9	-1,1	-10,9	-1,1	-10,9	-1,1	2	3	5	0	0	0
16552	16552		DEL	chr11	115631224	chr11	115631594	370.0	True		False		5	0	5	-10,278	-3,81	-308,9	-70,3					5	0	5	0	0	0
30788	30788_1	30788_2	BND	chr11	116320283	chr12	20581729		False	False	False	True	2	4	6	-9,8	0,0	-10,9	0,0	-10,9	0,0	-9,8	0,0	2	4	6	0	0	0
16556	16556_1	16556_2	BND	chr11	116812422	chr11	116812538		True	True	False	True	7	0	7	-10,24	-1,24	-6,478	0,116	-6,478	0,116	-10,24	-1,24	7	0	7	0	0	0
16571	16571		DEL	chr11	119819213	chr11	119819673	460.0	True		False		6	0	6	-10,456	-2,136	-386,9	-125,2					6	0	6	0	0	0
16574	16574		DEL	chr11	121461994	chr11	121462627	633.0	True		False		5	0	5	-10,536	-2,185	-562,9	-189,2					5	0	5	0	0	0
16576	16576		DEL	chr11	121871428	chr11	121871915	487.0	True		False		5	0	5	-10,112	-2,66	-367,9	-99,2					5	0	5	0	0	0
16577	16577		DEL	chr11	121959965	chr11	121960466	501.0	True		False		7	0	7	-10,228	-3,65	-92,9	-53,2					7	0	7	0	0	0
16583	16583		DEL	chr11	123616783	chr11	123616838	55.0	True		False		5	0	5	-10,19	-2,16	-48,9	-32,2					5	0	5	0	0	0
16594	16594		DEL	chr11	125413017	chr11	125413495	478.0	True		False		5	0	5	-10,426	-2,127	-126,9	-81,2					5	0	5	0	0	0
16596	16596		DEL	chr11	125837475	chr11	125838098	623.0	True		False		5	0	5	-10,247	-2,116	-405,9	-128,2					5	0	5	0	0	0
16615	16615		DEL	chr11	129281879	chr11	129282866	987.0	True		False		5	0	5	-10,649	-2,328	-650,9	-328,2					5	0	5	0	0	0
16617	16617		INV	chr11	129505984	chr11	129506146	162.0	True		False		3	2	5	-10,10	-10,10	-10,649	-2,328					3	2	5	0	0	0
16620	16620		DUP	chr11	130755951	chr11	131256882	500931.0	True		False		6	0	6	-544,9	-114,1	-10,454	-2,81					6	0	6	0	0	0
16639	16639		DEL	chr11	134623646	chr11	134624558	912.0	True		False		5	0	5	-10,611	-2,200	-563,9	-189,2					5	0	5	0	0	0
16642	16642		DEL	chr12	111102	chr12	111730	628.0	True		False		5	0	5	-10,601	-2,197	-627,9	-207,2					5	0	5	0	0	0
16643	16643		DEL	chr12	136751	chr12	137299	548.0	True		False		6	0	6	-10,370	-2,131	-256,9	-120,2					5	0	5	1	0	1
16665	16665		DEL	chr12	1653664	chr12	1653883	219.0	True		False		5	0	5	-10,81	-2,43	-81,9	-40,3					5	0	5	0	0	0
16680	16680		INV	chr12	2609102	chr12	2609230	128.0	True		False		2	3	5	-9,2	-2,1	-10,1	-2,1					2	3	5	0	0	0
16681	16681		DEL	chr12	2620216	chr12	2620436	220.0	True		False		5	0	5	-10,40	-2,31	-122,9	-72,2					5	0	5	0	0	0
16682	16682		DEL	chr12	2798368	chr12	2798828	460.0	True		False		5	0	5	-10,267	-2,116	-384,9	-124,2					5	0	5	0	0	0
16684	16684		DEL	chr12	3249244	chr12	3249974	730.0	True		False		6	0	6	-10,649	-1,211	-601,9	-197,2					6	0	6	0	0	0
16685	16685		DEL	chr12	3470211	chr12	3470665	454.0	True		False		5	0	5	-10,345	-3,88	-243,9	-84,2					5	0	5	0	0	0
16691	16691		DEL	chr12	3749984	chr12	3750520	536.0	True		False		5	0	5	-10,495	-2,109	-147,9	-81,2					5	0	5	0	0	0
16703	16703		INV	chr12	4474029	chr12	4474136	107.0	True		False		1	4	5	0,0	0,0	0,9	0,9					1	4	5	0	0	0
16708	16708		DEL	chr12	4856209	chr12	4856541	332.0	True		False		5	0	5	-10,267	-3,67	-213,9	-65,3					5	0	5	0	0	0
16711	16711		DEL	chr12	4947355	chr12	4948196	841.0	True		False		6	0	6	-10,649	-2,328	-650,9	-328,2					6	0	6	0	0	0
16719	16719		DEL	chr12	5214778	chr12	5215397	619.0	True		False		5	0	5	-10,55	-2,40	-458,9	-108,2					5	0	5	0	0	0
16727	16727		DEL	chr12	5804135	chr12	5804328	193.0	True		False		5	0	5	-10,191	-2,95	-159,9	-71,3					5	0	5	0	0	0
16730	16730		DEL	chr12	5926097	chr12	5926575	478.0	True		False		5	0	5	-10,97	-2,60	-473,9	-109,2					5	0	5	0	0	0
16731	16731		DEL	chr12	5969228	chr12	5969542	314.0	True		False		5	0	5	-10,267	-2,133	-250,9	-112,2					5	0	5	0	0	0
30980	30980_1	30980_2	BND	chr12	6403581	chr17	39181248		True	True	False	True	8	0	8	-10,421	-2,75	-8,461	-1,108	-8,461	-1,108	-10,421	-2,75	7	0	7	1	0	1
16751	16751		DEL	chr12	7677777	chr12	7678422	645.0	True		False		5	0	5	-10,618	-2,202	-603,9	-197,2					5	0	5	0	0	0
30986	30986_1	30986_2	BND	chr12	7957714	chr18	12870501		True	True	False	True	5	0	5	-9,599	-1,138	-548,9	-120,2	-548,9	-120,2	-9,599	-1,138	5	0	5	0	0	0
16772	16772		DEL	chr12	8576093	chr12	8576626	533.0	True		False		5	0	5	-10,203	-2,116	-532,9	-137,2					5	0	5	0	0	0
16776	16776		DEL	chr12	8722003	chr12	8722472	469.0	True		False		5	0	5	-10,244	-3,89	-436,9	-121,2					5	0	5	0	0	0
16777	16777		DEL	chr12	8724497	chr12	8725124	627.0	True		False		5	0	5	-10,608	-2,199	-626,9	-211,1					5	0	5	0	0	0
16781	16781		DEL	chr12	9081995	chr12	9083290	1295.0	True		False		5	0	5	-10,649	-2,328	-650,9	-328,2					5	0	5	0	0	0
16783	16783_1	16783_2	BND	chr12	9319643	chr12	9412219		True	True	False	True	10	0	10	-10,336	-2,61	-10,352	-2,68	-10,352	-2,68	-10,336	-2,61	9	0	9	1	0	1
17044	17044_1	17044_2	BND	chr12	9480187	chr12	31201029		True	True	False	True	12	0	12	-10,323	-2,73	-10,300	-2,56	-10,300	-2,56	-10,323	-2,73	12	0	12	0	0	0
16786	16786		DEL	chr12	9632398	chr12	9633399	1001.0	True		False		5	0	5	-10,649	-2,328	-650,9	-328,2					5	0	5	0	0	0
16789	16789_1	16789_2	BND	chr12	9998405	chr12	10039071		True	True	False	True	9	0	9	-10,313	-2,52	-10,380	-2,76	-10,380	-2,76	-10,313	-2,52	8	0	8	1	0	1
16788	16788_1	16788_2	BND	chr12	9998556	chr12	10038842		True	True	False	True	6	0	6	-203,9	-73,2	-548,9	-101,2	-548,9	-101,2	-203,9	-73,2	5	0	5	1	0	1
16795	16795		DEL	chr12	10228146	chr12	10228916	770.0	True		False		6	0	6	-10,583	-2,144	-433,9	-129,2					6	0	6	0	0	0
16799	16799_1	16799_2	BND	chr12	10579461	chr12	10579694		True	True	False	True	9	0	9	-4,0	-4,0	-10,413	-2,79	-10,413	-2,79	-4,0	-4,0	9	0	9	0	0	0
16803	16803		DEL	chr12	10740407	chr12	10740874	467.0	True		False		5	0	5	-10,141	-2,78	-196,9	-83,3					5	0	5	0	0	0
16809	16809		DUP	chr12	11013835	chr12	11069404	55569.0	True		False		9	0	9	-290,9	-69,2	-10,19	-3,13					8	0	8	1	0	1
16761	16761		DUP	chr12	11019686	chr12	11075387	55701.0	True		False		8	0	8	-190,9	-68,1	-10,324	-1,89					7	0	7	1	0	1
16834	16834		DEL	chr12	11025984	chr12	11123732	97748.0	True		False		6	0	6	-10,156	0,80	-162,9	-46,3					5	0	5	1	0	1
16837	16837		DEL	chr12	11054264	chr12	11125147	70883.0	True		False		9	0	9	-10,487	-2,74	-264,9	-79,2					8	0	8	1	0	1
16839	16839		DEL	chr12	11083861	chr12	11125870	42009.0	True		False		6	0	6	-10,184	-2,80	-113,9	-37,3					5	0	5	1	0	1
16850	16850		DEL	chr12	11758818	chr12	11759047	229.0	True		False		5	0	5	-10,89	-2,50	-98,9	-50,3					5	0	5	0	0	0
16869	16869		DEL	chr12	13601871	chr12	13602278	407.0	True		False		5	0	5	-10,291	-2,98	-207,9	-88,2					5	0	5	0	0	0
16877	16877		DEL	chr12	14101839	chr12	14102072	233.0	True		False		5	0	5	-10,15	-2,13	-149,9	-75,2					5	0	5	0	0	0
16882	16882		DEL	chr12	14290689	chr12	14291975	1286.0	True		False		6	0	6	-10,649	-2,328	-650,9	-328,2					6	0	6	0	0	0
16883	16883		DEL	chr12	14480980	chr12	14481365	385.0	True		False		5	0	5	-10,260	-3,71	-209,9	-77,2					5	0	5	0	0	0
16885	16885		DEL	chr12	14532195	chr12	14532921	726.0	True		False		5	0	5	-10,587	-2,194	-622,9	-203,2					5	0	5	0	0	0
16886	16886		DEL	chr12	14554888	chr12	14555480	592.0	True		False		5	0	5	-10,484	-2,134	-588,9	-147,2					5	0	5	0	0	0
16888	16888		DEL	chr12	14733389	chr12	14733949	560.0	True		False		5	0	5	-10,558	-2,155	-189,9	-109,2					5	0	5	0	0	0
16764	16764		DEL	chr12	14778041	chr12	14778814	773.0	True		False		5	0	5	-10,556	-2,188	-553,9	-187,2					5	0	5	0	0	0
16894	16894		DEL	chr12	15228186	chr12	15228913	727.0	True		False		6	0	6	-10,485	-2,146	-502,9	-145,2					5	0	5	1	0	1
16900	16900		DEL	chr12	15804147	chr12	15804456	309.0	True		False		6	0	6	-10,4	-3,4	-63,9	-39,2					6	0	6	0	0	0
16909	16909		DEL	chr12	16144351	chr12	16144848	497.0	True		False		5	0	5	-10,495	-2,131	-387,9	-135,2					5	0	5	0	0	0
16915	16915		DEL	chr12	16659033	chr12	16659317	284.0	True		False		5	0	5	-10,149	-3,55	-124,9	-66,2					5	0	5	0	0	0
16916	16916		DEL	chr12	17108279	chr12	17108723	444.0	True		False		5	0	5	-10,438	-2,128	-435,9	-126,2					5	0	5	0	0	0
30985	30985_1	30985_2	BND	chr12	17631611	chr17	76073485		True	True	False	True	9	0	9	-426,9	-86,2	-164,9	-56,3	-164,9	-56,3	-426,9	-86,2	8	0	8	1	0	1
16921	16921		DEL	chr12	17970910	chr12	17971467	557.0	True		False		5	0	5	-10,302	-2,88	-290,9	-77,3					5	0	5	0	0	0
16929	16929		DEL	chr12	19963914	chr12	19964462	548.0	True		False		5	0	5	-10,546	-2,137	-282,9	-119,2					5	0	5	0	0	0
16935	16935		DEL	chr12	20524711	chr12	20525035	324.0	True		False		5	0	5	-10,123	-3,59	-320,9	-70,3					5	0	5	0	0	0
16944	16944		DEL	chr12	21306307	chr12	21306864	557.0	True		False		6	0	6	-10,540	-2,148	-534,9	-134,2					5	0	5	1	0	1
16947	16947		DEL	chr12	21706194	chr12	21706934	740.0	True		False		5	0	5	-10,494	-2,181	-417,9	-177,2					5	0	5	0	0	0
16952	16952		DEL	chr12	22951173	chr12	22952010	837.0	True		False		6	0	6	-10,621	-2,203	-583,9	-193,2					6	0	6	0	0	0
30958	30958_1	30958_2	BND	chr12	23389735	chr14	88127388		True	True	False	True	11	0	11	-10,454	-1,54	-10,343	0,87	-10,343	0,87	-10,454	-1,54	11	0	11	0	0	0
16958	16958		INV	chr12	24271997	chr12	24272383	386.0	True		False		2	3	5	-9,9	-1,1	-10,9	-1,1					2	3	5	0	0	0
16966	16966		DEL	chr12	24951458	chr12	24952457	999.0	True		False		6	0	6	-10,564	-1,155	-415,9	-142,2					6	0	6	0	0	0
16986	16986		DEL	chr12	26362879	chr12	26363469	590.0	True		False		7	0	7	-10,60	-2,44	-419,9	-106,2					7	0	7	0	0	0
16995	16995		DEL	chr12	27247861	chr12	27248551	690.0	True		False		5	0	5	-10,631	-1,165	-595,9	-154,2					5	0	5	0	0	0
16999	16999		DEL	chr12	27480635	chr12	27481270	635.0	True		False		6	0	6	-10,67	-2,51	-489,9	-126,2					6	0	6	0	0	0
17003	17003		DEL	chr12	27667747	chr12	27668319	572.0	True		False		6	0	6	-10,520	-2,143	-499,9	-126,2					5	0	5	1	0	1
17005	17005		DEL	chr12	27782686	chr12	27783094	408.0	True		False		5	0	5	-10,174	-2,82	-249,9	-91,3					5	0	5	0	0	0
17006	17006		DEL	chr12	27796833	chr12	27797568	735.0	True		False		5	0	5	-10,515	-2,183	-624,9	-203,2					5	0	5	0	0	0
17014	17014		DEL	chr12	28528721	chr12	28529394	673.0	True		False		5	0	5	-10,644	-2,210	-625,9	-204,2					5	0	5	0	0	0
17024	17024		DEL	chr12	30057419	chr12	30057618	199.0	True		False		5	0	5	-10,119	-2,70	-68,9	-46,2					5	0	5	0	0	0
17025	17025		DEL	chr12	30060796	chr12	30061707	911.0	True		False		5	0	5	-10,649	-2,328	-650,9	-328,2					5	0	5	0	0	0
17028	17028		DEL	chr12	30109595	chr12	30110142	547.0	True		False		5	0	5	-10,456	-2,144	-405,9	-128,2					5	0	5	0	0	0
31007	31007_1	31007_2	BND	chr12	30158135	chr21	37282412		True	True	False	True	8	0	8	-399,9	-56,3	-625,9	-104,1	-625,9	-104,1	-399,9	-56,3	7	0	7	1	0	1
17030	17030		DEL	chr12	30420621	chr12	30421331	710.0	True		False		5	0	5	-10,399	-2,176	-641,9	-209,2					5	0	5	0	0	0
17049	17049		DEL	chr12	31439736	chr12	31440186	450.0	True		False		5	0	5	-10,448	-2,115	-143,9	-76,2					5	0	5	0	0	0
17052	17052		DEL	chr12	31502873	chr12	31503410	537.0	True		False		6	0	6	-10,37	-2,29	-343,9	-108,2					6	0	6	0	0	0
17077	17077		INV	chr12	33182168	chr12	33182304	136.0	True		False		2	3	5	-3,0	-3,0	-8,9	0,2					2	3	5	0	0	0
17079	17079		DEL	chr12	33314266	chr12	33315064	798.0	True		False		6	0	6	-10,701	-2,352	-702,9	-352,2					5	0	5	1	0	1
31028	31028_1	31028_2	BND	chr12	34209605	chrY	11321711		True	True	False	True	10	0	10	-10,374	-2,70	-10,162	-2,62	-10,162	-2,62	-10,374	-2,70	9	0	9	1	0	1
17090	17090		DEL	chr12	34804480	chr12	34817714	13234.0	True		False		8	0	8	-10,404	-2,75	-452,9	-84,2					8	0	8	0	0	0
17099	17099		DUP	chr12	36351783	chr12	36772557	420774.0	True		False		8	0	8	-641,9	-109,0	-10,431	-1,89					7	0	7	1	0	1
17105	17105		DUP	chr12	36882110	chr12	37132974	250864.0	True		False		12	0	12	-548,9	-64,2	-10,303	-2,57					11	0	11	1	0	1
17124	17124		INV	chr12	38481501	chr12	38481613	112.0	True		False		2	3	5	-10,9	-1,1	-2,9	-1,1					2	3	5	0	0	0
17132	17132		DEL	chr12	40079953	chr12	40080650	697.0	True		False		5	0	5	-10,465	-2,134	-548,9	-138,2					5	0	5	0	0	0
17142	17142_1	17142_2	BND	chr12	40529924	chr12	40530059		False	False	False	True	1	4	5	-8,8	0,0	-8,8	0,0	-8,8	0,0	-8,8	0,0	1	4	5	0	0	0
17158	17158		DEL	chr12	42524881	chr12	42525401	520.0	True		False		5	0	5	-10,485	-2,181	-519,9	-185,2					5	0	5	0	0	0
17159	17159		DEL	chr12	42562239	chr12	42562477	238.0	True		False		5	0	5	-6,0	-6,0	-144,9	-75,2					5	0	5	0	0	0
17160	17160		DEL	chr12	42582435	chr12	42582845	410.0	True		False		5	0	5	-10,197	-2,104	-158,9	-96,2					5	0	5	0	0	0
17161	17161		DEL	chr12	42695180	chr12	42695561	381.0	True		False		6	0	6	-10,306	-3,90	-373,9	-103,2					6	0	6	0	0	0
17163	17163		DEL	chr12	42752219	chr12	42752661	442.0	True		False		5	0	5	-10,439	-2,127	-264,9	-121,2					5	0	5	0	0	0
17168	17168		DEL	chr12	43054647	chr12	43055517	870.0	True		False		6	0	6	-10,605	-2,150	-514,9	-139,2					5	0	5	1	0	1
17183	17183		DEL	chr12	45148898	chr12	45149499	601.0	True		False		5	0	5	-10,304	-2,137	-518,9	-136,2					5	0	5	0	0	0
17191	17191		INV	chr12	46133306	chr12	46133527	221.0	True		False		4	1	5	-10,9	-3,3	-10,9	-2,3					4	1	5	0	0	0
17194	17194		DEL	chr12	46495949	chr12	46495990	41.0	True		False		1	11	12	-7,0	-7,0	-3,2	0,0					1	10	11	0	1	1
17201	17201		DEL	chr12	47026595	chr12	47026914	319.0	True		False		5	0	5	-10,114	-2,70	-206,9	-86,2					5	0	5	0	0	0
30976	30976_1	30976_2	BND	chr12	47422306	chr17	7168674		False	False	False	True	1	4	5	-8,8	0,0	-8,8	0,0	-8,8	0,0	-8,8	0,0	1	4	5	0	0	0
17217	17217		DEL	chr12	48554838	chr12	48555304	466.0	True		False		5	0	5	-10,434	-3,75	-355,9	-75,3					5	0	5	0	0	0
17224	17224		DEL	chr12	49098942	chr12	49099334	392.0	True		False		6	0	6	-10,364	-2,92	-321,9	-74,3					5	0	5	1	0	1
17225	17225		DEL	chr12	49104377	chr12	49105170	793.0	True		False		5	0	5	-10,367	-2,173	-549,9	-187,2					5	0	5	0	0	0
30987	30987_1	30987_2	BND	chr12	49513211	chr18	22585117		False	False	False	True	1	4	5	-9,6	0,0	-9,6	0,0	-9,6	0,0	-9,6	0,0	1	4	5	0	0	0
17229	17229		DEL	chr12	49526862	chr12	49527533	671.0	True		False		5	0	5	-10,565	-2,189	-277,9	-157,2					5	0	5	0	0	0
17232	17232		DEL	chr12	49747870	chr12	49748623	753.0	True		False		5	0	5	-10,649	-2,328	-650,9	-328,2					5	0	5	0	0	0
17237	17237		DEL	chr12	49920055	chr12	49920518	463.0	True		False		7	0	7	-10,134	-2,79	-225,9	-77,3					6	0	6	1	0	1
17239	17239		DEL	chr12	50395758	chr12	50396948	1190.0	True		False		5	0	5	-10,649	-2,328	-650,9	-328,2					5	0	5	0	0	0
17244	17244		DEL	chr12	50601495	chr12	50602218	723.0	True		False		5	0	5	-10,530	-2,184	-560,9	-188,2					5	0	5	0	0	0
17252	17252		DEL	chr12	51649323	chr12	51649654	331.0	True		False		6	0	6	-10,237	-3,89	-260,9	-91,3					6	0	6	0	0	0
17254	17254		DEL	chr12	51711318	chr12	51711528	210.0	True		False		5	0	5	-10,112	-2,70	-63,9	-44,2					5	0	5	0	0	0
17271	17271		DEL	chr12	53634730	chr12	53635251	521.0	True		False		5	0	5	-10,519	-2,130	-507,9	-129,2					5	0	5	0	0	0
30954	30954_1	30954_2	BND	chr12	53639557	chr13	100298631		True	True	False	True	6	0	6	-10,507	-1,78	-645,9	-121,1	-645,9	-121,1	-10,507	-1,78	5	0	5	1	0	1
17274	17274		DEL	chr12	53842245	chr12	53843017	772.0	True		False		5	0	5	-10,589	-2,152	-384,9	-125,2					5	0	5	0	0	0
31010	31010_1	31010_2	BND	chr12	54014054	chr21	46495250		True	True	False	True	5	0	5	-7,592	0,138	-298,9	-81,2	-298,9	-81,2	-7,592	0,138	5	0	5	0	0	0
17278	17278		DEL	chr12	54038117	chr12	54038653	536.0	True		False		5	0	5	-10,516	-2,133	-535,9	-153,2					5	0	5	0	0	0
17281	17281		DEL	chr12	54136344	chr12	54136942	598.0	True		False		5	0	5	-10,596	-2,196	-524,9	-184,2					5	0	5	0	0	0
17288	17288		DEL	chr12	56004831	chr12	56005325	494.0	True		False		5	0	5	-10,354	-2,127	-493,9	-128,2					5	0	5	0	0	0
17292	17292		DEL	chr12	56323733	chr12	56324436	703.0	True		False		5	0	5	-10,558	-2,188	-545,9	-186,2					5	0	5	0	0	0
17300	17300		DEL	chr12	57463801	chr12	57464387	586.0	True		False		6	0	6	-10,286	-2,97	-284,9	-82,3					6	0	6	0	0	0
17304	17304		DEL	chr12	57787354	chr12	57788063	709.0	True		False		5	0	5	-10,568	-2,146	-535,9	-141,2					5	0	5	0	0	0
17319	17319		INV	chr12	59924078	chr12	59924188	110.0	True		False		2	3	5	-2,0	-2,0	-10,5	-2,1					2	3	5	0	0	0
17321	17321		DEL	chr12	60131224	chr12	60131866	642.0	True		False		5	0	5	-10,473	-2,129	-553,9	-138,2					5	0	5	0	0	0
17336	17336		INV	chr12	63062402	chr12	63062491	89.0	True		False		4	1	5	-10,0	-10,0	-10,9	-2,3					4	1	5	0	0	0
17369	17369		DEL	chr12	64580464	chr12	64580831	367.0	True		False		5	0	5	-10,163	-2,93	-366,9	-125,2					5	0	5	0	0	0
17371	17371		DEL	chr12	64632515	chr12	64632878	363.0	True		False		6	0	6	-10,271	-3,50	-326,9	-67,3					5	0	5	1	0	1
17374	17374		DEL	chr12	64901703	chr12	64902535	832.0	True		False		6	0	6	-10,601	-2,197	-517,9	-183,2					6	0	6	0	0	0
17390	17390		DEL	chr12	66265889	chr12	66266590	701.0	True		False		5	0	5	-10,341	-2,124	-473,9	-128,2					5	0	5	0	0	0
17393	17393		DEL	chr12	66679429	chr12	66679822	393.0	True		False		5	0	5	-10,391	-3,71	-268,9	-74,3					5	0	5	0	0	0
17404	17404		DEL	chr12	68204893	chr12	68205430	537.0	True		False		5	0	5	-10,481	-2,132	-475,9	-127,2					5	0	5	0	0	0
17408	17408		DEL	chr12	68588044	chr12	68589031	987.0	True		False		6	0	6	-10,649	-2,328	-650,9	-328,2					6	0	6	0	0	0
17409	17409		DEL	chr12	68625068	chr12	68625368	300.0	True		False		6	0	6	-10,129	-3,57	-95,9	-43,3					5	0	5	1	0	1
17413	17413		DEL	chr12	68953353	chr12	68953831	478.0	True		False		6	0	6	-10,395	-3,96	-287,9	-106,2					6	0	6	0	0	0
17417	17417		DEL	chr12	69223100	chr12	69223937	837.0	True		False		5	0	5	-10,383	-2,175	-574,9	-191,2					5	0	5	0	0	0
17420	17420_1	17420_2	BND	chr12	70097835	chr12	70098055		True	True	False	True	2	3	5	0,6	0,3	-7,0	-7,0	-7,0	-7,0	0,6	0,3	2	3	5	0	0	0
17421	17421		DEL	chr12	70108441	chr12	70109077	636.0	True		False		5	0	5	-10,581	-2,192	-632,9	-206,2					5	0	5	0	0	0
17423	17423		DEL	chr12	70344219	chr12	70344788	569.0	True		False		6	0	6	-10,567	-2,142	-307,9	-122,2					5	0	5	1	0	1
17439	17439		DEL	chr12	72189814	chr12	72190580	766.0	True		False		5	0	5	-10,611	-2,200	-532,9	-184,2					5	0	5	0	0	0
17352	17352		DEL	chr12	74645688	chr12	74645766	78.0	True		False		5	0	5	-10,31	-2,24	-46,9	-31,2					5	0	5	0	0	0
17464	17464		INV	chr12	75614318	chr12	75614558	240.0	True		False		2	3	5	-10,2	-2,1	-9,3	-2,1					2	3	5	0	0	0
17467	17467		DEL	chr12	75984104	chr12	75984736	632.0	True		False		6	0	6	-10,591	-2,152	-558,9	-150,2					6	0	6	0	0	0
17468	17468		DEL	chr12	76518346	chr12	76518755	409.0	True		False		5	0	5	-10,379	-2,100	-251,9	-101,2					5	0	5	0	0	0
17471	17471		DEL	chr12	76819800	chr12	76820231	431.0	True		False		6	0	6	-10,262	-2,110	-105,9	-57,2					5	0	5	1	0	1
17477	17477		INV	chr12	77568529	chr12	77568709	180.0	True		False		2	3	5	-10,9	-1,1	-5,9	-1,1					2	3	5	0	0	0
17485	17485		INV	chr12	78476189	chr12	78476458	269.0	True		False		2	4	6	-10,8	-1,0	0,9	0,1					2	3	5	0	1	1
17486	17486		DEL	chr12	78513742	chr12	78514082	340.0	True		False		5	0	5	-10,51	-2,37	-266,9	-74,3					5	0	5	0	0	0
17502	17502		DEL	chr12	80912764	chr12	80912966	202.0	True		False		5	0	5	-10,92	-2,45	-171,9	-66,3					5	0	5	0	0	0
17504	17504		DEL	chr12	81386476	chr12	81386749	273.0	True		False		5	0	5	-10,247	-2,91	-111,9	-61,2					5	0	5	0	0	0
17344	17344		DEL	chr12	86375981	chr12	86376528	547.0	True		False		7	0	7	-10,332	-2,102	-411,9	-110,2					7	0	7	0	0	0
17539	17539		INV	chr12	88266027	chr12	88266358	331.0	True		False		3	2	5	-29,0	-29,0	0,67	0,56					3	2	5	0	0	0
17555	17555		INV	chr12	90513611	chr12	90513949	338.0	True		False		3	2	5	-10,7	-2,3	-10,9	-3,3					3	2	5	0	0	0
17556	17556		DEL	chr12	91544089	chr12	91544345	256.0	True		False		4	1	5	-10,9	-3,3	-10,9	-3,3					4	1	5	0	0	0
30998	30998_1	30998_2	BND	chr12	91644493	chr20	4446659		True	True	False	True	6	0	6	-581,4	-123,0	-7,545	0,121	-7,545	0,121	-581,4	-123,0	5	0	5	1	0	1
17569	17569		DEL	chr12	92973057	chr12	92973618	561.0	True		False		6	0	6	-10,559	-2,119	-388,9	-109,2					6	0	6	0	0	0
17578	17578		DEL	chr12	93551227	chr12	93552095	868.0	True		False		5	0	5	-10,649	-2,328	-650,9	-328,2					5	0	5	0	0	0
17587	17587		DEL	chr12	94159179	chr12	94160099	920.0	True		False		5	0	5	-10,641	-2,209	-547,9	-186,2					5	0	5	0	0	0
17597	17597		INV	chr12	94843511	chr12	94843775	264.0	True		False		2	3	5	-10,9	-1,1	-10,9	-1,1					2	3	5	0	0	0
17601	17601		DEL	chr12	94988536	chr12	94988890	354.0	True		False		5	0	5	-10,283	-3,73	-276,9	-75,3					5	0	5	0	0	0
17604	17604		DEL	chr12	95241012	chr12	95241629	617.0	True		False		5	0	5	-10,470	-2,120	-450,9	-124,2					5	0	5	0	0	0
17606	17606		DEL	chr12	95382261	chr12	95382681	420.0	True		False		5	0	5	-10,418	-2,101	-153,9	-83,2					5	0	5	0	0	0
17608	17608		DEL	chr12	95476566	chr12	95477297	731.0	True		False		5	0	5	-10,583	-2,193	-627,9	-204,2					5	0	5	0	0	0
17609	17609		DEL	chr12	95599937	chr12	95600056	119.0	True		False		3	2	5	-10,9	-1,1	-10,9	-1,1					3	2	5	0	0	0
17611	17611		DEL	chr12	95691869	chr12	95693407	1538.0	True		False		6	0	6	-10,649	-2,328	-650,9	-328,2					5	0	5	1	0	1
17617	17617		DEL	chr12	96079308	chr12	96079590	282.0	True		False		5	0	5	-10,102	-2,61	-56,9	-41,2					5	0	5	0	0	0
17619	17619		DEL	chr12	96180773	chr12	96181514	741.0	True		False		5	0	5	-10,628	-2,205	-580,9	-192,2					5	0	5	0	0	0
17620	17620		DEL	chr12	96253446	chr12	96253902	456.0	True		False		5	0	5	-10,329	-2,96	-39,9	-28,2					5	0	5	0	0	0
17623	17623		DEL	chr12	96561342	chr12	96562056	714.0	True		False		5	0	5	-10,529	-2,184	-579,9	-192,2					5	0	5	0	0	0
17631	17631		DEL	chr12	97180698	chr12	97181296	598.0	True		False		5	0	5	-10,524	-2,184	-549,9	-187,2					5	0	5	0	0	0
17635	17635		DEL	chr12	97506961	chr12	97507684	723.0	True		False		5	0	5	-10,389	-2,139	-629,9	-166,1					5	0	5	0	0	0
17638	17638		DEL	chr12	98118170	chr12	98118667	497.0	True		False		5	0	5	-10,358	-2,98	-423,9	-103,2					5	0	5	0	0	0
17641	17641		DEL	chr12	98416659	chr12	98417237	578.0	True		False		6	0	6	-10,550	-2,149	-444,9	-139,2					5	0	5	1	0	1
17644	17644		DEL	chr12	98858508	chr12	98859108	600.0	True		False		6	0	6	-10,591	-2,141	-553,9	-139,2					5	0	5	1	0	1
17652	17652		DEL	chr12	99908406	chr12	99908817	411.0	True		False		5	0	5	-10,247	-3,72	-410,9	-78,3					5	0	5	0	0	0
17655	17655		DEL	chr12	100261126	chr12	100261441	315.0	True		False		5	0	5	-10,132	-2,63	-314,9	-82,3					5	0	5	0	0	0
17656	17656		DEL	chr12	100382516	chr12	100383256	740.0	True		False		5	0	5	-10,594	-2,195	-545,9	-186,2					5	0	5	0	0	0
17362	17362		DEL	chr12	100958044	chr12	100958678	634.0	True		False		6	0	6	-10,484	-2,132	-493,9	-147,2					6	0	6	0	0	0
17662	17662		DEL	chr12	101408154	chr12	101408905	751.0	True		False		5	0	5	-10,587	-2,194	-546,9	-186,2					5	0	5	0	0	0
17669	17669_1	17669_2	BND	chr12	102367460	chr12	102367583		True	True	False	True	3	2	5	-10,8	-1,0	0,9	0,1	0,9	0,1	-10,8	-1,0	3	2	5	0	0	0
17673	17673		DEL	chr12	103082834	chr12	103083290	456.0	True		False		5	0	5	-10,335	-2,98	-48,9	-35,2					5	0	5	0	0	0
17686	17686		DEL	chr12	104072867	chr12	104073538	671.0	True		False		5	0	5	-10,570	-2,190	-598,9	-196,2					5	0	5	0	0	0
17688	17688		DEL	chr12	104249423	chr12	104250048	625.0	True		False		5	0	5	-10,424	-2,113	-76,9	-52,2					5	0	5	0	0	0
17690	17690		DEL	chr12	104503267	chr12	104503605	338.0	True		False		5	0	5	-10,212	-3,72	-133,9	-72,2					5	0	5	0	0	0
17694	17694_1	17694_2	BND	chr12	104711795	chr12	104712053		False	False	False	True	1	4	5	-9,6	0,0	-9,6	0,0	-9,6	0,0	-9,6	0,0	1	4	5	0	0	0
17699	17699		DEL	chr12	105585089	chr12	105586266	1177.0	True		False		6	0	6	-10,649	-2,328	-650,9	-328,2					5	0	5	1	0	1
17703	17703		DEL	chr12	106624097	chr12	106624570	473.0	True		False		5	0	5	-10,365	-3,120	-354,9	-131,2					5	0	5	0	0	0
17705	17705		DEL	chr12	106678139	chr12	106678521	382.0	True		False		5	0	5	-10,302	-2,108	-23,9	-18,2					5	0	5	0	0	0
17716	17716		DEL	chr12	107674795	chr12	107675281	486.0	True		False		5	0	5	-10,219	-3,88	-125,9	-77,2					5	0	5	0	0	0
17717	17717		DEL	chr12	107833739	chr12	107833898	159.0	True		False		6	0	6	-10,120	-3,55	-59,9	-30,3					5	0	5	1	0	1
30972	30972_1	30972_2	BND	chr12	107852319	chr16	56568200		True	True	False	True	11	0	11	-10,279	-2,43	-648,9	-100,0	-648,9	-100,0	-10,279	-2,43	10	0	10	1	0	1
17727	17727		DEL	chr12	108818899	chr12	108819506	607.0	True		False		6	0	6	-10,335	-2,98	-363,9	-112,2					5	0	5	1	0	1
17731	17731		DEL	chr12	109300001	chr12	109300311	310.0	True		False		5	0	5	-10,201	-2,90	-66,9	-46,2					5	0	5	0	0	0
17734	17734		DEL	chr12	109421366	chr12	109422027	661.0	True		False		5	0	5	-10,204	-2,118	-479,9	-135,2					5	0	5	0	0	0
17741	17741		DEL	chr12	109902466	chr12	109903136	670.0	True		False		5	0	5	-10,329	-2,140	-121,9	-84,2					5	0	5	0	0	0
17747	17747		DEL	chr12	110366379	chr12	110366925	546.0	True		False		5	0	5	-10,324	-2,139	-504,9	-129,2					5	0	5	0	0	0
17755	17755		DEL	chr12	111780725	chr12	111781770	1045.0	True		False		5	0	5	-10,649	-2,328	-650,9	-328,2					5	0	5	0	0	0
17756	17756		DEL	chr12	111986635	chr12	111987203	568.0	True		False		6	0	6	-10,366	-2,139	-497,9	-128,2					6	0	6	0	0	0
17757	17757		DEL	chr12	112060284	chr12	112060582	298.0	True		False		7	0	7	-10,172	-3,64	-297,9	-82,3					7	0	7	0	0	0
17769	17769		DEL	chr12	113219267	chr12	113220230	963.0	True		False		5	0	5	-10,569	-2,190	-614,9	-200,2					5	0	5	0	0	0
17770	17770		DEL	chr12	113272751	chr12	113273416	665.0	True		False		5	0	5	-10,633	-2,206	-621,9	-202,2					5	0	5	0	0	0
17773	17773		DEL	chr12	113453985	chr12	113454018	33.0	True		False		5	0	5	-10,20	-2,17	-1,7	-1,4					5	0	5	0	0	0
17793	17793		DEL	chr12	115385744	chr12	115386421	677.0	True		False		5	0	5	-10,439	-2,129	-503,9	-128,2					5	0	5	0	0	0
17794	17794		DEL	chr12	115422693	chr12	115423240	547.0	True		False		6	0	6	-10,248	-2,119	-449,9	-129,2					6	0	6	0	0	0
17808	17808		DEL	chr12	116470489	chr12	116471218	729.0	True		False		6	0	6	-10,428	-2,143	-546,9	-144,2					5	0	5	1	0	1
17813	17813		DEL	chr12	116971426	chr12	116971713	287.0	True		False		5	0	5	-10,273	-3,70	-96,9	-46,3					5	0	5	0	0	0
17816	17816		DEL	chr12	117121787	chr12	117122753	966.0	True		False		5	0	5	-10,649	-2,328	-650,9	-328,2					5	0	5	0	0	0
17839	17839		DEL	chr12	118595793	chr12	118595944	151.0	True		False		5	0	5	-10,40	-2,28	-89,9	-51,2					5	0	5	0	0	0
17854	17854		DEL	chr12	119782278	chr12	119782440	162.0	True		False		6	0	6	-10,47	-2,32	-46,9	-31,2					5	0	5	1	0	1
17856	17856		DEL	chr12	119913210	chr12	119913682	472.0	True		False		6	0	6	-10,58	-2,39	-358,9	-97,3					5	0	5	1	0	1
17858	17858		DEL	chr12	119951596	chr12	119951927	331.0	True		False		5	0	5	-10,329	-3,79	-300,9	-72,3					5	0	5	0	0	0
17859	17859		DEL	chr12	119965916	chr12	119966336	420.0	True		False		5	0	5	-10,380	-2,174	-418,9	-177,2					5	0	5	0	0	0
17862	17862		DEL	chr12	120050425	chr12	120051230	805.0	True		False		5	0	5	-10,586	-2,194	-645,9	-210,2					5	0	5	0	0	0
17866	17866		DEL	chr12	120772764	chr12	120773355	591.0	True		False		5	0	5	-10,541	-2,186	-474,9	-180,2					5	0	5	0	0	0
17867	17867		DEL	chr12	120790695	chr12	120790835	140.0	True		False		6	0	6	-10,138	-3,50	-125,9	-50,3					5	0	5	1	0	1
17872	17872		DEL	chr12	121109021	chr12	121109739	718.0	True		False		6	0	6	-10,636	-2,160	-520,9	-143,2					5	0	5	1	0	1
17876	17876		DEL	chr12	121364085	chr12	121364571	486.0	True		False		6	0	6	-10,484	-2,101	-439,9	-104,2					5	0	5	1	0	1
17882	17882		DEL	chr12	121690800	chr12	121690970	170.0	True		False		5	0	5	-10,22	-2,17	-169,9	-70,3					5	0	5	0	0	0
30982	30982_1	30982_2	BND	chr12	121734412	chr17	42397450		True	True	False	True	6	0	6	-568,9	-113,2	-603,9	-104,2	-603,9	-104,2	-568,9	-113,2	5	0	5	1	0	1
30981	30981_1	30981_2	BND	chr12	122093740	chr17	41633270		True	True	False	True	5	0	5	-650,9	-138,0	-10,261	-3,67	-10,261	-3,67	-650,9	-138,0	5	0	5	0	0	0
17891	17891		DEL	chr12	122162249	chr12	122162923	674.0	True		False		5	0	5	-10,452	-2,128	-615,9	-158,2					5	0	5	0	0	0
17895	17895		DEL	chr12	122304643	chr12	122305082	439.0	True		False		6	0	6	-10,437	-2,109	-438,9	-95,3					6	0	6	0	0	0
17897	17897		DEL	chr12	122417430	chr12	122418108	678.0	True		False		5	0	5	-10,510	-2,93	-294,9	-94,2					5	0	5	0	0	0
17911	17911		DEL	chr12	123390470	chr12	123391298	828.0	True		False		6	0	6	-10,542	-2,143	-499,9	-129,2					5	0	5	1	0	1
17912	17912		DEL	chr12	123474205	chr12	123474556	351.0	True		False		7	0	7	-10,192	-3,77	-208,9	-66,3					6	0	6	1	0	1
17914	17914		DEL	chr12	123718171	chr12	123718839	668.0	True		False		5	0	5	-10,405	-2,125	-565,9	-139,2					5	0	5	0	0	0
17918	17918		DEL	chr12	123956703	chr12	123957441	738.0	True		False		7	0	7	-10,586	-2,157	-609,9	-155,2					7	0	7	0	0	0
17925	17925		DEL	chr12	125192366	chr12	125193311	945.0	True		False		6	0	6	-10,649	-2,328	-650,9	-328,2					5	0	5	1	0	1
17932	17932		DEL	chr12	125954280	chr12	125954790	510.0	True		False		5	0	5	-10,405	-2,145	-356,9	-125,2					5	0	5	0	0	0
17939	17939		DEL	chr12	126750143	chr12	126750791	648.0	True		False		5	0	5	-10,646	-1,211	-647,9	-211,1					5	0	5	0	0	0
17940	17940		INV	chr12	126801303	chr12	126801454	151.0	True		False		2	3	5	-10,9	-1,1	-10,9	-1,1					2	3	5	0	0	0
17941	17941		DEL	chr12	126845464	chr12	126845917	453.0	True		False		5	0	5	-10,398	-3,73	-308,9	-91,2					5	0	5	0	0	0
17951	17951		DEL	chr12	127593939	chr12	127594485	546.0	True		False		7	0	7	-10,340	-2,122	-330,9	-92,3					7	0	7	0	0	0
17976	17976		DEL	chr12	129076910	chr12	129077737	827.0	True		False		5	0	5	-10,550	-1,153	-374,9	-142,2					5	0	5	0	0	0
17982	17982		DEL	chr12	129584678	chr12	129585340	662.0	True		False		6	0	6	-10,447	-2,130	-585,9	-155,2					6	0	6	0	0	0
17985	17985		DEL	chr12	129723338	chr12	129723518	180.0	True		False		5	0	5	-10,160	-2,78	-168,9	-58,3					5	0	5	0	0	0
17993	17993		DEL	chr12	130095243	chr12	130095860	617.0	True		False		5	0	5	-10,268	-2,116	-465,9	-98,2					5	0	5	0	0	0
17995	17995		DEL	chr12	130392241	chr12	130393040	799.0	True		False		7	0	7	-10,426	-3,61	-348,9	-69,3					6	0	6	1	0	1
17999	17999		DEL	chr12	130576993	chr12	130577554	561.0	True		False		5	0	5	-10,138	-2,85	-283,9	-119,2					5	0	5	0	0	0
18003	18003		DEL	chr12	130774862	chr12	130775271	409.0	True		False		5	0	5	-10,287	-2,101	-408,9	-107,2					5	0	5	0	0	0
31019	31019_1	31019_2	BND	chr12	131262358	chrX	6459981		False	False	False	True	1	4	5	-8,8	0,0	-9,6	0,0	-9,6	0,0	-8,8	0,0	1	4	5	0	0	0
18014	18014_1	18014_2	BND	chr12	131332871	chr12	131629704		True	True	False	True	6	0	6	-10,266	-2,80	-10,542	-2,114	-10,542	-2,114	-10,266	-2,80	5	0	5	1	0	1
18013	18013_1	18013_2	BND	chr12	131341772	chr12	131624444		True	True	False	True	6	0	6	-403,9	-85,2	-522,9	-93,2	-522,9	-93,2	-403,9	-85,2	6	0	6	0	0	0
18009	18009		DEL	chr12	131597624	chr12	131598397	773.0	True		False		5	0	5	-10,619	-2,202	-648,9	-210,2					5	0	5	0	0	0
18030	18030		DEL	chr12	132692771	chr12	132694758	1987.0	True		False		6	0	6	-10,520	-2,97	-354,9	-86,2					5	0	5	1	0	1
18045	18045		DUP	chr13	16003527	chr13	16014799	11272.0	True		False		6	0	6	-618,9	-111,2	-10,547	-1,119					5	0	5	1	0	1
18052	18052		DEL	chr13	16009066	chr13	16019975	10909.0	True		False		6	0	6	-10,109	-2,53	-148,9	-55,3					5	0	5	1	0	1
18060	18060		DUP	chr13	16028759	chr13	16106094	77335.0	True		False		6	0	6	-563,9	-119,1	-10,521	-2,107					6	0	6	0	0	0
18061	18061		DEL	chr13	16113631	chr13	16117064	3433.0	True		False		7	0	7	-10,576	-2,100	-398,9	-79,2					6	0	6	1	0	1
31135	31135_1	31135_2	BND	chr13	16120186	chr16	34172549		True	True	False	True	8	0	8	-10,462	-2,101	-544,9	-73,2	-544,9	-73,2	-10,462	-2,101	7	0	7	1	0	1
18076	18076		DUP	chr13	16127041	chr13	16209350	82309.0	True		False		6	0	6	-631,9	-124,1	-10,532	-1,119					6	0	6	0	0	0
18068	18068		DUP	chr13	16139862	chr13	16150214	10352.0	True		False		7	0	7	-626,9	-105,2	-10,497	-1,110					6	0	6	1	0	1
31201	31201_1	31201_2	BND	chr13	16198370	chr21	10810713		True	True	False	True	10	0	10	-408,9	-89,1	-339,9	-50,3	-339,9	-50,3	-408,9	-89,1	9	0	9	1	0	1
31185	31185_1	31185_2	BND	chr13	16224915	chr20	30469756		True	True	False	True	6	0	6	-577,9	-104,2	-621,9	-112,2	-621,9	-112,2	-577,9	-104,2	5	0	5	1	0	1
18085	18085		DUP	chr13	16274713	chr13	16277551	2838.0	True		False		5	0	5	-573,9	-121,1	-10,590	-1,132					5	0	5	0	0	0
18128	18128		DEL	chr13	16358437	chr13	17234018	875581.0	True		False		5	0	5	-10,541	-2,108	-598,9	-131,1					5	0	5	0	0	0
18140	18140		DUP	chr13	16440152	chr13	17330792	890640.0	True		False		8	0	8	-601,9	-94,2	-10,415	-2,81					8	0	8	0	0	0
18120	18120		DUP	chr13	16603451	chr13	17146920	543469.0	True		False		7	0	7	-631,9	-109,2	-10,487	-2,83					6	0	6	1	0	1
18038	18038		DUP	chr13	16617857	chr13	17416183	798326.0	True		False		6	0	6	-612,9	-117,0	-10,538	-1,97					6	0	6	0	0	0
18100	18100		DUP	chr13	16670197	chr13	16758765	88568.0	True		False		5	0	5	-625,9	-131,0	-10,439	-2,111					5	0	5	0	0	0
18141	18141		DEL	chr13	16689169	chr13	17334983	645814.0	True		False		17	0	17	-10,241	-1,52	-285,3	-86,0					16	0	16	1	0	1
18127	18127		DEL	chr13	16697677	chr13	17230078	532401.0	True		False		7	0	7	-10,477	-2,94	-619,9	-106,2					6	0	6	1	0	1
18113	18113		DEL	chr13	16845331	chr13	17022309	176978.0	True		False		10	0	10	-10,355	-2,67	-454,9	-51,2					9	0	9	1	0	1
18110	18110		DUP	chr13	16857409	chr13	16962541	105132.0	True		False		11	0	11	-336,9	-63,2	-10,337	-2,65					10	0	10	1	0	1
18116	18116		DUP	chr13	17005473	chr13	17107693	102220.0	True		False		6	0	6	-533,9	-99,2	-10,502	-2,95					6	0	6	0	0	0
18134	18134		DEL	chr13	17035936	chr13	17300358	264422.0	True		False		5	0	5	-10,601	-1,134	-618,9	-128,1					5	0	5	0	0	0
18145	18145		DEL	chr13	17308413	chr13	17365749	57336.0	True		False		5	0	5	-10,502	-2,119	-538,9	-101,2					5	0	5	0	0	0
31196	31196_1	31196_2	BND	chr13	18203898	chr21	10334172		True	True	False	True	5	0	5	-10,537	-2,111	-10,559	-2,119	-10,559	-2,119	-10,537	-2,111	5	0	5	0	0	0
31194	31194_1	31194_2	BND	chr13	18212550	chr21	10272178		True	True	False	True	6	0	6	-10,229	-3,48	-59,9	-33,3	-59,9	-33,3	-10,229	-3,48	5	0	5	1	0	1
31173	31173_1	31173_2	BND	chr13	18754860	chr18	14325856		True	True	False	True	6	0	6	-555,9	-125,1	-425,9	-78,2	-425,9	-78,2	-555,9	-125,1	6	0	6	0	0	0
31175	31175_1	31175_2	BND	chr13	18902988	chr18	14640300		True	True	False	True	7	0	7	-316,9	-64,3	-6,498	0,115	-6,498	0,115	-316,9	-64,3	6	0	6	1	0	1
18163	18163		DEL	chr13	20241168	chr13	20241608	440.0	True		False		5	0	5	-10,124	-2,70	-405,9	-96,3					5	0	5	0	0	0
18178	18178		DEL	chr13	21227669	chr13	21228058	389.0	True		False		5	0	5	-10,283	-2,123	-195,9	-103,2					5	0	5	0	0	0
18185	18185		DEL	chr13	22095286	chr13	22095935	649.0	True		False		5	0	5	-10,603	-2,198	-607,9	-198,2					5	0	5	0	0	0
18194	18194		DEL	chr13	23587573	chr13	23588049	476.0	True		False		5	0	5	-10,301	-2,91	-282,9	-71,3					5	0	5	0	0	0
31120	31120_1	31120_2	BND	chr13	23975697	chr14	32794910		False	False	False	True	1	4	5	-8,8	0,0	-8,8	0,0	-8,8	0,0	-8,8	0,0	1	4	5	0	0	0
18200	18200		DEL	chr13	24250930	chr13	24251446	516.0	True		False		5	0	5	-10,485	-2,105	-439,9	-78,3					5	0	5	0	0	0
18211	18211		DEL	chr13	24570957	chr13	24571537	580.0	True		False		5	0	5	-10,578	-2,148	-389,9	-132,2					5	0	5	0	0	0
18221	18221		DEL	chr13	26541505	chr13	26541686	181.0	True		False		5	0	5	-10,103	-2,54	-130,9	-71,2					5	0	5	0	0	0
18243	18243		DEL	chr13	29931940	chr13	29932280	340.0	True		False		5	0	5	-10,309	-2,108	-265,9	-94,2					5	0	5	0	0	0
18244	18244		DEL	chr13	29964353	chr13	29964966	613.0	True		False		6	0	6	-10,536	-2,138	-489,9	-131,2					6	0	6	0	0	0
18245	18245		DEL	chr13	30124461	chr13	30124910	449.0	True		False		7	0	7	-10,417	-2,132	-331,9	-108,3					6	0	6	1	0	1
31124	31124_1	31124_2	BND	chr13	32198690	chr14	85651821		False	False	False	True	1	4	5	-9,6	0,0	-9,6	0,0	-9,6	0,0	-9,6	0,0	1	4	5	0	0	0
18266	18266		DEL	chr13	32873793	chr13	32874931	1138.0	True		False		5	0	5	-10,601	-2,197	-589,9	-194,2					5	0	5	0	0	0
18271	18271		DEL	chr13	34033596	chr13	34034407	811.0	True		False		5	0	5	-10,649	-2,328	-650,9	-328,2					5	0	5	0	0	0
31213	31213_1	31213_2	BND	chr13	36703679	chrX	124141818		True	True	False	True	6	0	6	-10,552	0,117	-534,9	-95,2	-534,9	-95,2	-10,552	0,117	5	0	5	1	0	1
18295	18295		DEL	chr13	40031437	chr13	40032247	810.0	True		False		7	0	7	-10,582	-2,147	-610,9	-157,2					6	0	6	1	0	1
18296	18296		DEL	chr13	40138898	chr13	40139753	855.0	True		False		5	0	5	-10,569	-2,190	-612,9	-200,2					5	0	5	0	0	0
18298	18298		DEL	chr13	40662603	chr13	40663388	785.0	True		False		6	0	6	-10,552	-2,140	-486,9	-136,2					5	0	5	1	0	1
18306	18306		DEL	chr13	41356691	chr13	41356879	188.0	True		False		5	0	5	-10,161	-3,54	-64,9	-42,2					5	0	5	0	0	0
18319	18319		DEL	chr13	43519615	chr13	43519993	378.0	True		False		5	0	5	-10,132	-3,60	-325,9	-100,2					5	0	5	0	0	0
18325	18325		DEL	chr13	44511696	chr13	44512367	671.0	True		False		5	0	5	-10,601	-2,197	-584,9	-193,2					5	0	5	0	0	0
18326	18326		DEL	chr13	44546469	chr13	44546952	483.0	True		False		6	0	6	-10,348	-3,79	-304,9	-82,3					5	0	5	1	0	1
31212	31212_1	31212_2	BND	chr13	45514927	chr22	31864362		True	True	False	True	1	4	5	-8,8	0,0	-10,6	-3,0	-10,6	-3,0	-8,8	0,0	1	4	5	0	0	0
18345	18345		INV	chr13	48655849	chr13	48655980	131.0	True		False		2	3	5	-8,9	0,2	-3,0	-3,0					2	3	5	0	0	0
18351	18351		DEL	chr13	49242518	chr13	49243205	687.0	True		False		5	0	5	-10,450	-2,145	-372,9	-143,2					5	0	5	0	0	0
18358	18358		DEL	chr13	50398328	chr13	50398809	481.0	True		False		5	0	5	-10,343	-2,132	-319,9	-126,2					5	0	5	0	0	0
18364	18364		DEL	chr13	51680075	chr13	51680216	141.0	True		False		5	0	5	-10,45	-3,26	-25,9	-20,2					5	0	5	0	0	0
18366	18366		DEL	chr13	51914255	chr13	51914894	639.0	True		False		5	0	5	-10,250	-2,117	-421,9	-95,3					5	0	5	0	0	0
31211	31211_1	31211_2	BND	chr13	63022742	chr22	30071205		False	False	False	True	1	4	5	-9,6	0,0	-8,8	0,0	-8,8	0,0	-9,6	0,0	1	4	5	0	0	0
31167	31167_1	31167_2	BND	chr13	63029736	chr17	22158056		True	True	False	True	12	0	12	-10,246	-3,27	-10,126	-2,53	-10,126	-2,53	-10,246	-3,27	11	0	11	1	0	1
31164	31164_1	31164_2	BND	chr13	63051630	chr17	22135634		True	True	False	True	7	0	7	-630,9	-114,1	-486,9	-97,2	-486,9	-97,2	-630,9	-114,1	7	0	7	0	0	0
18412	18412_1	18412_2	BND	chr13	66214046	chr13	66214193		True	True	False	True	2	3	5	-10,9	-1,0	-10,8	-1,0	-10,8	-1,0	-10,9	-1,0	2	3	5	0	0	0
18417	18417		DEL	chr13	67512444	chr13	67513146	702.0	True		False		5	0	5	-10,272	-2,121	-442,9	-127,2					5	0	5	0	0	0
18424	18424_1	18424_2	BND	chr13	69417877	chr13	69418198		True	True	False	True	2	3	5	-2,9	-1,1	-9,0	-9,0	-9,0	-9,0	-2,9	-1,1	2	3	5	0	0	0
18432	18432		DEL	chr13	71032256	chr13	71032925	669.0	True		False		5	0	5	-10,568	-2,190	-623,9	-203,2					5	0	5	0	0	0
18433	18433		DEL	chr13	71066230	chr13	71066919	689.0	True		False		5	0	5	-10,360	-2,128	-345,9	-131,2					5	0	5	0	0	0
18434	18434		INV	chr13	71724675	chr13	71724923	248.0	True		False		2	3	5	-10,9	-1,1	-10,9	-1,1					2	3	5	0	0	0
18440	18440		DEL	chr13	72616695	chr13	72618032	1337.0	True		False		5	0	5	-10,649	-2,328	-650,9	-328,2					5	0	5	0	0	0
18441	18441		DEL	chr13	72883119	chr13	72884008	889.0	True		False		5	0	5	-10,595	-2,196	-515,9	-183,2					5	0	5	0	0	0
18459	18459		DEL	chr13	77683881	chr13	78154323	470442.0	True		False		6	0	6	-10,552	-2,119	-483,9	-69,2					5	0	5	1	0	1
18463	18463_1	18463_2	BND	chr13	79800108	chr13	79800267		False	False	False	True	1	4	5	-9,6	0,0	-9,6	0,0	-9,6	0,0	-9,6	0,0	1	4	5	0	0	0
18465	18465_1	18465_2	BND	chr13	80251125	chr13	80251255		True	True	False	True	2	3	5	-10,9	-1,0	-6,8	-1,0	-6,8	-1,0	-10,9	-1,0	2	3	5	0	0	0
18473	18473		INV	chr13	82302421	chr13	82302607	186.0	True		False		2	3	5	-10,9	-1,1	-10,9	-1,1					2	3	5	0	0	0
18491	18491		DEL	chr13	85417775	chr13	85417914	139.0	True		False		5	0	5	-10,86	-3,41	-138,9	-80,2					5	0	5	0	0	0
18497	18497_1	18497_2	BND	chr13	86498045	chr13	86498855		True	True	False	True	6	0	6	-506,9	-102,0	-515,9	-123,0	-515,9	-123,0	-506,9	-102,0	5	0	5	1	0	1
18500	18500		DEL	chr13	87089977	chr13	87090210	233.0	True		False		5	0	5	-10,53	-2,36	-114,9	-55,2					5	0	5	0	0	0
18523	18523		DEL	chr13	95296604	chr13	95297180	576.0	True		False		5	0	5	-10,574	-2,196	-575,9	-198,2					5	0	5	0	0	0
18405	18405		DEL	chr13	96632634	chr13	96633203	569.0	True		False		5	0	5	-10,567	-2,156	-356,9	-124,2					5	0	5	0	0	0
18538	18538		DEL	chr13	98510900	chr13	98511254	354.0	True		False		5	0	5	-10,340	-3,83	-127,9	-60,2					5	0	5	0	0	0
18542	18542		DEL	chr13	98917695	chr13	98918286	591.0	True		False		5	0	5	-10,573	-2,144	-536,9	-131,2					5	0	5	0	0	0
18548	18548		DEL	chr13	100497477	chr13	100498045	568.0	True		False		5	0	5	-10,31	-1,25	-458,9	-97,2					5	0	5	0	0	0
18555	18555		DEL	chr13	102179084	chr13	102179722	638.0	True		False		6	0	6	-10,230	-2,97	-451,9	-128,2					6	0	6	0	0	0
18574	18574		DEL	chr13	105623585	chr13	105623661	76.0	True		False		5	0	5	-10,61	-2,41	-55,9	-27,3					5	0	5	0	0	0
18584	18584		DEL	chr13	108984653	chr13	108985465	812.0	True		False		5	0	5	-10,634	-2,207	-493,9	-181,2					5	0	5	0	0	0
18609	18609		DEL	chr13	112676341	chr13	112676733	392.0	True		False		6	0	6	-10,295	-3,83	-136,9	-80,2					5	0	5	1	0	1
18612	18612		DEL	chr13	113144236	chr13	113144896	660.0	True		False		5	0	5	-10,559	-2,152	-403,9	-125,2					5	0	5	0	0	0
18625	18625		DEL	chr14	16101387	chr14	16101530	143.0	True		False		5	2	7	-10,9	-1,1	-1,9	0,2					5	2	7	0	0	0
31292	31292_1	31292_2	BND	chr14	20810510	chr15	56549371		False	False	False	True	1	4	5	-9,6	0,0	-9,6	0,0	-9,6	0,0	-9,6	0,0	1	4	5	0	0	0
18635	18635		DEL	chr14	21012166	chr14	21012627	461.0	True		False		5	0	5	-10,291	-2,119	-460,9	-143,2					5	0	5	0	0	0
31298	31298_1	31298_2	BND	chr14	23890928	chr17	11694874		True	True	False	True	6	0	6	-628,9	-119,1	-406,9	-76,2	-406,9	-76,2	-628,9	-119,1	5	0	5	1	0	1
18655	18655		DEL	chr14	24713577	chr14	24714099	522.0	True		False		7	0	7	-10,367	-2,86	-420,9	-81,3					7	0	7	0	0	0
18664	18664		DEL	chr14	28165117	chr14	28165357	240.0	True		False		5	0	5	-10,179	-2,82	-48,9	-32,2					5	0	5	0	0	0
18668	18668		DEL	chr14	29720927	chr14	29721059	132.0	True		False		5	0	5	-10,100	-3,50	-131,9	-67,3					5	0	5	0	0	0
18675	18675		DEL	chr14	31109148	chr14	31109433	285.0	True		False		5	0	5	-10,242	-3,69	-234,9	-66,3					5	0	5	0	0	0
18694	18694		DEL	chr14	34508367	chr14	34508760	393.0	True		False		5	0	5	-10,375	-3,71	-191,9	-69,3					5	0	5	0	0	0
18683	18683_1	18683_2	BND	chr14	37568179	chr14	37568320		True	True	False	True	2	3	5	-10,9	-1,1	-10,9	-1,1	-10,9	-1,1	-10,9	-1,1	2	3	5	0	0	0
18720	18720		DEL	chr14	42292339	chr14	42293566	1227.0	True		False		5	0	5	-10,649	-2,328	-650,9	-328,2					5	0	5	0	0	0
18725	18725		DEL	chr14	44669692	chr14	44670594	902.0	True		False		5	0	5	-10,649	-2,328	-650,9	-328,2					5	0	5	0	0	0
18731	18731		DEL	chr14	45994818	chr14	45994901	83.0	True		False		5	0	5	-10,81	-2,50	-82,9	-52,2					5	0	5	0	0	0
18744	18744		DEL	chr14	50112641	chr14	50113374	733.0	True		False		5	0	5	-10,545	-2,139	-579,9	-147,2					5	0	5	0	0	0
18747	18747		DEL	chr14	51551326	chr14	51551650	324.0	True		False		5	0	5	-10,159	-3,72	-63,9	-39,2					5	0	5	0	0	0
18750	18750		DEL	chr14	51949574	chr14	51950325	751.0	True		False		5	0	5	-10,502	-2,128	-554,9	-137,2					5	0	5	0	0	0
31339	31339_1	31339_2	BND	chr14	54189052	chrX	122522536		False	False	False	True	1	4	5	-9,8	0,0	-9,6	0,0	-9,6	0,0	-9,8	0,0	1	4	5	0	0	0
18764	18764		DEL	chr14	55571148	chr14	55572052	904.0	True		False		5	0	5	-10,630	-2,205	-602,9	-197,2					5	0	5	0	0	0
18769	18769		DEL	chr14	56289589	chr14	56289763	174.0	True		False		5	0	5	-10,172	-2,96	-165,9	-93,2					5	0	5	0	0	0
18770	18770		DEL	chr14	56793209	chr14	56793674	465.0	True		False		5	0	5	-10,372	-2,126	-451,9	-124,2					5	0	5	0	0	0
18682	18682		DEL	chr14	58195211	chr14	58196326	1115.0	True		False		5	0	5	-10,649	-2,328	-650,9	-328,2					5	0	5	0	0	0
18779	18779		DEL	chr14	58239022	chr14	58239886	864.0	True		False		5	0	5	-10,592	-2,195	-629,9	-205,2					5	0	5	0	0	0
18780	18780		DEL	chr14	58419950	chr14	58420527	577.0	True		False		5	0	5	-10,545	-2,186	-576,9	-195,2					5	0	5	0	0	0
18790	18790		DEL	chr14	59836167	chr14	59836927	760.0	True		False		6	0	6	-10,512	-2,183	-541,9	-186,2					6	0	6	0	0	0
18804	18804		DEL	chr14	62016661	chr14	62017503	842.0	True		False		5	0	5	-10,608	-2,199	-587,9	-194,2					5	0	5	0	0	0
18832	18832		DEL	chr14	65816569	chr14	65817542	973.0	True		False		6	0	6	-10,632	-2,206	-619,9	-202,2					6	0	6	0	0	0
18852	18852		DEL	chr14	69992782	chr14	69993351	569.0	True		False		5	0	5	-10,401	-2,96	-478,9	-87,2					5	0	5	0	0	0
18863	18863		DEL	chr14	71841482	chr14	71842190	708.0	True		False		5	0	5	-10,424	-2,132	-192,9	-117,2					5	0	5	0	0	0
18866	18866		DEL	chr14	73044336	chr14	73044989	653.0	True		False		5	0	5	-10,137	-2,75	-100,9	-63,2					5	0	5	0	0	0
18870	18870		DEL	chr14	73540391	chr14	73572274	31883.0	True		False		6	0	6	-10,486	-2,83	-484,9	-83,1					6	0	6	0	0	0
18871	18871		DEL	chr14	73766447	chr14	73766898	451.0	True		False		6	0	6	-10,207	-3,70	-279,9	-81,2					5	0	5	1	0	1
18887	18887		DEL	chr14	76549314	chr14	76549652	338.0	True		False		6	0	6	-10,313	-2,165	-188,9	-124,2					5	0	5	1	0	1
18889	18889		DEL	chr14	77220867	chr14	77221207	340.0	True		False		6	0	6	-10,112	-2,64	-82,9	-47,2					5	0	5	1	0	1
18898	18898_1	18898_2	BND	chr14	81015636	chr14	81015801		False	False	False	True	1	4	5	-8,8	0,0	-8,8	0,0	-8,8	0,0	-8,8	0,0	1	4	5	0	0	0
18914	18914		DEL	chr14	83827228	chr14	83828130	902.0	True		False		6	0	6	-10,473	-2,192	-575,9	-198,2					5	0	5	1	0	1
18931	18931		DEL	chr14	88102291	chr14	88102845	554.0	True		False		5	0	5	-10,517	-2,135	-503,9	-143,2					5	0	5	0	0	0
18936	18936		DEL	chr14	88908145	chr14	88908325	180.0	True		False		5	0	5	-10,69	-2,44	-9,9	-8,2					5	0	5	0	0	0
18939	18939		DEL	chr14	89632897	chr14	89633519	622.0	True		False		7	0	7	-10,564	-2,135	-535,9	-156,2					6	0	6	1	0	1
18952	18952		DEL	chr14	91936075	chr14	91936610	535.0	True		False		5	0	5	-10,376	-2,128	-430,9	-127,2					5	0	5	0	0	0
18978	18978		DEL	chr14	95102457	chr14	95103087	630.0	True		False		5	0	5	-10,597	-2,196	-606,9	-198,2					5	0	5	0	0	0
18991	18991		DEL	chr14	99037692	chr14	99039004	1312.0	True		False		8	0	8	-10,159	-2,80	-408,9	-68,2					7	0	7	1	0	1
31314	31314_1	31314_2	BND	chr14	99953022	chr18	77253055		True	True	False	True	6	0	6	-10,387	-3,65	-10,590	-2,94	-10,590	-2,94	-10,387	-3,65	6	0	6	0	0	0
19000	19000		INV	chr14	100971764	chr14	100971957	193.0	True		False		2	3	5	-10,9	-1,1	-10,9	-1,1					2	3	5	0	0	0
19004	19004		DEL	chr14	102025396	chr14	102026185	789.0	True		False		5	0	5	-10,312	-2,134	-334,9	-123,2					5	0	5	0	0	0
31333	31333_1	31333_2	BND	chr14	102359671	chrX	47001983		True	True	False	True	1	4	5	-8,9	0,2	-8,8	0,0	-8,8	0,0	-8,9	0,2	1	4	5	0	0	0
19022	19022		DUP	chr14	104288822	chr14	104289625	803.0	True		False		6	0	6	-238,9	-91,2	-10,272	-3,66					5	0	5	1	0	1
19025	19025		DEL	chr14	104685587	chr14	104685669	82.0	True		False		4	2	6	-10,9	-1,1	-10,9	-1,1					3	2	5	1	0	1
19030	19030		DEL	chr14	105040033	chr14	105040728	695.0	True		False		15	0	15	-10,241	-3,38	-270,9	-57,2					14	0	14	1	0	1
19044	19044		DUP	chr14	105585281	chr14	105705491	120210.0	True		False		6	0	6	-285,9	-68,3	-8,546	0,121					5	0	5	1	0	1
19053	19053		DEL	chr14	105725764	chr14	105755072	29308.0	True		False		11	0	11	-10,320	-2,62	-317,9	-37,3					10	0	10	1	0	1
19064	19064		DEL	chr14	106061563	chr14	106116066	54503.0	True		False		6	0	6	-10,291	-2,90	-534,9	-106,2					6	0	6	0	0	0
19068	19068		DEL	chr14	106328286	chr14	106353404	25118.0	True		False		5	0	5	-10,548	-1,119	-583,9	-114,2					5	0	5	0	0	0
19069	19069		DUP	chr14	106333043	chr14	106357771	24728.0	True		False		6	0	6	-484,9	-100,2	-10,513	-2,92					5	0	5	1	0	1
31412	31412_1	31412_2	BND	chr15	17026043	chr20	28781441		True	True	False	True	6	0	6	-63,9	-25,3	-600,9	-107,2	-600,9	-107,2	-63,9	-25,3	5	0	5	1	0	1
31418	31418_1	31418_2	BND	chr15	17061131	chr20	28923635		True	True	False	True	5	0	5	-614,9	-120,1	-614,9	-127,1	-614,9	-127,1	-614,9	-120,1	5	0	5	0	0	0
31440	31440_1	31440_2	BND	chr15	19836388	chrY	10232369		True	True	False	True	10	0	10	-10,375	-1,87	-374,5	-70,0	-374,5	-70,0	-10,375	-1,87	9	0	9	1	0	1
19091	19091		DEL	chr15	20253376	chr15	20253775	399.0	True		False		5	0	5	-10,284	-2,101	-242,9	-88,3					5	0	5	0	0	0
19092	19092		DEL	chr15	20277182	chr15	20277336	154.0	True		False		7	0	7	-10,130	-3,45	-145,9	-40,3					7	0	7	0	0	0
19104	19104		DEL	chr15	20407620	chr15	20408441	821.0	True		False		6	0	6	-10,633	-2,202	-392,9	-164,3					5	0	5	1	0	1
19106	19106		DEL	chr15	20644922	chr15	20645740	818.0	True		False		8	0	8	-10,570	-2,183	-566,9	-182,2					7	0	7	1	0	1
19107	19107		DEL	chr15	20645725	chr15	20646440	715.0	True		False		6	0	6	-10,649	-2,207	-650,9	-206,2					5	0	5	1	0	1
19109	19109		DEL	chr15	22230110	chr15	22230220	110.0	True		False		5	0	5	-10,60	-2,39	-109,9	-54,3					5	0	5	0	0	0
19112	19112		DEL	chr15	22844875	chr15	22845341	466.0	True		False		5	0	5	-10,441	-2,124	-259,9	-129,2					5	0	5	0	0	0
19119	19119		DEL	chr15	23721028	chr15	23721646	618.0	True		False		5	0	5	-10,338	-2,140	-485,9	-148,2					5	0	5	0	0	0
19139	19139_1	19139_2	BND	chr15	24044115	chr15	24639186		True	True	False	True	5	0	5	-495,9	-95,2	-604,9	-123,1	-604,9	-123,1	-495,9	-95,2	5	0	5	0	0	0
19124	19124		DUP	chr15	24167019	chr15	24242391	75372.0	True		False		7	0	7	-267,9	-63,3	-10,223	-3,64					6	0	6	1	0	1
19127	19127		DUP	chr15	24233281	chr15	24375087	141806.0	True		False		5	0	5	-568,9	-113,2	-10,448	-2,97					5	0	5	0	0	0
19134	19134		DEL	chr15	24462682	chr15	24501210	38528.0	True		False		6	0	6	-10,572	-2,113	-342,9	-91,3					5	0	5	1	0	1
19145	19145		DEL	chr15	24927032	chr15	24927418	386.0	True		False		5	0	5	-10,180	-3,67	-227,9	-81,3					5	0	5	0	0	0
19149	19149		DEL	chr15	26124988	chr15	26125618	630.0	True		False		7	0	7	-10,550	-2,147	-468,9	-135,2					6	0	6	1	0	1
19150	19150		DEL	chr15	26179658	chr15	26179995	337.0	True		False		5	0	5	-10,134	-2,80	-301,9	-102,2					5	0	5	0	0	0
19154	19154		DEL	chr15	26582422	chr15	26582528	106.0	True		False		5	0	5	-10,68	-3,35	-37,9	-23,3					5	0	5	0	0	0
19163	19163		DEL	chr15	27767175	chr15	27767731	556.0	True		False		6	0	6	-10,503	-2,135	-550,9	-140,2					5	0	5	1	0	1
19165	19165_1	19165_2	BND	chr15	28068912	chr15	28069109		False	False	False	True	1	4	5	-8,8	0,0	-8,8	0,0	-8,8	0,0	-8,8	0,0	1	4	5	0	0	0
19177	19177		DEL	chr15	31956418	chr15	31957424	1006.0	True		False		5	0	5	-10,649	-2,328	-650,9	-328,2					5	0	5	0	0	0
19207	19207		DEL	chr15	38042636	chr15	38042848	212.0	True		False		6	0	6	-10,64	-2,40	-21,9	-15,2					6	0	6	0	0	0
19211	19211		INV	chr15	39132921	chr15	39133054	133.0	True		False		2	3	5	-10,9	-1,1	-10,9	-1,1					2	3	5	0	0	0
19222	19222		DEL	chr15	41672847	chr15	41673157	310.0	True		False		5	0	5	-10,308	-3,73	-187,9	-68,3					5	0	5	0	0	0
19181	19181		DEL	chr15	42270154	chr15	42271016	862.0	True		False		5	0	5	-10,609	-2,199	-619,9	-202,2					5	0	5	0	0	0
19242	19242		DEL	chr15	47746312	chr15	47746454	142.0	True		False		5	0	5	-7,0	-7,0	-10,9	-8,2					5	0	5	0	0	0
19247	19247		DEL	chr15	49658823	chr15	49659868	1045.0	True		False		6	0	6	-10,514	-3,173	-626,9	-202,2					5	0	5	1	0	1
19250	19250		DEL	chr15	50665668	chr15	50665958	290.0	True		False		5	0	5	-10,222	-2,139	-159,9	-109,2					5	0	5	0	0	0
19251	19251		DEL	chr15	51230202	chr15	51230889	687.0	True		False		7	0	7	-10,278	-2,127	-456,9	-137,2					6	0	6	1	0	1
19265	19265		DEL	chr15	54239576	chr15	54239951	375.0	True		False		6	0	6	-10,34	-2,25	-266,9	-96,2					5	0	5	1	0	1
19185	19185		DEL	chr15	55328300	chr15	55328876	576.0	True		False		7	0	7	-10,561	-2,116	-437,9	-100,2					7	0	7	0	0	0
19282	19282		DEL	chr15	57498264	chr15	57498848	584.0	True		False		5	0	5	-10,527	-1,151	-249,9	-115,2					5	0	5	0	0	0
19300	19300		DEL	chr15	60463332	chr15	60464097	765.0	True		False		5	0	5	-10,609	-2,199	-615,9	-201,2					5	0	5	0	0	0
19301	19301		DEL	chr15	60933434	chr15	60934142	708.0	True		False		5	0	5	-10,619	-2,202	-489,9	-181,2					5	0	5	0	0	0
19304	19304		DEL	chr15	61834220	chr15	61834714	494.0	True		False		5	0	5	-10,219	-2,95	-448,9	-111,2					5	0	5	0	0	0
19306	19306		DEL	chr15	62247743	chr15	62248667	924.0	True		False		5	0	5	-10,619	-2,202	-446,9	-179,2					5	0	5	0	0	0
19311	19311		DEL	chr15	62771650	chr15	62771945	295.0	True		False		6	0	6	-10,154	-3,53	-257,9	-76,2					5	0	5	1	0	1
19334	19334		DEL	chr15	66017156	chr15	66017379	223.0	True		False		5	0	5	-10,170	-2,95	-173,9	-97,2					5	0	5	0	0	0
19340	19340		DEL	chr15	66620787	chr15	66621019	232.0	True		False		5	0	5	-10,44	-2,33	-151,9	-75,2					5	0	5	0	0	0
19354	19354		DEL	chr15	69291172	chr15	69291724	552.0	True		False		5	0	5	-10,397	-2,142	-234,9	-119,2					5	0	5	0	0	0
19355	19355		DEL	chr15	69392466	chr15	69393140	674.0	True		False		5	0	5	-10,647	-2,210	-611,9	-200,2					5	0	5	0	0	0
19360	19360		DEL	chr15	69867158	chr15	69867584	426.0	True		False		5	0	5	-10,326	-2,128	-402,9	-123,2					5	0	5	0	0	0
19365	19365		DEL	chr15	70994425	chr15	70994954	529.0	True		False		5	0	5	-10,440	-2,111	-276,9	-93,2					5	0	5	0	0	0
19373	19373		DEL	chr15	71695055	chr15	71695671	616.0	True		False		5	0	5	-10,470	-2,139	-392,9	-136,2					5	0	5	0	0	0
19385	19385		DEL	chr15	74665565	chr15	74665831	266.0	True		False		5	0	5	-10,241	-3,65	-42,9	-29,2					5	0	5	0	0	0
19387	19387		DEL	chr15	74708887	chr15	74709506	619.0	True		False		5	0	5	-10,405	-1,147	-548,9	-149,2					5	0	5	0	0	0
19397	19397		DEL	chr15	76908112	chr15	76908333	221.0	True		False		5	0	5	-10,50	-2,34	-220,9	-75,3					5	0	5	0	0	0
19409	19409		DEL	chr15	78417907	chr15	78418155	248.0	True		False		7	0	7	-10,138	-3,41	-171,9	-49,3					7	0	7	0	0	0
19418	19418		DEL	chr15	79182674	chr15	79182777	103.0	True		False		4	1	5	-10,9	-3,3	-10,9	-3,3					4	1	5	0	0	0
19426	19426		DEL	chr15	80808129	chr15	80808812	683.0	True		False		5	0	5	-10,338	-2,135	-378,9	-124,2					5	0	5	0	0	0
31404	31404_1	31404_2	BND	chr15	89061341	chr17	29305770		True	True	False	True	6	0	6	-9,572	-1,121	-10,423	-3,57	-10,423	-3,57	-9,572	-1,121	5	0	5	1	0	1
19458	19458_1	19458_2	BND	chr15	89888316	chr15	89888697		True	True	False	True	2	3	5	-10,9	-1,1	-10,9	-1,1	-10,9	-1,1	-10,9	-1,1	2	3	5	0	0	0
31405	31405_1	31405_2	BND	chr15	90550296	chr17	42397505		True	True	False	True	6	0	6	-6,554	0,123	-491,9	-93,2	-491,9	-93,2	-6,554	0,123	5	0	5	1	0	1
19466	19466		DEL	chr15	91438349	chr15	91440230	1881.0	True		False		6	0	6	-10,169	-1,57	-478,5	-107,0					5	0	5	1	0	1
19471	19471		DEL	chr15	91875499	chr15	91876248	749.0	True		False		5	0	5	-10,617	-1,164	-419,9	-131,2					5	0	5	0	0	0
19480	19480		DEL	chr15	94050250	chr15	94050327	77.0	True		False		5	0	5	-10,23	-2,19	-70,9	-43,2					5	0	5	0	0	0
19489	19489		DEL	chr15	95811549	chr15	95812077	528.0	True		False		5	0	5	-10,525	-2,129	-460,9	-125,2					5	0	5	0	0	0
19490	19490_1	19490_2	BND	chr15	96027319	chr15	96027598		False	False	False	True	1	4	5	-9,6	0,0	-9,6	0,0	-9,6	0,0	-9,6	0,0	1	4	5	0	0	0
19492	19492		DEL	chr15	96155703	chr15	96156275	572.0	True		False		5	0	5	-10,387	-2,141	-559,9	-148,2					5	0	5	0	0	0
19501	19501		DEL	chr15	97808160	chr15	97808369	209.0	True		False		5	0	5	-10,156	-3,64	-12,9	-10,2					5	0	5	0	0	0
19504	19504		DEL	chr15	98284354	chr15	98284868	514.0	True		False		6	0	6	-10,467	-2,138	-450,9	-127,2					6	0	6	0	0	0
19506	19506		DEL	chr15	98316367	chr15	98317634	1267.0	True		False		5	0	5	-10,649	-2,328	-650,9	-328,2					5	0	5	0	0	0
19510	19510		DEL	chr15	99065817	chr15	99065972	155.0	True		False		5	0	5	-10,98	-3,46	-50,9	-35,2					5	0	5	0	0	0
19535	19535_1	19535_2	BND	chr15	99798417	chr15	101766072		True	True	False	True	8	0	8	-210,9	-41,3	-411,9	-59,3	-411,9	-59,3	-210,9	-41,3	7	0	7	1	0	1
19530	19530		DEL	chr15	101218505	chr15	101218661	156.0	True		False		3	2	5	-10,9	-1,1	-10,9	-1,1					3	2	5	0	0	0
19548	19548		DEL	chr16	1878326	chr16	1878811	485.0	True		False		5	0	5	-10,199	-2,116	-322,9	-121,2					5	0	5	0	0	0
19556	19556		DEL	chr16	5370463	chr16	5370742	279.0	True		False		5	0	5	-10,178	-3,61	-253,9	-82,3					5	0	5	0	0	0
19560	19560		DEL	chr16	6926157	chr16	6926741	584.0	True		False		5	0	5	-10,214	-2,120	-538,9	-144,2					5	0	5	0	0	0
19561	19561		DEL	chr16	7069359	chr16	7070020	661.0	True		False		4	1	5	-10,9	-2,3	-10,9	-3,3					4	1	5	0	0	0
19579	19579		DEL	chr16	9372028	chr16	9372224	196.0	True		False		5	0	5	-10,49	-2,34	-100,9	-51,2					5	0	5	0	0	0
19590	19590		DEL	chr16	12588356	chr16	12588804	448.0	True		False		5	0	5	-10,298	-2,119	-447,9	-135,2					5	0	5	0	0	0
19566	19566		DEL	chr16	13369167	chr16	13369276	109.0	True		False		5	0	5	-10,11	-2,10	-40,9	-28,2					5	0	5	0	0	0
19598	19598		DEL	chr16	14080602	chr16	14081635	1033.0	True		False		5	0	5	-10,426	-2,178	-629,9	-205,2					5	0	5	0	0	0
19604	19604		DEL	chr16	15595412	chr16	15596072	660.0	True		False		5	0	5	-10,581	-2,192	-606,9	-198,2					5	0	5	0	0	0
19605	19605		DEL	chr16	15878550	chr16	15879582	1032.0	True		False		5	0	5	-10,649	-2,328	-650,9	-328,2					5	0	5	0	0	0
19627	19627		DEL	chr16	19015581	chr16	19016174	593.0	True		False		5	0	5	-10,499	-2,142	-514,9	-142,2					5	0	5	0	0	0
19640	19640		DEL	chr16	21245336	chr16	21246006	670.0	True		False		5	0	5	-10,410	-2,82	-299,9	-84,3					5	0	5	0	0	0
19643	19643		DEL	chr16	21649078	chr16	21649307	229.0	True		False		6	0	6	-10,135	-3,46	-107,9	-47,3					5	0	5	1	0	1
31525	31525_1	31525_2	BND	chr16	24872943	chrX	96670790		True	True	False	True	6	0	6	-531,9	-90,2	-575,7	-121,1	-575,7	-121,1	-531,9	-90,2	5	0	5	1	0	1
19666	19666		DEL	chr16	25159143	chr16	25159707	564.0	True		False		5	0	5	-10,203	-2,90	-360,9	-109,2					5	0	5	0	0	0
19683	19683		DEL	chr16	28030494	chr16	28030760	266.0	True		False		5	0	5	-10,264	-3,68	-181,9	-64,3					5	0	5	0	0	0
19689	19689		DUP	chr16	28470625	chr16	29397816	927191.0	True		False		11	0	11	-613,9	-87,1	-10,306	-3,45					10	0	10	1	0	1
31553	31553_1	31553_2	BND	chr16	34062954	chrY	56837002		True	True	False	True	10	0	10	-10,360	-2,71	-10,343	-2,62	-10,343	-2,62	-10,360	-2,71	9	0	9	1	0	1
31545	31545_1	31545_2	BND	chr16	34063162	chrY	56829824		True	True	False	True	7	0	7	-10,462	-2,86	-10,447	-2,78	-10,447	-2,78	-10,462	-2,86	7	0	7	0	0	0
31535	31535_1	31535_2	BND	chr16	34064675	chrY	11025439		True	True	False	True	7	0	7	-625,9	-109,1	-501,9	-107,2	-501,9	-107,2	-625,9	-109,1	6	0	6	1	0	1
31539	31539_1	31539_2	BND	chr16	34085319	chrY	11293169		True	True	False	True	7	0	7	-10,488	-2,105	-494,9	-89,2	-494,9	-89,2	-10,488	-2,105	6	0	6	1	0	1
31530	31530_1	31530_2	BND	chr16	34099209	chrY	10821944		True	True	False	True	5	0	5	-614,7	-137,0	-7,592	0,138	-7,592	0,138	-614,7	-137,0	5	0	5	0	0	0
31510	31510_1	31510_2	BND	chr16	34152871	chr20	29308445		True	True	False	True	6	0	6	-10,474	-2,87	-10,533	-1,103	-10,533	-1,103	-10,474	-2,87	5	0	5	1	0	1
19807	19807_1	19807_2	BND	chr16	34574328	chr16	46390732		True	True	False	True	6	1	7	-10,9	-2,3	-10,9	-2,3	-10,9	-2,3	-10,9	-2,3	5	1	6	1	0	1
19813	19813_1	19813_2	BND	chr16	34588327	chr16	46391206		True	True	False	True	26	0	26	-10,129	-4,14	-10,106	-4,11	-10,106	-4,11	-10,129	-4,14	25	0	25	1	0	1
19862	19862		DUP	chr16	46388893	chr16	46400940	12047.0	True		False		9	0	9	-607,9	-101,2	-10,232	-2,85					8	0	8	1	0	1
19790	19790		DEL	chr16	46389749	chr16	46390399	650.0	True		False		7	2	9	-6,9	-1,1	-10,9	-1,1					7	1	8	0	1	1
19804	19804		INV	chr16	46390416	chr16	46390566	150.0	True		False		4	8	12	-10,0	-10,0	-10,647	-2,210					4	8	12	0	0	0
19847	19847		INV	chr16	46394664	chr16	46394904	240.0	True		False		7	0	7	-29,67	-19,62	0,45	0,35					7	0	7	0	0	0
19892	19892		DEL	chr16	51474475	chr16	51474687	212.0	True		False		5	0	5	-10,118	-2,68	-6,9	-5,3					5	0	5	0	0	0
19893	19893		DEL	chr16	51558514	chr16	51558902	388.0	True		False		6	0	6	-10,279	-2,99	-308,9	-83,3					5	0	5	1	0	1
19907	19907		DEL	chr16	55736654	chr16	55737234	580.0	True		False		5	0	5	-10,333	-2,124	-546,9	-135,2					5	0	5	0	0	0
19923	19923		DEL	chr16	57464868	chr16	57465204	336.0	True		False		5	0	5	-10,318	-3,78	-331,9	-74,3					5	0	5	0	0	0
19926	19926		DEL	chr16	57742630	chr16	57742836	206.0	True		False		5	0	5	-10,72	-3,41	-205,9	-79,3					5	0	5	0	0	0
19930	19930		DEL	chr16	58827142	chr16	58827864	722.0	True		False		5	0	5	-10,555	-2,188	-571,9	-190,2					5	0	5	0	0	0
31524	31524_1	31524_2	BND	chr16	59715568	chrX	62875069		False	False	False	True	1	4	5	-9,6	0,0	-9,6	0,0	-9,6	0,0	-9,6	0,0	1	4	5	0	0	0
19936	19936_1	19936_2	BND	chr16	60884923	chr16	60885195		False	False	False	True	1	4	5	-9,6	0,0	-9,6	0,0	-9,6	0,0	-9,6	0,0	1	4	5	0	0	0
19937	19937		DEL	chr16	60993883	chr16	60994378	495.0	True		False		5	0	5	-10,278	-3,72	-494,9	-102,2					5	0	5	0	0	0
19966	19966		DEL	chr16	67058246	chr16	67058439	193.0	True		False		5	0	5	-10,17	-2,14	-188,9	-89,2					5	0	5	0	0	0
19967	19967		DEL	chr16	67322162	chr16	67322585	423.0	True		False		6	0	6	-10,370	-2,100	-277,9	-94,3					5	0	5	1	0	1
19970	19970		DEL	chr16	68350313	chr16	68351573	1260.0	True		False		5	0	5	-10,649	-2,328	-650,9	-328,2					5	0	5	0	0	0
19987	19987		DEL	chr16	69874491	chr16	69874855	364.0	True		False		6	0	6	-10,362	-2,173	-149,9	-103,2					5	0	5	1	0	1
19991	19991		DEL	chr16	71801325	chr16	71801933	608.0	True		False		5	0	5	-10,584	-2,193	-553,9	-187,2					5	0	5	0	0	0
19997	19997		DEL	chr16	72998125	chr16	72998500	375.0	True		False		5	0	5	-10,310	-3,91	-362,9	-96,2					5	0	5	0	0	0
19998	19998		DEL	chr16	73029616	chr16	73030189	573.0	True		False		6	0	6	-10,483	-2,130	-408,9	-124,2					6	0	6	0	0	0
19947	19947		DEL	chr16	74448546	chr16	74448794	248.0	True		False		5	0	5	-10,237	-3,79	-128,9	-52,3					5	0	5	0	0	0
20006	20006		DEL	chr16	74928288	chr16	74928930	642.0	True		False		5	0	5	-10,583	-2,151	-488,9	-143,2					5	0	5	0	0	0
20009	20009		DEL	chr16	75671006	chr16	75671356	350.0	True		False		5	0	5	-10,73	-2,46	-116,9	-66,1					5	0	5	0	0	0
20013	20013		DEL	chr16	76169253	chr16	76170102	849.0	True		False		6	0	6	-10,375	-2,174	-607,9	-198,2					5	0	5	1	0	1
20025	20025		DEL	chr16	80372909	chr16	80373132	223.0	True		False		5	0	5	-10,217	-3,63	-132,9	-70,2					5	0	5	0	0	0
20048	20048		DEL	chr16	82825707	chr16	82826493	786.0	True		False		5	0	5	-10,555	-2,188	-626,9	-204,2					5	0	5	0	0	0
20055	20055		DEL	chr16	84740355	chr16	84740859	504.0	True		False		6	0	6	-10,502	-2,135	-489,9	-126,2					6	0	6	0	0	0
20073	20073		DEL	chr16	87263708	chr16	87264309	601.0	True		False		5	0	5	-10,565	-2,147	-447,9	-133,2					5	0	5	0	0	0
20096	20096		DEL	chr16	89744183	chr16	89744848	665.0	True		False		6	0	6	-10,588	-2,199	-644,9	-206,2					5	0	5	1	0	1
20103	20103		DEL	chr17	287073	chr17	288822	1749.0	True		False		6	0	6	-10,244	-3,61	-555,9	-101,1					5	0	5	1	0	1
20110	20110		DEL	chr17	536754	chr17	537608	854.0	True		False		5	0	5	-10,499	-2,182	-579,9	-192,2					5	0	5	0	0	0
20112	20112		DEL	chr17	552807	chr17	553226	419.0	True		False		6	0	6	-10,179	-2,83	-103,9	-59,2					6	0	6	0	0	0
20122	20122		DEL	chr17	835737	chr17	836084	347.0	True		False		6	0	6	-10,345	-3,60	-58,9	-34,3					6	0	6	0	0	0
20124	20124		DUP	chr17	1062619	chr17	1064049	1430.0	True		False		6	0	6	-541,9	-114,1	-10,518	-2,100					6	0	6	0	0	0
20129	20129		DEL	chr17	1312850	chr17	1313372	522.0	True		False		5	0	5	-10,335	-2,135	-482,9	-130,2					5	0	5	0	0	0
20130	20130		DEL	chr17	1339306	chr17	1339647	341.0	True		False		5	0	5	-10,149	-3,63	-170,9	-61,3					5	0	5	0	0	0
20135	20135		DEL	chr17	1881220	chr17	1881770	550.0	True		False		6	0	6	-10,430	-2,128	-532,9	-130,2					6	0	6	0	0	0
20161	20161		DEL	chr17	2777980	chr17	2778008	28.0	False		False		1	7	8	-6,4	0,0	-2,9	0,0					1	6	7	0	1	1
20165	20165		DEL	chr17	2892588	chr17	2893398	810.0	True		False		6	0	6	-10,624	-2,204	-649,9	-211,1					6	0	6	0	0	0
20170	20170		DEL	chr17	3088676	chr17	3089370	694.0	True		False		5	0	5	-10,585	-2,193	-562,9	-189,2					5	0	5	0	0	0
20174	20174		DEL	chr17	3188418	chr17	3189125	707.0	True		False		5	0	5	-10,645	-2,210	-543,9	-186,2					5	0	5	0	0	0
20176	20176		DEL	chr17	3267201	chr17	3268255	1054.0	True		False		5	0	5	-10,649	-2,328	-650,9	-328,2					5	0	5	0	0	0
20180	20180		DEL	chr17	3503544	chr17	3504235	691.0	True		False		6	0	6	-10,226	-2,101	-304,9	-108,2					6	0	6	0	0	0
20185	20185		DEL	chr17	3653106	chr17	3653292	186.0	True		False		5	0	5	-10,164	-3,62	-49,9	-33,2					5	0	5	0	0	0
31671	31671_1	31671_2	BND	chr17	3827056	chr20	31242587		True	True	False	True	5	0	5	-7,592	0,138	-604,9	-120,1	-604,9	-120,1	-7,592	0,138	5	0	5	0	0	0
20201	20201		DEL	chr17	4126391	chr17	4127078	687.0	True		False		6	0	6	-10,318	-2,142	-455,9	-130,2					6	0	6	0	0	0
20203	20203		DEL	chr17	4184257	chr17	4184861	604.0	True		False		5	0	5	-10,403	-2,127	-550,9	-148,2					5	0	5	0	0	0
20204	20204		DEL	chr17	4281512	chr17	4282406	894.0	True		False		6	0	6	-10,472	-2,180	-421,9	-177,2					6	0	6	0	0	0
20212	20212		DEL	chr17	4936401	chr17	4936973	572.0	True		False		5	0	5	-10,332	-2,126	-467,9	-125,2					5	0	5	0	0	0
20216	20216		DEL	chr17	5152574	chr17	5152845	271.0	True		False		6	0	6	-10,49	-2,35	-32,9	-24,2					6	0	6	0	0	0
20218	20218		DEL	chr17	5359251	chr17	5359877	626.0	True		False		5	0	5	-10,291	-2,108	-271,9	-103,2					5	0	5	0	0	0
20222	20222		DEL	chr17	5447314	chr17	5447981	667.0	True		False		5	0	5	-10,546	-2,186	-580,9	-192,2					5	0	5	0	0	0
20228	20228		DEL	chr17	5682831	chr17	5683499	668.0	True		False		6	0	6	-10,536	-2,185	-576,9	-191,2					6	0	6	0	0	0
20233	20233		DEL	chr17	5908614	chr17	5909090	476.0	True		False		6	0	6	-10,375	-2,123	-339,9	-136,2					6	0	6	0	0	0
20234	20234		DEL	chr17	5911111	chr17	5911681	570.0	True		False		5	0	5	-10,260	-2,95	-292,9	-100,2					5	0	5	0	0	0
20237	20237		DEL	chr17	6230039	chr17	6230775	736.0	True		False		7	0	7	-10,507	-2,138	-565,9	-140,2					6	0	6	1	0	1
20240	20240		DEL	chr17	6267035	chr17	6267677	642.0	True		False		5	0	5	-10,396	-2,139	-240,9	-119,2					5	0	5	0	0	0
20248	20248		DEL	chr17	6595875	chr17	6596371	496.0	True		False		5	0	5	-10,458	-2,124	-326,9	-136,2					5	0	5	0	0	0
20250	20250		DEL	chr17	6780503	chr17	6781378	875.0	True		False		6	0	6	-10,649	-2,328	-650,9	-328,2					6	0	6	0	0	0
20254	20254		DEL	chr17	7037051	chr17	7037539	488.0	True		False		6	0	6	-10,461	-2,76	-169,9	-59,3					5	0	5	1	0	1
20256	20256		DEL	chr17	7125421	chr17	7126048	627.0	True		False		6	0	6	-10,279	-2,98	-397,9	-117,2					5	0	5	1	0	1
20259	20259		DEL	chr17	7424120	chr17	7424375	255.0	True		False		5	0	5	-10,201	-2,86	-53,9	-39,2					5	0	5	0	0	0
20283	20283		DEL	chr17	8342196	chr17	8342519	323.0	True		False		5	0	5	-10,23	-2,19	-190,9	-62,3					5	0	5	0	0	0
20285	20285		DEL	chr17	8381549	chr17	8381780	231.0	True		False		5	0	5	-10,213	-3,70	-44,9	-29,2					5	0	5	0	0	0
20287	20287		DEL	chr17	8425535	chr17	8425647	112.0	True		False		5	0	5	-10,85	-2,48	-37,9	-27,2					5	0	5	0	0	0
20295	20295		DEL	chr17	8996653	chr17	8997279	626.0	True		False		6	0	6	-10,136	-2,87	-336,9	-100,2					6	0	6	0	0	0
20296	20296		DEL	chr17	9026186	chr17	9026829	643.0	True		False		5	0	5	-10,620	-2,202	-570,9	-190,2					5	0	5	0	0	0
20298	20298		DEL	chr17	9058287	chr17	9059188	901.0	True		False		5	0	5	-10,625	-2,204	-328,9	-168,2					5	0	5	0	0	0
20304	20304		DEL	chr17	9261669	chr17	9261762	93.0	True		False		5	0	5	-10,29	-2,23	-11,9	-9,2					5	0	5	0	0	0
20308	20308		DEL	chr17	9477953	chr17	9478594	641.0	True		False		5	0	5	-10,447	-2,144	-507,9	-129,2					5	0	5	0	0	0
20310	20310		DEL	chr17	9500538	chr17	9501111	573.0	True		False		6	0	6	-10,408	-2,112	-562,9	-114,2					6	0	6	0	0	0
20311	20311		DEL	chr17	9536939	chr17	9537560	621.0	True		False		6	0	6	-10,570	-2,190	-585,9	-193,2					6	0	6	0	0	0
20315	20315		DEL	chr17	9675293	chr17	9675809	516.0	True		False		6	0	6	-10,373	-2,128	-498,9	-126,2					5	0	5	1	0	1
20317	20317		DEL	chr17	9727904	chr17	9728407	503.0	True		False		5	0	5	-10,442	-2,138	-216,9	-116,2					5	0	5	0	0	0
20324	20324		DEL	chr17	10087747	chr17	10088428	681.0	True		False		6	0	6	-10,544	-2,139	-467,9	-137,2					5	0	5	1	0	1
20328	20328		DEL	chr17	10613550	chr17	10614264	714.0	True		False		5	0	5	-10,562	-2,189	-503,9	-182,2					5	0	5	0	0	0
20276	20276		DEL	chr17	10895209	chr17	10895690	481.0	True		False		6	0	6	-10,421	-2,128	-448,9	-124,2					6	0	6	0	0	0
20343	20343		DEL	chr17	11316438	chr17	11316629	191.0	True		False		5	0	5	-10,82	-3,43	-166,9	-67,3					5	0	5	0	0	0
20352	20352		DEL	chr17	11614592	chr17	11614897	305.0	True		False		5	0	5	-10,111	-2,57	-209,9	-76,3					5	0	5	0	0	0
31691	31691_1	31691_2	BND	chr17	12010529	chr22	39814333		False	False	False	True	1	4	5	-9,6	0,0	-9,6	0,0	-9,6	0,0	-9,6	0,0	1	4	5	0	0	0
20355	20355		DEL	chr17	12012361	chr17	12012836	475.0	True		False		5	0	5	-10,473	-2,105	-256,9	-88,3					5	0	5	0	0	0
20361	20361		DEL	chr17	12335789	chr17	12336032	243.0	True		False		5	0	5	-10,143	-3,68	-1,2	-1,2					5	0	5	0	0	0
20365	20365		DEL	chr17	12714818	chr17	12715570	752.0	True		False		5	0	5	-10,482	-2,128	-567,9	-146,2					5	0	5	0	0	0
20373	20373		DEL	chr17	13274791	chr17	13275294	503.0	True		False		5	0	5	-10,417	-2,126	-454,9	-125,2					5	0	5	0	0	0
20377	20377		DEL	chr17	13343755	chr17	13344077	322.0	True		False		5	0	5	-10,299	-3,78	-258,9	-75,3					5	0	5	0	0	0
20379	20379		DEL	chr17	13353416	chr17	13353911	495.0	True		False		5	0	5	-10,493	-2,128	-224,9	-115,2					5	0	5	0	0	0
20382	20382		DEL	chr17	13473580	chr17	13474139	559.0	True		False		5	0	5	-10,64	-2,48	-558,9	-149,2					5	0	5	0	0	0
20392	20392		DEL	chr17	13964897	chr17	13965819	922.0	True		False		6	0	6	-10,610	-2,194	-488,9	-170,3					5	0	5	1	0	1
20413	20413		DEL	chr17	14828595	chr17	14829080	485.0	True		False		5	0	5	-10,414	-3,95	-484,9	-99,2					5	0	5	0	0	0
20414	20414		DEL	chr17	14848970	chr17	14849993	1023.0	True		False		8	0	8	-10,598	-2,196	-603,9	-197,2					8	0	8	0	0	0
20420	20420		DEL	chr17	15138095	chr17	15138384	289.0	True		False		5	0	5	-10,71	-2,45	-1,7	-1,4					5	0	5	0	0	0
20423	20423		DEL	chr17	15232798	chr17	15233245	447.0	True		False		6	0	6	-10,356	-3,95	-323,9	-80,3					5	0	5	1	0	1
20467	20467		DEL	chr17	16136938	chr17	16137337	399.0	True		False		5	0	5	-10,85	-2,49	-301,9	-89,2					5	0	5	0	0	0
20472	20472		DEL	chr17	16287505	chr17	16288224	719.0	True		False		5	0	5	-10,558	-2,188	-522,9	-183,2					5	0	5	0	0	0
20474	20474		DEL	chr17	16382041	chr17	16382590	549.0	True		False		5	0	5	-10,471	-2,127	-436,9	-125,2					5	0	5	0	0	0
20476	20476		DEL	chr17	16426931	chr17	16427824	893.0	True		False		5	0	5	-10,649	-2,328	-650,9	-328,2					5	0	5	0	0	0
20479	20479		DEL	chr17	16530309	chr17	16530953	644.0	True		False		6	0	6	-10,304	-3,91	-296,9	-103,2					5	0	5	1	0	1
20486	20486		DEL	chr17	17409849	chr17	17410233	384.0	True		False		5	0	5	-10,177	-3,69	-65,9	-43,2					5	0	5	0	0	0
20487	20487		DEL	chr17	17432694	chr17	17433699	1005.0	True		False		5	0	5	-10,649	-2,328	-650,9	-328,2					5	0	5	0	0	0
20490	20490		DEL	chr17	17557721	chr17	17558257	536.0	True		False		5	0	5	-10,440	-2,125	-120,9	-81,2					5	0	5	0	0	0
20493	20493		DEL	chr17	17707881	chr17	17708913	1032.0	True		False		5	0	5	-10,649	-2,328	-650,9	-328,2					5	0	5	0	0	0
20499	20499		DEL	chr17	17910732	chr17	17910951	219.0	True		False		5	0	5	-10,180	-2,101	-90,9	-60,2					5	0	5	0	0	0
20500	20500		DEL	chr17	17918538	chr17	17918956	418.0	True		False		5	0	5	-10,179	-2,99	-332,9	-136,2					5	0	5	0	0	0
20503	20503		DEL	chr17	17967649	chr17	17968332	683.0	True		False		5	0	5	-10,494	-2,132	-483,9	-140,2					5	0	5	0	0	0
20508	20508		DEL	chr17	18264614	chr17	18265333	719.0	True		False		5	0	5	-10,614	-1,163	-292,9	-119,2					5	0	5	0	0	0
20509	20509		DEL	chr17	18308190	chr17	18308292	102.0	True		False		5	0	5	-10,40	-3,22	-79,9	-47,2					5	0	5	0	0	0
20432	20432		DEL	chr17	19250971	chr17	19251091	120.0	True		False		6	0	6	-10,65	-3,34	-64,9	-28,3					5	0	5	1	0	1
20518	20518		DEL	chr17	19438608	chr17	19439018	410.0	True		False		6	0	6	-10,105	-2,57	-383,9	-84,3					6	0	6	0	0	0
20519	20519		DEL	chr17	19506255	chr17	19506661	406.0	True		False		4	1	5	-10,9	-3,3	-10,9	-3,3					4	1	5	0	0	0
20526	20526		DEL	chr17	19702770	chr17	19703008	238.0	True		False		5	0	5	-10,103	-3,49	-172,9	-67,3					5	0	5	0	0	0
20530	20530		DEL	chr17	19908182	chr17	19908977	795.0	True		False		7	0	7	-10,545	-2,113	-318,9	-115,2					6	0	6	1	0	1
20531	20531		DEL	chr17	19981426	chr17	19982069	643.0	True		False		5	0	5	-10,156	-2,86	-517,9	-109,2					5	0	5	0	0	0
20535	20535		DEL	chr17	20198358	chr17	20199081	723.0	True		False		5	0	5	-10,619	-2,202	-584,9	-193,2					5	0	5	0	0	0
20537	20537		DEL	chr17	20285784	chr17	20286289	505.0	True		False		6	0	6	-10,489	-2,110	-418,9	-105,2					5	0	5	1	0	1
20539	20539_1	20539_2	BND	chr17	20489955	chr17	20527608		True	True	False	True	5	0	5	-10,355	-3,72	-10,551	-2,109	-10,551	-2,109	-10,355	-3,72	5	0	5	0	0	0
20546	20546		DEL	chr17	20939233	chr17	20939991	758.0	True		False		5	0	5	-10,490	-2,181	-586,9	-193,2					5	0	5	0	0	0
20551	20551		DEL	chr17	21173708	chr17	21174585	877.0	True		False		7	0	7	-10,649	-1,208	-500,9	-171,3					6	0	6	1	0	1
20571	20571		INV	chr17	21308126	chr17	21779885	471759.0	True		False		4	1	5	-10,9	-3,3	-10,9	-3,3					4	1	5	0	0	0
20570	20570_1	20570_2	BND	chr17	21308945	chr17	21779037		True	True	False	True	8	0	8	-508,9	-80,2	-583,9	-95,2	-583,9	-95,2	-508,9	-80,2	7	0	7	1	0	1
20568	20568_1	20568_2	BND	chr17	21309314	chr17	21778632		True	True	False	True	6	0	6	-10,429	-2,75	-10,470	-2,74	-10,470	-2,74	-10,429	-2,75	6	0	6	0	0	0
20558	20558		DUP	chr17	21400252	chr17	21687649	287397.0	True		False		8	0	8	-599,9	-95,1	-10,91	-2,51					7	0	7	1	0	1
20556	20556		INV	chr17	21572450	chr17	21572688	238.0	True		False		3	2	5	-133,134	-114,116	-9,9	-3,3					3	2	5	0	0	0
20593	20593_1	20593_2	BND	chr17	21613919	chr17	22089411		True	True	False	True	14	0	14	-504,9	-41,2	-17,9	-13,1	-17,9	-13,1	-504,9	-41,2	13	0	13	1	0	1
20592	20592_1	20592_2	BND	chr17	21614222	chr17	22088997		True	True	False	True	6	0	6	-10,513	-1,88	-10,334	-2,88	-10,334	-2,88	-10,513	-1,88	5	0	5	1	0	1
20589	20589_1	20589_2	BND	chr17	21658286	chr17	22044161		True	True	False	True	9	0	9	-10,47	-2,32	-10,72	-3,22	-10,72	-3,22	-10,47	-2,32	8	0	8	1	0	1
20588	20588_1	20588_2	BND	chr17	21658378	chr17	22043424		True	True	False	True	10	0	10	-388,9	-68,2	-588,9	-88,2	-588,9	-88,2	-388,9	-68,2	9	0	9	1	0	1
20572	20572		DEL	chr17	21816005	chr17	21816716	711.0	True		False		6	0	6	-10,470	-2,133	-466,9	-135,2					6	0	6	0	0	0
20573	20573		DEL	chr17	21817090	chr17	21817464	374.0	True		False		5	1	6	-4,9	-1,7	-10,9	-3,3					5	1	6	0	0	0
20577	20577		DUP	chr17	21901032	chr17	21910335	9303.0	True		False		7	0	7	-638,9	-114,0	-10,485	-2,104					6	0	6	1	0	1
31703	31703_1	31703_2	BND	chr17	21935933	chrY	10927217		True	True	False	True	6	0	6	-583,4	-123,0	-583,4	-123,0	-583,4	-123,0	-583,4	-123,0	5	0	5	1	0	1
31709	31709_1	31709_2	BND	chr17	21973184	chrY	10999964		False	False	False	True	2	4	6	-10,8	0,0	-9,8	0,0	-9,8	0,0	-10,8	0,0	2	4	6	0	0	0
31701	31701_1	31701_2	BND	chr17	21976488	chrY	11747664		True	True	False	True	6	0	6	-6,554	0,123	-645,9	-121,1	-645,9	-121,1	-6,554	0,123	5	0	5	1	0	1
31710	31710_1	31710_2	BND	chr17	21977110	chrY	10999962		True	True	False	True	6	0	6	-10,13	-3,10	-10,539	-1,124	-10,539	-1,124	-10,13	-3,10	6	0	6	0	0	0
20434	20434		DUP	chr17	21980655	chr17	21987096	6441.0	True		False		6	1	7	-10,9	-3,3	-10,9	-3,3					5	1	6	1	0	1
20438	20438		DEL	chr17	22912979	chr17	22986841	73862.0	True		False		5	0	5	-10,581	0,123	-596,9	-126,0					5	0	5	0	0	0
20607	20607		DUP	chr17	23222698	chr17	23223192	494.0	True		False		5	0	5	-469,9	-86,3	-10,482	-2,104					5	0	5	0	0	0
20453	20453_1	20453_2	BND	chr17	24327667	chr17	26885548		True	True	False	True	6	0	6	-10,548	-2,118	-10,518	-2,104	-10,518	-2,104	-10,548	-2,118	5	0	5	1	0	1
20443	20443		DEL	chr17	24981070	chr17	25920097	939027.0	True		False		9	0	9	-10,387	-2,76	-413,9	-87,2					8	0	8	1	0	1
20447	20447		DEL	chr17	25281342	chr17	25920108	638766.0	True		False		9	0	9	-10,385	-2,80	-581,9	-87,2					8	0	8	1	0	1
20620	20620		DEL	chr17	25730839	chr17	25920125	189286.0	True		False		7	0	7	-10,506	-2,99	-498,9	-98,2					6	0	6	1	0	1
20643	20643		DUP	chr17	25920090	chr17	26404015	483925.0	True		False		7	0	7	-574,9	-95,2	-10,458	-2,93					6	0	6	1	0	1
20634	20634		DUP	chr17	25920132	chr17	26158587	238455.0	True		False		5	0	5	-598,9	-113,2	-10,637	-1,134					5	0	5	0	0	0
20630	20630		DEL	chr17	25920314	chr17	26113822	193508.0	True		False		7	0	7	-10,477	-2,99	-577,9	-87,2					6	0	6	1	0	1
20661	20661		DEL	chr17	25968062	chr17	26619930	651868.0	True		False		7	0	7	-10,492	-1,110	-597,9	-90,2					6	0	6	1	0	1
20632	20632		DUP	chr17	26113826	chr17	26114344	518.0	True		False		6	0	6	-586,9	-98,2	-8,554	0,119					5	0	5	1	0	1
20660	20660		DUP	chr17	26177949	chr17	26620133	442184.0	True		False		13	0	13	-328,6	-86,1	-10,301	-2,70					12	0	12	1	0	1
20658	20658		DEL	chr17	26604321	chr17	26619438	15117.0	True		False		7	0	7	-10,326	-3,73	-108,9	-66,2					7	0	7	0	0	0
20696	20696_1	20696_2	BND	chr17	26619920	chr17	26885153		True	True	False	True	6	0	6	-529,9	-103,2	-459,9	-84,2	-459,9	-84,2	-529,9	-103,2	6	0	6	0	0	0
20671	20671		DUP	chr17	26640620	chr17	26644123	3503.0	True		False		7	0	7	-512,9	-96,0	-10,477	-2,99					6	0	6	1	0	1
31719	31719_1	31719_2	BND	chr17	26876851	chrY	11733329		True	True	False	True	6	0	6	-406,9	-66,3	-10,534	-2,110	-10,534	-2,110	-406,9	-66,3	5	0	5	1	0	1
20709	20709		DEL	chr17	27399387	chr17	27400397	1010.0	True		False		5	0	5	-10,649	-2,328	-650,9	-328,2					5	0	5	0	0	0
20710	20710		DEL	chr17	27401570	chr17	27402144	574.0	True		False		5	0	5	-10,572	-2,153	-243,9	-128,2					5	0	5	0	0	0
20714	20714		DEL	chr17	27569437	chr17	27570166	729.0	True		False		6	0	6	-10,509	-2,148	-512,9	-147,2					5	0	5	1	0	1
20723	20723		DEL	chr17	27936640	chr17	27937164	524.0	True		False		5	0	5	-10,415	-2,140	-379,9	-130,2					5	0	5	0	0	0
20724	20724		DEL	chr17	27979761	chr17	27980267	506.0	True		False		5	0	5	-10,251	-3,89	-339,9	-112,2					5	0	5	0	0	0
20728	20728		DEL	chr17	28195744	chr17	28196745	1001.0	True		False		5	0	5	-10,609	-2,199	-440,9	-178,2					5	0	5	0	0	0
20730	20730		DEL	chr17	28289298	chr17	28289849	551.0	True		False		5	0	5	-10,536	-2,185	-374,9	-174,2					5	0	5	0	0	0
20731	20731		DEL	chr17	28310119	chr17	28310550	431.0	True		False		5	0	5	-10,187	-3,68	-411,9	-79,3					5	0	5	0	0	0
20733	20733		DEL	chr17	28349379	chr17	28350080	701.0	True		False		6	0	6	-10,463	-2,133	-303,9	-140,2					6	0	6	0	0	0
20735	20735		DEL	chr17	28400368	chr17	28400493	125.0	True		False		6	0	6	-10,54	-3,32	-15,9	-12,2					5	0	5	1	0	1
20736	20736		DEL	chr17	28427779	chr17	28428328	549.0	True		False		5	0	5	-10,468	-2,126	-548,9	-152,2					5	0	5	0	0	0
20739	20739		DEL	chr17	28626823	chr17	28627257	434.0	True		False		5	0	5	-10,408	-2,123	-190,9	-105,2					5	0	5	0	0	0
20741	20741		DEL	chr17	28642183	chr17	28642742	559.0	True		False		5	0	5	-10,79	-2,56	-89,9	-61,2					5	0	5	0	0	0
20743	20743		DEL	chr17	28702103	chr17	28702324	221.0	True		False		5	0	5	-10,209	-3,70	-161,9	-61,3					5	0	5	0	0	0
20744	20744		DEL	chr17	28764061	chr17	28764419	358.0	True		False		6	0	6	-10,294	-3,79	-111,9	-70,2					5	0	5	1	0	1
20745	20745		DEL	chr17	28826944	chr17	28827927	983.0	True		False		5	0	5	-10,649	-2,328	-650,9	-328,2					5	0	5	0	0	0
20746	20746		DEL	chr17	28873466	chr17	28874052	586.0	True		False		5	0	5	-10,259	-3,77	-467,9	-91,2					5	0	5	0	0	0
20458	20458		DEL	chr17	29212534	chr17	29213295	761.0	True		False		6	0	6	-10,590	-2,156	-545,9	-147,2					6	0	6	0	0	0
20752	20752		DEL	chr17	29227343	chr17	29228010	667.0	True		False		5	0	5	-10,599	-2,158	-546,9	-137,2					5	0	5	0	0	0
20760	20760		DEL	chr17	29451405	chr17	29451914	509.0	True		False		6	0	6	-10,499	-2,132	-374,9	-126,2					6	0	6	0	0	0
20761	20761		DEL	chr17	29471449	chr17	29471964	515.0	True		False		5	0	5	-10,496	-2,135	-514,9	-131,2					5	0	5	0	0	0
20763	20763		DEL	chr17	29492970	chr17	29493163	193.0	True		False		6	0	6	-10,22	-2,18	-132,9	-48,3					5	0	5	1	0	1
20459	20459		DEL	chr17	29638513	chr17	29639136	623.0	True		False		5	0	5	-10,531	-2,145	-511,9	-133,2					5	0	5	0	0	0
20768	20768		DEL	chr17	29858589	chr17	29859183	594.0	True		False		5	0	5	-10,363	-2,123	-519,9	-131,2					5	0	5	0	0	0
20772	20772		DEL	chr17	30091972	chr17	30092486	514.0	True		False		7	0	7	-10,367	-2,104	-344,9	-107,2					7	0	7	0	0	0
20774	20774		DEL	chr17	30159423	chr17	30159794	371.0	True		False		5	0	5	-10,72	-2,46	-331,9	-95,2					5	0	5	0	0	0
20775	20775		DEL	chr17	30181416	chr17	30182123	707.0	True		False		6	0	6	-10,367	-2,112	-464,9	-97,2					5	0	5	1	0	1
20783	20783		DEL	chr17	30748935	chr17	30749581	646.0	True		False		5	0	5	-10,605	-2,157	-600,9	-158,2					5	0	5	0	0	0
20793	20793		DEL	chr17	31400057	chr17	31400344	287.0	True		False		5	0	5	-10,53	-2,35	-273,9	-74,3					5	0	5	0	0	0
20797	20797		DEL	chr17	31612733	chr17	31613415	682.0	True		False		5	0	5	-10,609	-2,199	-623,9	-203,2					5	0	5	0	0	0
20800	20800		DEL	chr17	31766351	chr17	31766832	481.0	True		False		6	0	6	-10,464	-2,126	-480,9	-126,2					6	0	6	0	0	0
20803	20803		DEL	chr17	31870188	chr17	31871118	930.0	True		False		6	0	6	-10,431	-2,137	-571,9	-152,2					6	0	6	0	0	0
20805	20805		DEL	chr17	31872827	chr17	31873048	221.0	True		False		4	2	6	-10,9	-1,1	-10,9	-1,1					3	2	5	1	0	1
20832	20832		DEL	chr17	32003523	chr17	32003810	287.0	True		False		5	0	5	-10,203	-3,83	-94,9	-58,2					5	0	5	0	0	0
20834	20834		DEL	chr17	32097001	chr17	32097611	610.0	True		False		5	0	5	-10,554	-2,146	-541,9	-147,2					5	0	5	0	0	0
20846	20846		DEL	chr17	32859103	chr17	32859452	349.0	True		False		5	0	5	-10,70	-2,48	-192,9	-82,3					5	0	5	0	0	0
20850	20850		DEL	chr17	33122804	chr17	33123882	1078.0	True		False		5	0	5	-10,309	-2,164	-540,9	-185,2					5	0	5	0	0	0
20855	20855		DEL	chr17	33208138	chr17	33208986	848.0	True		False		6	0	6	-10,588	-2,148	-487,9	-113,3					5	0	5	1	0	1
20857	20857		DEL	chr17	33245707	chr17	33246189	482.0	True		False		5	0	5	-10,478	-2,83	-242,9	-73,3					5	0	5	0	0	0
20811	20811		DEL	chr17	33472020	chr17	33472319	299.0	True		False		5	1	6	-10,9	-3,3	-10,9	-3,3					5	1	6	0	0	0
20871	20871		DEL	chr17	33607009	chr17	33607119	110.0	True		False		5	0	5	-9,0	-9,0	-108,9	-72,2					5	0	5	0	0	0
20873	20873		DEL	chr17	33672645	chr17	33673133	488.0	True		False		5	0	5	-10,486	-2,142	-487,9	-126,2					5	0	5	0	0	0
20880	20880		DEL	chr17	33988927	chr17	33989436	509.0	True		False		6	0	6	-10,313	-3,66	-425,9	-71,3					6	0	6	0	0	0
20882	20882		DEL	chr17	34056258	chr17	34056596	338.0	True		False		5	0	5	-10,43	-2,31	-265,9	-74,3					5	0	5	0	0	0
20885	20885		DEL	chr17	34171763	chr17	34172238	475.0	True		False		5	0	5	-10,239	-2,118	-347,9	-122,2					5	0	5	0	0	0
20890	20890		DEL	chr17	34546072	chr17	34546610	538.0	True		False		5	0	5	-10,461	-3,97	-419,9	-112,2					5	0	5	0	0	0
20891	20891		DEL	chr17	34550398	chr17	34551671	1273.0	True		False		5	0	5	-10,649	-2,328	-650,9	-328,2					5	0	5	0	0	0
20893	20893		DEL	chr17	34593150	chr17	34593605	455.0	True		False		5	0	5	-10,453	-2,125	-236,9	-111,2					5	0	5	0	0	0
20894	20894		DEL	chr17	34709085	chr17	34709268	183.0	True		False		5	0	5	-10,163	-3,63	-148,9	-56,3					5	0	5	0	0	0
20902	20902		DEL	chr17	35016608	chr17	35017687	1079.0	True		False		5	0	5	-10,644	-2,210	-434,9	-178,2					5	0	5	0	0	0
20814	20814		DEL	chr17	35094306	chr17	35094550	244.0	True		False		5	0	5	-10,135	-2,66	-160,9	-65,3					5	0	5	0	0	0
20905	20905		DEL	chr17	35338311	chr17	35338422	111.0	True		False		5	0	5	-10,109	-3,53	-108,9	-51,3					5	0	5	0	0	0
20910	20910		DEL	chr17	35608035	chr17	35608366	331.0	True		False		6	0	6	-10,124	-2,64	-58,9	-40,2					5	0	5	1	0	1
20913	20913		INV	chr17	35676314	chr17	35676510	196.0	True		False		4	4	8	-10,9	-1,1	-10,7	-1,0					4	4	8	0	0	0
20915	20915		DEL	chr17	35808147	chr17	35808787	640.0	True		False		5	0	5	-10,586	-2,156	-533,9	-131,2					5	0	5	0	0	0
20917	20917		DEL	chr17	35872758	chr17	35873240	482.0	True		False		6	0	6	-10,390	-2,103	-378,9	-98,2					5	0	5	1	0	1
20919	20919		DEL	chr17	35910435	chr17	35910814	379.0	True		False		5	0	5	-10,286	-2,89	-244,9	-68,3					5	0	5	0	0	0
20921	20921		DEL	chr17	35931885	chr17	35932401	516.0	True		False		5	0	5	-10,129	-2,68	-326,9	-113,2					5	0	5	0	0	0
20926	20926		DEL	chr17	36187379	chr17	36187764	385.0	True		False		5	0	5	-10,197	-3,65	-220,9	-73,3					5	0	5	0	0	0
20929	20929		DEL	chr17	36492683	chr17	36493091	408.0	True		False		6	0	6	-10,16	-2,14	-213,9	-78,3					6	0	6	0	0	0
20930	20930		DEL	chr17	36524934	chr17	36525569	635.0	True		False		5	0	5	-10,633	-2,206	-634,9	-206,2					5	0	5	0	0	0
20932	20932		DEL	chr17	36637275	chr17	36637876	601.0	True		False		7	0	7	-10,491	-2,126	-541,9	-151,2					7	0	7	0	0	0
20937	20937		DEL	chr17	36954047	chr17	36954942	895.0	True		False		5	0	5	-10,598	-2,196	-515,9	-183,2					5	0	5	0	0	0
20941	20941		DEL	chr17	37044856	chr17	37045558	702.0	True		False		5	0	5	-10,568	-2,190	-516,9	-183,2					5	0	5	0	0	0
20944	20944		DEL	chr17	37114177	chr17	37114600	423.0	True		False		6	0	6	-10,306	-3,93	-96,9	-58,2					6	0	6	0	0	0
20945	20945		DEL	chr17	37131943	chr17	37132202	259.0	True		False		5	0	5	-10,71	-2,50	-37,9	-27,2					5	0	5	0	0	0
20946	20946		DEL	chr17	37167425	chr17	37167808	383.0	True		False		6	0	6	-10,321	-2,68	-382,9	-75,3					5	0	5	1	0	1
20947	20947		INV	chr17	37236366	chr17	37236501	135.0	True		False		2	3	5	-10,9	-1,1	-10,9	-1,1					2	3	5	0	0	0
20953	20953		DEL	chr17	37377077	chr17	37377530	453.0	True		False		5	0	5	-10,138	-3,56	-136,9	-75,2					5	0	5	0	0	0
20956	20956		DEL	chr17	37501958	chr17	37502768	810.0	True		False		6	0	6	-10,649	-2,328	-650,9	-328,2					6	0	6	0	0	0
20958	20958		DEL	chr17	37589293	chr17	37590167	874.0	True		False		5	0	5	-10,649	-2,328	-650,9	-328,2					5	0	5	0	0	0
20959	20959		DEL	chr17	37736593	chr17	37737399	806.0	True		False		5	0	5	-10,461	-2,180	-644,9	-210,2					5	0	5	0	0	0
20960	20960		DEL	chr17	37850936	chr17	37851434	498.0	True		False		5	0	5	-10,241	-3,68	-312,9	-69,3					5	0	5	0	0	0
20966	20966		DEL	chr17	38676508	chr17	38677210	702.0	True		False		5	0	5	-10,610	-2,200	-597,9	-196,2					5	0	5	0	0	0
20968	20968		DEL	chr17	38713463	chr17	38714233	770.0	True		False		5	0	5	-10,649	-2,328	-650,9	-328,2					5	0	5	0	0	0
20973	20973		DEL	chr17	38858450	chr17	38858705	255.0	True		False		5	0	5	-10,159	-2,82	-248,9	-95,2					5	0	5	0	0	0
20974	20974		DEL	chr17	38885710	chr17	38886619	909.0	True		False		6	0	6	-10,649	-2,328	-650,9	-328,2					6	0	6	0	0	0
20975	20975		DEL	chr17	38887310	chr17	38887391	81.0	True		False		5	0	5	-10,52	-2,38	-11,9	-9,2					5	0	5	0	0	0
20979	20979		DEL	chr17	39284793	chr17	39285249	456.0	True		False		5	0	5	-10,405	-2,129	-455,9	-125,2					5	0	5	0	0	0
20980	20980		DEL	chr17	39356916	chr17	39357026	110.0	False		False		1	5	6	-8,6	0,0	-7,6	0,0					1	5	6	0	0	0
20983	20983		DEL	chr17	39584560	chr17	39585326	766.0	True		False		6	0	6	-10,469	-3,110	-455,9	-135,2					5	0	5	1	0	1
20986	20986		DEL	chr17	39843756	chr17	39844361	605.0	True		False		5	0	5	-10,603	-2,158	-373,9	-124,2					5	0	5	0	0	0
20991	20991		DEL	chr17	40055614	chr17	40055987	373.0	True		False		6	0	6	-10,371	-2,144	-304,9	-116,3					6	0	6	0	0	0
20993	20993		DEL	chr17	40172455	chr17	40172869	414.0	True		False		5	0	5	-10,389	-2,135	-278,9	-117,2					5	0	5	0	0	0
21020	21020		DUP	chr17	41087527	chr17	41107613	20086.0	True		False		12	0	12	-472,9	-55,2	-10,612	-1,86					12	0	12	0	0	0
21028	21028		DEL	chr17	41209140	chr17	41209537	397.0	True		False		5	0	5	-10,379	-3,85	-200,9	-69,3					5	0	5	0	0	0
20817	20817		DEL	chr17	41226807	chr17	41255416	28609.0	True		False		7	0	7	-10,473	-2,83	-277,9	-66,3					6	0	6	1	0	1
21035	21035		DEL	chr17	41334604	chr17	41335123	519.0	True		False		5	0	5	-10,517	-2,147	-510,9	-127,2					5	0	5	0	0	0
21037	21037		DEL	chr17	41424646	chr17	41425702	1056.0	True		False		5	0	5	-10,649	-2,328	-650,9	-328,2					5	0	5	0	0	0
21047	21047		DEL	chr17	41909306	chr17	41910021	715.0	True		False		5	0	5	-10,472	-2,180	-558,9	-188,2					5	0	5	0	0	0
21068	21068		DEL	chr17	43047820	chr17	43048337	517.0	True		False		5	0	5	-10,511	-2,108	-10,9	-9,2					5	0	5	0	0	0
21076	21076		DEL	chr17	43542428	chr17	43543098	670.0	True		False		5	0	5	-10,604	-2,198	-632,9	-206,2					5	0	5	0	0	0
21078	21078		DEL	chr17	43581729	chr17	43582716	987.0	True		False		7	0	7	-10,649	-2,328	-650,9	-328,2					7	0	7	0	0	0
21079	21079		DEL	chr17	43614682	chr17	43615334	652.0	True		False		5	0	5	-10,545	-2,186	-617,9	-201,2					5	0	5	0	0	0
21081	21081		DEL	chr17	43897256	chr17	43897970	714.0	True		False		5	0	5	-10,635	-2,207	-526,9	-184,2					5	0	5	0	0	0
21083	21083		DEL	chr17	43987797	chr17	43988309	512.0	True		False		5	0	5	-10,402	-2,126	-358,9	-133,2					5	0	5	0	0	0
21087	21087		DEL	chr17	44215354	chr17	44216589	1235.0	True		False		6	0	6	-10,701	-2,352	-702,9	-352,2					5	0	5	1	0	1
21092	21092		DEL	chr17	44393694	chr17	44394110	416.0	True		False		5	0	5	-10,44	-1,32	-98,9	-51,3					5	0	5	0	0	0
21093	21093		DEL	chr17	44519482	chr17	44519567	85.0	True		False		5	0	5	-10,83	-2,61	-84,9	-57,2					5	0	5	0	0	0
21099	21099		DEL	chr17	44929485	chr17	44930407	922.0	True		False		5	0	5	-10,649	-2,328	-650,9	-328,2					5	0	5	0	0	0
21100	21100		DEL	chr17	44931051	chr17	44931293	242.0	True		False		5	0	5	-10,181	-3,60	-94,9	-48,2					5	0	5	0	0	0
21102	21102		DEL	chr17	45180534	chr17	45181116	582.0	True		False		7	0	7	-10,471	-1,94	-461,9	-91,2					7	0	7	0	0	0
21118	21118_1	21118_2	BND	chr17	45573469	chr17	46489434		True	True	False	True	6	0	6	-256,9	-70,3	-607,9	-110,1	-607,9	-110,1	-256,9	-70,3	6	0	6	0	0	0
21113	21113		DEL	chr17	45837221	chr17	45837955	734.0	True		False		5	0	5	-10,455	-2,105	-479,9	-101,2					5	0	5	0	0	0
21117	21117		INV	chr17	46140713	chr17	46140976	263.0	True		False		4	1	5	-10,9	-2,3	-10,9	-2,3					4	1	5	0	0	0
21120	21120		DEL	chr17	46764597	chr17	46765281	684.0	True		False		5	0	5	-10,612	-2,200	-573,9	-191,2					5	0	5	0	0	0
21123	21123		DEL	chr17	46938975	chr17	46940096	1121.0	True		False		6	0	6	-10,649	-2,328	-650,9	-328,2					6	0	6	0	0	0
21127	21127		DEL	chr17	47148936	chr17	47149808	872.0	True		False		5	0	5	-10,589	-2,194	-641,9	-209,2					5	0	5	0	0	0
21131	21131		DEL	chr17	47429647	chr17	47430839	1192.0	True		False		6	0	6	-10,649	-2,328	-650,9	-328,2					6	0	6	0	0	0
21136	21136		DEL	chr17	47705168	chr17	47705488	320.0	True		False		5	0	5	-10,277	-2,81	-223,9	-66,3					5	0	5	0	0	0
21140	21140		DEL	chr17	47855406	chr17	47856061	655.0	True		False		5	0	5	-10,577	-2,152	-614,9	-158,2					5	0	5	0	0	0
21143	21143		DEL	chr17	48044972	chr17	48045358	386.0	True		False		6	0	6	-10,266	-3,90	-209,9	-99,2					6	0	6	0	0	0
21151	21151		DEL	chr17	48792908	chr17	48792961	53.0	True		False		5	0	5	-10,51	-2,42	-7,9	-6,2					5	0	5	0	0	0
21152	21152		DEL	chr17	48811210	chr17	48811491	281.0	True		False		5	1	6	-10,9	-3,3	-10,9	-3,3					4	1	5	1	0	1
21158	21158		DEL	chr17	48920724	chr17	48921146	422.0	True		False		5	0	5	-10,420	-2,124	-155,9	-96,2					5	0	5	0	0	0
21161	21161		DEL	chr17	48978820	chr17	48978956	136.0	True		False		5	0	5	-10,94	-3,46	-102,9	-55,2					5	0	5	0	0	0
21165	21165		DEL	chr17	49156050	chr17	49156427	377.0	True		False		5	0	5	-10,375	-3,87	-307,9	-73,3					5	0	5	0	0	0
21172	21172		DEL	chr17	49456124	chr17	49457262	1138.0	True		False		6	0	6	-10,583	-2,193	-252,9	-150,2					5	0	5	1	0	1
21176	21176		DEL	chr17	49852769	chr17	49853124	355.0	True		False		5	0	5	-10,278	-2,93	-272,9	-88,3					5	0	5	0	0	0
21182	21182		DEL	chr17	50196567	chr17	50197132	565.0	True		False		6	0	6	-10,165	-2,88	-395,9	-98,2					6	0	6	0	0	0
21185	21185		DEL	chr17	50484446	chr17	50485164	718.0	True		False		5	0	5	-10,352	-2,126	-520,9	-131,2					5	0	5	0	0	0
21192	21192		DEL	chr17	50903172	chr17	50903706	534.0	True		False		5	0	5	-10,512	-2,95	-371,9	-78,3					5	0	5	0	0	0
21194	21194		DEL	chr17	51032375	chr17	51032961	586.0	True		False		6	0	6	-10,500	-2,136	-424,9	-140,2					6	0	6	0	0	0
21208	21208		DEL	chr17	51611094	chr17	51611751	657.0	True		False		6	0	6	-10,562	-2,123	-357,9	-81,3					5	0	5	1	0	1
21211	21211		DEL	chr17	51818978	chr17	51819510	532.0	True		False		5	0	5	-10,114	-2,72	-375,9	-98,2					5	0	5	0	0	0
21217	21217		DEL	chr17	52351141	chr17	52351334	193.0	True		False		6	0	6	-10,161	-3,50	-184,9	-58,3					6	0	6	0	0	0
21218	21218		DEL	chr17	52410557	chr17	52411138	581.0	True		False		6	0	6	-10,471	-2,125	-580,9	-150,2					5	0	5	1	0	1
21222	21222		DEL	chr17	52790050	chr17	52790630	580.0	True		False		6	0	6	-10,499	-2,140	-542,9	-140,2					5	0	5	1	0	1
21227	21227		DEL	chr17	53048041	chr17	53048803	762.0	True		False		6	0	6	-10,598	-2,196	-630,9	-205,2					6	0	6	0	0	0
21235	21235		DEL	chr17	53713984	chr17	53714501	517.0	True		False		5	0	5	-10,177	-3,68	-356,9	-88,2					5	0	5	0	0	0
21242	21242		INV	chr17	53978772	chr17	53979086	314.0	True		False		1	5	6	-9,3	-2,1	-3,9	0,7					1	5	6	0	0	0
21248	21248		DEL	chr17	54285881	chr17	54286681	800.0	True		False		6	0	6	-10,577	-2,184	-537,9	-176,2					5	0	5	1	0	1
21264	21264		DEL	chr17	55332383	chr17	55332985	602.0	True		False		5	0	5	-10,495	-2,143	-574,9	-149,2					5	0	5	0	0	0
21268	21268		DEL	chr17	55529430	chr17	55530118	688.0	True		False		6	0	6	-10,531	-2,136	-537,9	-133,2					6	0	6	0	0	0
21272	21272		DEL	chr17	55937426	chr17	55937558	132.0	True		False		5	0	5	-10,90	-2,47	-67,9	-41,2					5	0	5	0	0	0
21280	21280		DEL	chr17	56504167	chr17	56504666	499.0	True		False		5	0	5	-10,320	-3,84	-279,9	-77,3					5	0	5	0	0	0
21281	21281		DEL	chr17	56610019	chr17	56610143	124.0	True		False		6	0	6	-10,57	-2,36	-66,9	-36,3					5	0	5	1	0	1
21285	21285		DEL	chr17	56702344	chr17	56702881	537.0	True		False		7	0	7	-10,505	-2,128	-384,9	-145,2					7	0	7	0	0	0
21286	21286		DEL	chr17	56732280	chr17	56732839	559.0	True		False		5	0	5	-10,465	-2,133	-418,9	-138,2					5	0	5	0	0	0
21288	21288		DEL	chr17	56769004	chr17	56769290	286.0	True		False		5	0	5	-10,226	-3,77	-107,9	-49,3					5	0	5	0	0	0
21289	21289		DEL	chr17	56872567	chr17	56874932	2365.0	True		False		9	0	9	-10,365	-1,64	-578,9	-104,1					9	0	9	0	0	0
21296	21296		DEL	chr17	57016309	chr17	57016944	635.0	True		False		5	0	5	-10,411	-2,139	-270,9	-123,2					5	0	5	0	0	0
21297	21297		DEL	chr17	57023574	chr17	57024057	483.0	True		False		5	0	5	-10,481	-2,125	-430,9	-139,2					5	0	5	0	0	0
21298	21298		DEL	chr17	57030182	chr17	57030866	684.0	True		False		5	0	5	-10,598	-2,196	-613,9	-200,2					5	0	5	0	0	0
21302	21302		DEL	chr17	57142686	chr17	57143795	1109.0	True		False		5	0	5	-10,649	-2,328	-650,9	-328,2					5	0	5	0	0	0
21305	21305		DEL	chr17	57346502	chr17	57346698	196.0	True		False		5	0	5	-10,194	-3,64	-21,9	-17,2					5	0	5	0	0	0
21306	21306_1	21306_2	BND	chr17	57354066	chr17	57354168		True	True	False	True	2	3	5	-10,9	-1,0	-9,9	-1,0	-9,9	-1,0	-10,9	-1,0	2	3	5	0	0	0
21311	21311		DEL	chr17	57469473	chr17	57470040	567.0	True		False		5	0	5	-10,531	-2,130	-549,9	-140,2					5	0	5	0	0	0
21321	21321		DEL	chr17	57806805	chr17	57807518	713.0	True		False		5	0	5	-10,626	-2,204	-646,9	-210,2					5	0	5	0	0	0
21323	21323		DEL	chr17	57855888	chr17	57856540	652.0	True		False		6	0	6	-10,465	-2,107	-295,9	-102,2					5	0	5	1	0	1
21327	21327		DEL	chr17	57977155	chr17	57978055	900.0	True		False		7	0	7	-10,491	-2,181	-514,9	-183,2					7	0	7	0	0	0
21341	21341		DEL	chr17	58680984	chr17	58681768	784.0	True		False		5	0	5	-10,563	-2,189	-643,9	-209,2					5	0	5	0	0	0
21346	21346		DEL	chr17	58918606	chr17	58919213	607.0	True		False		5	0	5	-10,450	-2,139	-196,9	-107,2					5	0	5	0	0	0
20824	20824		DEL	chr17	58998858	chr17	58999068	210.0	True		False		5	0	5	-7,0	-7,0	-90,9	-48,2					5	0	5	0	0	0
21357	21357		DEL	chr17	59397896	chr17	59398361	465.0	True		False		5	0	5	-10,64	-2,46	-252,9	-93,2					5	0	5	0	0	0
21358	21358		DEL	chr17	59399422	chr17	59400013	591.0	True		False		6	0	6	-10,496	-2,129	-448,9	-124,2					6	0	6	0	0	0
21363	21363		DEL	chr17	59622182	chr17	59622521	339.0	True		False		5	0	5	-10,263	-3,73	-281,9	-79,3					5	0	5	0	0	0
21364	21364		DEL	chr17	59626917	chr17	59627266	349.0	True		False		5	0	5	-10,98	-2,57	-175,9	-64,3					5	0	5	0	0	0
21370	21370		DEL	chr17	59746181	chr17	59746766	585.0	True		False		5	0	5	-10,523	-2,139	-352,9	-127,2					5	0	5	0	0	0
21371	21371		INV	chr17	59764999	chr17	59765348	349.0	True		False		2	3	5	-10,9	-1,1	-10,9	-1,1					2	3	5	0	0	0
20826	20826		DEL	chr17	60227374	chr17	60228030	656.0	True		False		6	0	6	-10,649	-2,204	-650,9	-206,2					5	0	5	1	0	1
21379	21379		DEL	chr17	60245262	chr17	60245757	495.0	True		False		7	0	7	-10,464	-2,102	-494,9	-102,2					7	0	7	0	0	0
20827	20827		DEL	chr17	60308900	chr17	60309443	543.0	True		False		5	0	5	-10,449	-2,138	-469,9	-127,2					5	0	5	0	0	0
21384	21384		DEL	chr17	60629238	chr17	60630018	780.0	True		False		5	0	5	-10,528	-2,184	-605,9	-198,2					5	0	5	0	0	0
21392	21392		DEL	chr17	61095120	chr17	61095218	98.0	True		False		6	0	6	-10,47	-2,33	-69,9	-46,2					5	0	5	1	0	1
21394	21394		DEL	chr17	61186748	chr17	61187211	463.0	True		False		5	0	5	-10,432	-2,100	-426,9	-102,2					5	0	5	0	0	0
21395	21395		DEL	chr17	61302475	chr17	61303131	656.0	True		False		5	0	5	-10,413	-2,144	-512,9	-149,2					5	0	5	0	0	0
21397	21397		DEL	chr17	61373018	chr17	61373514	496.0	True		False		5	0	5	-10,293	-2,128	-488,9	-125,2					5	0	5	0	0	0
21400	21400		DEL	chr17	61964950	chr17	61965515	565.0	True		False		5	0	5	-10,387	-2,129	-553,9	-140,2					5	0	5	0	0	0
21402	21402		DEL	chr17	62030298	chr17	62031189	891.0	True		False		5	0	5	-10,606	-2,198	-604,9	-198,2					5	0	5	0	0	0
21405	21405		DEL	chr17	62165520	chr17	62165931	411.0	True		False		5	0	5	-10,195	-2,79	-203,9	-71,3					5	0	5	0	0	0
31693	31693_1	31693_2	BND	chr17	62184058	chrX	1496848		True	True	False	True	6	0	6	-10,546	-1,119	-10,151	-1,76	-10,151	-1,76	-10,546	-1,119	5	0	5	1	0	1
21410	21410		DEL	chr17	62672525	chr17	62673111	586.0	True		False		6	0	6	-10,137	-2,77	-432,9	-111,2					6	0	6	0	0	0
21415	21415		DEL	chr17	62946329	chr17	62946618	289.0	False		False		2	6	8	-10,9	0,0	-10,9	0,0					2	6	8	0	0	0
21423	21423		DEL	chr17	63541130	chr17	63541733	603.0	True		False		5	0	5	-10,420	-2,140	-271,9	-116,2					5	0	5	0	0	0
20831	20831		DEL	chr17	63618910	chr17	63619237	327.0	True		False		6	0	6	-10,134	-3,51	-226,9	-65,3					5	0	5	1	0	1
21426	21426		DEL	chr17	63632200	chr17	63632774	574.0	True		False		5	0	5	-10,507	-2,133	-398,9	-138,2					5	0	5	0	0	0
21427	21427_1	21427_2	BND	chr17	63652625	chr17	63652761		True	True	False	True	2	3	5	-5,8	-1,1	-9,9	-1,1	-9,9	-1,1	-5,8	-1,1	2	3	5	0	0	0
21450	21450		DEL	chr17	64192958	chr17	64193591	633.0	True		False		5	0	5	-10,326	-1,144	-607,9	-160,2					5	0	5	0	0	0
21434	21434		DEL	chr17	64421774	chr17	64422302	528.0	True		False		8	0	8	-10,526	-2,110	-279,9	-98,2					7	0	7	1	0	1
21458	21458		INV	chr17	64615561	chr17	64615674	113.0	True		False		3	2	5	-10,9	-1,1	-10,9	-1,1					3	2	5	0	0	0
21465	21465		DEL	chr17	65005615	chr17	65006257	642.0	True		False		5	0	5	-10,549	-2,142	-277,9	-135,2					5	0	5	0	0	0
21469	21469		DEL	chr17	65288560	chr17	65288680	120.0	True		False		5	0	5	-10,29	-2,22	-24,9	-19,2					5	0	5	0	0	0
21470	21470		DEL	chr17	65311824	chr17	65312614	790.0	True		False		5	0	5	-10,545	-2,186	-528,9	-184,2					5	0	5	0	0	0
21475	21475		DEL	chr17	65440950	chr17	65441445	495.0	True		False		6	0	6	-10,480	-2,128	-466,9	-134,2					6	0	6	0	0	0
21477	21477		DEL	chr17	65501550	chr17	65502043	493.0	True		False		6	0	6	-10,401	-2,104	-478,9	-88,2					6	0	6	0	0	0
21478	21478		DEL	chr17	65524695	chr17	65525423	728.0	True		False		7	0	7	-10,649	-2,207	-650,9	-207,2					6	0	6	1	0	1
21480	21480		DEL	chr17	65615921	chr17	65616413	492.0	True		False		7	0	7	-10,485	-2,114	-479,9	-95,3					7	0	7	0	0	0
21483	21483		DEL	chr17	65711165	chr17	65712331	1166.0	True		False		5	0	5	-10,649	-2,328	-650,9	-328,2					5	0	5	0	0	0
21486	21486		DEL	chr17	65862306	chr17	65862712	406.0	True		False		5	0	5	-10,282	-3,79	-280,9	-93,2					5	0	5	0	0	0
21488	21488		DEL	chr17	66014978	chr17	66015029	51.0	True		False		3	2	5	-10,9	-1,1	-10,9	-1,1					3	2	5	0	0	0
21498	21498		DEL	chr17	66399361	chr17	66399995	634.0	True		False		5	0	5	-10,435	-2,129	-509,9	-137,2					5	0	5	0	0	0
21502	21502		DEL	chr17	66537801	chr17	66538447	646.0	True		False		5	0	5	-10,448	-2,106	-220,9	-91,2					5	0	5	0	0	0
21514	21514		DEL	chr17	66917587	chr17	66917801	214.0	True		False		6	0	6	-10,207	-3,68	-86,9	-54,1					6	0	6	0	0	0
21518	21518		DEL	chr17	66978197	chr17	66978760	563.0	True		False		6	0	6	-10,141	-2,90	-501,9	-105,2					6	0	6	0	0	0
21529	21529		DEL	chr17	67391069	chr17	67392247	1178.0	True		False		5	0	5	-10,649	-2,328	-650,9	-328,2					5	0	5	0	0	0
21531	21531		DEL	chr17	67418199	chr17	67418947	748.0	True		False		6	0	6	-10,629	-2,157	-595,9	-150,2					5	0	5	1	0	1
21540	21540		DEL	chr17	67819379	chr17	67819959	580.0	True		False		5	0	5	-10,513	-2,148	-284,9	-119,2					5	0	5	0	0	0
21549	21549		DEL	chr17	67858825	chr17	68215899	357074.0	True		False		8	0	8	-10,419	-2,70	-59,9	-38,2					7	0	7	1	0	1
21552	21552		DEL	chr17	68251267	chr17	68251541	274.0	True		False		5	0	5	-10,231	-2,90	-170,9	-82,2					5	0	5	0	0	0
21555	21555		DEL	chr17	68381191	chr17	68381981	790.0	True		False		5	0	5	-10,523	-2,184	-573,9	-191,2					5	0	5	0	0	0
21556	21556		DEL	chr17	68515377	chr17	68515901	524.0	True		False		7	0	7	-10,364	-3,86	-242,9	-74,3					7	0	7	0	0	0
21558	21558		INV	chr17	68532297	chr17	68532533	236.0	True		False		2	3	5	-10,9	-1,1	-10,9	-1,1					2	3	5	0	0	0
21559	21559		DEL	chr17	68546195	chr17	68546535	340.0	True		False		5	0	5	-10,104	-2,61	-72,9	-40,3					5	0	5	0	0	0
21560	21560		DEL	chr17	68572627	chr17	68573321	694.0	True		False		6	0	6	-10,578	-2,192	-644,9	-210,2					6	0	6	0	0	0
21582	21582		DEL	chr17	69505316	chr17	69505593	277.0	True		False		6	0	6	-10,213	-3,55	-6,9	-5,3					5	0	5	1	0	1
21583	21583		INV	chr17	69573870	chr17	69574276	406.0	True		False		3	2	5	-10,9	-1,1	-10,9	-1,1					3	2	5	0	0	0
21584	21584		DEL	chr17	69724650	chr17	69725356	706.0	True		False		6	0	6	-10,491	-2,181	-490,9	-181,2					5	0	5	1	0	1
21586	21586		DEL	chr17	69972026	chr17	69972824	798.0	True		False		5	0	5	-10,634	-2,207	-528,9	-184,2					5	0	5	0	0	0
21589	21589		DEL	chr17	70108296	chr17	70109244	948.0	True		False		5	0	5	-10,649	-2,328	-650,9	-328,2					5	0	5	0	0	0
21590	21590		INV	chr17	70186544	chr17	70186836	292.0	True		False		3	2	5	-19,0	-19,0	-19,9	-19,0					3	2	5	0	0	0
21597	21597		DEL	chr17	70466479	chr17	70466635	156.0	True		False		5	0	5	-10,120	-2,62	-117,9	-55,2					5	0	5	0	0	0
21599	21599		DEL	chr17	70657593	chr17	70658220	627.0	True		False		5	0	5	-10,483	-2,133	-444,9	-124,2					5	0	5	0	0	0
21606	21606		DEL	chr17	71297713	chr17	71297931	218.0	True		False		7	0	7	-10,82	-2,44	-13,9	-10,3					7	0	7	0	0	0
21608	21608		DEL	chr17	71459715	chr17	71460365	650.0	True		False		5	0	5	-10,591	-2,195	-563,9	-189,2					5	0	5	0	0	0
21613	21613		DEL	chr17	71687583	chr17	71688067	484.0	True		False		5	0	5	-10,84	-2,56	-282,9	-101,2					5	0	5	0	0	0
21615	21615		DEL	chr17	71730233	chr17	71730743	510.0	True		False		6	0	6	-10,275	-2,135	-447,9	-124,2					6	0	6	0	0	0
21625	21625		DEL	chr17	72073148	chr17	72073924	776.0	True		False		5	0	5	-10,523	-2,139	-484,9	-131,2					5	0	5	0	0	0
21628	21628		DEL	chr17	72309429	chr17	72309706	277.0	True		False		5	0	5	-10,188	-3,82	-171,9	-74,2					5	0	5	0	0	0
21630	21630		DEL	chr17	72411922	chr17	72412373	451.0	True		False		5	0	5	-10,432	-2,103	-403,9	-110,2					5	0	5	0	0	0
21631	21631		DEL	chr17	72425739	chr17	72426304	565.0	True		False		5	0	5	-10,552	-2,136	-507,9	-144,2					5	0	5	0	0	0
21632	21632		DEL	chr17	72464696	chr17	72465539	843.0	True		False		5	0	5	-10,649	-2,328	-650,9	-328,2					5	0	5	0	0	0
21636	21636		DEL	chr17	72554972	chr17	72555640	668.0	True		False		5	0	5	-10,616	-2,161	-445,9	-144,2					5	0	5	0	0	0
21637	21637		DEL	chr17	72573097	chr17	72573873	776.0	True		False		6	0	6	-10,494	-2,181	-570,9	-190,2					6	0	6	0	0	0
21638	21638		DEL	chr17	72696446	chr17	72697439	993.0	True		False		5	0	5	-10,649	-2,328	-650,9	-328,2					5	0	5	0	0	0
21641	21641		DEL	chr17	72809669	chr17	72810466	797.0	True		False		5	0	5	-10,615	-2,201	-572,9	-190,2					5	0	5	0	0	0
21642	21642		DEL	chr17	72835950	chr17	72836102	152.0	True		False		5	0	5	-10,150	-3,62	-32,9	-24,2					5	0	5	0	0	0
21653	21653		DEL	chr17	73153774	chr17	73154030	256.0	True		False		6	0	6	-2,0	-2,0	-177,9	-52,3					5	0	5	1	0	1
21657	21657		DEL	chr17	73246862	chr17	73247016	154.0	True		False		5	0	5	-10,125	-2,73	-83,9	-35,3					5	0	5	0	0	0
21658	21658		DEL	chr17	73269495	chr17	73269694	199.0	True		False		6	0	6	-10,102	-3,48	-121,9	-48,3					5	0	5	1	0	1
21663	21663		DEL	chr17	73574848	chr17	73575244	396.0	True		False		5	0	5	-10,183	-3,62	-143,9	-70,2					5	0	5	0	0	0
21666	21666		DEL	chr17	73650170	chr17	73650564	394.0	True		False		5	0	5	-10,243	-3,80	-47,9	-33,2					5	0	5	0	0	0
21670	21670		DEL	chr17	73841523	chr17	73842067	544.0	True		False		6	0	6	-10,349	-2,126	-543,9	-141,2					5	0	5	1	0	1
21671	21671		DEL	chr17	73850401	chr17	73850897	496.0	True		False		6	0	6	-10,433	-2,145	-369,9	-125,2					6	0	6	0	0	0
21672	21672_1	21672_2	BND	chr17	73966634	chr17	73966855		True	True	False	True	2	3	5	-7,9	-1,3	-9,6	-2,2	-9,6	-2,2	-7,9	-1,3	2	3	5	0	0	0
21677	21677		DEL	chr17	74125135	chr17	74125688	553.0	True		False		5	0	5	-10,551	-2,188	-552,9	-187,2					5	0	5	0	0	0
21680	21680		DEL	chr17	74142630	chr17	74143293	663.0	True		False		5	0	5	-10,261	-2,117	-465,9	-130,2					5	0	5	0	0	0
21687	21687		DEL	chr17	74452092	chr17	74452690	598.0	True		False		5	0	5	-10,568	-2,147	-417,9	-134,2					5	0	5	0	0	0
21690	21690		DEL	chr17	74525290	chr17	74525941	651.0	True		False		7	0	7	-10,421	-2,143	-522,9	-148,2					7	0	7	0	0	0
21696	21696		DEL	chr17	74663869	chr17	74664358	489.0	True		False		7	0	7	-10,229	-2,94	-366,9	-92,3					7	0	7	0	0	0
21700	21700		DEL	chr17	74857456	chr17	74857916	460.0	True		False		5	0	5	-10,82	-2,57	-459,9	-137,2					5	0	5	0	0	0
21703	21703		DEL	chr17	74984739	chr17	74985477	738.0	True		False		5	0	5	-10,558	-2,142	-571,9	-149,2					5	0	5	0	0	0
21704	21704		DEL	chr17	75015021	chr17	75015665	644.0	True		False		5	0	5	-10,428	-2,126	-626,9	-165,1					5	0	5	0	0	0
21740	21740_1	21740_2	BND	chr17	75253746	chr17	76610535		True	True	False	True	7	0	7	-10,611	-2,101	-10,432	-2,68	-10,432	-2,68	-10,611	-2,101	6	0	6	1	0	1
21707	21707		DEL	chr17	75268390	chr17	75268978	588.0	True		False		6	0	6	-10,513	-2,110	-359,9	-108,2					6	0	6	0	0	0
21709	21709		INV	chr17	75378829	chr17	75379110	281.0	True		False		1	4	5	-10,9	-1,1	-10,9	-1,1					1	4	5	0	0	0
21723	21723		DEL	chr17	75931252	chr17	75932046	794.0	True		False		5	0	5	-10,641	-1,170	-596,9	-159,2					5	0	5	0	0	0
21732	21732		DEL	chr17	76391139	chr17	76391189	50.0	True		False		5	0	5	-10,37	-2,26	-1,1	-1,1					5	0	5	0	0	0
21736	21736		DEL	chr17	76447366	chr17	76448198	832.0	True		False		6	0	6	-10,701	-2,352	-702,9	-352,2					5	0	5	1	0	1
21738	21738		DEL	chr17	76458502	chr17	76459143	641.0	True		False		5	0	5	-10,627	-2,204	-593,9	-195,2					5	0	5	0	0	0
21747	21747		DEL	chr17	76862417	chr17	76862947	530.0	True		False		6	0	6	-10,199	-2,93	-507,9	-104,2					6	0	6	0	0	0
21750	21750		DEL	chr17	77031371	chr17	77032074	703.0	True		False		5	0	5	-10,552	-2,187	-468,9	-180,2					5	0	5	0	0	0
21752	21752		DEL	chr17	77153921	chr17	77154572	651.0	True		False		5	0	5	-10,621	-2,203	-610,9	-199,2					5	0	5	0	0	0
21755	21755		DEL	chr17	77215816	chr17	77216198	382.0	True		False		10	0	10	-10,335	-2,61	-222,9	-33,3					10	0	10	0	0	0
21767	21767		DEL	chr17	77851450	chr17	77852140	690.0	True		False		5	0	5	-10,571	-2,190	-535,9	-185,2					5	0	5	0	0	0
21768	21768		DEL	chr17	77903229	chr17	77903521	292.0	True		False		6	0	6	-10,290	-3,61	-192,9	-56,3					6	0	6	0	0	0
21774	21774		DEL	chr17	78067458	chr17	78068024	566.0	True		False		6	0	6	-10,523	-2,144	-255,9	-130,2					6	0	6	0	0	0
21779	21779		DEL	chr17	78197615	chr17	78197900	285.0	True		False		5	1	6	-10,9	-3,3	-10,9	-3,3					4	1	5	1	0	1
21782	21782		DEL	chr17	78384642	chr17	78385401	759.0	True		False		5	0	5	-10,581	-2,192	-608,9	-199,2					5	0	5	0	0	0
21785	21785		DEL	chr17	78509047	chr17	78509230	183.0	False		False		2	5	7	-10,9	0,0	-7,6	0,0					1	5	6	1	0	1
21786	21786		DEL	chr17	78548984	chr17	78549561	577.0	True		False		5	0	5	-10,516	-2,135	-576,9	-150,2					5	0	5	0	0	0
21787	21787		DEL	chr17	78563395	chr17	78563596	201.0	True		False		8	0	8	-10,25	-2,20	-199,9	-74,3					8	0	8	0	0	0
21793	21793		DEL	chr17	79345991	chr17	79346217	226.0	True		False		6	0	6	-10,201	-3,61	-176,9	-54,3					5	0	5	1	0	1
21444	21444		DEL	chr17	79527529	chr17	79528050	521.0	True		False		9	0	9	-10,341	-2,72	-384,9	-77,2					9	0	9	0	0	0
21799	21799		DEL	chr17	79657555	chr17	79658278	723.0	True		False		5	0	5	-10,625	-1,166	-499,9	-144,2					5	0	5	0	0	0
21801	21801		DEL	chr17	79852604	chr17	79853043	439.0	True		False		6	0	6	-10,308	-3,83	-77,9	-46,2					5	0	5	1	0	1
21802	21802		DEL	chr17	79879330	chr17	79879433	103.0	True		False		5	0	5	-10,60	-3,34	-101,9	-54,2					5	0	5	0	0	0
31653	31653_1	31653_2	BND	chr17	80026416	chr19	56813192		True	True	False	True	1	4	5	-8,7	0,1	-10,8	-1,0	-10,8	-1,0	-8,7	0,1	1	4	5	0	0	0
21808	21808		DEL	chr17	80102595	chr17	80103168	573.0	True		False		5	0	5	-10,465	-2,147	-488,9	-130,2					5	0	5	0	0	0
21819	21819		DEL	chr17	80743770	chr17	80744844	1074.0	True		False		6	0	6	-10,554	-1,126	-446,9	-128,2					5	0	5	1	0	1
21822	21822		DEL	chr17	81026253	chr17	81026814	561.0	True		False		5	0	5	-10,471	-2,133	-478,9	-130,2					5	0	5	0	0	0
31688	31688_1	31688_2	BND	chr17	81207918	chr21	43959340		True	True	False	True	13	0	13	-537,9	-72,2	-649,9	-94,1	-649,9	-94,1	-537,9	-72,2	12	0	12	1	0	1
21830	21830		DEL	chr17	81502436	chr17	81502660	224.0	True		False		5	0	5	-10,136	-2,76	-200,9	-85,2					5	0	5	0	0	0
21844	21844		DEL	chr17	82421283	chr17	82422078	795.0	True		False		5	0	5	-10,646	-2,210	-519,9	-183,2					5	0	5	0	0	0
21850	21850		DEL	chr17	83025258	chr17	83025660	402.0	True		False		6	0	6	-10,324	-3,62	-401,9	-76,2					6	0	6	0	0	0
31889	31889_1	31889_2	BND	chr18	106838	chrY	56837199		True	True	False	True	7	0	7	-506,8	-112,1	-10,448	0,95	-10,448	0,95	-506,8	-112,1	6	0	6	1	0	1
21857	21857		DEL	chr18	373632	chr18	373853	221.0	True		False		5	0	5	-10,137	-2,72	-208,9	-62,3					5	0	5	0	0	0
21862	21862		DEL	chr18	685478	chr18	686175	697.0	True		False		5	0	5	-10,548	-2,187	-544,9	-186,2					5	0	5	0	0	0
21869	21869_1	21869_2	BND	chr18	1353961	chr18	1354094		True	True	False	True	2	3	5	-10,9	-1,0	-10,9	-1,0	-10,9	-1,0	-10,9	-1,0	2	3	5	0	0	0
21871	21871		DEL	chr18	1435828	chr18	1436368	540.0	True		False		5	0	5	-10,440	-2,124	-424,9	-124,2					5	0	5	0	0	0
21875	21875_1	21875_2	BND	chr18	1817290	chr18	1817450		True	True	False	True	2	3	5	-10,9	-1,1	-8,9	-1,1	-8,9	-1,1	-10,9	-1,1	2	3	5	0	0	0
21877	21877		DEL	chr18	2158626	chr18	2158807	181.0	True		False		5	0	5	-10,5	-3,5	-180,9	-72,3					5	0	5	0	0	0
21884	21884		DEL	chr18	3016164	chr18	3016166	2.0	True		False		1	7	8	-4,0	0,1	0,4	0,0					1	6	7	0	1	1
21885	21885		DEL	chr18	3058577	chr18	3059214	637.0	True		False		5	0	5	-10,442	-2,138	-597,9	-154,2					5	0	5	0	0	0
21898	21898		DEL	chr18	3904025	chr18	3904271	246.0	True		False		5	0	5	-10,88	-3,45	-54,9	-38,2					5	0	5	0	0	0
21905	21905		DEL	chr18	4156186	chr18	4156711	525.0	True		False		6	0	6	-10,451	-2,137	-524,9	-131,2					5	0	5	1	0	1
21906	21906		DEL	chr18	4294754	chr18	4295027	273.0	True		False		5	0	5	-10,219	-3,64	-190,9	-72,2					5	0	5	0	0	0
21910	21910		INV	chr18	4607665	chr18	4607927	262.0	True		False		4	2	6	-186,81	-127,81	-9,9	-9,1					4	2	6	0	0	0
21912	21912		DEL	chr18	4705426	chr18	4705865	439.0	True		False		6	0	6	-10,43	-2,31	-383,9	-83,2					5	0	5	1	0	1
21921	21921		DEL	chr18	5545215	chr18	5545934	719.0	True		False		6	0	6	-10,510	-2,120	-587,9	-149,2					5	0	5	1	0	1
21926	21926		DEL	chr18	5975553	chr18	5976056	503.0	True		False		5	0	5	-10,380	-2,107	-244,9	-93,2					5	0	5	0	0	0
21929	21929		DEL	chr18	6017176	chr18	6017795	619.0	True		False		6	0	6	-10,617	-2,205	-595,9	-195,2					6	0	6	0	0	0
21932	21932		DEL	chr18	6113283	chr18	6113987	704.0	True		False		5	0	5	-10,510	-2,183	-550,9	-187,2					5	0	5	0	0	0
21939	21939		DEL	chr18	6669499	chr18	6670294	795.0	True		False		5	0	5	-10,562	-2,189	-649,9	-211,1					5	0	5	0	0	0
21946	21946		DEL	chr18	7031787	chr18	7032427	640.0	True		False		5	0	5	-10,534	-2,131	-462,9	-129,2					5	0	5	0	0	0
21954	21954		DEL	chr18	7562067	chr18	7562655	588.0	True		False		5	0	5	-10,525	-2,148	-275,9	-126,2					5	0	5	0	0	0
21963	21963		DEL	chr18	8261331	chr18	8262237	906.0	True		False		6	0	6	-10,510	-3,172	-359,9	-161,3					5	0	5	1	0	1
21982	21982		DEL	chr18	10188767	chr18	10189630	863.0	True		False		6	0	6	-10,627	-2,204	-565,9	-189,2					6	0	6	0	0	0
22007	22007_1	22007_2	BND	chr18	10605048	chr18	12230126		True	True	False	True	6	0	6	-34,9	-24,2	-136,9	-45,3	-136,9	-45,3	-34,9	-24,2	6	0	6	0	0	0
22002	22002		DEL	chr18	12045552	chr18	12045942	390.0	True		False		5	0	5	-10,259	-2,97	-329,9	-106,2					5	0	5	0	0	0
22008	22008		DEL	chr18	12288496	chr18	12288987	491.0	True		False		5	0	5	-10,428	-2,125	-329,9	-138,2					5	0	5	0	0	0
22011	22011		DEL	chr18	12459330	chr18	12460073	743.0	True		False		5	0	5	-10,626	-2,204	-492,9	-181,2					5	0	5	0	0	0
22014	22014		DEL	chr18	12730721	chr18	12731072	351.0	True		False		5	0	5	-10,241	-3,78	-195,9	-67,3					5	0	5	0	0	0
22025	22025		DEL	chr18	13442816	chr18	13443186	370.0	True		False		5	0	5	-10,328	-3,117	-329,9	-124,2					5	0	5	0	0	0
31867	31867_1	31867_2	BND	chr18	14175160	chr21	13984133		True	True	False	True	10	0	10	-10,334	-3,56	-10,288	-3,52	-10,288	-3,52	-10,334	-3,56	9	0	9	1	0	1
31866	31866_1	31866_2	BND	chr18	14186525	chr21	13972826		True	True	False	True	5	0	5	-10,547	-2,108	-10,485	-2,99	-10,485	-2,99	-10,547	-2,108	5	0	5	0	0	0
31865	31865_1	31865_2	BND	chr18	14823362	chr21	13413235		True	True	False	True	6	0	6	-416,9	-79,2	-595,9	-102,2	-595,9	-102,2	-416,9	-79,2	5	0	5	1	0	1
22040	22040		DEL	chr18	15473005	chr18	15699536	226531.0	True		False		7	0	7	-10,482	-2,107	-499,9	-97,2					6	0	6	1	0	1
22037	22037		DUP	chr18	15526860	chr18	15684790	157930.0	True		False		6	0	6	-560,9	-110,2	-10,533	-2,92					5	0	5	1	0	1
22038	22038		DEL	chr18	15656786	chr18	15684546	27760.0	True		False		9	0	9	-10,357	-2,57	-400,9	-72,2					9	0	9	0	0	0
22042	22042		DEL	chr18	15704986	chr18	15706716	1730.0	True		False		8	0	8	-10,440	-1,96	-610,9	-95,2					7	0	7	1	0	1
22044	22044		DUP	chr18	15730122	chr18	15755198	25076.0	True		False		11	0	11	-357,9	-63,2	-10,327	-1,64					10	0	10	1	0	1
22059	22059		DEL	chr18	20964797	chr18	20965088	291.0	True		False		5	0	5	-10,286	-3,77	-224,9	-64,3					5	0	5	0	0	0
22066	22066		DEL	chr18	21664667	chr18	21665250	583.0	True		False		5	0	5	-10,501	-2,127	-384,9	-133,2					5	0	5	0	0	0
31879	31879_1	31879_2	BND	chr18	21680881	chrX	143886149		False	False	False	True	1	4	5	-8,8	0,0	-9,6	0,0	-9,6	0,0	-8,8	0,0	1	4	5	0	0	0
22067	22067		DEL	chr18	22197131	chr18	22197692	561.0	True		False		5	0	5	-10,471	-2,146	-448,9	-130,2					5	0	5	0	0	0
22075	22075		DEL	chr18	22894897	chr18	22895517	620.0	True		False		7	0	7	-10,578	-1,157	-442,9	-136,2					7	0	7	0	0	0
22076	22076		DEL	chr18	22906155	chr18	22906820	665.0	True		False		5	0	5	-10,289	-2,138	-419,9	-129,2					5	0	5	0	0	0
22082	22082		DEL	chr18	23162681	chr18	23162838	157.0	True		False		5	0	5	-10,151	-3,67	-28,9	-21,2					5	0	5	0	0	0
22083	22083		DEL	chr18	23231470	chr18	23232124	654.0	True		False		7	0	7	-10,567	-2,144	-232,9	-130,2					6	0	6	1	0	1
22086	22086		DEL	chr18	23463051	chr18	23463386	335.0	True		False		5	0	5	-10,168	-3,62	-331,9	-79,3					5	0	5	0	0	0
22087	22087		INV	chr18	23487723	chr18	23487956	233.0	True		False		3	2	5	-15,0	-15,0	-6,44	0,35					3	2	5	0	0	0
22088	22088		DEL	chr18	23555154	chr18	23556361	1207.0	True		False		5	0	5	-10,649	-2,328	-650,9	-328,2					5	0	5	0	0	0
31876	31876_1	31876_2	BND	chr18	23744601	chrX	108007183		False	False	False	True	1	4	5	-8,8	0,0	-9,6	0,0	-9,6	0,0	-8,8	0,0	1	4	5	0	0	0
22095	22095		DEL	chr18	24469683	chr18	24470220	537.0	True		False		8	0	8	-10,266	-2,85	-369,9	-68,3					7	0	7	1	0	1
22096	22096		DEL	chr18	24491823	chr18	24492533	710.0	True		False		5	0	5	-10,644	-2,210	-550,9	-187,2					5	0	5	0	0	0
22101	22101		DEL	chr18	24884057	chr18	24884886	829.0	True		False		5	0	5	-10,588	-2,146	-445,9	-129,2					5	0	5	0	0	0
22102	22102		DEL	chr18	24948631	chr18	24949111	480.0	True		False		5	0	5	-10,377	-2,109	-270,9	-100,2					5	0	5	0	0	0
31857	31857_1	31857_2	BND	chr18	25179146	chr19	3145623		True	True	False	True	5	0	5	-8,594	0,138	-432,9	-83,2	-432,9	-83,2	-8,594	0,138	5	0	5	0	0	0
22105	22105		DEL	chr18	25370379	chr18	25370965	586.0	True		False		5	0	5	-10,346	-2,133	-477,9	-124,2					5	0	5	0	0	0
22111	22111		DEL	chr18	25735329	chr18	25735850	521.0	True		False		5	0	5	-10,252	-2,124	-462,9	-134,2					5	0	5	0	0	0
22114	22114		DEL	chr18	26063202	chr18	26063502	300.0	True		False		6	0	6	-10,166	-3,55	-161,9	-58,3					5	0	5	1	0	1
22132	22132		DEL	chr18	27792827	chr18	27793355	528.0	True		False		5	0	5	-10,275	-2,118	-467,9	-127,2					5	0	5	0	0	0
22142	22142		DEL	chr18	29398474	chr18	29398893	419.0	True		False		5	0	5	-10,417	-2,132	-341,9	-122,2					5	0	5	0	0	0
22143	22143		DEL	chr18	29521963	chr18	29522528	565.0	True		False		5	0	5	-10,336	-2,140	-440,9	-124,2					5	0	5	0	0	0
22151	22151_1	22151_2	BND	chr18	30785360	chr18	30785648		True	True	False	True	2	3	5	-9,7	-1,2	-9,9	-1,2	-9,9	-1,2	-9,7	-1,2	2	3	5	0	0	0
22153	22153		DEL	chr18	31037766	chr18	31037999	233.0	True		False		5	0	5	-10,200	-3,79	-97,9	-62,2					5	0	5	0	0	0
22156	22156		DEL	chr18	31598645	chr18	31599633	988.0	True		False		6	0	6	-10,547	-2,186	-643,9	-209,2					6	0	6	0	0	0
22159	22159		DEL	chr18	31824160	chr18	31824788	628.0	True		False		5	0	5	-10,588	-2,158	-627,9	-168,1					5	0	5	0	0	0
22162	22162		DEL	chr18	31961932	chr18	31962544	612.0	True		False		5	0	5	-10,472	-2,138	-93,9	-64,2					5	0	5	0	0	0
22185	22185		DEL	chr18	32162812	chr18	32163390	578.0	True		False		5	0	5	-10,576	-2,155	-518,9	-133,2					5	0	5	0	0	0
22189	22189		DEL	chr18	32369753	chr18	32370057	304.0	True		False		6	0	6	-10,281	-3,90	-73,9	-46,2					5	0	5	1	0	1
22197	22197		DEL	chr18	33125307	chr18	33126517	1210.0	True		False		5	0	5	-10,649	-2,328	-650,9	-328,2					5	0	5	0	0	0
22210	22210		DEL	chr18	35410248	chr18	35410738	490.0	True		False		6	0	6	-10,276	-2,105	-394,9	-110,2					6	0	6	0	0	0
22215	22215		DEL	chr18	36223636	chr18	36224048	412.0	True		False		5	0	5	-10,402	-3,83	-401,9	-87,2					5	0	5	0	0	0
22223	22223		DEL	chr18	36784792	chr18	36785487	695.0	True		False		5	0	5	-10,477	-2,134	-536,9	-137,2					5	0	5	0	0	0
22229	22229		DEL	chr18	37235212	chr18	37235962	750.0	True		False		8	0	8	-10,548	-2,178	-633,9	-202,2					7	0	7	1	0	1
22232	22232		DEL	chr18	37277200	chr18	37277957	757.0	True		False		5	0	5	-10,649	-1,211	-452,9	-179,2					5	0	5	0	0	0
22236	22236		DEL	chr18	37569011	chr18	37569334	323.0	True		False		5	0	5	-10,96	-3,51	-261,9	-68,3					5	0	5	0	0	0
22238	22238		DEL	chr18	37674796	chr18	37675383	587.0	True		False		5	0	5	-10,402	-2,127	-331,9	-124,2					5	0	5	0	0	0
22241	22241		DEL	chr18	37798498	chr18	37799509	1011.0	True		False		5	0	5	-10,649	-2,328	-650,9	-328,2					5	0	5	0	0	0
22244	22244		DEL	chr18	38134915	chr18	38135531	616.0	True		False		6	0	6	-10,295	-2,91	-431,9	-108,2					6	0	6	0	0	0
22245	22245		DEL	chr18	38294293	chr18	38294840	547.0	True		False		6	0	6	-10,371	-2,128	-494,9	-137,2					6	0	6	0	0	0
22248	22248		DEL	chr18	38863580	chr18	38864194	614.0	True		False		6	0	6	-10,517	-2,146	-438,9	-134,2					5	0	5	1	0	1
22253	22253		DEL	chr18	39687057	chr18	39687567	510.0	True		False		5	0	5	-10,488	-2,126	-271,9	-128,2					5	0	5	0	0	0
22262	22262		DEL	chr18	40838653	chr18	40838802	149.0	True		False		5	0	5	-10,80	-3,38	-18,9	-14,2					5	0	5	0	0	0
22267	22267_1	22267_2	BND	chr18	41191749	chr18	41191875		True	True	False	True	2	3	5	-10,9	-1,1	-10,9	-1,1	-10,9	-1,1	-10,9	-1,1	2	3	5	0	0	0
22269	22269		DEL	chr18	41444635	chr18	41445249	614.0	True		False		6	0	6	-10,612	-2,207	-609,9	-199,2					6	0	6	0	0	0
22170	22170		DEL	chr18	41582018	chr18	41583054	1036.0	True		False		5	0	5	-10,275	-2,157	-286,9	-159,2					5	0	5	0	0	0
22281	22281		DEL	chr18	44018630	chr18	44018807	177.0	True		False		5	0	5	-10,112	-2,61	-64,9	-34,3					5	0	5	0	0	0
22282	22282		DEL	chr18	44041676	chr18	44042307	631.0	True		False		5	0	5	-10,531	-2,184	-563,9	-189,2					5	0	5	0	0	0
22295	22295		DEL	chr18	45987878	chr18	45988173	295.0	True		False		7	0	7	-10,99	-2,61	-117,9	-52,3					6	0	6	1	0	1
22302	22302		DEL	chr18	46714778	chr18	46715127	349.0	True		False		5	0	5	-10,172	-2,83	-149,9	-76,2					5	0	5	0	0	0
22312	22312		DEL	chr18	47326686	chr18	47327343	657.0	True		False		5	0	5	-10,517	-2,183	-592,9	-195,2					5	0	5	0	0	0
22314	22314		DEL	chr18	47424735	chr18	47425445	710.0	True		False		6	0	6	-10,626	-2,204	-557,9	-188,2					6	0	6	0	0	0
22174	22174		DEL	chr18	47562513	chr18	47562783	270.0	True		False		5	0	5	-10,63	-2,43	-256,9	-67,3					5	0	5	0	0	0
22318	22318		DEL	chr18	47978721	chr18	47980026	1305.0	True		False		5	0	5	-10,649	-2,328	-650,9	-328,2					5	0	5	0	0	0
22325	22325		DEL	chr18	48769162	chr18	48769221	59.0	True		False		4	1	5	-10,9	-3,3	-10,9	-3,3					4	1	5	0	0	0
22341	22341		DEL	chr18	50288892	chr18	50289338	446.0	True		False		5	0	5	-10,327	-3,117	-327,9	-135,2					5	0	5	0	0	0
22342	22342_1	22342_2	BND	chr18	50314415	chr18	50314705		True	True	False	True	2	3	5	-10,9	-1,1	-10,2	-3,0	-10,2	-3,0	-10,9	-1,1	2	3	5	0	0	0
31858	31858_1	31858_2	BND	chr18	52927124	chr19	9701779		True	True	False	True	6	0	6	-10,402	-2,79	-10,550	-1,117	-10,550	-1,117	-10,402	-2,79	5	0	5	1	0	1
31868	31868_1	31868_2	BND	chr18	54064404	chr21	45664146		True	True	False	True	9	0	9	-422,9	-87,2	-10,371	-2,71	-10,371	-2,71	-422,9	-87,2	8	0	8	1	0	1
22424	22424		DEL	chr18	58492339	chr18	58492465	126.0	True		False		5	0	5	-10,116	-2,63	-1,1	-1,1					5	0	5	0	0	0
22426	22426		DUP	chr18	58550283	chr18	58550536	253.0	True		False		9	1	10	-10,9	-3,1	-10,9	-3,3					9	1	10	0	0	0
22432	22432		DEL	chr18	59400423	chr18	59401308	885.0	True		False		5	0	5	-10,502	-2,182	-619,9	-202,2					5	0	5	0	0	0
31861	31861_1	31861_2	BND	chr18	61185460	chr20	40805993		True	True	False	True	1	4	5	-10,5	-1,0	-9,6	0,0	-9,6	0,0	-10,5	-1,0	1	4	5	0	0	0
22464	22464		DEL	chr18	62556209	chr18	62557327	1118.0	True		False		7	0	7	-10,649	-2,328	-650,9	-328,2					7	0	7	0	0	0
22471	22471		DEL	chr18	63420846	chr18	63421213	367.0	True		False		5	0	5	-10,322	-3,79	-217,9	-78,2					5	0	5	0	0	0
22474	22474		DEL	chr18	63524604	chr18	63525233	629.0	True		False		5	0	5	-10,44	-2,35	-583,9	-148,2					5	0	5	0	0	0
22479	22479		DEL	chr18	63801443	chr18	63802095	652.0	True		False		5	0	5	-10,590	-2,194	-619,9	-202,2					5	0	5	0	0	0
22488	22488		DEL	chr18	64178392	chr18	64178740	348.0	True		False		5	0	5	-10,157	-3,62	-338,9	-81,3					5	0	5	0	0	0
22489	22489		DEL	chr18	64234995	chr18	64235570	575.0	True		False		8	0	8	-10,468	-2,103	-387,9	-123,2					7	0	7	1	0	1
22491	22491		DEL	chr18	64669420	chr18	64669615	195.0	True		False		5	0	5	-10,146	-2,70	-54,9	-35,2					5	0	5	0	0	0
22507	22507_1	22507_2	BND	chr18	65887739	chr18	65887835		True	True	False	True	2	3	5	-9,0	-9,0	-10,9	-1,1	-10,9	-1,1	-9,0	-9,0	2	3	5	0	0	0
22512	22512		DEL	chr18	67359038	chr18	67359272	234.0	True		False		5	0	5	-10,223	-2,140	-108,9	-78,2					5	0	5	0	0	0
22483	22483		DEL	chr18	68566449	chr18	68567265	816.0	True		False		6	0	6	-10,599	-2,191	-552,9	-179,2					5	0	5	1	0	1
31872	31872_1	31872_2	BND	chr18	68817194	chrX	11713308		True	True	False	True	5	0	5	-10,538	-1,110	-7,592	0,138	-7,592	0,138	-10,538	-1,110	5	0	5	0	0	0
22539	22539_1	22539_2	BND	chr18	71045048	chr18	71045267		False	False	False	True	2	4	6	-10,9	0,0	-9,5	0,0	-9,5	0,0	-10,9	0,0	2	4	6	0	0	0
22484	22484		DEL	chr18	71253622	chr18	71254370	748.0	True		False		8	0	8	-10,478	-2,133	-491,9	-136,2					7	0	7	1	0	1
22544	22544		DEL	chr18	71777733	chr18	71778245	512.0	True		False		5	0	5	-10,378	-2,123	-366,9	-145,2					5	0	5	0	0	0
22560	22560		INV	chr18	73837774	chr18	73837999	225.0	True		False		2	3	5	-10,2	-2,1	0,2	0,2					2	3	5	0	0	0
22561	22561		DEL	chr18	73951219	chr18	73951771	552.0	True		False		5	0	5	-10,425	-2,103	-269,9	-95,2					5	0	5	0	0	0
22567	22567		INV	chr18	74603483	chr18	74603612	129.0	True		False		2	3	5	-5,0	-5,0	-4,9	-1,3					2	3	5	0	0	0
22573	22573		DEL	chr18	75225160	chr18	75225815	655.0	True		False		6	0	6	-10,535	-2,129	-513,9	-157,1					5	0	5	1	0	1
22579	22579		DEL	chr18	75529241	chr18	75529650	409.0	True		False		5	0	5	-10,197	-2,87	-226,9	-86,3					5	0	5	0	0	0
22588	22588		DEL	chr18	76073514	chr18	76074158	644.0	True		False		6	0	6	-10,640	-2,209	-601,9	-197,2					6	0	6	0	0	0
22596	22596		DEL	chr18	76804374	chr18	76804991	617.0	True		False		5	0	5	-10,598	-2,157	-529,9	-149,2					5	0	5	0	0	0
22597	22597		DEL	chr18	76832160	chr18	76832711	551.0	True		False		5	0	5	-10,220	-2,120	-500,9	-135,2					5	0	5	0	0	0
22610	22610		DEL	chr18	78153939	chr18	78154554	615.0	True		False		5	0	5	-10,613	-1,165	-614,9	-169,1					5	0	5	0	0	0
22617	22617		DEL	chr18	78317126	chr18	78318140	1014.0	True		False		5	0	5	-10,649	-2,328	-650,9	-328,2					5	0	5	0	0	0
22623	22623		INV	chr18	78597092	chr18	78597168	76.0	True		False		3	2	5	-10,1	-1,1	-10,9	-1,1					3	2	5	0	0	0
22626	22626		DEL	chr18	78817290	chr18	78818142	852.0	True		False		5	0	5	-10,625	-1,166	-532,9	-132,2					5	0	5	0	0	0
22633	22633		DEL	chr18	79139191	chr18	79139610	419.0	True		False		5	0	5	-10,208	-2,108	-418,9	-124,2					5	0	5	0	0	0
22635	22635		DEL	chr18	79517542	chr18	79517786	244.0	True		False		5	0	5	-10,195	-3,71	-25,9	-19,2					5	0	5	0	0	0
22637	22637		DEL	chr18	79585414	chr18	79585662	248.0	True		False		4	1	5	-10,9	-3,3	-10,9	-3,3					4	1	5	0	0	0
22641	22641		DEL	chr18	79702271	chr18	79702818	547.0	True		False		6	0	6	-10,391	-2,126	-309,9	-128,2					5	0	5	1	0	1
22643	22643		DEL	chr18	79832509	chr18	79832683	174.0	True		False		3	2	5	-10,9	-1,1	-10,9	-1,1					3	2	5	0	0	0
22659	22659		DUP	chr19	1142017	chr19	1142273	256.0	True		False		6	0	6	-567,9	-115,1	-10,513	-1,101					5	0	5	1	0	1
22678	22678		DEL	chr19	4885474	chr19	4885841	367.0	True		False		6	0	6	-10,244	-2,84	-192,9	-54,3					5	0	5	1	0	1
22687	22687		DEL	chr19	6965285	chr19	6966256	971.0	True		False		5	0	5	-10,649	-2,328	-650,9	-328,2					5	0	5	0	0	0
22716	22716		DEL	chr19	12321889	chr19	12322088	199.0	True		False		5	0	5	-10,156	-3,60	-193,9	-65,3					5	0	5	0	0	0
22724	22724		DEL	chr19	13206077	chr19	13206347	270.0	True		False		5	0	5	-10,29	-2,23	-219,9	-69,3					5	0	5	0	0	0
22736	22736		DEL	chr19	15353727	chr19	15354056	329.0	True		False		5	0	5	-10,120	-2,71	-207,9	-90,2					5	0	5	0	0	0
22739	22739		DEL	chr19	15759015	chr19	15759691	676.0	True		False		5	0	5	-10,578	-2,146	-593,9	-155,2					5	0	5	0	0	0
22750	22750		DEL	chr19	17034682	chr19	17035516	834.0	True		False		5	0	5	-10,539	-2,185	-547,9	-186,2					5	0	5	0	0	0
22776	22776		DEL	chr19	21201217	chr19	21201907	690.0	True		False		5	0	5	-10,645	-2,210	-645,9	-210,2					5	0	5	0	0	0
22800	22800		DEL	chr19	24060747	chr19	24061342	595.0	True		False		5	0	5	-10,328	-2,110	-207,9	-99,2					5	0	5	0	0	0
22801	22801		INV	chr19	24349525	chr19	24349787	262.0	True		False		3	2	5	-5,8	-1,6	-10,9	-3,3					3	2	5	0	0	0
22808	22808		DUP	chr19	24905374	chr19	24905807	433.0	True		False		7	0	7	-565,9	-95,1	-10,451	-2,76					6	0	6	1	0	1
22820	22820		DEL	chr19	27905834	chr19	27906212	378.0	True		False		5	0	5	-10,101	-3,46	-377,9	-72,3					5	0	5	0	0	0
22824	22824		DEL	chr19	28282270	chr19	28282465	195.0	True		False		5	2	7	-10,9	-1,1	-10,9	-1,1					4	2	6	1	0	1
31973	31973_1	31973_2	BND	chr19	28614107	chrX	49140618		True	True	False	True	10	0	10	-199,9	-73,2	-496,9	-110,0	-496,9	-110,0	-199,9	-73,2	10	0	10	0	0	0
22826	22826		DEL	chr19	29124063	chr19	29125163	1100.0	True		False		5	0	5	-10,566	-2,189	-640,9	-208,2					5	0	5	0	0	0
22830	22830		DEL	chr19	29865283	chr19	29866166	883.0	True		False		6	0	6	-10,701	-2,352	-702,9	-352,2					5	0	5	1	0	1
22836	22836		DEL	chr19	30792812	chr19	30792977	165.0	True		False		5	0	5	-10,48	-2,33	-158,9	-65,3					5	0	5	0	0	0
22838	22838		DEL	chr19	31727026	chr19	31727675	649.0	True		False		5	0	5	-10,403	-2,131	-334,9	-126,2					5	0	5	0	0	0
22854	22854		DEL	chr19	33278151	chr19	33278551	400.0	True		False		5	0	5	-10,274	-2,95	-117,9	-71,2					5	0	5	0	0	0
22867	22867		DEL	chr19	34455915	chr19	34456364	449.0	True		False		5	0	5	-10,431	-3,95	-104,9	-66,2					5	0	5	0	0	0
22870	22870		DEL	chr19	34959680	chr19	34960538	858.0	True		False		5	0	5	-10,551	-2,187	-599,9	-196,2					5	0	5	0	0	0
22871	22871		DEL	chr19	34980104	chr19	34980699	595.0	True		False		5	0	5	-10,401	-2,126	-499,9	-133,2					5	0	5	0	0	0
22877	22877		DEL	chr19	36107101	chr19	36108092	991.0	True		False		5	0	5	-10,649	-2,328	-650,9	-328,2					5	0	5	0	0	0
22880	22880		DEL	chr19	36467771	chr19	36468405	634.0	True		False		5	0	5	-10,229	-2,95	-198,9	-89,2					5	0	5	0	0	0
22885	22885		DEL	chr19	36963743	chr19	36964378	635.0	True		False		5	0	5	-10,384	-2,135	-444,9	-125,2					5	0	5	0	0	0
22918	22918		DUP	chr19	42852199	chr19	42914457	62258.0	True		False		11	0	11	-576,9	-77,2	-10,294	-3,43					11	0	11	0	0	0
22925	22925		DEL	chr19	43613216	chr19	43613395	179.0	True		False		5	0	5	-10,177	-2,78	-106,9	-51,3					5	0	5	0	0	0
22945	22945		DEL	chr19	46804266	chr19	46804520	254.0	True		False		3	2	5	-10,9	-1,1	-10,9	-1,1					3	2	5	0	0	0
22953	22953		DEL	chr19	49347742	chr19	49348500	758.0	True		False		5	0	5	-10,578	-2,192	-648,9	-210,2					5	0	5	0	0	0
22960	22960_1	22960_2	BND	chr19	51664434	chr19	51664771		True	True	False	True	2	3	5	-10,8	-1,0	-10,9	-1,0	-10,9	-1,0	-10,8	-1,0	2	3	5	0	0	0
31964	31964_1	31964_2	BND	chr19	53794572	chr20	36453718		True	True	False	True	7	0	7	-350,9	-81,0	-518,4	-116,0	-518,4	-116,0	-350,9	-81,0	6	0	6	1	0	1
2392	2392		DEL	chr2	38367	chr2	38850	483.0	True		False		5	0	5	-10,447	-3,75	-219,9	-85,2					5	0	5	0	0	0
2394	2394		DEL	chr2	82107	chr2	83170	1063.0	True		False		5	0	5	-10,648	-1,211	-616,9	-201,2					5	0	5	0	0	0
2396	2396		DEL	chr2	193835	chr2	194648	813.0	True		False		6	0	6	-10,701	-2,352	-702,9	-352,2					5	0	5	1	0	1
2399	2399		DEL	chr2	357816	chr2	358862	1046.0	True		False		5	0	5	-10,649	-2,328	-650,9	-328,2					5	0	5	0	0	0
2400	2400		DEL	chr2	368081	chr2	368709	628.0	True		False		5	0	5	-10,626	-2,207	-548,9	-186,2					5	0	5	0	0	0
2402	2402		DEL	chr2	436506	chr2	437325	819.0	True		False		7	0	7	-10,319	-2,110	-327,9	-102,2					6	0	6	1	0	1
2390	2390		DEL	chr2	917203	chr2	918029	826.0	True		False		5	0	5	-10,608	-2,199	-575,9	-191,2					5	0	5	0	0	0
2413	2413		DEL	chr2	1096261	chr2	1096894	633.0	True		False		6	0	6	-10,542	-2,113	-542,9	-115,2					6	0	6	0	0	0
2417	2417		DEL	chr2	1248403	chr2	1249025	622.0	True		False		5	0	5	-10,253	-2,126	-456,9	-141,2					5	0	5	0	0	0
2419	2419		DEL	chr2	1323427	chr2	1323553	126.0	True		False		4	1	5	-10,9	-3,3	-10,9	-3,3					4	1	5	0	0	0
2421	2421		DEL	chr2	1352334	chr2	1352401	67.0	True		False		4	1	5	-10,9	-3,3	-10,9	-3,3					4	1	5	0	0	0
2423	2423		DUP	chr2	1361733	chr2	1362526	793.0	True		False		8	0	8	-103,9	-32,3	-10,319	-1,89					8	0	8	0	0	0
2432	2432		DUP	chr2	1529846	chr2	1535319	5473.0	True		False		14	0	14	-487,9	-93,2	-10,482	0,102					13	0	13	1	0	1
2429	2429		DEL	chr2	1530147	chr2	1532955	2808.0	True		False		20	0	20	-10,236	-3,41	-490,9	-46,1					19	0	19	1	0	1
2440	2440		DEL	chr2	1596126	chr2	1597740	1614.0	True		False		7	0	7	-10,37	-2,28	-591,9	-117,2					6	0	6	1	0	1
2438	2438		DUP	chr2	1596934	chr2	1597809	875.0	True		False		5	1	6	-10,9	-3,3	-10,9	-3,3					5	0	5	0	1	1
2448	2448		DEL	chr2	2076178	chr2	2076616	438.0	True		False		5	0	5	-10,238	-2,124	-430,9	-121,3					5	0	5	0	0	0
2450	2450		DEL	chr2	2187011	chr2	2187156	145.0	True		False		5	0	5	-1,0	-1,0	-46,9	-32,2					5	0	5	0	0	0
2455	2455		DEL	chr2	2388599	chr2	2389225	626.0	True		False		7	0	7	-10,1	-10,1	-334,9	-77,3					6	0	6	1	0	1
2466	2466		DEL	chr2	2800955	chr2	2801335	380.0	True		False		6	0	6	-10,182	-3,84	-119,9	-69,2					5	0	5	1	0	1
2467	2467		DEL	chr2	2824413	chr2	2824948	535.0	True		False		5	0	5	-10,489	-2,129	-513,9	-149,2					5	0	5	0	0	0
2469	2469		DEL	chr2	2949768	chr2	2950329	561.0	True		False		5	0	5	-10,478	-2,102	-199,9	-96,2					5	0	5	0	0	0
2474	2474		DEL	chr2	3166635	chr2	3167181	546.0	True		False		6	0	6	-10,347	-2,129	-333,9	-107,3					5	0	5	1	0	1
2477	2477		DEL	chr2	3225419	chr2	3226205	786.0	True		False		5	0	5	-10,513	-2,183	-646,9	-210,2					5	0	5	0	0	0
2479	2479		DEL	chr2	3347615	chr2	3348292	677.0	True		False		5	0	5	-10,577	-2,192	-618,9	-201,2					5	0	5	0	0	0
2482	2482		DEL	chr2	3504966	chr2	3505717	751.0	True		False		6	0	6	-10,570	-2,183	-482,9	-170,3					5	0	5	1	0	1
2484	2484		DEL	chr2	3546066	chr2	3546287	221.0	True		False		6	0	6	-10,3	-4,3	-220,9	-56,3					5	0	5	1	0	1
2490	2490		DEL	chr2	3895092	chr2	3895328	236.0	True		False		5	0	5	-10,65	-2,42	-39,9	-28,2					5	0	5	0	0	0
2492	2492		DEL	chr2	3922641	chr2	3923557	916.0	True		False		6	0	6	-10,701	-2,352	-702,9	-352,2					5	0	5	1	0	1
2501	2501		DEL	chr2	4156512	chr2	4156793	281.0	True		False		5	0	5	-10,279	-2,120	-16,9	-13,2					5	0	5	0	0	0
2503	2503		DEL	chr2	4165085	chr2	4175887	10802.0	True		False		7	0	7	-10,198	-1,70	-610,9	-117,1					7	0	7	0	0	0
26826	26826_1	26826_2	BND	chr2	4452399	chr9	34840484		True	True	False	True	9	0	9	-433,9	-75,0	-10,421	0,107	-10,421	0,107	-433,9	-75,0	9	0	9	0	0	0
2513	2513		DEL	chr2	4937243	chr2	4937841	598.0	True		False		5	0	5	-10,505	-2,149	-571,9	-143,2					5	0	5	0	0	0
2516	2516		DUP	chr2	5022595	chr2	5023147	552.0	True		False		4	2	6	-10,9	-1,1	-10,9	-1,1					3	2	5	1	0	1
2523	2523		DEL	chr2	5328863	chr2	5329511	648.0	True		False		5	0	5	-10,207	-2,112	-347,9	-132,2					5	0	5	0	0	0
2526	2526		DEL	chr2	5375756	chr2	5375877	121.0	True		False		5	0	5	-10,65	-3,35	-120,9	-61,3					5	0	5	0	0	0
2540	2540		DEL	chr2	6042191	chr2	6042255	64.0	True		False		6	0	6	-10,62	-3,41	-63,9	-39,3					6	0	6	0	0	0
2541	2541		DEL	chr2	6105694	chr2	6105836	142.0	True		False		5	0	5	-10,40	-2,28	-90,9	-54,2					5	0	5	0	0	0
2543	2543		DEL	chr2	6312683	chr2	6313011	328.0	True		False		6	0	6	-10,251	-3,55	-269,9	-67,3					6	0	6	0	0	0
2545	2545		DEL	chr2	6448633	chr2	6448704	71.0	True		False		5	0	5	-10,22	-2,18	-70,9	-51,2					5	0	5	0	0	0
2546	2546		DEL	chr2	6470858	chr2	6471405	547.0	True		False		6	0	6	-10,448	-2,140	-443,9	-129,2					5	0	5	1	0	1
2547	2547		DEL	chr2	6475559	chr2	6476395	836.0	True		False		5	0	5	-10,494	-2,181	-417,9	-177,2					5	0	5	0	0	0
2553	2553		DEL	chr2	6669549	chr2	6670282	733.0	True		False		6	0	6	-10,640	-2,209	-502,9	-182,2					6	0	6	0	0	0
2564	2564		DEL	chr2	7358763	chr2	7358958	195.0	True		False		5	0	5	-10,164	-3,62	-1,9	-1,4					5	0	5	0	0	0
2568	2568		DEL	chr2	7697124	chr2	7697934	810.0	True		False		5	0	5	-10,472	-2,180	-448,9	-179,2					5	0	5	0	0	0
2575	2575		DEL	chr2	7887707	chr2	7887878	171.0	True		False		5	0	5	-10,58	-2,37	-63,9	-40,2					5	0	5	0	0	0
2594	2594		DEL	chr2	8218704	chr2	8219598	894.0	True		False		5	0	5	-10,649	-2,328	-650,9	-328,2					5	0	5	0	0	0
2596	2596		DEL	chr2	8287337	chr2	8288710	1373.0	True		False		5	0	5	-10,649	-2,328	-650,9	-328,2					5	0	5	0	0	0
2597	2597		DEL	chr2	8322845	chr2	8323367	522.0	True		False		5	0	5	-10,467	-2,125	-434,9	-131,2					5	0	5	0	0	0
2598	2598		DEL	chr2	8381570	chr2	8382333	763.0	True		False		7	0	7	-10,643	-2,210	-601,9	-197,2					7	0	7	0	0	0
2599	2599		DEL	chr2	8396632	chr2	8396898	266.0	True		False		5	0	5	-10,110	-2,71	-215,9	-108,2					5	0	5	0	0	0
2609	2609		DEL	chr2	8721829	chr2	8722447	618.0	True		False		5	0	5	-10,589	-2,194	-532,9	-184,2					5	0	5	0	0	0
2579	2579		DUP	chr2	9305183	chr2	9305968	785.0	True		False		5	0	5	-328,9	-68,3	-10,509	-2,100					5	0	5	0	0	0
2620	2620		DEL	chr2	9427664	chr2	9428224	560.0	True		False		5	0	5	-10,183	-2,107	-413,9	-136,2					5	0	5	0	0	0
2622	2622		DEL	chr2	9446271	chr2	9446804	533.0	True		False		5	0	5	-10,386	-3,94	-398,9	-104,2					5	0	5	0	0	0
2627	2627		DEL	chr2	9666985	chr2	9667102	117.0	True		False		5	0	5	-10,46	-2,34	-116,9	-48,3					5	0	5	0	0	0
26948	26948_1	26948_2	BND	chr2	9776961	chr13	99463030		True	True	False	True	8	0	8	-10,368	-2,69	-553,9	-87,2	-553,9	-87,2	-10,368	-2,69	7	0	7	1	0	1
2636	2636		DEL	chr2	10000822	chr2	10001450	628.0	True		False		5	0	5	-10,524	-2,145	-533,9	-144,2					5	0	5	0	0	0
2640	2640		DEL	chr2	10072889	chr2	10073072	183.0	True		False		3	3	6	-9,9	-1,1	-10,9	-1,1					2	3	5	1	0	1
2646	2646		DEL	chr2	10358222	chr2	10359173	951.0	True		False		5	0	5	-10,530	-2,184	-641,9	-209,2					5	0	5	0	0	0
2659	2659		DEL	chr2	10741832	chr2	10742356	524.0	True		False		5	0	5	-10,473	-2,180	-510,9	-182,2					5	0	5	0	0	0
2666	2666		DEL	chr2	11078195	chr2	11079591	1396.0	True		False		6	0	6	-10,649	-2,328	-650,9	-328,2					5	0	5	1	0	1
2668	2668		DEL	chr2	11146061	chr2	11146675	614.0	True		False		6	0	6	-10,52	-2,38	-273,9	-91,2					6	0	6	0	0	0
2671	2671		DEL	chr2	11280344	chr2	11280967	623.0	True		False		5	0	5	-10,414	-2,93	-170,9	-72,3					5	0	5	0	0	0
26612	26612_1	26612_2	BND	chr2	11789787	chr4	161132509		True	True	False	True	8	0	8	-473,3	-115,0	-374,9	-66,1	-374,9	-66,1	-473,3	-115,0	8	0	8	0	0	0
2687	2687		DEL	chr2	12155049	chr2	12155899	850.0	True		False		5	0	5	-10,596	-2,196	-627,9	-204,2					5	0	5	0	0	0
2689	2689		DEL	chr2	12249661	chr2	12250164	503.0	True		False		5	0	5	-10,393	-2,129	-84,9	-60,2					5	0	5	0	0	0
2691	2691		DEL	chr2	12292093	chr2	12292443	350.0	True		False		5	0	5	-10,288	-2,96	-335,9	-103,2					5	0	5	0	0	0
2695	2695		DEL	chr2	12456056	chr2	12456261	205.0	False		False		2	12	14	-10,9	0,0	-8,9	0,0					2	11	13	0	1	1
2705	2705		DEL	chr2	13821099	chr2	13821739	640.0	True		False		5	0	5	-10,577	-2,154	-267,9	-121,2					5	0	5	0	0	0
2706	2706		INV	chr2	13832258	chr2	13832464	206.0	True		False		3	2	5	-10,9	-2,3	-10,9	-3,3					3	2	5	0	0	0
2708	2708_1	2708_2	BND	chr2	13869521	chr2	13869821		True	True	False	True	2	3	5	-10,9	-1,1	-10,9	-1,1	-10,9	-1,1	-10,9	-1,1	2	3	5	0	0	0
2718	2718		DEL	chr2	14824722	chr2	14825409	687.0	True		False		5	0	5	-10,573	-2,144	-290,9	-118,2					5	0	5	0	0	0
2719	2719		DEL	chr2	14830591	chr2	14831457	866.0	True		False		6	0	6	-10,636	-2,207	-552,9	-187,2					5	0	5	1	0	1
2720	2720		DEL	chr2	14937774	chr2	14938062	288.0	True		False		5	0	5	-10,82	-2,51	-17,9	-14,2					5	0	5	0	0	0
2728	2728		INV	chr2	15231620	chr2	15231919	299.0	True		False		3	2	5	-150,87	-108,78	-29,26	-28,17					3	2	5	0	0	0
2584	2584		DEL	chr2	15646351	chr2	15647309	958.0	True		False		6	0	6	-10,599	-2,154	-491,9	-125,2					5	0	5	1	0	1
2757	2757		DEL	chr2	16162244	chr2	16162997	753.0	True		False		5	0	5	-10,536	-2,185	-505,9	-182,2					5	0	5	0	0	0
2769	2769		DEL	chr2	16604899	chr2	16605596	697.0	True		False		7	0	7	-10,559	-2,136	-405,9	-135,2					7	0	7	0	0	0
2770	2770		DEL	chr2	16620776	chr2	16621393	617.0	True		False		6	0	6	-10,334	-2,131	-557,9	-153,2					6	0	6	0	0	0
2776	2776		DEL	chr2	17275086	chr2	17275713	627.0	True		False		7	0	7	-10,490	-2,115	-546,9	-114,2					6	0	6	1	0	1
2780	2780		DEL	chr2	17341951	chr2	17342175	224.0	True		False		5	0	5	-10,45	-2,34	-35,9	-27,2					5	0	5	0	0	0
26956	26956_1	26956_2	BND	chr2	17824863	chr14	93395847		False	False	False	True	1	4	5	-8,8	0,0	-8,8	0,0	-8,8	0,0	-8,8	0,0	1	4	5	0	0	0
2789	2789		DEL	chr2	17900959	chr2	17901603	644.0	True		False		5	0	5	-10,264	-2,102	-361,9	-121,2					5	0	5	0	0	0
26941	26941_1	26941_2	BND	chr2	17901206	chr13	29492022		False	False	False	True	1	4	5	-8,8	0,0	-9,6	0,0	-9,6	0,0	-8,8	0,0	1	4	5	0	0	0
2793	2793		DEL	chr2	18075438	chr2	18076022	584.0	True		False		6	0	6	-10,136	-2,78	-272,9	-88,3					5	0	5	1	0	1
2796	2796		DEL	chr2	18170118	chr2	18170695	577.0	True		False		5	0	5	-10,198	-2,118	-427,9	-142,2					5	0	5	0	0	0
2797	2797		DEL	chr2	18183080	chr2	18183624	544.0	True		False		5	0	5	-10,309	-2,98	-332,9	-109,2					5	0	5	0	0	0
2801	2801		DEL	chr2	18518556	chr2	18518762	206.0	True		False		6	0	6	-10,187	-3,56	-36,9	-25,2					5	0	5	1	0	1
2805	2805_1	2805_2	BND	chr2	18790117	chr2	18790253		True	True	False	True	2	3	5	-10,9	-1,0	-10,8	-1,0	-10,8	-1,0	-10,9	-1,0	2	3	5	0	0	0
2808	2808		DEL	chr2	18970206	chr2	18970986	780.0	True		False		5	0	5	-10,516	-2,183	-579,9	-192,2					5	0	5	0	0	0
2809	2809		DEL	chr2	19000861	chr2	19001491	630.0	True		False		6	0	6	-10,524	-2,138	-433,9	-120,2					5	0	5	1	0	1
2810	2810		DEL	chr2	19066073	chr2	19066691	618.0	True		False		6	0	6	-10,390	-2,131	-533,9	-150,2					5	0	5	1	0	1
2814	2814		DEL	chr2	19682890	chr2	19683366	476.0	True		False		6	0	6	-10,18	-2,15	-346,9	-91,2					5	0	5	1	0	1
2817	2817		DEL	chr2	19761583	chr2	19762148	565.0	True		False		5	0	5	-10,541	-2,186	-561,9	-188,2					5	0	5	0	0	0
2821	2821		DEL	chr2	20002286	chr2	20002667	381.0	True		False		5	0	5	-10,314	-2,119	-329,9	-121,2					5	0	5	0	0	0
2847	2847		DEL	chr2	21794513	chr2	21794974	461.0	True		False		6	0	6	-10,29	-2,24	-289,9	-97,2					6	0	6	0	0	0
2854	2854		DEL	chr2	22550963	chr2	22551500	537.0	True		False		5	0	5	-10,378	-2,128	-536,9	-139,2					5	0	5	0	0	0
2855	2855		DEL	chr2	22612783	chr2	22613488	705.0	True		False		6	0	6	-10,596	-2,196	-592,9	-195,2					6	0	6	0	0	0
2859	2859		DEL	chr2	22889763	chr2	22889842	79.0	True		False		6	0	6	-10,12	-2,11	-20,9	-15,2					5	0	5	1	0	1
2861	2861		DEL	chr2	23026504	chr2	23027161	657.0	True		False		5	0	5	-10,637	-1,168	-7,9	-6,2					5	0	5	0	0	0
2862	2862		DEL	chr2	23059095	chr2	23059821	726.0	True		False		6	0	6	-10,500	-2,182	-560,9	-188,2					6	0	6	0	0	0
2863	2863		DEL	chr2	23119608	chr2	23120764	1156.0	True		False		5	0	5	-10,649	-2,328	-650,9	-328,2					5	0	5	0	0	0
2866	2866		DEL	chr2	23373444	chr2	23374159	715.0	True		False		5	0	5	-10,638	-2,208	-537,9	-185,2					5	0	5	0	0	0
3794	3794_1	3794_2	BND	chr2	23731476	chr2	71618645		False	False	False	True	1	4	5	-9,6	0,0	-9,6	0,0	-9,6	0,0	-9,6	0,0	1	4	5	0	0	0
2868	2868		DEL	chr2	23833762	chr2	23834465	703.0	True		False		5	0	5	-10,564	-2,154	-338,9	-127,2					5	0	5	0	0	0
2884	2884		DEL	chr2	24749201	chr2	24749511	310.0	True		False		8	0	8	-10,235	-3,52	-58,9	-29,3					7	0	7	1	0	1
2885	2885		DEL	chr2	24829716	chr2	24830249	533.0	True		False		16	0	16	-10,35	-3,19	-305,9	-40,3					15	0	15	1	0	1
2886	2886		DEL	chr2	24907643	chr2	24908244	601.0	True		False		6	0	6	-10,54	-2,40	-441,9	-120,2					6	0	6	0	0	0
2888	2888		DEL	chr2	25005759	chr2	25006780	1021.0	True		False		5	0	5	-10,649	-2,328	-650,9	-328,2					5	0	5	0	0	0
2890	2890		DEL	chr2	25016757	chr2	25017337	580.0	True		False		4	1	5	-10,9	-2,3	-10,9	-3,3					4	1	5	0	0	0
2891	2891		DEL	chr2	25021379	chr2	25021959	580.0	True		False		5	0	5	-10,519	-2,128	-385,9	-142,2					5	0	5	0	0	0
2894	2894		DEL	chr2	25114201	chr2	25114653	452.0	True		False		5	0	5	-10,450	-2,134	-442,9	-125,2					5	0	5	0	0	0
2898	2898		DEL	chr2	25256246	chr2	25256865	619.0	True		False		6	0	6	-10,580	-2,192	-618,9	-208,2					6	0	6	0	0	0
2900	2900		DEL	chr2	25421057	chr2	25422061	1004.0	True		False		5	0	5	-10,649	-2,328	-650,9	-328,2					5	0	5	0	0	0
2901	2901		DEL	chr2	25460954	chr2	25461334	380.0	True		False		5	0	5	-10,362	-3,70	-379,9	-84,2					5	0	5	0	0	0
2903	2903		DEL	chr2	25501388	chr2	25501528	140.0	True		False		4	1	5	-10,9	-3,3	-10,9	-3,3					4	1	5	0	0	0
2908	2908		DEL	chr2	25828985	chr2	25829636	651.0	True		False		5	0	5	-10,648	-1,211	-650,9	-211,1					5	0	5	0	0	0
2909	2909		DEL	chr2	25859765	chr2	25861077	1312.0	True		False		5	0	5	-10,649	-2,328	-650,9	-328,2					5	0	5	0	0	0
2912	2912		DEL	chr2	25964830	chr2	25965186	356.0	True		False		6	0	6	-10,168	-3,66	-157,9	-71,3					5	0	5	1	0	1
26597	26597_1	26597_2	BND	chr2	26333431	chr4	89723625		True	True	False	True	6	0	6	-536,7	-110,0	-6,555	0,123	-6,555	0,123	-536,7	-110,0	5	0	5	1	0	1
2923	2923		DEL	chr2	26378264	chr2	26379222	958.0	True		False		5	0	5	-10,649	-2,328	-650,9	-328,2					5	0	5	0	0	0
26755	26755_1	26755_2	BND	chr2	26450742	chr7	19478698		True	True	False	True	7	0	7	-596,9	-102,1	-10,339	0,85	-10,339	0,85	-596,9	-102,1	6	0	6	1	0	1
3096	3096_1	3096_2	BND	chr2	26474437	chr2	32916230		True	True	False	True	6	0	6	-470,9	-79,2	-636,9	-119,1	-636,9	-119,1	-470,9	-79,2	5	0	5	1	0	1
2928	2928		DEL	chr2	26736654	chr2	26738010	1356.0	True		False		6	0	6	-10,649	-2,328	-650,9	-328,2					6	0	6	0	0	0
2933	2933		DEL	chr2	26959262	chr2	26959994	732.0	True		False		5	0	5	-10,564	-2,189	-554,9	-187,2					5	0	5	0	0	0
2934	2934		DEL	chr2	26966836	chr2	26967528	692.0	True		False		6	0	6	-10,592	-2,147	-408,9	-136,2					5	0	5	1	0	1
2943	2943		DEL	chr2	27347158	chr2	27347942	784.0	True		False		5	0	5	-10,648	-1,211	-467,9	-180,2					5	0	5	0	0	0
2956	2956		DEL	chr2	28003001	chr2	28003630	629.0	True		False		5	0	5	-10,333	-2,121	-528,9	-146,2					5	0	5	0	0	0
2960	2960		DEL	chr2	28176131	chr2	28176841	710.0	True		False		5	0	5	-10,551	-2,138	-594,9	-159,1					5	0	5	0	0	0
2968	2968		DEL	chr2	28404299	chr2	28404929	630.0	True		False		6	0	6	-10,480	-2,115	-320,9	-110,2					6	0	6	0	0	0
2972	2972		DEL	chr2	28504217	chr2	28504897	680.0	True		False		6	0	6	-10,586	-2,194	-357,9	-172,2					5	0	5	1	0	1
2973	2973		DEL	chr2	28525637	chr2	28526158	521.0	True		False		5	0	5	-10,292	-2,121	-340,9	-142,2					5	0	5	0	0	0
2978	2978		DEL	chr2	28769128	chr2	28769712	584.0	True		False		6	0	6	-10,582	-2,128	-412,9	-98,2					6	0	6	0	0	0
2983	2983		DEL	chr2	29203992	chr2	29204484	492.0	True		False		5	0	5	-10,13	-2,12	-117,9	-79,2					5	0	5	0	0	0
2994	2994		DEL	chr2	29574262	chr2	29574888	626.0	True		False		7	0	7	-10,472	-2,114	-506,9	-112,2					6	0	6	1	0	1
2995	2995		DEL	chr2	29607332	chr2	29607960	628.0	True		False		5	0	5	-10,339	-2,132	-420,9	-126,2					5	0	5	0	0	0
3001	3001		DEL	chr2	29848600	chr2	29849591	991.0	True		False		5	0	5	-10,556	-2,188	-239,9	-145,2					5	0	5	0	0	0
3010	3010		DEL	chr2	30112432	chr2	30112938	506.0	True		False		6	0	6	-10,191	-2,87	-500,9	-109,2					6	0	6	0	0	0
3014	3014		DEL	chr2	30241302	chr2	30242357	1055.0	True		False		5	0	5	-10,649	-2,328	-650,9	-328,2					5	0	5	0	0	0
3015	3015		DEL	chr2	30355706	chr2	30356331	625.0	True		False		5	0	5	-10,582	-2,193	-614,9	-200,2					5	0	5	0	0	0
3017	3017		DEL	chr2	30379744	chr2	30380495	751.0	True		False		5	0	5	-10,565	-2,154	-392,9	-130,2					5	0	5	0	0	0
3020	3020		DEL	chr2	30514493	chr2	30515115	622.0	True		False		8	0	8	-10,428	-2,119	-506,9	-118,2					7	0	7	1	0	1
3021	3021		DEL	chr2	30587933	chr2	30589157	1224.0	True		False		6	0	6	-10,649	-2,328	-650,9	-328,2					5	0	5	1	0	1
3025	3025		DEL	chr2	30677926	chr2	30678684	758.0	True		False		5	0	5	-10,559	-2,188	-556,9	-188,2					5	0	5	0	0	0
3031	3031		DEL	chr2	30862049	chr2	30862907	858.0	True		False		5	0	5	-10,483	-2,129	-461,9	-146,2					5	0	5	0	0	0
3036	3036		DEL	chr2	31027917	chr2	31028566	649.0	True		False		5	0	5	-10,537	-2,149	-461,9	-135,2					5	0	5	0	0	0
26909	26909_1	26909_2	BND	chr2	31072305	chr12	18742190		True	True	False	True	1	4	5	-9,8	0,0	-8,8	0,1	-8,8	0,1	-9,8	0,0	1	4	5	0	0	0
2751	2751		DEL	chr2	31129109	chr2	31129468	359.0	True		False		5	0	5	-10,141	-2,65	-269,9	-83,2					5	0	5	0	0	0
3038	3038		DEL	chr2	31149261	chr2	31150108	847.0	True		False		5	0	5	-10,458	-2,135	-381,9	-145,2					5	0	5	0	0	0
3040	3040		DEL	chr2	31229668	chr2	31230290	622.0	True		False		5	0	5	-10,590	-2,194	-621,9	-207,2					5	0	5	0	0	0
3041	3041		DEL	chr2	31340150	chr2	31340661	511.0	True		False		6	0	6	-10,493	-2,81	-411,9	-94,2					5	0	5	1	0	1
3042	3042		DEL	chr2	31341527	chr2	31342235	708.0	True		False		5	0	5	-10,604	-2,198	-588,9	-194,2					5	0	5	0	0	0
3047	3047		DEL	chr2	31486112	chr2	31486673	561.0	True		False		5	0	5	-10,477	-2,127	-524,9	-143,2					5	0	5	0	0	0
3058	3058		DEL	chr2	31875932	chr2	31876218	286.0	True		False		6	0	6	-10,240	-2,146	-278,9	-157,2					6	0	6	0	0	0
3076	3076		DEL	chr2	32166064	chr2	32166340	276.0	True		False		5	0	5	-10,5	-2,5	-86,9	-44,3					5	0	5	0	0	0
3079	3079		DEL	chr2	32297525	chr2	32297838	313.0	True		False		5	0	5	-10,254	-3,68	-184,9	-77,3					5	0	5	0	0	0
3081	3081		DEL	chr2	32317044	chr2	32317195	151.0	False		False		1	4	5	-10,9	0,0	-9,8	0,0					1	4	5	0	0	0
3082	3082		DEL	chr2	32387651	chr2	32388467	816.0	True		False		5	0	5	-10,635	-2,207	-514,9	-183,2					5	0	5	0	0	0
3085	3085		DEL	chr2	32603019	chr2	32603573	554.0	True		False		5	0	5	-10,438	-3,74	-464,9	-105,2					5	0	5	0	0	0
3086	3086		DEL	chr2	32654408	chr2	32654684	276.0	True		False		6	0	6	-10,162	-3,52	-140,9	-64,2					5	0	5	1	0	1
3091	3091		DEL	chr2	32847908	chr2	32848716	808.0	True		False		5	0	5	-10,525	-2,184	-591,9	-194,2					5	0	5	0	0	0
3092	3092		DEL	chr2	32863591	chr2	32864193	602.0	True		False		5	0	5	-10,560	-2,137	-312,9	-137,2					5	0	5	0	0	0
27105	27105_1	27105_2	BND	chr2	32916215	chr19	3115821		True	True	False	True	6	0	6	-621,9	-111,2	-10,246	-3,59	-10,246	-3,59	-621,9	-111,2	5	0	5	1	0	1
27115	27115_1	27115_2	BND	chr2	32916225	chr19	33753757		True	True	False	True	5	0	5	-435,9	-85,3	-287,9	-76,3	-287,9	-76,3	-435,9	-85,3	5	0	5	0	0	0
27058	27058_1	27058_2	BND	chr2	32916229	chr17	79004332		True	True	False	True	5	0	5	-621,9	-127,1	-10,356	-3,71	-10,356	-3,71	-621,9	-127,1	5	0	5	0	0	0
26632	26632_1	26632_2	BND	chr2	32916230	chr5	9546226		True	True	False	True	5	0	5	-628,9	-127,1	-475,9	-85,2	-475,9	-85,2	-628,9	-127,1	5	0	5	0	0	0
27050	27050_1	27050_2	BND	chr2	32916230	chr17	57131601		True	True	False	True	6	0	6	-433,9	-70,3	-10,326	-3,66	-10,326	-3,66	-433,9	-70,3	6	0	6	0	0	0
27024	27024_1	27024_2	BND	chr2	32916230	chr16	88980984		True	True	False	True	5	0	5	-472,9	-85,3	-10,452	-3,74	-10,452	-3,74	-472,9	-85,3	5	0	5	0	0	0
26791	26791_1	26791_2	BND	chr2	32916230	chr7	158000775		True	True	False	True	6	0	6	-378,9	-94,1	-10,430	-3,70	-10,430	-3,70	-378,9	-94,1	6	0	6	0	0	0
27094	27094_1	27094_2	BND	chr2	32916230	chr19	518689		True	True	False	True	7	0	7	-517,8	-112,1	-10,162	-3,44	-10,162	-3,44	-517,8	-112,1	6	0	6	1	0	1
26768	26768_1	26768_2	BND	chr2	32916230	chr7	76999023		True	True	False	True	4	2	6	-10,4	-5,0	-1,9	0,9	-1,9	0,9	-10,4	-5,0	3	2	5	1	0	1
26790	26790_1	26790_2	BND	chr2	32916230	chr7	157887501		True	True	False	True	5	0	5	-599,9	-134,0	-102,9	-51,3	-102,9	-51,3	-599,9	-134,0	5	0	5	0	0	0
27151	27151_1	27151_2	BND	chr2	32916230	chr20	57117936		True	True	False	True	6	0	6	-627,9	-117,1	-15,9	-12,2	-15,9	-12,2	-627,9	-117,1	5	0	5	1	0	1
6639	6639_1	6639_2	BND	chr2	32916230	chr2	241808018		True	True	False	True	8	0	8	-387,9	-99,0	-395,9	-66,2	-395,9	-66,2	-387,9	-99,0	7	0	7	1	0	1
27063	27063_1	27063_2	BND	chr2	32916230	chr17	80274970		True	True	False	True	7	1	8	-10,9	-3,1	-10,9	-3,3	-10,9	-3,3	-10,9	-3,1	7	1	8	0	0	0
27214	27214_1	27214_2	BND	chr2	32916230	chr22	46487648		True	True	False	True	5	0	5	-444,9	-85,3	-10,388	-3,71	-10,388	-3,71	-444,9	-85,3	5	0	5	0	0	0
26849	26849_1	26849_2	BND	chr2	32916230	chr9	137441125		True	True	False	True	6	0	6	-643,9	-120,1	-429,9	-70,3	-429,9	-70,3	-643,9	-120,1	5	0	5	1	0	1
27060	27060_1	27060_2	BND	chr2	32916231	chr17	79483443		True	True	False	True	7	0	7	-389,9	-57,3	-456,9	-68,2	-456,9	-68,2	-389,9	-57,3	6	0	6	1	0	1
26747	26747_1	26747_2	BND	chr2	32916231	chr7	1073873		True	True	False	True	5	0	5	-593,9	-133,0	-185,9	-69,3	-185,9	-69,3	-593,9	-133,0	5	0	5	0	0	0
27085	27085_1	27085_2	BND	chr2	32916231	chr18	77118036		True	True	False	True	9	0	9	-345,9	-42,2	-10,305	-3,50	-10,305	-3,50	-345,9	-42,2	9	0	9	0	0	0
26957	26957_1	26957_2	BND	chr2	32916232	chr14	93988603		True	True	False	True	6	0	6	-436,9	-62,3	-1,0	-1,0	-1,0	-1,0	-436,9	-62,3	5	0	5	1	0	1
26812	26812_1	26812_2	BND	chr2	32916233	chr8	95208205		True	True	False	True	5	0	5	-479,9	-119,2	-10,210	-3,77	-10,210	-3,77	-479,9	-119,2	5	0	5	0	0	0
26744	26744_1	26744_2	BND	chr2	32916233	chr7	75988875		True	True	False	True	7	1	8	-10,9	-3,3	-10,9	-3,3	-10,9	-3,3	-10,9	-3,3	7	1	8	0	0	0
26890	26890_1	26890_2	BND	chr2	32916233	chr11	12641009		True	True	False	True	5	1	6	-10,6	-5,0	-10,9	-3,3	-10,9	-3,3	-10,6	-5,0	5	0	5	0	1	1
27188	27188_1	27188_2	BND	chr2	32916235	chr21	44262498		True	True	False	True	7	0	7	-396,9	-73,3	-10,177	-3,60	-10,177	-3,60	-396,9	-73,3	6	0	6	1	0	1
26908	26908_1	26908_2	BND	chr2	32916237	chr12	12323040		True	True	False	True	7	0	7	-377,9	-45,3	-10,388	-1,54	-10,388	-1,54	-377,9	-45,3	6	0	6	1	0	1
26623	26623_1	26623_2	BND	chr2	32916238	chr5	505642		True	True	False	True	5	0	5	-358,9	-70,3	-10,165	-3,61	-10,165	-3,61	-358,9	-70,3	5	0	5	0	0	0
26711	26711_1	26711_2	BND	chr2	32916238	chr5	179412885		True	True	False	True	5	0	5	-401,9	-70,3	-307,9	-80,2	-307,9	-80,2	-401,9	-70,3	5	0	5	0	0	0
4259	4259_1	4259_2	BND	chr2	32916242	chr2	101759669		True	True	False	True	6	0	6	-425,9	-61,3	-302,9	-75,2	-302,9	-75,2	-425,9	-61,3	5	0	5	1	0	1
26561	26561_1	26561_2	BND	chr2	32916245	chr4	24292955		True	True	False	True	6	0	6	-402,9	-55,3	-40,9	-28,2	-40,9	-28,2	-402,9	-55,3	5	0	5	1	0	1
27219	27219_1	27219_2	BND	chr2	32916249	chr22	50562598		True	True	False	True	7	0	7	-399,9	-50,3	-10,86	-3,35	-10,86	-3,35	-399,9	-50,3	7	0	7	0	0	0
27210	27210_1	27210_2	BND	chr2	32916251	chr22	38189175		True	True	False	True	6	0	6	-456,9	-66,3	-10,284	-3,73	-10,284	-3,73	-456,9	-66,3	5	0	5	1	0	1
6588	6588_1	6588_2	BND	chr2	32916324	chr2	239096671		True	True	False	True	1	6	7	-10,9	-3,3	-10,9	-3,3	-10,9	-3,3	-10,9	-3,3	1	5	6	0	1	1
27066	27066_1	27066_2	BND	chr2	32916333	chr17	83120166		True	True	False	True	2	3	5	-10,9	-3,3	-10,9	-3,1	-10,9	-3,1	-10,9	-3,3	2	3	5	0	0	0
26843	26843_1	26843_2	BND	chr2	32916342	chr9	130315200		True	True	False	True	6	1	7	-10,9	-3,3	-10,9	-3,3	-10,9	-3,3	-10,9	-3,3	6	1	7	0	0	0
27182	27182_1	27182_2	BND	chr2	32916349	chr21	36497180		True	True	False	True	5	0	5	-557,9	-137,2	-10,173	-2,94	-10,173	-2,94	-557,9	-137,2	5	0	5	0	0	0
27035	27035_1	27035_2	BND	chr2	32916373	chr17	81952392		True	True	False	True	6	0	6	-577,9	-87,2	-10,455	-2,89	-10,455	-2,89	-577,9	-87,2	5	0	5	1	0	1
27102	27102_1	27102_2	BND	chr2	32916403	chr19	1500842		True	True	False	True	5	0	5	-604,7	-137,0	-10,388	-2,90	-10,388	-2,90	-604,7	-137,0	5	0	5	0	0	0
27061	27061_1	27061_2	BND	chr2	32916409	chr17	79495550		True	True	False	True	6	0	6	-614,9	-115,1	-10,491	-2,98	-10,491	-2,98	-614,9	-115,1	6	0	6	0	0	0
26746	26746_1	26746_2	BND	chr2	32916413	chr7	414305		True	True	False	True	4	1	5	-10,9	-3,3	-10,9	-3,3	-10,9	-3,3	-10,9	-3,3	4	1	5	0	0	0
27156	27156_1	27156_2	BND	chr2	32916440	chr20	62360423		True	True	False	True	6	0	6	-573,9	-119,2	-10,503	0,102	-10,503	0,102	-573,9	-119,2	5	0	5	1	0	1
27101	27101_1	27101_2	BND	chr2	32916576	chr19	1282230		True	True	False	True	1	4	5	-10,9	-3,3	-10,9	-3,3	-10,9	-3,3	-10,9	-3,3	1	4	5	0	0	0
3110	3110		DEL	chr2	33109603	chr2	33110086	483.0	True		False		5	0	5	-10,309	-3,93	-177,9	-88,2					5	0	5	0	0	0
3111	3111		DEL	chr2	33264479	chr2	33265131	652.0	True		False		6	0	6	-10,571	-2,149	-589,9	-149,2					6	0	6	0	0	0
3113	3113		DEL	chr2	33350268	chr2	33350642	374.0	True		False		5	0	5	-10,193	-3,73	-264,9	-68,3					5	0	5	0	0	0
3116	3116		DEL	chr2	33515647	chr2	33516108	461.0	True		False		5	0	5	-10,346	-2,99	-144,9	-84,2					5	0	5	0	0	0
3121	3121		DEL	chr2	33648599	chr2	33649147	548.0	True		False		5	0	5	-10,288	-2,120	-547,9	-155,1					5	0	5	0	0	0
3123	3123		DEL	chr2	33888302	chr2	33889333	1031.0	True		False		7	0	7	-10,649	-2,328	-650,9	-328,2					6	0	6	1	0	1
3136	3136		DEL	chr2	34593263	chr2	34593398	135.0	True		False		5	0	5	-10,50	-2,34	-116,9	-54,3					5	0	5	0	0	0
3140	3140		DEL	chr2	34853209	chr2	34854037	828.0	True		False		6	0	6	-10,146	-2,97	-617,9	-164,1					6	0	6	0	0	0
3141	3141		DEL	chr2	34863722	chr2	34864277	555.0	True		False		5	0	5	-10,542	-2,137	-436,9	-128,2					5	0	5	0	0	0
3144	3144		DEL	chr2	35125084	chr2	35125621	537.0	True		False		7	0	7	-10,431	-2,132	-536,9	-136,2					7	0	7	0	0	0
3147	3147		DEL	chr2	35211151	chr2	35212414	1263.0	True		False		5	0	5	-10,649	-2,328	-650,9	-328,2					5	0	5	0	0	0
26839	26839_1	26839_2	BND	chr2	36179296	chr9	120304285		True	True	False	True	5	0	5	-601,7	-138,0	-10,372	-2,81	-10,372	-2,81	-601,7	-138,0	5	0	5	0	0	0
3157	3157		DEL	chr2	36303118	chr2	36303790	672.0	True		False		6	0	6	-10,511	-2,139	-187,9	-115,2					6	0	6	0	0	0
3158	3158		DEL	chr2	36396911	chr2	36397438	527.0	True		False		6	0	6	-10,416	-2,128	-526,9	-144,2					6	0	6	0	0	0
3159	3159		DEL	chr2	36448708	chr2	36449922	1214.0	True		False		6	0	6	-10,649	-2,328	-650,9	-328,2					5	0	5	1	0	1
3161	3161		DEL	chr2	36500317	chr2	36500526	209.0	True		False		5	0	5	-10,183	-3,65	-208,9	-70,3					5	0	5	0	0	0
3169	3169		DEL	chr2	36961431	chr2	36962014	583.0	True		False		6	0	6	-10,359	-2,123	-387,9	-133,2					6	0	6	0	0	0
3170	3170		DEL	chr2	36991991	chr2	36992319	328.0	True		False		2	3	5	-10,9	-1,1	-10,2	-3,1					2	3	5	0	0	0
3171	3171		DEL	chr2	37221947	chr2	37222664	717.0	True		False		6	0	6	-10,591	-2,148	-328,9	-138,2					5	0	5	1	0	1
27261	27261_1	27261_2	BND	chr2	37347191	chrX	147120643		True	True	False	True	5	0	5	-10,433	-2,88	-10,587	0,135	-10,587	0,135	-10,433	-2,88	5	0	5	0	0	0
3173	3173		DEL	chr2	37384886	chr2	37385847	961.0	True		False		6	0	6	-10,575	-2,184	-591,9	-199,2					5	0	5	1	0	1
3176	3176		DEL	chr2	37570446	chr2	37571163	717.0	True		False		6	0	6	-10,595	-2,130	-429,9	-100,2					6	0	6	0	0	0
3177	3177		DEL	chr2	37681353	chr2	37681953	600.0	True		False		5	0	5	-10,376	-2,123	-323,9	-129,2					5	0	5	0	0	0
3180	3180		DEL	chr2	37870824	chr2	37871835	1011.0	True		False		5	0	5	-10,649	-2,328	-650,9	-328,2					5	0	5	0	0	0
3182	3182		INV	chr2	38051478	chr2	38051695	217.0	True		False		2	3	5	-10,9	-1,1	-10,9	-1,1					2	3	5	0	0	0
3186	3186		DEL	chr2	38236865	chr2	38237180	315.0	True		False		6	0	6	-10,40	-2,30	-303,9	-108,2					6	0	6	0	0	0
3187	3187		DEL	chr2	38258589	chr2	38258937	348.0	True		False		5	0	5	-10,71	-2,44	-210,9	-64,3					5	0	5	0	0	0
3191	3191		DEL	chr2	38319941	chr2	38320572	631.0	True		False		6	0	6	-10,517	-2,140	-520,9	-137,2					5	0	5	1	0	1
3196	3196		DEL	chr2	38554801	chr2	38555408	607.0	True		False		6	0	6	-10,348	-2,97	-600,9	-140,1					6	0	6	0	0	0
3201	3201		DEL	chr2	38839857	chr2	38841149	1292.0	True		False		6	0	6	-10,649	-2,328	-650,9	-328,2					5	0	5	1	0	1
3209	3209		DEL	chr2	39195896	chr2	39196191	295.0	True		False		6	0	6	-10,251	-2,90	-143,9	-75,2					5	0	5	1	0	1
3212	3212		DEL	chr2	39381593	chr2	39382172	579.0	True		False		5	0	5	-10,344	-2,104	-282,9	-101,2					5	0	5	0	0	0
3233	3233		DEL	chr2	40803114	chr2	40803363	249.0	True		False		5	0	5	-10,104	-3,49	-191,9	-74,2					5	0	5	0	0	0
3236	3236		DEL	chr2	41173646	chr2	41174290	644.0	True		False		5	0	5	-10,600	-2,155	-489,9	-133,2					5	0	5	0	0	0
3238	3238		DEL	chr2	41379285	chr2	41379530	245.0	True		False		5	0	5	-10,71	-2,47	-67,9	-43,2					5	0	5	0	0	0
3242	3242		DEL	chr2	41715910	chr2	41716699	789.0	True		False		7	0	7	-10,625	-2,199	-551,9	-179,2					6	0	6	1	0	1
3245	3245		DEL	chr2	41919504	chr2	41920114	610.0	True		False		5	0	5	-10,384	-2,138	-519,9	-145,2					5	0	5	0	0	0
3249	3249		DEL	chr2	42066932	chr2	42067313	381.0	True		False		5	0	5	-10,125	-2,77	-270,9	-95,2					5	0	5	0	0	0
3068	3068		INV	chr2	42450624	chr2	42450888	264.0	True		False		2	3	5	-10,9	-1,1	-10,9	-1,1					2	3	5	0	0	0
3265	3265		DEL	chr2	42648774	chr2	42649020	246.0	True		False		5	0	5	-10,154	-3,56	-243,9	-87,2					5	0	5	0	0	0
3267	3267		DEL	chr2	42685041	chr2	42686369	1328.0	True		False		5	0	5	-10,649	-2,328	-650,9	-328,2					5	0	5	0	0	0
3268	3268		DEL	chr2	42742927	chr2	42744155	1228.0	True		False		5	0	5	-10,649	-2,328	-650,9	-328,2					5	0	5	0	0	0
3270	3270		DEL	chr2	42807389	chr2	42807863	474.0	True		False		5	0	5	-10,449	-2,125	-449,9	-128,2					5	0	5	0	0	0
3272	3272		DEL	chr2	42850645	chr2	42851348	703.0	True		False		6	0	6	-10,506	-2,182	-616,9	-201,2					6	0	6	0	0	0
3273	3273		DEL	chr2	43016869	chr2	43017511	642.0	True		False		8	0	8	-10,475	-2,138	-621,9	-160,2					8	0	8	0	0	0
3274	3274		DEL	chr2	43017900	chr2	43018328	428.0	True		False		8	0	8	-10,201	-2,100	-349,9	-99,2					8	0	8	0	0	0
3275	3275		DEL	chr2	43096485	chr2	43096818	333.0	True		False		6	0	6	-10,213	-2,136	-332,9	-171,2					5	0	5	1	0	1
3283	3283		DEL	chr2	43348806	chr2	43348994	188.0	True		False		6	0	6	-10,108	-3,48	-187,9	-53,3					6	0	6	0	0	0
3286	3286		DEL	chr2	43707779	chr2	43708973	1194.0	True		False		6	0	6	-10,701	-2,352	-702,9	-352,2					5	0	5	1	0	1
3293	3293		DEL	chr2	44026891	chr2	44027166	275.0	True		False		6	0	6	-10,144	-3,59	-168,9	-51,3					5	0	5	1	0	1
3300	3300		DEL	chr2	44280530	chr2	44280999	469.0	True		False		6	0	6	-10,391	-2,99	-327,9	-106,2					6	0	6	0	0	0
3309	3309		DEL	chr2	44669138	chr2	44669440	302.0	True		False		5	0	5	-10,300	-3,68	-246,9	-67,3					5	0	5	0	0	0
3329	3329		DEL	chr2	45718199	chr2	45718867	668.0	True		False		6	0	6	-10,292	-2,97	-425,9	-103,2					6	0	6	0	0	0
3344	3344		DEL	chr2	46450786	chr2	46451093	307.0	True		False		5	0	5	-10,305	-2,117	-306,9	-136,2					5	0	5	0	0	0
3347	3347		DEL	chr2	46620151	chr2	46620507	356.0	True		False		6	0	6	-10,16	-2,14	-252,9	-73,3					5	0	5	1	0	1
3348	3348		DEL	chr2	46629864	chr2	46630174	310.0	True		False		5	0	5	-10,246	-2,89	-210,9	-72,3					5	0	5	0	0	0
3352	3352		DEL	chr2	47031055	chr2	47031129	74.0	True		False		5	0	5	-10,1	-10,1	-16,9	-13,2					5	0	5	0	0	0
3355	3355		DEL	chr2	47363788	chr2	47364246	458.0	True		False		6	0	6	-10,269	-2,118	-427,9	-124,2					6	0	6	0	0	0
3357	3357		DEL	chr2	47444650	chr2	47445266	616.0	True		False		7	0	7	-10,336	-2,102	-416,9	-98,2					6	0	6	1	0	1
3360	3360		DEL	chr2	47658859	chr2	47659557	698.0	True		False		5	0	5	-10,594	-1,160	-472,9	-131,2					5	0	5	0	0	0
3361	3361		DEL	chr2	47692251	chr2	47692524	273.0	True		False		5	0	5	-10,217	-3,69	-57,9	-33,2					5	0	5	0	0	0
3364	3364		DEL	chr2	47702678	chr2	47703494	816.0	True		False		5	0	5	-10,649	-2,328	-650,9	-328,2					5	0	5	0	0	0
3365	3365		DEL	chr2	47779030	chr2	47779642	612.0	True		False		6	0	6	-10,280	-2,104	-452,9	-103,2					6	0	6	0	0	0
3366	3366		DEL	chr2	47794357	chr2	47794487	130.0	True		False		5	0	5	-10,70	-3,38	-129,9	-74,2					5	0	5	0	0	0
3369	3369		DEL	chr2	47929571	chr2	47930274	703.0	True		False		6	0	6	-10,406	-2,133	-505,9	-149,2					6	0	6	0	0	0
3378	3378		DEL	chr2	48438167	chr2	48438598	431.0	True		False		7	0	7	-10,337	-3,94	-310,9	-107,2					7	0	7	0	0	0
3379	3379		DEL	chr2	48502953	chr2	48503450	497.0	True		False		5	0	5	-10,393	-2,124	-294,9	-138,2					5	0	5	0	0	0
3380	3380		DEL	chr2	48539577	chr2	48540058	481.0	True		False		6	0	6	-10,479	-2,104	-288,9	-95,2					6	0	6	0	0	0
27047	27047_1	27047_2	BND	chr2	49135548	chr17	43223554		False	False	False	True	1	4	5	-8,8	0,0	-8,8	0,0	-8,8	0,0	-8,8	0,0	1	4	5	0	0	0
3386	3386		DEL	chr2	49163107	chr2	49163830	723.0	True		False		5	0	5	-10,553	-2,187	-560,9	-188,2					5	0	5	0	0	0
3390	3390		INV	chr2	49328178	chr2	49328471	293.0	True		False		2	3	5	-3,0	-3,0	-8,0	-8,0					2	3	5	0	0	0
3395	3395		DEL	chr2	49526072	chr2	49526734	662.0	True		False		5	0	5	-10,614	-2,201	-516,9	-183,2					5	0	5	0	0	0
3397	3397		DEL	chr2	49667480	chr2	49668362	882.0	True		False		7	0	7	-10,567	-2,139	-435,9	-121,3					7	0	7	0	0	0
3402	3402		DEL	chr2	50075882	chr2	50076532	650.0	True		False		5	0	5	-10,533	-2,185	-615,9	-201,2					5	0	5	0	0	0
3417	3417		DEL	chr2	50832105	chr2	50832557	452.0	True		False		5	0	5	-10,66	-2,43	-187,9	-73,3					5	0	5	0	0	0
3420	3420		DEL	chr2	51102896	chr2	51103501	605.0	True		False		5	0	5	-10,321	-2,123	-452,9	-146,2					5	0	5	0	0	0
3423	3423		INV	chr2	51516100	chr2	51516411	311.0	True		False		3	2	5	-10,9	-1,1	0,1	0,1					3	2	5	0	0	0
3441	3441_1	3441_2	BND	chr2	53196695	chr2	53196950		True	True	False	True	2	3	5	-10,9	-1,1	-10,9	-1,1	-10,9	-1,1	-10,9	-1,1	2	3	5	0	0	0
3443	3443		INV	chr2	53369851	chr2	53370133	282.0	True		False		3	2	5	-10,9	-1,1	0,9	0,1					3	2	5	0	0	0
3448	3448		DEL	chr2	53571609	chr2	53572138	529.0	True		False		6	0	6	-10,510	-2,89	-173,9	-81,2					6	0	6	0	0	0
3453	3453		DEL	chr2	53816150	chr2	53816676	526.0	True		False		5	0	5	-10,372	-2,134	-511,9	-129,2					5	0	5	0	0	0
3458	3458		INV	chr2	53898015	chr2	53898174	159.0	True		False		3	2	5	-4,9	0,6	-10,3	-6,0					3	2	5	0	0	0
3459	3459		DEL	chr2	53954631	chr2	53955370	739.0	True		False		5	0	5	-10,566	-2,189	-625,9	-204,2					5	0	5	0	0	0
3463	3463		DEL	chr2	54047463	chr2	54048401	938.0	True		False		5	0	5	-10,591	-2,195	-634,9	-206,2					5	0	5	0	0	0
3464	3464		DEL	chr2	54091150	chr2	54091688	538.0	True		False		5	0	5	-10,470	-2,124	-153,9	-100,2					5	0	5	0	0	0
3467	3467		DEL	chr2	54147278	chr2	54147670	392.0	True		False		7	0	7	-10,285	-2,86	-272,9	-72,3					6	0	6	1	0	1
3470	3470		DEL	chr2	54283468	chr2	54284441	973.0	True		False		5	0	5	-10,649	-2,328	-650,9	-328,2					5	0	5	0	0	0
3478	3478		DEL	chr2	54569936	chr2	54570451	515.0	True		False		5	0	5	-10,411	-2,127	-421,9	-135,2					5	0	5	0	0	0
3484	3484		DEL	chr2	54868942	chr2	54869540	598.0	True		False		6	0	6	-10,510	-2,112	-413,9	-123,2					6	0	6	0	0	0
3485	3485		DEL	chr2	55231048	chr2	55231663	615.0	True		False		5	0	5	-10,613	-2,161	-349,9	-124,2					5	0	5	0	0	0
3491	3491		DEL	chr2	55424400	chr2	55424961	561.0	True		False		5	0	5	-10,490	-2,132	-288,9	-129,2					5	0	5	0	0	0
3496	3496		DEL	chr2	55582252	chr2	55582614	362.0	True		False		5	0	5	-10,45	-2,33	-298,9	-70,3					5	0	5	0	0	0
3505	3505		DEL	chr2	56181428	chr2	56182110	682.0	True		False		5	0	5	-10,644	-2,210	-620,9	-202,2					5	0	5	0	0	0
3515	3515_1	3515_2	BND	chr2	57271861	chr2	57285498		True	True	False	True	7	0	7	-10,621	-2,107	-10,285	-3,59	-10,285	-3,59	-10,621	-2,107	6	0	6	1	0	1
27052	27052_1	27052_2	BND	chr2	57729478	chr17	57797703		True	True	False	True	5	0	5	-10,228	-1,92	-649,9	-138,0	-649,9	-138,0	-10,228	-1,92	5	0	5	0	0	0
3518	3518		INV	chr2	57916773	chr2	57916869	96.0	True		False		3	2	5	-10,3	-3,3	-10,9	-2,3					3	2	5	0	0	0
3523	3523		DEL	chr2	58252442	chr2	58253356	914.0	True		False		6	0	6	-10,607	-2,199	-531,9	-184,2					6	0	6	0	0	0
3071	3071		DEL	chr2	58375781	chr2	58376105	324.0	True		False		5	0	5	-10,181	-3,65	-266,9	-74,3					5	0	5	0	0	0
3524	3524		DEL	chr2	58407281	chr2	58407850	569.0	True		False		5	0	5	-10,271	-1,138	-474,9	-126,2					5	0	5	0	0	0
3526	3526		DEL	chr2	58753506	chr2	58754004	498.0	True		False		5	0	5	-10,65	-2,46	-36,9	-27,2					5	0	5	0	0	0
3528	3528		DEL	chr2	58892823	chr2	58893252	429.0	True		False		6	0	6	-10,196	-3,70	-416,9	-91,2					6	0	6	0	0	0
3532	3532_1	3532_2	BND	chr2	59860912	chr2	59861210		True	True	False	True	2	3	5	-10,9	-1,1	-9,9	-1,1	-9,9	-1,1	-10,9	-1,1	2	3	5	0	0	0
3534	3534		DEL	chr2	59898361	chr2	59898947	586.0	True		False		6	0	6	-10,375	-2,124	-117,9	-74,2					6	0	6	0	0	0
3536	3536		DEL	chr2	59951045	chr2	59951292	247.0	True		False		5	0	5	-10,245	-2,96	-181,9	-82,2					5	0	5	0	0	0
3537	3537		DEL	chr2	60072741	chr2	60073412	671.0	True		False		5	0	5	-10,565	-2,143	-409,9	-125,2					5	0	5	0	0	0
3547	3547		DEL	chr2	60750910	chr2	60751804	894.0	True		False		5	0	5	-10,649	-2,328	-650,9	-328,2					5	0	5	0	0	0
3550	3550		DEL	chr2	60838507	chr2	60839129	622.0	True		False		5	0	5	-10,472	-2,180	-546,9	-186,2					5	0	5	0	0	0
3551	3551		DEL	chr2	60842514	chr2	60843102	588.0	True		False		5	0	5	-10,408	-2,124	-415,9	-146,2					5	0	5	0	0	0
3552	3552		DEL	chr2	60852633	chr2	60853487	854.0	True		False		5	0	5	-10,585	-2,153	-462,9	-140,2					5	0	5	0	0	0
3556	3556		DEL	chr2	61254784	chr2	61255138	354.0	True		False		5	0	5	-8,0	-8,0	-227,9	-80,2					5	0	5	0	0	0
3559	3559		DEL	chr2	61608695	chr2	61609416	721.0	True		False		5	0	5	-10,564	-2,189	-628,9	-204,2					5	0	5	0	0	0
3562	3562		DEL	chr2	61746937	chr2	61747569	632.0	True		False		6	0	6	-10,470	-2,124	-245,9	-125,2					6	0	6	0	0	0
3564	3564		DEL	chr2	61819425	chr2	61821103	1678.0	True		False		6	0	6	-10,649	-2,328	-650,9	-328,2					5	0	5	1	0	1
3571	3571		DEL	chr2	62106492	chr2	62107146	654.0	True		False		6	0	6	-10,649	-2,328	-650,9	-328,2					5	0	5	1	0	1
3579	3579		DEL	chr2	62244180	chr2	62244629	449.0	True		False		5	0	5	-10,154	-2,86	-448,9	-109,2					5	0	5	0	0	0
3580	3580		DEL	chr2	62373047	chr2	62373107	60.0	True		False		5	0	5	-10,58	-2,44	-40,9	-29,2					5	0	5	0	0	0
3584	3584		DEL	chr2	62513842	chr2	62514407	565.0	True		False		5	0	5	-10,563	-2,194	-456,9	-179,2					5	0	5	0	0	0
3588	3588		INV	chr2	62740196	chr2	62740546	350.0	True		False		3	2	5	-10,9	-1,1	-10,9	-1,1					3	2	5	0	0	0
3591	3591		DEL	chr2	62882590	chr2	62882882	292.0	True		False		6	0	6	-10,49	-3,22	-291,9	-60,3					6	0	6	0	0	0
3595	3595		DEL	chr2	63322005	chr2	63322865	860.0	True		False		5	0	5	-10,612	-2,200	-611,9	-200,2					5	0	5	0	0	0
3596	3596		DEL	chr2	63358476	chr2	63359412	936.0	True		False		6	0	6	-10,649	-2,328	-650,9	-328,2					6	0	6	0	0	0
27263	27263_1	27263_2	BND	chr2	63711217	chrX	148098146		False	False	False	True	1	4	5	-8,8	0,0	-9,6	0,0	-9,6	0,0	-8,8	0,0	1	4	5	0	0	0
3072	3072		DEL	chr2	63848152	chr2	63848568	416.0	True		False		5	0	5	-10,375	-2,92	-145,9	-65,3					5	0	5	0	0	0
3709	3709_1	3709_2	BND	chr2	64078149	chr2	67334411		True	True	False	True	9	0	9	-548,9	-79,2	-249,9	-48,3	-249,9	-48,3	-548,9	-79,2	9	0	9	0	0	0
3648	3648		DEL	chr2	64282736	chr2	64282917	181.0	True		False		5	0	5	0,0	0,0	-148,9	-55,3					5	0	5	0	0	0
3649	3649		DEL	chr2	64283188	chr2	64283952	764.0	True		False		5	0	5	-10,613	-2,160	-567,9	-142,2					5	0	5	0	0	0
3651	3651		DEL	chr2	64372760	chr2	64373523	763.0	True		False		5	0	5	-10,616	-2,201	-623,9	-203,2					5	0	5	0	0	0
3657	3657		DEL	chr2	64646388	chr2	64646659	271.0	True		False		5	0	5	-10,192	-2,72	-227,9	-65,3					5	0	5	0	0	0
3662	3662		DEL	chr2	64828559	chr2	64829510	951.0	True		False		6	0	6	-10,592	-2,195	-341,9	-170,2					6	0	6	0	0	0
3664	3664		DEL	chr2	64854003	chr2	64854610	607.0	True		False		5	0	5	-10,540	-2,135	-318,9	-123,2					5	0	5	0	0	0
3670	3670		DEL	chr2	65189574	chr2	65190106	532.0	True		False		5	0	5	-10,7	-2,7	-426,9	-100,2					5	0	5	0	0	0
3671	3671		DEL	chr2	65244550	chr2	65244931	381.0	True		False		6	0	6	-10,312	-2,105	-202,9	-84,3					5	0	5	1	0	1
3672	3672		DEL	chr2	65306851	chr2	65307488	637.0	True		False		5	0	5	-10,533	-2,140	-340,9	-144,1					5	0	5	0	0	0
3678	3678		DEL	chr2	65426885	chr2	65427535	650.0	True		False		5	0	5	-10,101	-2,67	-469,9	-127,2					5	0	5	0	0	0
3679	3679		DEL	chr2	65460879	chr2	65461187	308.0	True		False		4	1	5	-10,9	-3,3	-10,9	-3,3					4	1	5	0	0	0
3680	3680		DEL	chr2	65543092	chr2	65543345	253.0	True		False		6	0	6	-10,214	-3,63	-193,9	-52,3					5	0	5	1	0	1
26763	26763_1	26763_2	BND	chr2	65587845	chr7	52825233		False	False	False	True	1	4	5	-9,6	0,0	-9,6	0,0	-9,6	0,0	-9,6	0,0	1	4	5	0	0	0
3689	3689		DEL	chr2	65775471	chr2	65775891	420.0	True		False		6	0	6	-10,306	-2,121	-419,9	-129,2					5	0	5	1	0	1
3692	3692		DEL	chr2	66228544	chr2	66229243	699.0	True		False		5	0	5	-10,566	-2,189	-521,9	-183,2					5	0	5	0	0	0
26942	26942_1	26942_2	BND	chr2	66773550	chr13	30036432		True	True	False	True	7	0	7	-631,9	-110,2	-344,9	-68,3	-344,9	-68,3	-631,9	-110,2	6	0	6	1	0	1
26716	26716_1	26716_2	BND	chr2	67189684	chr6	21252652		True	True	False	True	7	0	7	-71,9	-43,2	-9,496	-1,113	-9,496	-1,113	-71,9	-43,2	6	0	6	1	0	1
3704	3704		DEL	chr2	67215252	chr2	67215538	286.0	True		False		6	0	6	-10,227	-3,57	-230,9	-56,3					6	0	6	0	0	0
3705	3705		INV	chr2	67218028	chr2	67218322	294.0	True		False		2	3	5	-10,9	-1,1	-10,9	-1,1					2	3	5	0	0	0
3707	3707		DEL	chr2	67260559	chr2	67260833	274.0	True		False		6	0	6	-10,124	-2,64	-78,9	-41,2					6	0	6	0	0	0
3711	3711		DEL	chr2	67419684	chr2	67420167	483.0	True		False		5	0	5	-10,459	-2,126	-482,9	-140,2					5	0	5	0	0	0
27264	27264_1	27264_2	BND	chr2	67519642	chrX	150337916		False	False	False	True	1	4	5	-9,6	0,0	-9,6	0,0	-9,6	0,0	-9,6	0,0	1	4	5	0	0	0
3718	3718		DEL	chr2	67824779	chr2	67825426	647.0	True		False		5	0	5	-10,534	-2,137	-512,9	-133,2					5	0	5	0	0	0
3719	3719		DEL	chr2	67835355	chr2	67835699	344.0	True		False		6	0	6	-10,54	-2,39	-182,9	-93,2					6	0	6	0	0	0
3726	3726		DEL	chr2	68118088	chr2	68118819	731.0	True		False		6	0	6	-10,558	-2,149	-519,9	-138,2					6	0	6	0	0	0
3732	3732		DEL	chr2	68571846	chr2	68572939	1093.0	True		False		5	0	5	-10,649	-2,328	-650,9	-328,2					5	0	5	0	0	0
3733	3733		DEL	chr2	68669396	chr2	68669520	124.0	True		False		4	1	5	-10,9	-3,3	-10,9	-3,3					4	1	5	0	0	0
3735	3735		DEL	chr2	68747872	chr2	68748575	703.0	True		False		5	0	5	-10,574	-2,191	-552,9	-187,2					5	0	5	0	0	0
3736	3736		DEL	chr2	68771532	chr2	68772899	1367.0	True		False		5	0	5	-10,649	-2,328	-650,9	-328,2					5	0	5	0	0	0
3739	3739		DEL	chr2	68852253	chr2	68852695	442.0	True		False		5	0	5	-10,268	-3,70	-396,9	-82,3					5	0	5	0	0	0
3751	3751		DEL	chr2	69489597	chr2	69490083	486.0	True		False		5	0	5	-10,478	-2,126	-428,9	-124,2					5	0	5	0	0	0
3752	3752		DEL	chr2	69531184	chr2	69531707	523.0	True		False		7	0	7	-10,402	-2,127	-522,9	-134,2					6	0	6	1	0	1
3754	3754		DEL	chr2	69562856	chr2	69563148	292.0	True		False		5	0	5	-10,144	-3,61	-3,9	-3,3					5	0	5	0	0	0
3755	3755		DEL	chr2	69597211	chr2	69597967	756.0	True		False		6	0	6	-10,644	-2,210	-645,9	-210,2					6	0	6	0	0	0
3756	3756		DEL	chr2	69627941	chr2	69628850	909.0	True		False		6	0	6	-10,596	-2,196	-630,9	-205,2					6	0	6	0	0	0
3757	3757		DEL	chr2	69704875	chr2	69705612	737.0	True		False		5	0	5	-10,566	-2,189	-627,9	-204,2					5	0	5	0	0	0
3759	3759		DEL	chr2	69773154	chr2	69773620	466.0	True		False		6	0	6	-10,420	-3,111	-322,9	-122,2					5	0	5	1	0	1
3760	3760		DEL	chr2	69831010	chr2	69831807	797.0	True		False		6	0	6	-10,649	-2,205	-552,9	-179,2					5	0	5	1	0	1
3763	3763		DEL	chr2	70075739	chr2	70076176	437.0	True		False		5	0	5	-10,358	-2,101	-330,9	-102,2					5	0	5	0	0	0
3766	3766		DEL	chr2	70215427	chr2	70215729	302.0	True		False		5	0	5	-10,300	-2,83	-109,9	-54,3					5	0	5	0	0	0
3768	3768		DEL	chr2	70269773	chr2	70270220	447.0	True		False		5	0	5	-10,445	-2,109	-199,9	-84,3					5	0	5	0	0	0
3772	3772		DEL	chr2	70567628	chr2	70568173	545.0	True		False		6	0	6	-10,531	-2,139	-384,9	-135,2					6	0	6	0	0	0
3604	3604		DEL	chr2	70648066	chr2	70648202	136.0	True		False		6	0	6	-10,9	-2,9	0,4	0,2					6	0	6	0	0	0
3773	3773		DEL	chr2	70696540	chr2	70697124	584.0	True		False		5	0	5	-10,521	-2,183	-583,9	-200,2					5	0	5	0	0	0
3779	3779		DEL	chr2	70816539	chr2	70816837	298.0	True		False		5	1	6	-10,9	-3,3	-10,9	-3,3					4	1	5	1	0	1
3780	3780		DEL	chr2	70913537	chr2	70914088	551.0	True		False		7	0	7	-10,460	-1,100	-340,9	-80,3					7	0	7	0	0	0
3610	3610		DEL	chr2	71073090	chr2	71073540	450.0	True		False		5	0	5	-10,448	-2,132	-445,9	-127,2					5	0	5	0	0	0
3783	3783		DEL	chr2	71111815	chr2	71112803	988.0	True		False		5	0	5	-10,649	-2,328	-650,9	-328,2					5	0	5	0	0	0
3801	3801		DEL	chr2	71806242	chr2	71806872	630.0	True		False		5	0	5	-10,515	-2,145	-374,9	-145,2					5	0	5	0	0	0
26592	26592_1	26592_2	BND	chr2	72189200	chr4	54354801		False	False	False	True	1	4	5	-9,6	0,0	-9,6	0,0	-9,6	0,0	-9,6	0,0	1	4	5	0	0	0
3810	3810		DEL	chr2	72319945	chr2	72320694	749.0	True		False		5	0	5	-10,561	-2,189	-552,9	-187,2					5	0	5	0	0	0
3818	3818		DEL	chr2	73052803	chr2	73053239	436.0	True		False		5	0	5	-10,291	-3,92	-341,9	-102,2					5	0	5	0	0	0
3823	3823		DEL	chr2	73229567	chr2	73230135	568.0	True		False		5	0	5	-10,530	-2,184	-543,9	-186,2					5	0	5	0	0	0
3825	3825		DEL	chr2	73371845	chr2	73372578	733.0	True		False		6	0	6	-10,518	-3,173	-633,9	-202,2					5	0	5	1	0	1
3827	3827		DEL	chr2	73523943	chr2	73524296	353.0	True		False		6	0	6	-10,122	-2,68	-254,9	-102,2					6	0	6	0	0	0
3835	3835		DEL	chr2	73864509	chr2	73865024	515.0	True		False		6	0	6	-10,83	-2,50	-429,9	-115,2					5	0	5	1	0	1
3850	3850		DEL	chr2	74447631	chr2	74448331	700.0	True		False		6	0	6	-10,346	-2,170	-608,9	-199,2					6	0	6	0	0	0
26932	26932_1	26932_2	BND	chr2	74561064	chr12	126832059		True	True	False	True	8	0	8	-609,9	-101,1	-381,9	-48,3	-381,9	-48,3	-609,9	-101,1	7	0	7	1	0	1
3855	3855		DEL	chr2	74598049	chr2	74598688	639.0	True		False		6	0	6	-10,589	-2,147	-519,9	-136,2					5	0	5	1	0	1
3859	3859		DEL	chr2	74774245	chr2	74774526	281.0	True		False		2	3	5	-10,9	-1,1	-10,9	-1,1					2	3	5	0	0	0
3865	3865		INV	chr2	75231106	chr2	75231351	245.0	True		False		4	1	5	-10,9	-3,1	-10,8	-3,1					4	1	5	0	0	0
3871	3871		DEL	chr2	75493453	chr2	75493712	259.0	True		False		6	0	6	-10,39	-2,27	-201,9	-65,3					5	0	5	1	0	1
3876	3876		INV	chr2	75643010	chr2	75643310	300.0	True		False		3	2	5	-10,9	-1,1	-10,9	-1,1					3	2	5	0	0	0
3880	3880		DEL	chr2	76235333	chr2	76235636	303.0	True		False		5	0	5	-10,208	-3,75	-140,9	-69,1					5	0	5	0	0	0
3884	3884		DEL	chr2	76390318	chr2	76390873	555.0	True		False		5	0	5	-10,479	-2,101	-309,9	-111,2					5	0	5	0	0	0
3888	3888		DEL	chr2	76566979	chr2	76567431	452.0	True		False		5	0	5	-10,230	-3,68	0,0	0,0					5	0	5	0	0	0
3895	3895		DEL	chr2	77631690	chr2	77632148	458.0	True		False		5	0	5	-10,379	-2,138	-273,9	-119,2					5	0	5	0	0	0
3899	3899		DEL	chr2	77964911	chr2	77965451	540.0	True		False		6	0	6	-10,490	-2,140	-388,9	-130,2					6	0	6	0	0	0
3900	3900_1	3900_2	BND	chr2	77992210	chr2	77992336		True	True	False	True	3	2	5	-10,8	-1,0	-10,9	-1,1	-10,9	-1,1	-10,8	-1,0	3	2	5	0	0	0
3902	3902		DEL	chr2	78116266	chr2	78116523	257.0	True		False		5	0	5	-10,130	-2,77	-185,9	-108,2					5	0	5	0	0	0
3903	3903		DEL	chr2	78297013	chr2	78297623	610.0	True		False		5	0	5	-10,119	-2,74	-218,9	-115,2					5	0	5	0	0	0
3906	3906		DEL	chr2	78559712	chr2	78560269	557.0	True		False		6	0	6	-10,473	-2,124	-187,9	-85,2					5	0	5	1	0	1
3929	3929		DEL	chr2	80227469	chr2	80227621	152.0	True		False		7	0	7	-10,141	-2,84	-131,9	-84,2					7	0	7	0	0	0
3931	3931		INV	chr2	80267078	chr2	80267613	535.0	True		False		2	3	5	-10,9	-1,1	-10,7	-2,0					2	3	5	0	0	0
3932	3932		DEL	chr2	80337304	chr2	80337940	636.0	True		False		5	0	5	-10,276	-2,133	-568,9	-152,2					5	0	5	0	0	0
3941	3941		DEL	chr2	81069306	chr2	81069784	478.0	True		False		6	0	6	-10,309	-3,72	-441,9	-67,3					5	0	5	1	0	1
3947	3947		DEL	chr2	81851408	chr2	81851974	566.0	True		False		5	0	5	-10,480	-2,137	-345,9	-130,2					5	0	5	0	0	0
3948	3948		DEL	chr2	81875320	chr2	81876167	847.0	True		False		5	0	5	-10,349	-2,171	-581,9	-192,2					5	0	5	0	0	0
3954	3954		DEL	chr2	82547240	chr2	82548138	898.0	True		False		5	0	5	-10,591	-2,195	-615,9	-201,2					5	0	5	0	0	0
26770	26770_1	26770_2	BND	chr2	83819149	chr7	87661407		False	False	False	True	2	4	6	-10,9	0,0	-10,9	0,0	-10,9	0,0	-10,9	0,0	2	4	6	0	0	0
3969	3969		DEL	chr2	84422623	chr2	84423221	598.0	True		False		8	0	8	-10,505	-2,114	-438,9	-112,2					8	0	8	0	0	0
3977	3977		DEL	chr2	84954249	chr2	84954858	609.0	True		False		5	0	5	-10,516	-2,147	-381,9	-125,2					5	0	5	0	0	0
3989	3989_1	3989_2	BND	chr2	85316263	chr2	85343457		True	True	False	True	5	0	5	-10,221	-2,86	-10,553	-2,114	-10,553	-2,114	-10,221	-2,86	5	0	5	0	0	0
3987	3987		DEL	chr2	85329644	chr2	85330171	527.0	True		False		5	0	5	-10,365	-2,112	-442,9	-103,2					5	0	5	0	0	0
3997	3997		DEL	chr2	85658034	chr2	85658697	663.0	True		False		5	0	5	-10,585	-2,146	-488,9	-149,1					5	0	5	0	0	0
26922	26922_1	26922_2	BND	chr2	85669581	chr12	98564045		True	True	False	True	1	4	5	-8,8	0,0	-10,6	-1,0	-10,6	-1,0	-8,8	0,0	1	4	5	0	0	0
4001	4001		DEL	chr2	85875898	chr2	85876498	600.0	True		False		5	0	5	-10,345	-2,115	-110,9	-75,2					5	0	5	0	0	0
4006	4006		DEL	chr2	86183197	chr2	86183814	617.0	True		False		6	0	6	-10,472	-2,138	-616,9	-165,0					6	0	6	0	0	0
4009	4009		DEL	chr2	86355271	chr2	86355398	127.0	True		False		6	0	6	-10,24	-2,19	-126,9	-52,3					6	0	6	0	0	0
4010	4010_1	4010_2	BND	chr2	86374172	chr2	86374400		True	True	False	True	2	3	5	-10,9	-1,0	-10,8	-1,0	-10,8	-1,0	-10,9	-1,0	2	3	5	0	0	0
4015	4015		DEL	chr2	86608239	chr2	86608358	119.0	True		False		4	2	6	-10,9	-1,1	-10,9	-1,1					4	2	6	0	0	0
4016	4016		DEL	chr2	86613162	chr2	86613709	547.0	True		False		5	0	5	-10,428	-2,83	-510,9	-92,2					5	0	5	0	0	0
4408	4408_1	4408_2	BND	chr2	87295586	chr2	111566078		True	True	False	True	6	0	6	-10,516	-2,100	-10,505	-2,89	-10,505	-2,89	-10,516	-2,100	5	0	5	1	0	1
4019	4019		DUP	chr2	87398292	chr2	87406891	8599.0	True		False		5	0	5	-618,9	-123,1	-10,593	-1,136					5	0	5	0	0	0
4406	4406_1	4406_2	BND	chr2	87641225	chr2	111309655		True	True	False	True	7	0	7	-564,9	-98,2	-500,9	-110,1	-500,9	-110,1	-564,9	-98,2	7	0	7	0	0	0
4426	4426_1	4426_2	BND	chr2	87967258	chr2	112287781		True	True	False	True	7	0	7	-490,9	-96,2	-527,9	-84,2	-527,9	-84,2	-490,9	-96,2	6	0	6	1	0	1
4036	4036		DEL	chr2	88162509	chr2	88163036	527.0	True		False		5	0	5	-10,384	-3,75	-231,9	-75,3					5	0	5	0	0	0
4037	4037		DEL	chr2	88351208	chr2	88352117	909.0	True		False		5	0	5	-10,649	-2,328	-650,9	-328,2					5	0	5	0	0	0
4040	4040		DEL	chr2	88590023	chr2	88590564	541.0	True		False		5	0	5	-10,472	-2,143	-498,9	-130,2					5	0	5	0	0	0
26860	26860_1	26860_2	BND	chr2	89828605	chr10	41873756		True	True	False	True	3	2	5	-3,9	-1,2	-10,9	-1,1	-10,9	-1,1	-3,9	-1,2	3	2	5	0	0	0
4385	4385_1	4385_2	BND	chr2	89828709	chr2	109199507		True	True	False	True	7	0	7	-7,510	-1,112	-10,642	-2,113	-10,642	-2,113	-7,510	-1,112	6	0	6	1	0	1
26865	26865_1	26865_2	BND	chr2	89831105	chr10	41909115		True	True	False	True	5	0	5	-10,564	-2,121	-10,558	-2,114	-10,558	-2,114	-10,564	-2,121	5	0	5	0	0	0
26640	26640_1	26640_2	BND	chr2	89832512	chr5	49602242		True	True	False	True	5	0	5	-10,52	-2,38	-10,501	-2,88	-10,501	-2,88	-10,52	-2,38	5	0	5	0	0	0
26681	26681_1	26681_2	BND	chr2	89833413	chr5	49661360		True	True	False	True	11	0	11	-10,336	-2,74	-343,9	-60,2	-343,9	-60,2	-10,336	-2,74	10	0	10	1	0	1
26586	26586_1	26586_2	BND	chr2	89837131	chr4	49634404		True	True	False	True	5	0	5	-648,9	-138,0	-10,586	-1,133	-10,586	-1,133	-648,9	-138,0	5	0	5	0	0	0
27193	27193_1	27193_2	BND	chr2	89838195	chr21	10692901		True	True	False	True	7	0	7	-10,504	-2,86	-10,550	-1,120	-10,550	-1,120	-10,504	-2,86	6	0	6	1	0	1
26648	26648_1	26648_2	BND	chr2	89838901	chr5	49601500		True	True	False	True	6	1	7	-10,9	-3,3	-10,9	-2,3	-10,9	-2,3	-10,9	-3,3	5	1	6	1	0	1
26668	26668_1	26668_2	BND	chr2	89839651	chr5	49659775		True	True	False	True	9	0	9	-423,9	-98,2	-408,9	-77,2	-408,9	-77,2	-423,9	-98,2	8	0	8	1	0	1
4064	4064		DEL	chr2	89847748	chr2	89848486	738.0	True		False		5	0	5	-10,556	-2,188	-607,9	-198,2					5	0	5	0	0	0
4099	4099		DUP	chr2	90380656	chr2	90398775	18119.0	True		False		8	0	8	-294,9	-83,2	-10,15	-3,11					7	0	7	1	0	1
4070	4070		DUP	chr2	90381794	chr2	90382457	663.0	True		False		8	0	8	-378,9	-86,1	-8,436	0,89					7	0	7	1	0	1
4083	4083		DEL	chr2	90381962	chr2	90394160	12198.0	True		False		6	0	6	-10,540	-1,123	-632,9	-126,1					6	0	6	0	0	0
4071	4071		DUP	chr2	90382044	chr2	90385987	3943.0	True		False		11	0	11	-356,9	-70,2	-4,370	0,96					10	0	10	1	0	1
4072	4072		DUP	chr2	90384113	chr2	90386260	2147.0	True		False		9	0	9	-108,9	-45,3	-10,320	-3,46					8	0	8	1	0	1
26764	26764_1	26764_2	BND	chr2	90400225	chr7	62337410		True	True	False	True	7	0	7	-10,478	-2,98	-587,9	-95,1	-587,9	-95,1	-10,478	-2,98	6	0	6	1	0	1
4106	4106		DUP	chr2	91407613	chr2	91409343	1730.0	True		False		10	0	10	-369,9	-64,2	-10,585	-2,84					9	0	9	1	0	1
4115	4115		DEL	chr2	91526934	chr2	91527793	859.0	True		False		9	0	9	-10,550	-2,76	-559,9	-84,1					8	0	8	1	0	1
26870	26870_1	26870_2	BND	chr2	91990684	chr10	42226569		True	True	False	True	6	0	6	-10,538	-1,108	-10,533	-2,112	-10,533	-2,112	-10,538	-1,108	5	0	5	1	0	1
27136	27136_1	27136_2	BND	chr2	92202349	chr20	27295068		True	True	False	True	14	0	14	-10,254	-2,49	-585,9	-70,2	-585,9	-70,2	-10,254	-2,49	14	0	14	0	0	0
4126	4126		DEL	chr2	92975207	chr2	93774960	799753.0	True		False		12	0	12	-10,320	-2,73	-340,9	-87,1					12	0	12	0	0	0
4125	4125		DUP	chr2	93315315	chr2	93680566	365251.0	True		False		6	0	6	-563,9	-114,2	-10,500	-2,88					5	0	5	1	0	1
4128	4128		DUP	chr2	93574660	chr2	93889820	315160.0	True		False		6	0	6	-605,9	-116,1	-10,541	-1,120					6	0	6	0	0	0
4130	4130		DUP	chr2	93774899	chr2	94087276	312377.0	True		False		8	0	8	-557,9	-88,2	-10,409	-2,76					7	0	7	1	0	1
4133	4133		DEL	chr2	94537328	chr2	94538616	1288.0	True		False		7	0	7	-10,473	-2,96	-474,9	-84,2					6	0	6	1	0	1
27149	27149_1	27149_2	BND	chr2	94646700	chr20	45724996		False	False	False	True	1	6	7	-6,4	0,0	-10,9	0,0	-10,9	0,0	-6,4	0,0	1	5	6	0	1	1
26761	26761_1	26761_2	BND	chr2	95109977	chr7	45013068		False	False	False	True	1	4	5	-9,6	0,0	-8,8	0,0	-8,8	0,0	-9,6	0,0	1	4	5	0	0	0
3621	3621		DEL	chr2	95370952	chr2	95371331	379.0	True		False		5	0	5	-10,306	-2,88	-33,9	-24,2					5	0	5	0	0	0
4150	4150		DEL	chr2	96231274	chr2	96231391	117.0	True		False		5	1	6	-10,9	-3,3	-10,9	-3,3					4	1	5	1	0	1
4151	4151		DEL	chr2	96242703	chr2	96243069	366.0	True		False		7	0	7	-10,237	-3,74	-106,9	-59,2					7	0	7	0	0	0
3622	3622		DEL	chr2	96484886	chr2	96485631	745.0	True		False		5	0	5	-10,534	-2,185	-602,9	-197,2					5	0	5	0	0	0
4157	4157		DEL	chr2	96631908	chr2	96632541	633.0	True		False		5	0	5	-10,422	-2,177	-510,9	-182,2					5	0	5	0	0	0
4159	4159		DEL	chr2	96684280	chr2	96684430	150.0	True		False		5	0	5	-10,22	-2,16	-1,7	-1,4					5	0	5	0	0	0
27082	27082_1	27082_2	BND	chr2	97081769	chr18	66567333		False	False	False	True	1	4	5	-8,8	0,0	-8,8	0,0	-8,8	0,0	-8,8	0,0	1	4	5	0	0	0
4170	4170		DEL	chr2	98008538	chr2	98009344	806.0	True		False		7	0	7	-10,435	-2,138	-407,9	-127,2					7	0	7	0	0	0
4171	4171_1	4171_2	BND	chr2	98078961	chr2	98079071		True	True	False	True	3	2	5	-10,9	-1,1	-10,9	-1,1	-10,9	-1,1	-10,9	-1,1	3	2	5	0	0	0
4172	4172		DEL	chr2	98144908	chr2	98145098	190.0	True		False		5	0	5	-10,161	-2,88	-36,9	-27,2					5	0	5	0	0	0
4179	4179		DEL	chr2	98335134	chr2	98335678	544.0	True		False		6	0	6	-10,316	-2,132	-531,9	-121,2					5	0	5	1	0	1
4182	4182		DEL	chr2	98461666	chr2	98462469	803.0	True		False		5	0	5	-10,628	-2,205	-606,9	-198,2					5	0	5	0	0	0
4187	4187		DEL	chr2	98603103	chr2	98603715	612.0	True		False		5	0	5	-10,511	-2,117	-156,9	-92,1					5	0	5	0	0	0
4192	4192		DEL	chr2	98746799	chr2	98747382	583.0	True		False		6	0	6	-10,185	-2,78	-244,9	-69,3					5	0	5	1	0	1
4202	4202		DEL	chr2	99128377	chr2	99128969	592.0	True		False		5	0	5	-10,552	-2,187	-591,9	-197,2					5	0	5	0	0	0
26733	26733_1	26733_2	BND	chr2	99252247	chr6	118721990		True	True	False	True	9	0	9	-366,9	-49,3	-8,431	-1,104	-8,431	-1,104	-366,9	-49,3	8	0	8	1	0	1
4211	4211		DEL	chr2	99700934	chr2	99701249	315.0	True		False		5	0	5	-10,313	-2,102	-7,9	-6,2					5	0	5	0	0	0
4218	4218		DEL	chr2	100135610	chr2	100136320	710.0	True		False		7	0	7	-10,598	-2,196	-611,9	-200,2					7	0	7	0	0	0
4223	4223		DEL	chr2	100290756	chr2	100291251	495.0	True		False		5	0	5	-10,476	-2,132	-487,9	-126,2					5	0	5	0	0	0
4224	4224		DEL	chr2	100397085	chr2	100397458	373.0	True		False		6	0	6	-10,353	-2,104	-298,9	-92,3					6	0	6	0	0	0
4226	4226		DEL	chr2	100465704	chr2	100466407	703.0	True		False		5	0	5	-10,426	-2,147	-612,9	-155,2					5	0	5	0	0	0
4234	4234		DEL	chr2	100811697	chr2	100812231	534.0	True		False		7	0	7	-10,532	-2,139	-501,9	-129,2					6	0	6	1	0	1
4241	4241		DEL	chr2	101245455	chr2	101245832	377.0	True		False		5	0	5	-10,272	-3,90	-86,9	-53,2					5	0	5	0	0	0
4242	4242		DEL	chr2	101248756	chr2	101249006	250.0	True		False		6	0	6	-10,194	-3,70	-183,9	-93,2					5	0	5	1	0	1
4248	4248		DEL	chr2	101345281	chr2	101346045	764.0	True		False		5	0	5	-10,638	-2,208	-511,9	-183,2					5	0	5	0	0	0
4254	4254		DEL	chr2	101507005	chr2	101507291	286.0	True		False		5	0	5	-10,198	-2,95	-124,9	-72,2					5	0	5	0	0	0
4255	4255		DEL	chr2	101660246	chr2	101660854	608.0	True		False		5	0	5	-10,542	-2,151	-490,9	-148,2					5	0	5	0	0	0
27043	27043_1	27043_2	BND	chr2	101785660	chr17	20755256		False	False	False	True	1	7	8	-5,3	0,0	-6,4	0,0	-6,4	0,0	-5,3	0,0	1	7	8	0	0	0
4262	4262		DEL	chr2	101928222	chr2	101928742	520.0	True		False		5	0	5	-10,509	-2,108	-57,9	-41,2					5	0	5	0	0	0
4264	4264		DEL	chr2	101961012	chr2	101961472	460.0	True		False		5	0	5	-10,283	-2,95	-378,9	-105,2					5	0	5	0	0	0
4273	4273		DEL	chr2	102530209	chr2	102530628	419.0	True		False		5	0	5	-10,5	-3,5	-348,9	-106,2					5	0	5	0	0	0
4276	4276		DEL	chr2	102701426	chr2	102701615	189.0	True		False		5	0	5	-10,101	-3,49	-11,9	-9,2					5	0	5	0	0	0
4282	4282		DEL	chr2	103179843	chr2	103179908	65.0	True		False		5	0	5	-10,16	-3,11	-12,9	-10,2					5	0	5	0	0	0
4290	4290		DEL	chr2	103501879	chr2	103502332	453.0	True		False		5	0	5	-10,64	-2,44	-215,9	-100,2					5	0	5	0	0	0
4295	4295		DEL	chr2	104097203	chr2	104097407	204.0	True		False		6	0	6	-10,17	-2,15	-116,9	-59,2					6	0	6	0	0	0
4299	4299		DEL	chr2	104569007	chr2	104569260	253.0	True		False		5	0	5	-10,63	-3,39	-252,9	-71,3					5	0	5	0	0	0
4302	4302		INV	chr2	104769981	chr2	104770085	104.0	True		False		2	3	5	-9,3	-2,1	-10,2	-2,1					2	3	5	0	0	0
4304	4304		DEL	chr2	104898529	chr2	104899297	768.0	True		False		6	0	6	-10,562	-2,141	-482,9	-149,1					6	0	6	0	0	0
3626	3626		DEL	chr2	105201292	chr2	105202013	721.0	True		False		6	0	6	-10,647	-2,203	-634,9	-202,2					5	0	5	1	0	1
4319	4319		DEL	chr2	105433612	chr2	105433754	142.0	True		False		5	0	5	-10,26	-2,20	-109,9	-61,2					5	0	5	0	0	0
4322	4322		DEL	chr2	105559107	chr2	105559120	13.0	True		False		6	0	6	-5,0	-5,0	-7,9	-7,1					5	0	5	1	0	1
4324	4324		DEL	chr2	105584869	chr2	105584944	75.0	True		False		5	0	5	-10,73	-2,54	-74,9	-38,3					5	0	5	0	0	0
4331	4331		DEL	chr2	105877267	chr2	105877465	198.0	True		False		5	0	5	-10,116	-3,53	-117,9	-55,3					5	0	5	0	0	0
4332	4332		DEL	chr2	105929255	chr2	105929586	331.0	True		False		5	0	5	-10,329	-2,139	-148,9	-88,2					5	0	5	0	0	0
4336	4336		DEL	chr2	106007177	chr2	106007692	515.0	True		False		5	0	5	-10,382	-2,106	-477,9	-99,2					5	0	5	0	0	0
27055	27055_1	27055_2	BND	chr2	106289415	chr17	78143020		True	True	False	True	7	0	7	-9,490	0,117	-517,9	-77,2	-517,9	-77,2	-9,490	0,117	7	0	7	0	0	0
4414	4414_1	4414_2	BND	chr2	106368093	chr2	111866638		True	True	False	True	5	0	5	-600,9	-120,2	-554,9	-105,2	-554,9	-105,2	-600,9	-120,2	5	0	5	0	0	0
4413	4413_1	4413_2	BND	chr2	106368317	chr2	111866355		True	True	False	True	10	0	10	-10,373	-2,88	-10,380	-1,70	-10,380	-1,70	-10,373	-2,88	9	0	9	1	0	1
27265	27265_1	27265_2	BND	chr2	106758159	chrX	151072875		True	True	False	True	6	0	6	-566,8	-119,0	-444,9	-64,3	-444,9	-64,3	-566,8	-119,0	5	0	5	1	0	1
4349	4349		DEL	chr2	107129011	chr2	107129511	500.0	True		False		5	0	5	-10,133	-2,70	-346,9	-84,3					5	0	5	0	0	0
4351	4351_1	4351_2	BND	chr2	107226811	chr2	107226929		True	True	False	True	2	3	5	-10,5	-1,1	-10,9	-1,1	-10,9	-1,1	-10,5	-1,1	2	3	5	0	0	0
4354	4354		DEL	chr2	107376791	chr2	107376975	184.0	True		False		6	0	6	-10,135	-3,45	-16,9	-13,2					5	0	5	1	0	1
4357	4357		INV	chr2	107445209	chr2	107445354	145.0	True		False		2	3	5	-9,3	-2,1	0,8	0,3					2	3	5	0	0	0
4360	4360		DEL	chr2	107714400	chr2	107715299	899.0	True		False		5	0	5	-10,649	-2,328	-650,9	-328,2					5	0	5	0	0	0
4368	4368		DEL	chr2	108316290	chr2	108316755	465.0	True		False		6	0	6	-10,432	-3,64	-425,9	-65,3					6	0	6	0	0	0
4369	4369		DEL	chr2	108325871	chr2	108326580	709.0	True		False		5	0	5	-10,631	-1,166	-318,9	-142,2					5	0	5	0	0	0
4375	4375		DEL	chr2	108835982	chr2	108836090	108.0	True		False		5	0	5	-10,106	-3,53	-89,9	-55,2					5	0	5	0	0	0
4377	4377		DEL	chr2	108926657	chr2	108927486	829.0	True		False		5	0	5	-10,649	-2,328	-650,9	-328,2					5	0	5	0	0	0
4379	4379		DEL	chr2	108974307	chr2	108974615	308.0	True		False		8	0	8	-10,243	-3,80	-133,9	-65,2					7	0	7	1	0	1
4381	4381		DEL	chr2	108991438	chr2	108992432	994.0	True		False		5	0	5	-10,649	-2,328	-650,9	-328,2					5	0	5	0	0	0
4383	4383		DEL	chr2	109051022	chr2	109051332	310.0	True		False		5	0	5	-10,230	-3,73	-11,9	-9,2					5	0	5	0	0	0
4384	4384		DEL	chr2	109174629	chr2	109175320	691.0	True		False		5	0	5	-10,606	-2,198	-533,9	-185,2					5	0	5	0	0	0
3628	3628		DEL	chr2	109199325	chr2	109199849	524.0	True		False		8	0	8	-10,351	-3,60	-397,9	-53,3					8	0	8	0	0	0
26582	26582_1	26582_2	BND	chr2	109199328	chr4	49147273		True	True	False	True	8	0	8	-476,9	-53,3	-429,9	-84,0	-429,9	-84,0	-476,9	-53,3	7	0	7	1	0	1
27273	27273_1	27273_2	BND	chr2	109199329	chrY	11722135		True	True	False	True	7	0	7	-520,9	-77,2	-10,567	0,104	-10,567	0,104	-520,9	-77,2	6	0	6	1	0	1
26568	26568_1	26568_2	BND	chr2	109199436	chr4	49097227		True	True	False	True	5	0	5	-586,9	-115,2	-199,9	-85,2	-199,9	-85,2	-586,9	-115,2	5	0	5	0	0	0
26576	26576_1	26576_2	BND	chr2	109199438	chr4	49110644		True	True	False	True	6	0	6	-536,9	-90,2	-577,9	-91,2	-577,9	-91,2	-536,9	-90,2	5	0	5	1	0	1
27145	27145_1	27145_2	BND	chr2	109199521	chr20	31158304		True	True	False	True	6	0	6	-6,559	-1,122	-600,9	-103,2	-600,9	-103,2	-6,559	-1,122	5	0	5	1	0	1
26692	26692_1	26692_2	BND	chr2	109199640	chr5	49661581		True	True	False	True	7	0	7	-10,505	-2,106	-10,132	-3,58	-10,132	-3,58	-10,505	-2,106	6	0	6	1	0	1
4387	4387		DEL	chr2	109422391	chr2	109422931	540.0	True		False		5	0	5	-10,382	-2,129	-472,9	-143,2					5	0	5	0	0	0
4391	4391		DEL	chr2	109625982	chr2	109626533	551.0	True		False		7	0	7	-10,435	-2,123	-121,9	-69,2					6	0	6	1	0	1
4392	4392		DEL	chr2	109731108	chr2	109731893	785.0	True		False		7	0	7	-10,629	-2,205	-545,9	-186,2					7	0	7	0	0	0
4396	4396		DEL	chr2	110798587	chr2	110799028	441.0	True		False		5	0	5	-10,241	-2,113	-440,9	-139,2					5	0	5	0	0	0
4397	4397		DEL	chr2	110839348	chr2	110839933	585.0	True		False		6	0	6	-10,421	-2,103	-181,9	-95,2					6	0	6	0	0	0
4403	4403		DEL	chr2	111069107	chr2	111070153	1046.0	True		False		5	0	5	-10,649	-2,328	-650,9	-328,2					5	0	5	0	0	0
4410	4410		DEL	chr2	111675234	chr2	111675885	651.0	True		False		6	0	6	-10,450	-2,119	-501,9	-108,2					6	0	6	0	0	0
4425	4425		DEL	chr2	112261602	chr2	112262328	726.0	True		False		6	0	6	-10,585	-2,151	-408,9	-137,2					6	0	6	0	0	0
4428	4428_1	4428_2	BND	chr2	112334333	chr2	112334513		False	False	False	True	1	4	5	-9,6	0,0	-9,6	0,0	-9,6	0,0	-9,6	0,0	1	4	5	0	0	0
4430	4430		DEL	chr2	112483710	chr2	112484003	293.0	True		False		5	0	5	-10,60	-2,41	-132,9	-68,2					5	0	5	0	0	0
4432	4432		DEL	chr2	112578967	chr2	112579091	124.0	True		False		5	0	5	-10,122	-2,73	-50,9	-31,3					5	0	5	0	0	0
4435	4435		DEL	chr2	112811824	chr2	112812138	314.0	True		False		5	0	5	-10,232	-3,68	-313,9	-71,3					5	0	5	0	0	0
4438	4438		DEL	chr2	112884987	chr2	112885527	540.0	True		False		5	0	5	-10,538	-2,135	-426,9	-129,2					5	0	5	0	0	0
4446	4446		DEL	chr2	113718680	chr2	113719242	562.0	True		False		5	0	5	-10,491	-2,126	-508,9	-136,2					5	0	5	0	0	0
4448	4448		DEL	chr2	113789457	chr2	113790114	657.0	True		False		5	0	5	-10,596	-2,196	-531,9	-184,2					5	0	5	0	0	0
4452	4452		DEL	chr2	114140729	chr2	114141021	292.0	True		False		5	0	5	-10,290	-3,68	-127,9	-67,2					5	0	5	0	0	0
4454	4454		DEL	chr2	114389434	chr2	114389638	204.0	True		False		5	0	5	-10,120	-2,69	-177,9	-61,3					5	0	5	0	0	0
4457	4457		DEL	chr2	114466362	chr2	114466759	397.0	True		False		5	0	5	-10,389	-2,100	-70,9	-46,2					5	0	5	0	0	0
4462	4462		DEL	chr2	114697967	chr2	114698552	585.0	True		False		5	0	5	-10,289	-2,114	-489,9	-99,2					5	0	5	0	0	0
4470	4470		DEL	chr2	115253825	chr2	115254390	565.0	True		False		6	0	6	-10,138	-2,79	-254,9	-90,3					6	0	6	0	0	0
27199	27199_1	27199_2	BND	chr2	115938148	chr21	25634891		True	True	False	True	5	0	5	-10,588	-1,135	-7,592	0,138	-7,592	0,138	-10,588	-1,135	5	0	5	0	0	0
27221	27221_1	27221_2	BND	chr2	116051866	chr22	10743406		True	True	False	True	10	0	10	-5,381	0,108	-10,349	-1,65	-10,349	-1,65	-5,381	0,108	10	0	10	0	0	0
4482	4482		DEL	chr2	116365727	chr2	116366103	376.0	True		False		5	0	5	-10,85	-2,55	-132,9	-75,2					5	0	5	0	0	0
4483	4483		DEL	chr2	116444604	chr2	116445076	472.0	True		False		6	0	6	-10,424	-2,138	-421,9	-127,2					6	0	6	0	0	0
4487	4487		DEL	chr2	116611887	chr2	116612242	355.0	True		False		5	0	5	-10,47	-2,35	-64,9	-44,2					5	0	5	0	0	0
4494	4494		DEL	chr2	117517137	chr2	117517736	599.0	True		False		5	0	5	-10,453	-2,124	-465,9	-128,2					5	0	5	0	0	0
4498	4498		DEL	chr2	117695572	chr2	117696204	632.0	True		False		5	0	5	-10,583	-2,150	-543,9	-148,2					5	0	5	0	0	0
4503	4503		DEL	chr2	118193111	chr2	118193444	333.0	True		False		5	0	5	-10,106	-2,62	-214,9	-99,2					5	0	5	0	0	0
4511	4511_1	4511_2	BND	chr2	118722907	chr2	118723018		True	True	False	True	2	3	5	-10,1	-1,1	-8,9	-1,1	-8,9	-1,1	-10,1	-1,1	2	3	5	0	0	0
4515	4515_1	4515_2	BND	chr2	118775940	chr2	118776065		False	False	False	True	2	4	6	-10,7	0,0	-10,9	0,0	-10,9	0,0	-10,7	0,0	2	4	6	0	0	0
4516	4516		DEL	chr2	118892298	chr2	118892423	125.0	True		False		6	0	6	-10,21	-2,15	-23,9	-17,2					5	0	5	1	0	1
4532	4532		DEL	chr2	119655296	chr2	119655972	676.0	True		False		5	0	5	-10,592	-2,195	-569,9	-190,2					5	0	5	0	0	0
4536	4536		DEL	chr2	119709334	chr2	119709911	577.0	True		False		5	0	5	-10,497	-2,126	-288,9	-134,2					5	0	5	0	0	0
4541	4541		DEL	chr2	120009434	chr2	120010009	575.0	True		False		5	0	5	-10,487	-2,145	-485,9	-131,2					5	0	5	0	0	0
4543	4543		DEL	chr2	120403259	chr2	120403663	404.0	True		False		5	0	5	-10,402	-2,106	-142,9	-70,3					5	0	5	0	0	0
4549	4549		DEL	chr2	120578172	chr2	120578514	342.0	True		False		5	0	5	-10,294	-3,71	-207,9	-78,3					5	0	5	0	0	0
4553	4553		DEL	chr2	120787789	chr2	120788551	762.0	True		False		5	0	5	-10,338	-2,169	-600,9	-197,2					5	0	5	0	0	0
4554	4554		DEL	chr2	120791298	chr2	120791742	444.0	True		False		6	0	6	-10,442	-2,100	-291,9	-107,1					6	0	6	0	0	0
4562	4562		DEL	chr2	121147937	chr2	121148688	751.0	True		False		5	0	5	-10,211	-2,121	-538,9	-151,2					5	0	5	0	0	0
4565	4565		DEL	chr2	121292093	chr2	121292568	475.0	True		False		6	0	6	-10,247	-2,93	-474,9	-103,2					5	0	5	1	0	1
4581	4581		DEL	chr2	121931890	chr2	121932478	588.0	True		False		5	0	5	-10,586	-2,195	-587,9	-194,2					5	0	5	0	0	0
4584	4584		DEL	chr2	122250446	chr2	122251011	565.0	True		False		5	0	5	-10,530	-2,136	-464,9	-130,2					5	0	5	0	0	0
27233	27233_1	27233_2	BND	chr2	122539628	chrX	2197335		True	True	False	True	5	0	5	-650,9	-138,0	-42,9	-27,0	-42,9	-27,0	-650,9	-138,0	5	0	5	0	0	0
4590	4590		DEL	chr2	122673330	chr2	122673942	612.0	True		False		6	0	6	-10,441	-2,128	-524,9	-139,2					5	0	5	1	0	1
4596	4596		DEL	chr2	123343045	chr2	123343650	605.0	True		False		5	0	5	-10,369	-2,145	-604,9	-163,1					5	0	5	0	0	0
4602	4602		DEL	chr2	123609691	chr2	123610359	668.0	True		False		7	0	7	-10,371	-2,140	-497,9	-145,2					6	0	6	1	0	1
4604	4604		DEL	chr2	123671992	chr2	123672113	121.0	True		False		5	0	5	-10,34	-2,26	-70,9	-39,3					5	0	5	0	0	0
4606	4606_1	4606_2	BND	chr2	123917148	chr2	123917451		True	True	False	True	2	3	5	-10,9	-1,1	-10,9	-1,1	-10,9	-1,1	-10,9	-1,1	2	3	5	0	0	0
4611	4611		DEL	chr2	124041843	chr2	124042118	275.0	True		False		5	0	5	-10,165	-2,88	-130,9	-77,2					5	0	5	0	0	0
4615	4615		DEL	chr2	124242020	chr2	124242383	363.0	True		False		6	0	6	-10,319	-3,59	-362,9	-70,3					6	0	6	0	0	0
4619	4619		DEL	chr2	124481669	chr2	124481827	158.0	True		False		5	0	5	-10,156	-2,97	-157,9	-95,2					5	0	5	0	0	0
4623	4623		DEL	chr2	124565516	chr2	124565776	260.0	True		False		5	0	5	-10,228	-3,66	-52,9	-35,2					5	0	5	0	0	0
4625	4625		DEL	chr2	124633676	chr2	124634329	653.0	True		False		5	0	5	-10,583	-2,193	-542,9	-186,2					5	0	5	0	0	0
4626	4626		DEL	chr2	124679316	chr2	124679659	343.0	True		False		5	0	5	-10,319	-3,74	-224,9	-75,3					5	0	5	0	0	0
4629	4629		DEL	chr2	124736986	chr2	124737540	554.0	True		False		5	0	5	-10,460	-2,133	-441,9	-125,2					5	0	5	0	0	0
4632	4632		DEL	chr2	124765726	chr2	124766679	953.0	True		False		5	0	5	-10,636	-2,207	-576,9	-191,2					5	0	5	0	0	0
4645	4645		DEL	chr2	125749902	chr2	125750556	654.0	True		False		6	0	6	-10,515	-2,183	-595,9	-195,2					6	0	6	0	0	0
4653	4653		DEL	chr2	126476928	chr2	126477623	695.0	True		False		5	0	5	-10,591	-2,155	-454,9	-147,2					5	0	5	0	0	0
4654	4654		DEL	chr2	126585214	chr2	126586148	934.0	True		False		6	0	6	-10,605	-2,198	-649,9	-211,1					6	0	6	0	0	0
4658	4658		DEL	chr2	126666586	chr2	126666770	184.0	True		False		6	0	6	-10,137	-2,77	-162,9	-75,3					5	0	5	1	0	1
4667	4667		DEL	chr2	126891617	chr2	126892346	729.0	True		False		5	0	5	-10,648	-1,211	-629,9	-205,2					5	0	5	0	0	0
4670	4670		DEL	chr2	127085591	chr2	127086094	503.0	True		False		5	0	5	-10,476	-2,129	-492,9	-131,2					5	0	5	0	0	0
4673	4673		DEL	chr2	127461083	chr2	127462277	1194.0	True		False		6	0	6	-10,649	-2,328	-650,9	-328,2					5	0	5	1	0	1
4674	4674		DEL	chr2	127529229	chr2	127529940	711.0	True		False		5	0	5	-10,609	0,163	-549,9	-144,2					5	0	5	0	0	0
4676	4676		DEL	chr2	127676801	chr2	127677457	656.0	True		False		5	0	5	-10,649	-1,211	-649,9	-211,1					5	0	5	0	0	0
4680	4680		DEL	chr2	127853134	chr2	127853701	567.0	True		False		5	0	5	-10,558	-2,139	-312,9	-132,2					5	0	5	0	0	0
26756	26756_1	26756_2	BND	chr2	127877632	chr7	22841669		True	True	False	True	6	0	6	-9,548	-2,121	-10,461	-2,80	-10,461	-2,80	-9,548	-2,121	5	0	5	1	0	1
4766	4766		DEL	chr2	128013353	chr2	128014048	695.0	True		False		5	0	5	-10,574	-2,191	-615,9	-201,2					5	0	5	0	0	0
4773	4773		DEL	chr2	128459716	chr2	128460384	668.0	True		False		7	0	7	-10,506	-2,142	-494,9	-126,2					6	0	6	1	0	1
4775	4775		DEL	chr2	128588354	chr2	128588553	199.0	True		False		5	0	5	-10,197	-3,66	-153,9	-69,3					5	0	5	0	0	0
4777	4777		DEL	chr2	128658663	chr2	128659119	456.0	True		False		5	0	5	-10,315	-2,106	-455,9	-102,2					5	0	5	0	0	0
4779	4779		DEL	chr2	128735526	chr2	128736186	660.0	True		False		5	0	5	-10,638	-1,169	-571,9	-146,2					5	0	5	0	0	0
4788	4788		DEL	chr2	129064440	chr2	129065002	562.0	True		False		5	0	5	-10,486	-2,126	-497,9	-128,2					5	0	5	0	0	0
4792	4792		DEL	chr2	129165178	chr2	129165737	559.0	True		False		6	0	6	-10,435	-2,75	-190,9	-84,2					6	0	6	0	0	0
4795	4795		DEL	chr2	129206641	chr2	129207361	720.0	True		False		5	0	5	-10,569	-2,190	-610,9	-199,2					5	0	5	0	0	0
4797	4797		DEL	chr2	129240258	chr2	129241130	872.0	True		False		5	0	5	-10,649	-2,328	-650,9	-328,2					5	0	5	0	0	0
4798	4798		DEL	chr2	129357608	chr2	129357979	371.0	True		False		5	0	5	-10,132	-2,89	-204,9	-105,2					5	0	5	0	0	0
4804	4804		DEL	chr2	129666009	chr2	129666683	674.0	True		False		5	0	5	-10,475	-2,141	-621,9	-164,1					5	0	5	0	0	0
4808	4808		DEL	chr2	129865409	chr2	129866577	1168.0	True		False		5	0	5	-10,594	-2,195	-641,9	-209,2					5	0	5	0	0	0
4809	4809		DEL	chr2	129906696	chr2	129907304	608.0	True		False		5	0	5	-10,434	-2,147	-543,9	-150,2					5	0	5	0	0	0
4829	4829_1	4829_2	BND	chr2	130060840	chr2	131272160		True	True	False	True	5	0	5	-600,9	-121,1	-603,9	-118,2	-603,9	-118,2	-600,9	-121,1	5	0	5	0	0	0
4814	4814		DEL	chr2	130061752	chr2	130062207	455.0	True		False		9	0	9	-10,129	-1,61	-270,9	-33,3					8	0	8	1	0	1
4835	4835_1	4835_2	BND	chr2	130166798	chr2	131507158		True	True	False	True	7	0	7	-581,9	-101,2	-387,9	-74,2	-387,9	-74,2	-581,9	-101,2	7	0	7	0	0	0
4834	4834_1	4834_2	BND	chr2	130167035	chr2	131506911		True	True	False	True	8	0	8	-10,534	-2,85	-9,416	-1,82	-9,416	-1,82	-10,534	-2,85	8	0	8	0	0	0
4833	4833_1	4833_2	BND	chr2	130169969	chr2	131503817		True	True	False	True	10	0	10	-397,9	-83,1	-257,9	-47,3	-257,9	-47,3	-397,9	-83,1	9	0	9	1	0	1
4818	4818		DUP	chr2	130665097	chr2	130668317	3220.0	True		False		11	0	11	-509,9	-54,1	-10,311	-3,48					10	0	10	1	0	1
4823	4823		DEL	chr2	131013121	chr2	131013959	838.0	True		False		6	0	6	-10,86	-2,65	-515,9	-183,2					5	0	5	1	0	1
4844	4844		DEL	chr2	132446362	chr2	132447024	662.0	True		False		5	0	5	-10,411	-2,146	-546,9	-153,1					5	0	5	0	0	0
4845	4845		DEL	chr2	132461435	chr2	132461860	425.0	True		False		5	0	5	-10,423	-2,129	-405,9	-124,2					5	0	5	0	0	0
4849	4849		DEL	chr2	132762982	chr2	132763606	624.0	True		False		6	0	6	-10,312	-2,129	-475,9	-128,2					6	0	6	0	0	0
4856	4856		DEL	chr2	133258769	chr2	133259290	521.0	True		False		5	0	5	-10,397	-2,90	-324,9	-83,2					5	0	5	0	0	0
4859	4859		DEL	chr2	133598388	chr2	133598810	422.0	True		False		6	0	6	-10,281	-3,66	-256,9	-80,3					5	0	5	1	0	1
4860	4860		DEL	chr2	133653521	chr2	133654243	722.0	True		False		5	0	5	-10,429	-2,141	-333,9	-139,2					5	0	5	0	0	0
4868	4868		DEL	chr2	133870911	chr2	133871517	606.0	True		False		6	0	6	-10,206	-2,90	-515,9	-94,2					5	0	5	1	0	1
4869	4869		DEL	chr2	133997175	chr2	133998221	1046.0	True		False		5	0	5	-10,632	-2,206	-470,9	-180,2					5	0	5	0	0	0
4875	4875		DEL	chr2	134148763	chr2	134149924	1161.0	True		False		6	0	6	-10,649	-2,328	-650,9	-328,2					6	0	6	0	0	0
4876	4876		DEL	chr2	134176263	chr2	134176573	310.0	True		False		6	0	6	-10,302	-3,57	-154,9	-51,3					6	0	6	0	0	0
4877	4877		DEL	chr2	134180085	chr2	134180266	181.0	True		False		5	0	5	-10,40	-2,30	-50,9	-32,2					5	0	5	0	0	0
4883	4883		DEL	chr2	134382123	chr2	134382668	545.0	True		False		5	0	5	-10,526	-2,149	-362,9	-123,2					5	0	5	0	0	0
4886	4886		DEL	chr2	134457642	chr2	134458253	611.0	True		False		5	0	5	-10,609	-2,207	-567,9	-189,2					5	0	5	0	0	0
26545	26545_1	26545_2	BND	chr2	134473485	chr3	183571487		True	True	False	True	5	0	5	-632,9	-134,1	-392,9	-106,1	-392,9	-106,1	-632,9	-134,1	5	0	5	0	0	0
4888	4888		DEL	chr2	134485464	chr2	134486104	640.0	True		False		6	0	6	-10,195	-3,72	-352,9	-95,2					6	0	6	0	0	0
4889	4889		DEL	chr2	134503132	chr2	134504514	1382.0	True		False		8	0	8	-10,543	-1,119	-253,9	-75,2					7	0	7	1	0	1
4900	4900		DEL	chr2	134844986	chr2	134846011	1025.0	True		False		6	0	6	-10,649	-2,328	-650,9	-328,2					5	0	5	1	0	1
4901	4901		DEL	chr2	134846896	chr2	134847055	159.0	True		False		5	0	5	-10,85	-2,40	-1,4	-1,4					5	0	5	0	0	0
4902	4902		DEL	chr2	134867979	chr2	134868243	264.0	True		False		5	0	5	-10,126	-2,68	-128,9	-74,2					5	0	5	0	0	0
4903	4903		DEL	chr2	134887048	chr2	134887556	508.0	True		False		5	0	5	-10,480	-2,138	-408,9	-126,2					5	0	5	0	0	0
4914	4914		DEL	chr2	135433867	chr2	135434197	330.0	True		False		5	0	5	-10,314	-2,120	-329,9	-121,2					5	0	5	0	0	0
4919	4919		DEL	chr2	135788976	chr2	135789502	526.0	True		False		5	0	5	-10,506	-2,127	-447,9	-146,2					5	0	5	0	0	0
4920	4920		DEL	chr2	135790873	chr2	135791194	321.0	True		False		5	0	5	-10,54	-2,40	-149,9	-77,2					5	0	5	0	0	0
4698	4698		DEL	chr2	136002821	chr2	136003637	816.0	True		False		5	0	5	-10,585	-2,193	-422,9	-177,2					5	0	5	0	0	0
4933	4933		DEL	chr2	136122374	chr2	136122758	384.0	True		False		5	0	5	-10,134	-2,73	-155,9	-84,2					5	0	5	0	0	0
4937	4937		DEL	chr2	136288564	chr2	136289214	650.0	True		False		5	0	5	-10,610	-2,200	-649,9	-211,1					5	0	5	0	0	0
4938	4938		DEL	chr2	136353534	chr2	136354308	774.0	True		False		5	0	5	-10,422	-1,147	-573,9	-150,2					5	0	5	0	0	0
27029	27029_1	27029_2	BND	chr2	136940552	chr16	19252351		True	True	False	True	11	0	11	-590,9	-81,1	-8,360	0,88	-8,360	0,88	-590,9	-81,1	10	0	10	1	0	1
4946	4946		INV	chr2	137273699	chr2	137273882	183.0	True		False		4	1	5	-10,9	-2,3	-10,9	-2,3					4	1	5	0	0	0
4686	4686		DEL	chr2	137887578	chr2	137888054	476.0	True		False		5	0	5	-10,447	-3,86	-353,9	-71,3					5	0	5	0	0	0
4957	4957		DEL	chr2	138152193	chr2	138152968	775.0	True		False		5	0	5	-10,607	-2,199	-535,9	-185,2					5	0	5	0	0	0
4959	4959		DEL	chr2	138334844	chr2	138335760	916.0	True		False		6	0	6	-10,649	-2,328	-650,9	-328,2					6	0	6	0	0	0
4961	4961_1	4961_2	BND	chr2	138464159	chr2	138464286		True	True	False	True	2	3	5	-10,9	-1,0	-10,8	-1,0	-10,8	-1,0	-10,9	-1,0	2	3	5	0	0	0
4962	4962		DEL	chr2	138505445	chr2	138505795	350.0	True		False		5	0	5	-10,180	-2,78	-223,9	-66,3					5	0	5	0	0	0
4965	4965		DEL	chr2	138674281	chr2	138674860	579.0	True		False		5	0	5	-10,512	-2,149	-468,9	-128,2					5	0	5	0	0	0
4977	4977		DEL	chr2	139964225	chr2	139964388	163.0	True		False		5	0	5	-2,0	-2,0	-103,9	-48,3					5	0	5	0	0	0
4986	4986		DEL	chr2	140895397	chr2	140895629	232.0	True		False		5	0	5	-10,159	-3,60	-165,9	-64,3					5	0	5	0	0	0
4988	4988		DEL	chr2	141328729	chr2	141329397	668.0	True		False		5	0	5	-10,485	-2,147	-311,9	-125,2					5	0	5	0	0	0
4990	4990		DEL	chr2	141453440	chr2	141454168	728.0	True		False		5	0	5	-10,645	-2,210	-589,9	-194,2					5	0	5	0	0	0
26917	26917_1	26917_2	BND	chr2	142537309	chr12	39505780		False	False	False	True	1	4	5	-9,6	0,0	-8,8	0,0	-8,8	0,0	-9,6	0,0	1	4	5	0	0	0
5010	5010		DEL	chr2	142870382	chr2	142870537	155.0	True		False		5	0	5	-10,67	-2,41	-65,9	-40,2					5	0	5	0	0	0
5014	5014		DEL	chr2	143056911	chr2	143057502	591.0	True		False		5	0	5	-10,589	-2,201	-590,9	-203,2					5	0	5	0	0	0
5015	5015		INV	chr2	143074146	chr2	143074265	119.0	True		False		2	3	5	0,9	0,1	0,6	0,3					2	3	5	0	0	0
5020	5020_1	5020_2	BND	chr2	143511084	chr2	143511191		True	True	False	True	2	3	5	-6,0	-6,0	0,7	0,7	0,7	0,7	-6,0	-6,0	2	3	5	0	0	0
5021	5021_1	5021_2	BND	chr2	143523849	chr2	143523955		True	True	False	True	2	3	5	-7,8	-1,3	-9,7	-2,2	-9,7	-2,2	-7,8	-1,3	2	3	5	0	0	0
5027	5027_1	5027_2	BND	chr2	143960192	chr2	143960318		True	True	False	True	2	3	5	-1,9	-1,1	-10,3	-3,0	-10,3	-3,0	-1,9	-1,1	2	3	5	0	0	0
5035	5035		DEL	chr2	144552145	chr2	144552553	408.0	True		False		5	0	5	-10,209	-2,83	-55,9	-35,2					5	0	5	0	0	0
27125	27125_1	27125_2	BND	chr2	144651150	chr19	2780103		False	False	False	True	1	4	5	-9,6	0,0	-9,6	0,0	-9,6	0,0	-9,6	0,0	1	4	5	0	0	0
5040	5040		DEL	chr2	145041898	chr2	145042419	521.0	True		False		5	0	5	-10,144	-2,88	-439,9	-102,2					5	0	5	0	0	0
5041	5041		DEL	chr2	145086509	chr2	145087144	635.0	True		False		5	0	5	-10,633	-2,207	-597,9	-196,2					5	0	5	0	0	0
5042	5042		DEL	chr2	145158044	chr2	145158709	665.0	True		False		5	0	5	-10,417	-2,130	-600,9	-152,2					5	0	5	0	0	0
5046	5046		INV	chr2	145338452	chr2	145338786	334.0	True		False		3	3	6	-9,0	-9,0	-10,9	-1,1					3	3	6	0	0	0
5058	5058		DEL	chr2	146546919	chr2	146547517	598.0	True		False		6	0	6	-10,552	-2,150	-534,9	-152,1					6	0	6	0	0	0
5060	5060_1	5060_2	BND	chr2	146818035	chr2	146818155		True	True	False	True	3	2	5	-10,9	-1,1	-3,9	-1,1	-3,9	-1,1	-10,9	-1,1	3	2	5	0	0	0
5063	5063		DEL	chr2	146901684	chr2	146902365	681.0	True		False		5	0	5	-10,635	-2,207	-624,9	-203,2					5	0	5	0	0	0
5067	5067		DEL	chr2	147202788	chr2	147203028	240.0	True		False		5	0	5	-10,68	-2,41	-151,9	-62,3					5	0	5	0	0	0
5068	5068		INV	chr2	147490262	chr2	147490594	332.0	True		False		3	3	6	-10,8	-2,2	-10,9	-3,1					3	3	6	0	0	0
5069	5069		DEL	chr2	147519031	chr2	147519552	521.0	True		False		5	0	5	-10,493	-2,144	-457,9	-129,2					5	0	5	0	0	0
5072	5072		DEL	chr2	147641033	chr2	147641729	696.0	True		False		5	0	5	-10,567	-2,190	-586,9	-193,2					5	0	5	0	0	0
26804	26804_1	26804_2	BND	chr2	147788958	chr8	42011187		False	False	False	True	1	4	5	-9,6	0,0	-8,8	0,0	-8,8	0,0	-9,6	0,0	1	4	5	0	0	0
5073	5073		DEL	chr2	147920594	chr2	147921270	676.0	True		False		5	0	5	-10,519	-2,137	-431,9	-143,2					5	0	5	0	0	0
5079	5079		DEL	chr2	148590602	chr2	148591106	504.0	True		False		5	0	5	-10,448	-2,124	-414,9	-128,2					5	0	5	0	0	0
4701	4701		DEL	chr2	148831649	chr2	148832480	831.0	True		False		6	0	6	-10,573	-2,191	-643,9	-209,2					6	0	6	0	0	0
5085	5085		DEL	chr2	148936846	chr2	148937595	749.0	True		False		7	0	7	-10,237	-2,128	-566,9	-145,2					6	0	6	1	0	1
5088	5088		DEL	chr2	149039703	chr2	149040297	594.0	True		False		5	0	5	-10,248	-2,123	-471,9	-134,2					5	0	5	0	0	0
5089	5089		DEL	chr2	149141764	chr2	149142477	713.0	True		False		5	0	5	-10,513	-2,145	-421,9	-124,2					5	0	5	0	0	0
5090	5090		DEL	chr2	149144113	chr2	149144801	688.0	True		False		8	0	8	-10,450	-2,103	-326,9	-84,2					7	0	7	1	0	1
5091	5091		DEL	chr2	149257701	chr2	149258255	554.0	True		False		6	0	6	-10,468	-2,126	-469,9	-133,2					6	0	6	0	0	0
5093	5093		DEL	chr2	149314649	chr2	149314865	216.0	True		False		5	0	5	-10,205	-3,73	-154,9	-57,3					5	0	5	0	0	0
5098	5098		DEL	chr2	149652175	chr2	149653133	958.0	True		False		5	0	5	-10,600	-2,197	-650,9	-211,1					5	0	5	0	0	0
5100	5100		DEL	chr2	149796580	chr2	149797218	638.0	True		False		5	0	5	-10,579	-2,192	-519,9	-183,2					5	0	5	0	0	0
5104	5104		DEL	chr2	150181829	chr2	150182891	1062.0	True		False		5	0	5	-10,649	-2,328	-650,9	-328,2					5	0	5	0	0	0
5107	5107		DEL	chr2	150250091	chr2	150250663	572.0	True		False		6	0	6	-10,501	-2,128	-548,9	-140,2					6	0	6	0	0	0
5113	5113		DEL	chr2	150921890	chr2	150922177	287.0	True		False		5	0	5	-10,147	-2,66	-183,9	-62,3					5	0	5	0	0	0
5116	5116		DEL	chr2	151057842	chr2	151058194	352.0	True		False		5	0	5	-10,328	-3,82	-74,9	-45,2					5	0	5	0	0	0
5118	5118		DEL	chr2	151133242	chr2	151133989	747.0	True		False		6	0	6	-10,508	-2,141	-313,9	-139,2					6	0	6	0	0	0
5119	5119		DEL	chr2	151149789	chr2	151150119	330.0	True		False		5	0	5	-10,117	-3,45	-17,9	-14,2					5	0	5	0	0	0
5124	5124		DEL	chr2	151415571	chr2	151416422	851.0	True		False		7	0	7	-10,313	-2,165	-630,9	-205,2					7	0	7	0	0	0
5126	5126		DEL	chr2	151627179	chr2	151628104	925.0	True		False		5	0	5	-10,649	-2,328	-650,9	-328,2					5	0	5	0	0	0
5128	5128		DEL	chr2	151692574	chr2	151692908	334.0	True		False		5	0	5	-10,174	-2,82	-333,9	-73,3					5	0	5	0	0	0
5133	5133		DEL	chr2	151865065	chr2	151865252	187.0	True		False		6	0	6	-10,23	-2,19	-179,9	-74,3					6	0	6	0	0	0
5135	5135		DEL	chr2	151919428	chr2	151919815	387.0	True		False		5	0	5	-10,296	-2,90	-255,9	-68,3					5	0	5	0	0	0
5145	5145_1	5145_2	BND	chr2	152353184	chr2	152353276		False	False	False	True	1	4	5	-7,7	0,0	-8,8	0,0	-8,8	0,0	-7,7	0,0	1	4	5	0	0	0
5147	5147		DEL	chr2	152465271	chr2	152466077	806.0	True		False		6	0	6	-10,589	-2,194	-516,9	-183,2					6	0	6	0	0	0
5149	5149		DEL	chr2	152656844	chr2	152656928	84.0	True		False		5	0	5	-10,55	-2,38	-24,9	-18,2					5	0	5	0	0	0
5152	5152		DEL	chr2	152920214	chr2	152920835	621.0	True		False		6	0	6	-10,566	-2,189	-489,9	-181,2					5	0	5	1	0	1
5153	5153		DEL	chr2	152966970	chr2	152967706	736.0	True		False		5	0	5	-10,614	-2,201	-485,9	-181,2					5	0	5	0	0	0
5155	5155		DEL	chr2	153016971	chr2	153017460	489.0	True		False		6	0	6	-10,204	-2,91	-378,9	-109,2					6	0	6	0	0	0
5156	5156		DEL	chr2	153033570	chr2	153033919	349.0	True		False		6	0	6	-10,233	-3,78	-329,9	-103,2					5	0	5	1	0	1
5160	5160		DEL	chr2	153299426	chr2	153299973	547.0	True		False		6	0	6	-10,471	-2,115	-546,9	-112,2					6	0	6	0	0	0
5161	5161		DEL	chr2	153348355	chr2	153349134	779.0	True		False		5	0	5	-10,463	-2,130	-405,9	-132,2					5	0	5	0	0	0
5169	5169		DEL	chr2	153818172	chr2	153818755	583.0	True		False		5	0	5	-10,327	-2,127	-134,9	-85,2					5	0	5	0	0	0
5174	5174		DEL	chr2	154489578	chr2	154490274	696.0	True		False		5	0	5	-10,613	-2,200	-91,9	-67,2					5	0	5	0	0	0
5175	5175		DEL	chr2	154598271	chr2	154598593	322.0	True		False		6	0	6	-10,126	-3,49	-281,9	-78,2					6	0	6	0	0	0
5179	5179		DEL	chr2	155231123	chr2	155231983	860.0	True		False		5	0	5	-10,633	-2,206	-648,9	-210,2					5	0	5	0	0	0
5191	5191		DEL	chr2	156604243	chr2	156604903	660.0	True		False		7	0	7	-10,291	-3,93	-618,9	-135,1					7	0	7	0	0	0
5194	5194		DEL	chr2	156613823	chr2	156614159	336.0	True		False		5	0	5	-10,257	-2,103	-100,9	-58,2					5	0	5	0	0	0
5195	5195		DEL	chr2	156650545	chr2	156651381	836.0	True		False		7	0	7	-10,508	-2,144	-610,9	-158,2					7	0	7	0	0	0
5205	5205		DEL	chr2	157632881	chr2	157633664	783.0	True		False		5	0	5	-10,641	-2,209	-608,9	-199,2					5	0	5	0	0	0
5215	5215		DEL	chr2	158388272	chr2	158388932	660.0	True		False		5	0	5	-10,615	-2,201	-568,9	-190,2					5	0	5	0	0	0
5216	5216		DEL	chr2	158411839	chr2	158412030	191.0	True		False		5	0	5	-10,189	-3,66	-172,9	-70,3					5	0	5	0	0	0
5223	5223		DEL	chr2	159023067	chr2	159023967	900.0	True		False		5	0	5	-10,428	-2,178	-482,9	-181,2					5	0	5	0	0	0
5224	5224		DEL	chr2	159058007	chr2	159058229	222.0	True		False		6	0	6	-10,33	-2,25	-120,9	-52,3					5	0	5	1	0	1
5227	5227		DEL	chr2	159207227	chr2	159207944	717.0	True		False		5	0	5	-10,523	-2,184	-511,9	-183,2					5	0	5	0	0	0
5232	5232		DEL	chr2	159336182	chr2	159336530	348.0	True		False		6	0	6	-10,315	-3,75	-302,9	-51,3					5	0	5	1	0	1
5244	5244		DEL	chr2	160205013	chr2	160205525	512.0	True		False		5	0	5	-10,259	-2,124	-401,9	-137,2					5	0	5	0	0	0
26564	26564_1	26564_2	BND	chr2	160426219	chr4	40982235		True	True	False	True	5	0	5	-635,9	-136,0	-10,542	-1,111	-10,542	-1,111	-635,9	-136,0	5	0	5	0	0	0
5248	5248		DEL	chr2	160446280	chr2	160446680	400.0	True		False		5	0	5	-10,77	-2,55	-257,9	-89,3					5	0	5	0	0	0
5249	5249		INV	chr2	160468983	chr2	160469195	212.0	True		False		3	2	5	-83,0	-71,0	0,16	0,8					3	2	5	0	0	0
5261	5261		DEL	chr2	161344841	chr2	161345237	396.0	True		False		5	0	5	-10,177	-2,82	-271,9	-95,2					5	0	5	0	0	0
5273	5273		DEL	chr2	162051181	chr2	162051606	425.0	True		False		6	0	6	-10,169	-3,72	-348,9	-110,2					5	0	5	1	0	1
27176	27176_1	27176_2	BND	chr2	162752903	chr20	50666184		True	True	False	True	8	0	8	-649,9	-111,0	-394,9	-79,0	-394,9	-79,0	-649,9	-111,0	7	0	7	1	0	1
5285	5285		DEL	chr2	163112599	chr2	163113381	782.0	True		False		7	0	7	-10,544	-2,186	-548,9	-186,2					6	0	6	1	0	1
5290	5290		DEL	chr2	164168082	chr2	164168494	412.0	True		False		5	0	5	-10,286	-2,126	-246,9	-113,2					5	0	5	0	0	0
5293	5293		DEL	chr2	164414847	chr2	164415568	721.0	True		False		5	0	5	-10,577	-2,192	-618,9	-201,2					5	0	5	0	0	0
5296	5296		DEL	chr2	164539756	chr2	164540059	303.0	True		False		6	0	6	-10,107	-3,39	-2,9	-2,3					6	0	6	0	0	0
5299	5299		DEL	chr2	164705313	chr2	164705940	627.0	True		False		7	0	7	-10,597	-1,159	-424,9	-137,2					6	0	6	1	0	1
4710	4710		DEL	chr2	165215734	chr2	165216344	610.0	True		False		5	0	5	-10,237	-2,105	-374,9	-109,2					5	0	5	0	0	0
5309	5309		DEL	chr2	165434189	chr2	165434705	516.0	True		False		6	0	6	-10,460	-2,108	-392,9	-105,2					6	0	6	0	0	0
5312	5312_1	5312_2	BND	chr2	165648378	chr2	165648624		False	False	False	True	1	4	5	-8,8	0,0	-8,8	0,0	-8,8	0,0	-8,8	0,0	1	4	5	0	0	0
5315	5315		DEL	chr2	165781892	chr2	165782380	488.0	True		False		5	0	5	-10,486	-2,131	-460,9	-124,2					5	0	5	0	0	0
5319	5319		DEL	chr2	165967260	chr2	165967779	519.0	True		False		5	0	5	-10,186	-2,111	-270,9	-122,2					5	0	5	0	0	0
5320	5320_1	5320_2	BND	chr2	166175010	chr2	166175315		True	True	False	True	2	3	5	-10,9	-2,3	-10,9	-3,3	-10,9	-3,3	-10,9	-2,3	2	3	5	0	0	0
5329	5329		DEL	chr2	166841219	chr2	166841903	684.0	True		False		5	0	5	-10,333	-2,143	-337,9	-142,2					5	0	5	0	0	0
5331	5331		DEL	chr2	167018699	chr2	167019117	418.0	True		False		5	0	5	-10,109	-3,53	-417,9	-105,2					5	0	5	0	0	0
5333	5333		DEL	chr2	167200265	chr2	167200459	194.0	True		False		5	0	5	-10,86	-2,54	-38,9	-29,2					5	0	5	0	0	0
5336	5336		DEL	chr2	167350314	chr2	167350732	418.0	True		False		5	0	5	-10,390	-3,71	-265,9	-75,3					5	0	5	0	0	0
5349	5349		DEL	chr2	167818542	chr2	167819051	509.0	True		False		7	0	7	-10,507	-2,149	-460,9	-127,2					6	0	6	1	0	1
4688	4688		DEL	chr2	168033950	chr2	168034599	649.0	True		False		5	0	5	-10,347	-2,126	-525,9	-142,2					5	0	5	0	0	0
5353	5353		DEL	chr2	168125669	chr2	168126287	618.0	True		False		6	0	6	-10,555	-2,136	-577,9	-149,2					6	0	6	0	0	0
5367	5367_1	5367_2	BND	chr2	169006859	chr2	169007017		True	True	False	True	2	3	5	-10,9	-1,1	-10,9	-1,1	-10,9	-1,1	-10,9	-1,1	2	3	5	0	0	0
5375	5375		DEL	chr2	169374287	chr2	169374920	633.0	True		False		5	0	5	-10,515	-2,132	-593,9	-148,2					5	0	5	0	0	0
5376	5376		DEL	chr2	169398646	chr2	169399297	651.0	True		False		7	0	7	-10,513	-2,120	-242,9	-95,3					6	0	6	1	0	1
5379	5379		DEL	chr2	169539257	chr2	169539712	455.0	True		False		5	1	6	-10,9	-3,3	-1,8	-1,8					5	0	5	0	1	1
5382	5382		DEL	chr2	169724574	chr2	169725190	616.0	True		False		5	0	5	-10,480	-2,181	-615,9	-204,2					5	0	5	0	0	0
5386	5386		DEL	chr2	169943402	chr2	169943667	265.0	True		False		5	0	5	-10,89	-2,56	-223,9	-97,2					5	0	5	0	0	0
5389	5389		DEL	chr2	170298602	chr2	170299149	547.0	True		False		5	0	5	-10,509	-2,136	-348,9	-130,2					5	0	5	0	0	0
5395	5395		DEL	chr2	170557144	chr2	170557602	458.0	True		False		6	0	6	-10,422	-2,131	-414,9	-119,3					5	0	5	1	0	1
5397	5397		DEL	chr2	170595594	chr2	170595848	254.0	True		False		5	0	5	-10,252	-2,151	-243,9	-147,2					5	0	5	0	0	0
5405	5405_1	5405_2	BND	chr2	170853471	chr2	170853583		False	False	False	True	1	4	5	-9,6	0,0	-9,6	0,0	-9,6	0,0	-9,6	0,0	1	4	5	0	0	0
5409	5409		DEL	chr2	171113788	chr2	171114370	582.0	True		False		5	0	5	-10,463	-2,145	-452,9	-133,2					5	0	5	0	0	0
5411	5411		DEL	chr2	171173214	chr2	171173683	469.0	True		False		5	0	5	-10,453	-2,126	-431,9	-136,2					5	0	5	0	0	0
5415	5415		DEL	chr2	171535161	chr2	171535717	556.0	True		False		6	0	6	-10,530	-2,136	-381,9	-135,2					5	0	5	1	0	1
5417	5417		DEL	chr2	171740050	chr2	171740183	133.0	True		False		5	0	5	-10,26	-2,20	-132,9	-83,2					5	0	5	0	0	0
5431	5431		DEL	chr2	172376831	chr2	172377388	557.0	True		False		6	0	6	-10,465	-2,134	-404,9	-126,2					6	0	6	0	0	0
5433	5433		DEL	chr2	172479480	chr2	172480048	568.0	True		False		6	0	6	-10,374	-2,130	-530,9	-130,2					6	0	6	0	0	0
5440	5440		DEL	chr2	173033815	chr2	173034307	492.0	True		False		6	0	6	-10,444	-3,96	-265,9	-98,2					5	0	5	1	0	1
5451	5451		DEL	chr2	173426727	chr2	173427349	622.0	True		False		5	0	5	-10,574	-2,191	-569,9	-190,2					5	0	5	0	0	0
5461	5461		DEL	chr2	173871129	chr2	173871729	600.0	True		False		5	0	5	-10,542	-2,186	-597,9	-196,2					5	0	5	0	0	0
5462	5462		DEL	chr2	173880746	chr2	173881366	620.0	True		False		5	0	5	-10,416	-3,95	-316,9	-115,2					5	0	5	0	0	0
5468	5468		DEL	chr2	174114670	chr2	174114718	48.0	True		False		6	0	6	-10,4	-4,4	-47,9	-37,2					5	0	5	1	0	1
5472	5472		DEL	chr2	174370686	chr2	174370910	224.0	True		False		5	0	5	-10,22	-2,18	-137,9	-73,2					5	0	5	0	0	0
5476	5476		DEL	chr2	174456585	chr2	174457605	1020.0	True		False		5	0	5	-10,649	-2,328	-650,9	-328,2					5	0	5	0	0	0
5478	5478		DEL	chr2	174520717	chr2	174521213	496.0	True		False		5	0	5	-10,432	-2,86	-329,9	-69,3					5	0	5	0	0	0
5480	5480		DEL	chr2	174622092	chr2	174622733	641.0	True		False		5	0	5	-10,454	-2,124	-551,9	-142,2					5	0	5	0	0	0
5483	5483		DEL	chr2	174698769	chr2	174699439	670.0	True		False		5	0	5	-10,480	-2,126	-557,9	-136,2					5	0	5	0	0	0
5488	5488		DEL	chr2	175025979	chr2	175026159	180.0	True		False		5	0	5	-10,8	-2,8	-44,9	-30,2					5	0	5	0	0	0
5489	5489_1	5489_2	BND	chr2	175109750	chr2	175109877		True	True	False	True	2	3	5	-10,9	-1,1	-8,9	-1,1	-8,9	-1,1	-10,9	-1,1	2	3	5	0	0	0
5498	5498		DEL	chr2	175614189	chr2	175614622	433.0	True		False		5	0	5	-10,48	-2,35	-359,9	-96,2					5	0	5	0	0	0
5500	5500		DEL	chr2	175697263	chr2	175697569	306.0	True		False		5	0	5	-10,91	-3,48	-275,9	-70,3					5	0	5	0	0	0
4718	4718		DEL	chr2	175882099	chr2	175882806	707.0	True		False		5	0	5	-10,505	-2,182	-496,9	-181,2					5	0	5	0	0	0
5501	5501		DEL	chr2	175891623	chr2	175892191	568.0	True		False		6	0	6	-10,398	-2,139	-556,9	-139,2					6	0	6	0	0	0
5503	5503		DEL	chr2	176012198	chr2	176012403	205.0	True		False		5	0	5	-10,203	-3,73	-123,9	-56,3					5	0	5	0	0	0
5512	5512		DEL	chr2	176338433	chr2	176338960	527.0	True		False		5	0	5	-10,525	-2,187	-499,9	-182,2					5	0	5	0	0	0
26607	26607_1	26607_2	BND	chr2	176344469	chr4	151349310		False	False	False	True	1	4	5	-9,6	0,0	-9,6	0,0	-9,6	0,0	-9,6	0,0	1	4	5	0	0	0
5524	5524		DEL	chr2	177170519	chr2	177171720	1201.0	True		False		5	0	5	-10,649	-2,328	-650,9	-328,2					5	0	5	0	0	0
5527	5527		DEL	chr2	177241060	chr2	177241714	654.0	True		False		6	0	6	-10,577	-2,192	-639,9	-208,2					6	0	6	0	0	0
5529	5529		DEL	chr2	177455006	chr2	177455779	773.0	True		False		5	0	5	-10,554	-2,187	-573,9	-191,2					5	0	5	0	0	0
5531	5531		DEL	chr2	177483951	chr2	177484589	638.0	True		False		5	0	5	-10,632	-2,206	-584,9	-193,2					5	0	5	0	0	0
5532	5532		INV	chr2	177603726	chr2	177603843	117.0	True		False		2	3	5	-9,5	-2,1	-9,0	-9,0					2	3	5	0	0	0
26850	26850_1	26850_2	BND	chr2	178175481	chr10	435452		False	False	False	True	1	4	5	-8,8	0,0	-8,8	0,0	-8,8	0,0	-8,8	0,0	1	4	5	0	0	0
5542	5542		DEL	chr2	178578658	chr2	178578838	180.0	True		False		5	0	5	-10,55	-2,34	-91,9	-44,2					5	0	5	0	0	0
5543	5543		DEL	chr2	178589721	chr2	178591141	1420.0	True		False		5	0	5	-10,649	-2,328	-650,9	-328,2					5	0	5	0	0	0
5544	5544		DEL	chr2	178730784	chr2	178731720	936.0	True		False		5	0	5	-10,480	-2,181	-609,9	-199,2					5	0	5	0	0	0
5549	5549		DEL	chr2	179273606	chr2	179274191	585.0	True		False		5	0	5	-10,531	-2,144	-579,9	-147,2					5	0	5	0	0	0
5563	5563		INV	chr2	180678240	chr2	180678507	267.0	True		False		3	2	5	-10,0	-10,0	0,61	0,50					3	2	5	0	0	0
5577	5577		DEL	chr2	181599113	chr2	181599698	585.0	True		False		5	0	5	-10,154	-2,98	-430,9	-136,2					5	0	5	0	0	0
5582	5582		DEL	chr2	181970980	chr2	181971534	554.0	True		False		5	0	5	-10,483	-2,131	-413,9	-133,2					5	0	5	0	0	0
5583	5583		DEL	chr2	182095167	chr2	182095914	747.0	True		False		5	0	5	-10,549	-2,146	-584,9	-151,2					5	0	5	0	0	0
26918	26918_1	26918_2	BND	chr2	182385709	chr12	52409027		True	True	False	True	5	0	5	-639,9	-136,0	-10,432	-2,94	-10,432	-2,94	-639,9	-136,0	5	0	5	0	0	0
5591	5591		DEL	chr2	183078905	chr2	183079562	657.0	True		False		5	0	5	-10,611	-2,160	-318,9	-141,2					5	0	5	0	0	0
5615	5615		DEL	chr2	184587261	chr2	184587819	558.0	True		False		7	0	7	-10,431	-2,94	-486,9	-93,2					6	0	6	1	0	1
5616	5616		DEL	chr2	184840322	chr2	184840727	405.0	True		False		5	0	5	-10,364	-3,71	-122,9	-63,2					5	0	5	0	0	0
5617	5617		DEL	chr2	184918683	chr2	184919597	914.0	True		False		6	0	6	-10,649	-2,328	-650,9	-328,2					6	0	6	0	0	0
5621	5621		DEL	chr2	185191176	chr2	185192100	924.0	True		False		5	0	5	-10,603	-2,198	-605,9	-198,2					5	0	5	0	0	0
5622	5622		DEL	chr2	185300849	chr2	185301314	465.0	True		False		6	0	6	-10,324	-1,109	-274,9	-90,3					6	0	6	0	0	0
5628	5628		DEL	chr2	186465627	chr2	186466205	578.0	True		False		5	0	5	-10,538	-2,185	-553,9	-187,2					5	0	5	0	0	0
5634	5634		DEL	chr2	186909840	chr2	186910155	315.0	True		False		5	0	5	-10,1	-10,1	-271,9	-87,2					5	0	5	0	0	0
5635	5635		DEL	chr2	186912351	chr2	186912984	633.0	True		False		5	0	5	-10,547	-2,186	-550,9	-187,2					5	0	5	0	0	0
5637	5637		DEL	chr2	186985342	chr2	186985689	347.0	True		False		5	0	5	-10,231	-3,71	-122,9	-53,3					5	0	5	0	0	0
5643	5643_1	5643_2	BND	chr2	187333524	chr2	187333804		True	True	False	True	3	2	5	-9,2	-2,2	-3,9	0,7	-3,9	0,7	-9,2	-2,2	3	2	5	0	0	0
5646	5646		DEL	chr2	187625472	chr2	187625596	124.0	True		False		5	1	6	-10,9	-3,3	-10,9	-3,3					5	1	6	0	0	0
5651	5651		DEL	chr2	187828002	chr2	187828310	308.0	True		False		5	0	5	-10,204	-3,77	-77,9	-48,2					5	0	5	0	0	0
5655	5655		DEL	chr2	188178756	chr2	188179105	349.0	True		False		6	0	6	-10,285	-2,116	-348,9	-128,2					5	0	5	1	0	1
5656	5656		INV	chr2	188225594	chr2	188225729	135.0	True		False		2	3	5	-10,9	-1,1	-10,9	-1,1					2	3	5	0	0	0
5667	5667		INV	chr2	189067403	chr2	189067751	348.0	True		False		3	3	6	0,9	0,3	-10,9	-1,1					3	3	6	0	0	0
5670	5670		DEL	chr2	189208439	chr2	189209207	768.0	True		False		5	0	5	-10,632	-2,206	-593,9	-195,2					5	0	5	0	0	0
5671	5671		DEL	chr2	189326676	chr2	189327036	360.0	True		False		4	1	5	-10,9	-3,3	-10,9	-3,3					4	1	5	0	0	0
5674	5674		DEL	chr2	189632743	chr2	189633185	442.0	True		False		5	0	5	-10,237	-2,127	-273,9	-116,2					5	0	5	0	0	0
5691	5691		DEL	chr2	190383468	chr2	190384095	627.0	True		False		6	0	6	-10,344	-3,76	-153,9	-75,2					5	0	5	1	0	1
5695	5695		DEL	chr2	190563972	chr2	190564582	610.0	True		False		5	0	5	-10,509	-2,132	-465,9	-141,2					5	0	5	0	0	0
5704	5704		DEL	chr2	190997336	chr2	190997475	139.0	True		False		7	0	7	-10,137	-3,45	-138,9	-45,3					7	0	7	0	0	0
5706	5706		DEL	chr2	191109776	chr2	191110419	643.0	True		False		5	0	5	-10,454	-2,126	-469,9	-140,2					5	0	5	0	0	0
5707	5707		DEL	chr2	191126595	chr2	191127102	507.0	True		False		8	0	8	-10,378	-2,113	-346,9	-108,2					7	0	7	1	0	1
5710	5710		DEL	chr2	191360523	chr2	191360922	399.0	True		False		5	0	5	-10,349	-3,75	-7,9	-6,2					5	0	5	0	0	0
5713	5713		DEL	chr2	191462550	chr2	191463281	731.0	True		False		5	0	5	-10,649	-2,328	-650,9	-328,2					5	0	5	0	0	0
5716	5716		DEL	chr2	191514617	chr2	191514706	89.0	True		False		6	0	6	-10,29	-3,19	-45,9	-32,2					6	0	6	0	0	0
5734	5734		DEL	chr2	193507981	chr2	193508577	596.0	True		False		6	0	6	-10,389	-2,91	-368,9	-84,2					5	0	5	1	0	1
26777	26777_1	26777_2	BND	chr2	194519224	chr7	116894360		True	True	False	True	1	4	5	-9,6	0,0	-9,6	0,1	-9,6	0,1	-9,6	0,0	1	4	5	0	0	0
26878	26878_1	26878_2	BND	chr2	194891915	chr10	102782246		False	False	False	True	1	4	5	-8,8	0,0	-9,6	0,0	-9,6	0,0	-8,8	0,0	1	4	5	0	0	0
5755	5755_1	5755_2	BND	chr2	194952395	chr2	194952552		True	True	False	True	3	2	5	-10,9	-3,3	-10,9	-2,3	-10,9	-2,3	-10,9	-3,3	3	2	5	0	0	0
5763	5763		DEL	chr2	195399387	chr2	195400510	1123.0	True		False		5	0	5	-10,649	-2,328	-650,9	-328,2					5	0	5	0	0	0
5769	5769		DEL	chr2	195669789	chr2	195670273	484.0	True		False		7	0	7	-10,436	-2,123	-246,9	-89,3					7	0	7	0	0	0
5770	5770		DEL	chr2	195775574	chr2	195776319	745.0	True		False		5	0	5	-10,649	-2,328	-650,9	-328,2					5	0	5	0	0	0
5780	5780		DEL	chr2	196313585	chr2	196314228	643.0	True		False		5	0	5	-10,547	-2,186	-524,9	-184,2					5	0	5	0	0	0
5781	5781		DEL	chr2	196352052	chr2	196352429	377.0	True		False		5	0	5	-10,110	-3,54	-255,9	-82,3					5	0	5	0	0	0
5784	5784		DEL	chr2	196624775	chr2	196625694	919.0	True		False		5	0	5	-10,649	-2,328	-650,9	-328,2					5	0	5	0	0	0
5797	5797_1	5797_2	BND	chr2	197192146	chr2	197192256		True	True	False	True	2	3	5	-10,9	-1,1	-5,9	-1,1	-5,9	-1,1	-10,9	-1,1	2	3	5	0	0	0
5798	5798		DEL	chr2	197209284	chr2	197210224	940.0	True		False		7	0	7	-10,553	-2,187	-473,9	-180,2					7	0	7	0	0	0
5799	5799		DEL	chr2	197313319	chr2	197313878	559.0	True		False		5	0	5	-10,479	-2,181	-557,9	-188,2					5	0	5	0	0	0
5800	5800		DEL	chr2	197347171	chr2	197347834	663.0	True		False		5	0	5	-10,534	-2,143	-406,9	-138,2					5	0	5	0	0	0
5804	5804		DEL	chr2	197481383	chr2	197482042	659.0	True		False		5	0	5	-10,486	-2,133	-341,9	-125,2					5	0	5	0	0	0
5809	5809		DEL	chr2	197873344	chr2	197873697	353.0	True		False		6	0	6	-10,23	-2,19	-213,9	-96,2					5	0	5	1	0	1
5810	5810		DEL	chr2	198173884	chr2	198174644	760.0	True		False		5	0	5	-10,596	-2,196	-547,9	-186,2					5	0	5	0	0	0
5816	5816		DEL	chr2	198954262	chr2	198954891	629.0	True		False		6	0	6	-10,465	-2,106	-91,9	-62,2					6	0	6	0	0	0
5824	5824		DEL	chr2	199555332	chr2	199555684	352.0	True		False		6	0	6	-10,350	-3,120	-351,9	-124,2					5	0	5	1	0	1
5829	5829		DEL	chr2	199800563	chr2	199801165	602.0	True		False		5	0	5	-10,421	-2,138	-481,9	-141,2					5	0	5	0	0	0
5832	5832		DEL	chr2	199948572	chr2	199948852	280.0	True		False		5	0	5	-10,117	-3,55	-99,9	-48,3					5	0	5	0	0	0
5834	5834		DEL	chr2	200009629	chr2	200009984	355.0	True		False		5	0	5	-10,307	-3,72	-101,9	-56,2					5	0	5	0	0	0
5836	5836		DEL	chr2	200199959	chr2	200200494	535.0	True		False		5	0	5	-10,440	-2,132	-408,9	-130,2					5	0	5	0	0	0
4729	4729		DEL	chr2	200703649	chr2	200704337	688.0	True		False		5	0	5	-10,379	-2,136	-457,9	-131,2					5	0	5	0	0	0
5849	5849		DEL	chr2	201124264	chr2	201124841	577.0	True		False		8	0	8	-10,246	-2,86	-198,9	-78,2					8	0	8	0	0	0
5853	5853		DEL	chr2	201243920	chr2	201244173	253.0	True		False		5	0	5	-10,198	-3,63	-64,9	-39,2					5	0	5	0	0	0
5854	5854		DEL	chr2	201254720	chr2	201255506	786.0	True		False		7	0	7	-10,586	-2,194	-622,9	-203,2					7	0	7	0	0	0
5871	5871		DEL	chr2	202170599	chr2	202171099	500.0	True		False		6	0	6	-10,391	-2,129	-472,9	-132,2					6	0	6	0	0	0
5874	5874		DEL	chr2	202364448	chr2	202364955	507.0	True		False		7	0	7	-10,442	-2,101	-459,9	-99,2					6	0	6	1	0	1
5875	5875		DEL	chr2	202383577	chr2	202384136	559.0	True		False		5	0	5	-10,323	-2,121	-254,9	-127,2					5	0	5	0	0	0
5879	5879		DEL	chr2	202523491	chr2	202524050	559.0	True		False		5	0	5	-10,263	-3,68	-215,9	-92,2					5	0	5	0	0	0
5890	5890		DEL	chr2	203081117	chr2	203082043	926.0	True		False		5	0	5	-10,649	-2,328	-650,9	-328,2					5	0	5	0	0	0
5893	5893		DEL	chr2	203228661	chr2	203229379	718.0	True		False		7	0	7	-10,564	-2,130	-331,9	-124,2					7	0	7	0	0	0
5897	5897		DEL	chr2	203351158	chr2	203351643	485.0	True		False		5	0	5	-10,473	-2,124	-336,9	-125,2					5	0	5	0	0	0
5900	5900		DEL	chr2	203440903	chr2	203441278	375.0	True		False		4	1	5	0,9	0,9	-10,9	-3,3					4	1	5	0	0	0
5901	5901		DEL	chr2	203470133	chr2	203470793	660.0	True		False		6	0	6	-10,539	-2,147	-491,9	-135,2					6	0	6	0	0	0
5907	5907		DEL	chr2	203724543	chr2	203725483	940.0	True		False		5	0	5	-10,496	-2,182	-578,9	-192,2					5	0	5	0	0	0
5908	5908		DEL	chr2	203880621	chr2	203881423	802.0	True		False		6	0	6	-10,398	-2,130	-282,9	-93,3					6	0	6	0	0	0
5910	5910		DEL	chr2	204001468	chr2	204002082	614.0	True		False		5	0	5	-10,556	-2,188	-593,9	-195,2					5	0	5	0	0	0
5912	5912		DEL	chr2	204109974	chr2	204110623	649.0	True		False		5	0	5	-10,606	-2,198	-588,9	-194,2					5	0	5	0	0	0
5914	5914		DEL	chr2	204220916	chr2	204221161	245.0	True		False		5	0	5	-10,216	-2,137	-244,9	-148,2					5	0	5	0	0	0
5919	5919		DEL	chr2	204516306	chr2	204516958	652.0	True		False		5	0	5	-10,629	-2,205	-642,9	-209,2					5	0	5	0	0	0
5924	5924		DEL	chr2	204831912	chr2	204832730	818.0	True		False		5	0	5	-10,648	-1,211	-547,9	-186,2					5	0	5	0	0	0
5925	5925		DEL	chr2	204851843	chr2	204851975	132.0	True		False		5	0	5	-10,3	-4,3	-131,9	-59,3					5	0	5	0	0	0
5932	5932		DEL	chr2	205329804	chr2	205330148	344.0	True		False		6	0	6	-10,179	-2,86	-322,9	-102,2					5	0	5	1	0	1
5941	5941		DEL	chr2	205676723	chr2	205676978	255.0	True		False		5	0	5	-10,109	-3,51	-158,9	-61,3					5	0	5	0	0	0
5953	5953		DEL	chr2	206178764	chr2	206179315	551.0	True		False		7	0	7	-10,110	-2,68	-367,9	-92,2					7	0	7	0	0	0
5954	5954		DEL	chr2	206181054	chr2	206181342	288.0	True		False		5	1	6	-10,9	-3,3	-10,9	-3,3					4	1	5	1	0	1
5963	5963		DEL	chr2	207013858	chr2	207014384	526.0	True		False		5	0	5	-10,251	-3,90	-508,9	-120,2					5	0	5	0	0	0
5969	5969		DEL	chr2	207344063	chr2	207344196	133.0	True		False		5	0	5	-10,11	-2,10	-115,9	-52,3					5	0	5	0	0	0
5972	5972		DEL	chr2	207385811	chr2	207386313	502.0	True		False		5	0	5	-10,338	-2,106	-41,9	-31,2					5	0	5	0	0	0
5995	5995		DEL	chr2	208182246	chr2	208182948	702.0	True		False		5	0	5	-10,649	-1,211	-613,9	-200,2					5	0	5	0	0	0
5997	5997		DEL	chr2	208265056	chr2	208265491	435.0	True		False		6	0	6	-10,404	-2,105	-354,9	-84,3					5	0	5	1	0	1
5999	5999		DEL	chr2	208410858	chr2	208411129	271.0	True		False		6	0	6	-10,127	-3,51	-235,9	-57,3					5	0	5	1	0	1
6000	6000		DEL	chr2	208463901	chr2	208464555	654.0	True		False		5	0	5	-10,612	-2,159	-305,9	-124,2					5	0	5	0	0	0
6004	6004		DEL	chr2	208738974	chr2	208739077	103.0	True		False		5	2	7	-10,9	-1,1	-10,9	-1,1					4	2	6	1	0	1
6007	6007		INV	chr2	209538045	chr2	209538440	395.0	True		False		3	4	7	-10,9	-1,1	-10,9	-1,1					3	4	7	0	0	0
6009	6009		DEL	chr2	209776507	chr2	209776652	145.0	True		False		5	0	5	-10,76	-3,40	-44,9	-28,3					5	0	5	0	0	0
6011	6011		DEL	chr2	210145468	chr2	210146132	664.0	True		False		5	0	5	-10,537	-2,134	-250,9	-121,2					5	0	5	0	0	0
6012	6012		DEL	chr2	210151121	chr2	210151246	125.0	True		False		4	1	5	-10,9	-3,3	-10,9	-3,3					4	1	5	0	0	0
6018	6018		DEL	chr2	210613832	chr2	210614570	738.0	True		False		5	0	5	-10,649	-2,328	-650,9	-328,2					5	0	5	0	0	0
6021	6021		DEL	chr2	210675389	chr2	210675999	610.0	True		False		5	0	5	-10,386	-2,124	-528,9	-139,2					5	0	5	0	0	0
6023	6023		DEL	chr2	210744537	chr2	210744869	332.0	True		False		6	0	6	-10,253	-3,52	-1,8	-1,4					5	0	5	1	0	1
6025	6025		DEL	chr2	210895278	chr2	210895759	481.0	True		False		5	0	5	-10,476	-2,126	-480,9	-138,2					5	0	5	0	0	0
6026	6026		DEL	chr2	210944359	chr2	210944917	558.0	True		False		6	0	6	-10,527	-2,114	-337,9	-97,2					6	0	6	0	0	0
6030	6030		INV	chr2	211309615	chr2	211310002	387.0	True		False		2	4	6	-10,9	-1,1	-10,9	-1,1					2	4	6	0	0	0
6031	6031		DEL	chr2	211330258	chr2	211330487	229.0	True		False		6	0	6	-10,159	-3,66	-167,9	-70,2					6	0	6	0	0	0
26605	26605_1	26605_2	BND	chr2	211415170	chr4	149324118		True	True	False	True	6	0	6	-574,9	-107,2	-5,378	0,117	-5,378	0,117	-574,9	-107,2	5	0	5	1	0	1
6039	6039		DEL	chr2	211812785	chr2	211813027	242.0	True		False		5	0	5	-10,235	-3,70	-171,9	-59,3					5	0	5	0	0	0
4736	4736		INV	chr2	211992369	chr2	211992538	169.0	True		False		3	4	7	-10,9	-1,0	-7,7	-1,1					3	4	7	0	0	0
26915	26915_1	26915_2	BND	chr2	212331059	chr12	32346537		True	True	False	True	6	3	9	-10,9	-1,1	-9,6	-1,1	-9,6	-1,1	-10,9	-1,1	5	3	8	1	0	1
6044	6044		INV	chr2	212435386	chr2	212435493	107.0	True		False		3	3	6	-10,9	-1,1	0,9	0,1					3	3	6	0	0	0
27026	27026_1	27026_2	BND	chr2	212625614	chr16	7750183		False	False	False	True	1	4	5	-9,6	0,0	-8,8	0,0	-8,8	0,0	-9,6	0,0	1	4	5	0	0	0
26758	26758_1	26758_2	BND	chr2	213306365	chr7	28340458		True	True	False	True	8	0	8	-427,9	-76,1	-10,432	-1,90	-10,432	-1,90	-427,9	-76,1	7	0	7	1	0	1
4737	4737		DEL	chr2	213335942	chr2	213336505	563.0	True		False		5	0	5	-10,512	-2,137	-443,9	-126,2					5	0	5	0	0	0
6054	6054		INV	chr2	213487732	chr2	213488060	328.0	True		False		3	2	5	-9,0	-9,0	-10,9	-1,1					3	2	5	0	0	0
4738	4738		DEL	chr2	213531969	chr2	213532761	792.0	True		False		6	0	6	-10,264	-2,154	-588,9	-194,2					6	0	6	0	0	0
6055	6055		INV	chr2	213545697	chr2	213545832	135.0	True		False		3	3	6	-59,38	-46,38	0,14	0,6					3	3	6	0	0	0
6058	6058		DEL	chr2	213923082	chr2	213923699	617.0	True		False		5	0	5	-10,404	-2,133	-351,9	-139,2					5	0	5	0	0	0
6059	6059		DEL	chr2	213930754	chr2	213931288	534.0	True		False		5	0	5	-10,78	-2,51	-118,9	-80,2					5	0	5	0	0	0
6063	6063		DEL	chr2	214247661	chr2	214248119	458.0	True		False		5	0	5	-10,417	-2,123	-453,9	-142,2					5	0	5	0	0	0
6068	6068		DEL	chr2	214759467	chr2	214759744	277.0	True		False		6	0	6	-10,163	-2,91	-246,9	-120,2					5	0	5	1	0	1
6074	6074		DEL	chr2	215144962	chr2	215145297	335.0	True		False		6	0	6	-10,115	-2,66	-217,9	-100,2					5	0	5	1	0	1
6078	6078		DEL	chr2	215281776	chr2	215281917	141.0	True		False		5	0	5	-10,139	-3,63	-26,9	-20,2					5	0	5	0	0	0
6079	6079		DEL	chr2	215283093	chr2	215283649	556.0	True		False		5	0	5	-10,274	-2,125	-383,9	-134,2					5	0	5	0	0	0
6084	6084_1	6084_2	BND	chr2	215603104	chr2	215603303		True	True	False	True	2	3	5	-10,9	-1,1	-10,9	-1,1	-10,9	-1,1	-10,9	-1,1	2	3	5	0	0	0
6089	6089		DEL	chr2	215754710	chr2	215754774	64.0	True		False		5	0	5	-10,54	-2,35	-40,9	-27,2					5	0	5	0	0	0
6092	6092		DEL	chr2	215899415	chr2	215899724	309.0	True		False		6	0	6	-10,186	-3,61	-78,9	-49,2					5	0	5	1	0	1
6099	6099		DEL	chr2	216176385	chr2	216176653	268.0	True		False		6	0	6	-10,266	-2,119	-267,9	-115,2					6	0	6	0	0	0
6113	6113		DEL	chr2	216771880	chr2	216772467	587.0	True		False		5	0	5	-10,468	-2,126	-216,9	-95,2					5	0	5	0	0	0
6122	6122		DEL	chr2	217386663	chr2	217387298	635.0	True		False		5	0	5	-10,340	-2,98	-326,9	-109,2					5	0	5	0	0	0
4690	4690		DEL	chr2	217448068	chr2	217448275	207.0	True		False		5	0	5	-10,81	-2,51	-63,9	-43,2					5	0	5	0	0	0
6127	6127		DEL	chr2	217474470	chr2	217475057	587.0	True		False		6	0	6	-10,2	-5,2	-550,9	-142,2					5	0	5	1	0	1
6128	6128		DEL	chr2	217522943	chr2	217523576	633.0	True		False		5	0	5	-10,542	-2,150	-567,9	-150,2					5	0	5	0	0	0
6130	6130		DEL	chr2	217692350	chr2	217693129	779.0	True		False		7	0	7	-10,520	-3,173	-650,9	-208,2					6	0	6	1	0	1
6133	6133		DEL	chr2	217831178	chr2	217832371	1193.0	True		False		5	0	5	-10,649	-2,328	-650,9	-328,2					5	0	5	0	0	0
27256	27256_1	27256_2	BND	chr2	217849510	chrX	101381088		False	False	False	True	1	4	5	-8,8	0,0	-8,8	0,0	-8,8	0,0	-8,8	0,0	1	4	5	0	0	0
6134	6134		DEL	chr2	217882908	chr2	217883430	522.0	True		False		5	0	5	-10,377	-2,124	-153,9	-93,2					5	0	5	0	0	0
6136	6136		DEL	chr2	217946792	chr2	217947446	654.0	True		False		5	0	5	-10,404	-2,176	-577,9	-191,2					5	0	5	0	0	0
6137	6137		DEL	chr2	217953149	chr2	217953810	661.0	True		False		5	0	5	-10,622	-2,203	-554,9	-187,2					5	0	5	0	0	0
6138	6138		DEL	chr2	217977217	chr2	217977681	464.0	True		False		8	0	8	-10,13	-2,12	-146,9	-69,2					7	0	7	1	0	1
6141	6141		DEL	chr2	218123288	chr2	218124095	807.0	True		False		5	0	5	-10,586	-2,194	-611,9	-200,2					5	0	5	0	0	0
6142	6142		DEL	chr2	218155719	chr2	218156381	662.0	True		False		6	0	6	-10,516	-2,137	-168,9	-92,2					5	0	5	1	0	1
6145	6145		DEL	chr2	218244645	chr2	218245288	643.0	True		False		5	0	5	-10,242	-2,92	-459,9	-110,2					5	0	5	0	0	0
6153	6153		DEL	chr2	218474400	chr2	218474928	528.0	True		False		6	0	6	-10,68	-2,46	-449,9	-109,2					6	0	6	0	0	0
6155	6155		DEL	chr2	218534970	chr2	218535397	427.0	True		False		5	0	5	-10,367	-2,85	-30,9	-22,2					5	0	5	0	0	0
6158	6158		DEL	chr2	218692623	chr2	218693001	378.0	True		False		5	0	5	-10,172	-3,61	-377,9	-89,2					5	0	5	0	0	0
4745	4745		DEL	chr2	218726139	chr2	218727028	889.0	True		False		5	0	5	-10,649	-2,328	-650,9	-328,2					5	0	5	0	0	0
6162	6162		DEL	chr2	218901875	chr2	218902203	328.0	True		False		6	0	6	-10,326	-2,127	-327,9	-120,2					6	0	6	0	0	0
6167	6167		DEL	chr2	219148100	chr2	219148722	622.0	True		False		5	0	5	-10,613	-2,156	-503,9	-140,2					5	0	5	0	0	0
6176	6176		DEL	chr2	219409885	chr2	219410474	589.0	True		False		5	0	5	-10,587	-2,197	-520,9	-183,2					5	0	5	0	0	0
6179	6179		DEL	chr2	219579162	chr2	219579683	521.0	True		False		6	0	6	-10,420	-2,119	-313,9	-99,2					6	0	6	0	0	0
6180	6180		DEL	chr2	219647254	chr2	219647623	369.0	True		False		5	0	5	-10,237	-3,75	-235,9	-67,3					5	0	5	0	0	0
6181	6181		DEL	chr2	219698934	chr2	219699715	781.0	True		False		5	0	5	-10,597	-2,196	-469,9	-180,2					5	0	5	0	0	0
6182	6182		DEL	chr2	219759935	chr2	219760378	443.0	True		False		5	0	5	-10,401	-2,110	-93,9	-55,2					5	0	5	0	0	0
6183	6183		DEL	chr2	219853013	chr2	219853278	265.0	True		False		7	0	7	-10,249	-3,65	-167,9	-70,2					6	0	6	1	0	1
6187	6187		DEL	chr2	220108466	chr2	220109496	1030.0	True		False		6	0	6	-10,701	-2,352	-702,9	-352,2					5	0	5	1	0	1
6188	6188		DEL	chr2	220167146	chr2	220167828	682.0	True		False		5	0	5	-10,555	-2,188	-548,9	-186,2					5	0	5	0	0	0
6202	6202		DEL	chr2	220667190	chr2	220667670	480.0	True		False		5	0	5	-10,268	-2,124	-313,9	-124,2					5	0	5	0	0	0
6212	6212		DEL	chr2	221493978	chr2	221494279	301.0	True		False		6	0	6	-10,279	-3,72	-155,9	-50,3					6	0	6	0	0	0
6216	6216		DEL	chr2	222219840	chr2	222220743	903.0	True		False		5	0	5	-10,568	-2,190	-492,9	-181,2					5	0	5	0	0	0
6221	6221		DEL	chr2	222603907	chr2	222604916	1009.0	True		False		5	0	5	-10,649	-2,328	-650,9	-328,2					5	0	5	0	0	0
6228	6228		DEL	chr2	222831167	chr2	222831340	173.0	True		False		5	0	5	-10,4	-3,4	-54,9	-37,2					5	0	5	0	0	0
6243	6243		DEL	chr2	223633848	chr2	223633976	128.0	True		False		5	0	5	-10,70	-2,50	-67,9	-48,2					5	0	5	0	0	0
6248	6248		DEL	chr2	223767933	chr2	223768237	304.0	True		False		5	0	5	-10,245	-3,80	-173,9	-63,3					5	0	5	0	0	0
6249	6249		DEL	chr2	223794335	chr2	223795488	1153.0	True		False		6	0	6	-10,649	-2,328	-650,9	-328,2					5	0	5	1	0	1
6257	6257		DEL	chr2	223961813	chr2	223962353	540.0	True		False		6	0	6	-10,532	-2,137	-460,9	-143,2					6	0	6	0	0	0
6264	6264		DEL	chr2	224170451	chr2	224171118	667.0	True		False		5	0	5	-10,512	-2,183	-644,9	-210,2					5	0	5	0	0	0
6272	6272		DEL	chr2	224431583	chr2	224432054	471.0	True		False		5	0	5	-10,399	-2,125	-307,9	-123,2					5	0	5	0	0	0
6277	6277		DEL	chr2	224779171	chr2	224780176	1005.0	True		False		5	0	5	-10,566	-2,189	-626,9	-204,2					5	0	5	0	0	0
6278	6278		DEL	chr2	224783518	chr2	224783785	267.0	True		False		5	0	5	-10,88	-3,46	-42,9	-31,2					5	0	5	0	0	0
4749	4749		DEL	chr2	225427338	chr2	225427578	240.0	True		False		5	0	5	-10,75	-2,52	-174,9	-61,3					5	0	5	0	0	0
6293	6293		DEL	chr2	225632647	chr2	225633044	397.0	True		False		4	1	5	-10,9	-3,3	-10,9	-3,3					4	1	5	0	0	0
6296	6296		INV	chr2	225834919	chr2	225835005	86.0	True		False		2	3	5	-10,1	-10,1	-10,9	-2,3					2	3	5	0	0	0
6305	6305		DEL	chr2	226503405	chr2	226503736	331.0	True		False		5	0	5	-10,95	-2,60	-302,9	-107,2					5	0	5	0	0	0
6307	6307		DEL	chr2	226689669	chr2	226690390	721.0	True		False		5	0	5	-10,544	-2,186	-589,9	-194,2					5	0	5	0	0	0
6309	6309		DEL	chr2	226750159	chr2	226750562	403.0	True		False		5	0	5	-10,198	-2,99	-199,9	-85,3					5	0	5	0	0	0
6321	6321		DEL	chr2	227406759	chr2	227407616	857.0	True		False		5	0	5	-10,649	-2,328	-650,9	-328,2					5	0	5	0	0	0
6323	6323		DEL	chr2	227440806	chr2	227441409	603.0	True		False		5	0	5	-10,249	-2,110	-200,9	-95,2					5	0	5	0	0	0
6328	6328		DEL	chr2	227502646	chr2	227503278	632.0	True		False		5	0	5	-10,630	-2,210	-605,9	-198,2					5	0	5	0	0	0
6331	6331		DEL	chr2	227653758	chr2	227654706	948.0	True		False		5	0	5	-10,649	-2,328	-650,9	-328,2					5	0	5	0	0	0
6333	6333		DEL	chr2	227705681	chr2	227706333	652.0	True		False		6	0	6	-10,387	-2,136	-637,9	-168,1					6	0	6	0	0	0
6363	6363		DEL	chr2	229664314	chr2	229664754	440.0	True		False		5	0	5	-10,438	-2,111	-370,9	-95,3					5	0	5	0	0	0
6365	6365		DEL	chr2	229785167	chr2	229786215	1048.0	True		False		5	0	5	-10,649	-2,328	-650,9	-328,2					5	0	5	0	0	0
6366	6366		DEL	chr2	229800790	chr2	229801322	532.0	True		False		6	0	6	-10,530	-2,139	-511,9	-134,2					5	0	5	1	0	1
6371	6371		DEL	chr2	229896261	chr2	229896697	436.0	True		False		5	0	5	-10,14	-2,12	-331,9	-71,3					5	0	5	0	0	0
6377	6377		DEL	chr2	230081468	chr2	230082139	671.0	True		False		5	0	5	-10,165	-2,103	-411,9	-136,2					5	0	5	0	0	0
6379	6379		DEL	chr2	230174876	chr2	230175503	627.0	True		False		7	0	7	-10,520	-2,148	-527,9	-133,2					7	0	7	0	0	0
6382	6382		DEL	chr2	230392042	chr2	230392375	333.0	True		False		5	0	5	-10,246	-2,101	-125,9	-68,2					5	0	5	0	0	0
6386	6386		DEL	chr2	230562894	chr2	230563752	858.0	True		False		5	0	5	-10,549	-2,187	-643,9	-209,2					5	0	5	0	0	0
4751	4751		DEL	chr2	230653753	chr2	230654339	586.0	True		False		5	0	5	-10,410	-2,145	-483,9	-141,2					5	0	5	0	0	0
6394	6394		INV	chr2	230727614	chr2	230727798	184.0	True		False		2	3	5	-10,9	-1,1	-10,9	-1,1					2	3	5	0	0	0
6396	6396		DEL	chr2	230898765	chr2	230899475	710.0	True		False		7	0	7	-10,590	-2,194	-561,9	-188,2					7	0	7	0	0	0
6398	6398		DEL	chr2	230961409	chr2	230962073	664.0	True		False		6	0	6	-10,432	-2,143	-479,9	-139,2					6	0	6	0	0	0
6400	6400		DEL	chr2	231010282	chr2	231011313	1031.0	True		False		7	0	7	-10,649	-2,328	-650,9	-328,2					7	0	7	0	0	0
6408	6408		DEL	chr2	231263293	chr2	231263537	244.0	True		False		6	0	6	-10,238	-3,63	-163,9	-54,3					5	0	5	1	0	1
6410	6410		DEL	chr2	231455512	chr2	231455706	194.0	True		False		6	0	6	-10,49	-3,31	-1,0	-1,0					5	0	5	1	0	1
6411	6411		DEL	chr2	231460530	chr2	231461106	576.0	True		False		5	0	5	-10,533	-2,185	-575,9	-194,2					5	0	5	0	0	0
6415	6415		DEL	chr2	231669346	chr2	231669853	507.0	True		False		5	0	5	-10,502	-2,129	-455,9	-140,2					5	0	5	0	0	0
6416	6416		DEL	chr2	231696836	chr2	231697465	629.0	True		False		5	0	5	-10,627	-1,211	-588,9	-194,2					5	0	5	0	0	0
6422	6422		DEL	chr2	232045460	chr2	232045956	496.0	True		False		5	0	5	-10,402	-2,125	-495,9	-146,2					5	0	5	0	0	0
6424	6424		DEL	chr2	232121706	chr2	232121924	218.0	True		False		5	0	5	-10,216	-2,122	-187,9	-98,2					5	0	5	0	0	0
6426	6426		DEL	chr2	232261827	chr2	232262039	212.0	True		False		5	0	5	-10,1	-10,1	-211,9	-68,3					5	0	5	0	0	0
6427	6427		DEL	chr2	232271406	chr2	232271897	491.0	True		False		6	0	6	-10,489	-2,125	-490,9	-135,2					6	0	6	0	0	0
6436	6436		DUP	chr2	232326778	chr2	232440245	113467.0	True		False		7	0	7	-493,9	-88,2	-10,549	-2,80					6	0	6	1	0	1
6435	6435		DEL	chr2	232400082	chr2	232400256	174.0	True		False		5	0	5	-10,0	-10,0	-173,9	-77,3					5	0	5	0	0	0
4755	4755		DEL	chr2	232865593	chr2	232865841	248.0	True		False		5	0	5	-10,246	-3,71	-108,9	-53,2					5	0	5	0	0	0
27126	27126_1	27126_2	BND	chr2	233176610	chr19	3235780		True	True	False	True	6	0	6	-405,9	-89,1	-10,545	0,114	-10,545	0,114	-405,9	-89,1	5	0	5	1	0	1
6448	6448		DEL	chr2	233177724	chr2	233178318	594.0	True		False		5	0	5	-10,592	-2,158	-593,9	-162,2					5	0	5	0	0	0
6449	6449		DEL	chr2	233288713	chr2	233288847	134.0	True		False		5	0	5	-10,1	-10,1	-12,9	-10,2					5	0	5	0	0	0
6454	6454		DEL	chr2	233605342	chr2	233606210	868.0	True		False		6	0	6	-10,472	-3,111	-612,9	-153,2					5	0	5	1	0	1
6457	6457		DEL	chr2	233741961	chr2	233742370	409.0	True		False		6	0	6	-10,331	-3,86	-171,9	-70,3					6	0	6	0	0	0
6460	6460		DEL	chr2	233927707	chr2	233927986	279.0	True		False		5	0	5	-10,34	-2,26	-111,9	-53,3					5	0	5	0	0	0
6461	6461		DEL	chr2	233993240	chr2	233993697	457.0	True		False		5	0	5	-10,440	-2,125	-284,9	-125,2					5	0	5	0	0	0
6464	6464		DEL	chr2	234121002	chr2	234121584	582.0	True		False		5	0	5	-10,513	-2,183	-479,9	-181,2					5	0	5	0	0	0
6465	6465		DEL	chr2	234122065	chr2	234122657	592.0	True		False		6	0	6	-10,531	-2,142	-482,9	-133,2					6	0	6	0	0	0
4757	4757		DEL	chr2	234274845	chr2	234275189	344.0	True		False		5	0	5	-10,67	-2,42	-316,9	-84,3					5	0	5	0	0	0
6471	6471		DEL	chr2	234385799	chr2	234386170	371.0	True		False		5	0	5	-10,303	-3,79	-221,9	-79,3					5	0	5	0	0	0
6473	6473		DEL	chr2	234437572	chr2	234438188	616.0	True		False		5	0	5	-10,560	-2,152	-593,9	-156,2					5	0	5	0	0	0
6474	6474		DEL	chr2	234445408	chr2	234445697	289.0	True		False		5	0	5	-10,286	-3,74	-8,9	-7,2					5	0	5	0	0	0
6477	6477		DEL	chr2	234514837	chr2	234516971	2134.0	True		False		11	0	11	-10,298	-3,45	-647,9	-105,0					11	0	11	0	0	0
6479	6479		DEL	chr2	234551175	chr2	234551705	530.0	True		False		7	0	7	-10,34	-2,28	-392,9	-69,3					6	0	6	1	0	1
6484	6484		DEL	chr2	234641603	chr2	234642098	495.0	True		False		5	0	5	-10,272	-3,69	-182,9	-74,3					5	0	5	0	0	0
4758	4758		DEL	chr2	234896855	chr2	234897758	903.0	True		False		5	0	5	-10,649	-2,328	-650,9	-328,2					5	0	5	0	0	0
6487	6487		DUP	chr2	235010815	chr2	235011221	406.0	True		False		5	0	5	-590,9	-131,1	-10,562	-2,119					5	0	5	0	0	0
6496	6496		DEL	chr2	235286315	chr2	235286594	279.0	True		False		5	0	5	-10,249	-2,95	-215,9	-65,3					5	0	5	0	0	0
6499	6499		DEL	chr2	235353822	chr2	235354219	397.0	True		False		6	0	6	-10,310	-2,86	-244,9	-70,3					6	0	6	0	0	0
6502	6502		DEL	chr2	235456384	chr2	235457074	690.0	True		False		5	0	5	-10,356	-2,124	-321,9	-123,2					5	0	5	0	0	0
6504	6504		DEL	chr2	235460678	chr2	235461260	582.0	True		False		5	0	5	-10,407	-2,94	-554,9	-117,2					5	0	5	0	0	0
6508	6508		DEL	chr2	235829531	chr2	235830178	647.0	True		False		5	0	5	-10,419	-2,106	-602,9	-133,2					5	0	5	0	0	0
6510	6510		DEL	chr2	235874550	chr2	235875076	526.0	True		False		6	0	6	-10,265	-2,103	-212,9	-100,2					6	0	6	0	0	0
6512	6512		DEL	chr2	235926084	chr2	235926466	382.0	True		False		5	0	5	-10,189	-2,88	-123,9	-56,3					5	0	5	0	0	0
6514	6514		DEL	chr2	235988965	chr2	235989637	672.0	True		False		5	0	5	-10,649	-2,328	-650,9	-328,2					5	0	5	0	0	0
6519	6519		DEL	chr2	236125341	chr2	236125875	534.0	True		False		5	0	5	-10,468	-2,126	-151,9	-90,2					5	0	5	0	0	0
6520	6520		DEL	chr2	236199957	chr2	236200121	164.0	True		False		5	0	5	-10,162	-2,96	-80,9	-56,2					5	0	5	0	0	0
6525	6525		DEL	chr2	236527526	chr2	236527676	150.0	True		False		8	0	8	-10,76	-2,49	-91,9	-43,3					7	0	7	1	0	1
6532	6532		DEL	chr2	236858536	chr2	236860077	1541.0	True		False		5	0	5	-10,649	-2,328	-650,9	-328,2					5	0	5	0	0	0
6541	6541		DEL	chr2	237442738	chr2	237442990	252.0	True		False		5	0	5	-10,135	-2,82	-137,9	-84,2					5	0	5	0	0	0
6546	6546		DEL	chr2	237552513	chr2	237553091	578.0	True		False		5	0	5	-10,405	-2,127	-408,9	-129,2					5	0	5	0	0	0
6560	6560		DEL	chr2	238065281	chr2	238065849	568.0	True		False		5	0	5	-10,317	-2,97	-295,9	-101,2					5	0	5	0	0	0
6561	6561		DEL	chr2	238084415	chr2	238084893	478.0	True		False		5	0	5	-10,465	-2,128	-477,9	-130,2					5	0	5	0	0	0
6566	6566		DEL	chr2	238262971	chr2	238263611	640.0	True		False		6	0	6	-10,538	-2,132	-293,9	-139,2					5	0	5	1	0	1
6571	6571		DEL	chr2	238596857	chr2	238597779	922.0	True		False		5	0	5	-10,613	-2,200	-590,9	-194,2					5	0	5	0	0	0
6572	6572		DEL	chr2	238705176	chr2	238705480	304.0	True		False		5	0	5	-10,147	-2,87	-303,9	-125,2					5	0	5	0	0	0
6573	6573		DEL	chr2	238712026	chr2	238712420	394.0	True		False		5	0	5	-10,91	-2,61	-108,9	-64,2					5	0	5	0	0	0
6587	6587		DEL	chr2	239050612	chr2	239051159	547.0	True		False		5	0	5	-10,491	-2,126	-499,9	-145,2					5	0	5	0	0	0
6589	6589		DEL	chr2	239148210	chr2	239148759	549.0	True		False		5	0	5	-10,449	-2,89	-432,9	-90,2					5	0	5	0	0	0
6595	6595		DEL	chr2	239642877	chr2	239643570	693.0	True		False		7	0	7	-10,556	-2,117	-466,9	-107,2					6	0	6	1	0	1
6597	6597		DEL	chr2	239781072	chr2	239781843	771.0	True		False		5	0	5	-10,466	-2,180	-574,9	-191,2					5	0	5	0	0	0
6598	6598		DEL	chr2	239883019	chr2	239883196	177.0	True		False		6	0	6	-10,105	-3,47	-121,9	-43,3					5	0	5	1	0	1
6602	6602		DEL	chr2	240042038	chr2	240042630	592.0	True		False		8	0	8	-10,413	-2,77	-347,9	-56,3					8	0	8	0	0	0
6603	6603		DEL	chr2	240053779	chr2	240053840	61.0	True		False		5	0	5	-10,23	-2,18	-60,9	-48,2					5	0	5	0	0	0
6606	6606		DEL	chr2	240104598	chr2	240105352	754.0	True		False		5	0	5	-10,585	-2,193	-641,9	-209,2					5	0	5	0	0	0
6611	6611		DEL	chr2	240261182	chr2	240261656	474.0	True		False		7	0	7	-10,96	-2,60	-456,9	-111,2					7	0	7	0	0	0
6624	6624		DEL	chr2	241197830	chr2	241198506	676.0	True		False		5	0	5	-10,424	-2,129	-465,9	-134,2					5	0	5	0	0	0
6643	6643		DEL	chr2	241985286	chr2	241985945	659.0	True		False		6	0	6	-10,536	-2,134	-441,9	-140,2					6	0	6	0	0	0
32171	32171_1	32171_2	BND	chr20	65058	chrY	56831469		True	True	False	True	9	0	9	-430,8	-108,1	-10,204	-1,77	-10,204	-1,77	-430,8	-108,1	9	0	9	0	0	0
23036	23036		DEL	chr20	281709	chr20	282164	455.0	True		False		5	0	5	-10,453	-2,180	-454,9	-181,2					5	0	5	0	0	0
23052	23052		DEL	chr20	3568261	chr20	3568770	509.0	True		False		5	0	5	-10,201	-2,97	-175,9	-84,2					5	0	5	0	0	0
23057	23057		DEL	chr20	4306425	chr20	4307444	1019.0	True		False		5	0	5	-10,414	-2,177	-578,9	-192,2					5	0	5	0	0	0
23059	23059		DEL	chr20	4736272	chr20	4736622	350.0	True		False		5	0	5	-10,183	-2,100	-77,9	-54,2					5	0	5	0	0	0
23066	23066		DEL	chr20	5797578	chr20	5798153	575.0	True		False		5	0	5	-10,494	-2,181	-552,9	-187,2					5	0	5	0	0	0
23135	23135		DEL	chr20	19341443	chr20	19341990	547.0	True		False		7	0	7	-10,544	-2,137	-512,9	-132,2					6	0	6	1	0	1
23144	23144		DEL	chr20	20685773	chr20	20686332	559.0	True		False		6	0	6	-10,202	-2,94	-473,9	-95,2					5	0	5	1	0	1
23145	23145		DEL	chr20	20749230	chr20	20749617	387.0	True		False		5	0	5	-10,79	-2,46	-270,9	-80,2					5	0	5	0	0	0
23150	23150		DEL	chr20	21384616	chr20	21384846	230.0	True		False		6	0	6	-10,33	-2,27	-128,9	-71,2					5	0	5	1	0	1
23155	23155		DEL	chr20	22758676	chr20	22759166	490.0	True		False		5	0	5	-10,275	-2,101	-417,9	-106,2					5	0	5	0	0	0
23242	23242_1	23242_2	BND	chr20	25908964	chr20	29651590		True	True	False	True	6	0	6	-10,542	-1,120	-10,426	-2,79	-10,426	-2,79	-10,542	-1,120	6	0	6	0	0	0
23171	23171		DEL	chr20	26364240	chr20	26366109	1869.0	True		False		8	0	8	-10,396	-1,62	-499,9	-51,3					7	0	7	1	0	1
23172	23172		DUP	chr20	26438743	chr20	26440190	1447.0	True		False		7	0	7	-479,9	-79,1	-10,478	-2,85					6	0	6	1	0	1
23175	23175		DEL	chr20	26438998	chr20	26553303	114305.0	True		False		8	0	8	-10,454	-2,82	-431,9	-60,3					7	0	7	1	0	1
23178	23178		DEL	chr20	26477343	chr20	26570642	93299.0	True		False		6	0	6	-10,476	-2,83	-407,9	-69,3					6	0	6	0	0	0
23179	23179		DEL	chr20	26486317	chr20	26599757	113440.0	True		False		6	0	6	-10,504	-2,103	-547,9	-94,2					5	0	5	1	0	1
23214	23214_1	23214_2	BND	chr20	28611106	chr20	29071981		True	True	False	True	8	0	8	-512,9	-65,2	-632,9	-106,1	-632,9	-106,1	-512,9	-65,2	7	0	7	1	0	1
23192	23192_1	23192_2	BND	chr20	28654564	chr20	28719168		True	True	False	True	7	0	7	-511,9	-114,1	-596,9	-105,1	-596,9	-105,1	-511,9	-114,1	7	0	7	0	0	0
23209	23209		DEL	chr20	28840019	chr20	28841518	1499.0	True		False		8	0	8	-10,293	-2,67	-477,9	-93,2					7	0	7	1	0	1
23223	23223		DEL	chr20	28841720	chr20	29155615	313895.0	True		False		7	0	7	-10,494	-2,108	-455,9	-89,2					6	0	6	1	0	1
23237	23237_1	23237_2	BND	chr20	29123046	chr20	29455493		True	True	False	True	8	0	8	-10,430	-2,85	-10,444	-2,90	-10,444	-2,90	-10,430	-2,85	7	0	7	1	0	1
23229	23229		DUP	chr20	29152376	chr20	29197164	44788.0	True		False		9	0	9	-363,9	-44,3	-10,400	-1,88					8	0	8	1	0	1
23227	23227		DUP	chr20	29193222	chr20	29193740	518.0	True		False		6	0	6	-588,9	-109,2	-10,536	-2,113					5	0	5	1	0	1
32137	32137_1	32137_2	BND	chr20	29290763	chrY	10206517		True	True	False	True	7	0	7	-496,9	-81,2	-623,9	-106,2	-623,9	-106,2	-496,9	-81,2	6	0	6	1	0	1
23248	23248		DEL	chr20	29338343	chr20	29775656	437313.0	True		False		7	0	7	-10,388	-1,67	-524,9	-69,2					7	0	7	0	0	0
23250	23250		DUP	chr20	29396036	chr20	29831317	435281.0	True		False		7	0	7	-620,9	-105,2	-10,477	-2,98					6	0	6	1	0	1
32121	32121_1	32121_2	BND	chr20	29447837	chr22	11605305		True	True	False	True	6	0	6	-10,312	-2,72	-627,9	-114,2	-627,9	-114,2	-10,312	-2,72	5	0	5	1	0	1
23116	23116		DEL	chr20	29538732	chr20	29540300	1568.0	True		False		7	0	7	-10,391	-1,74	-182,9	-75,2					6	0	6	1	0	1
23264	23264_1	23264_2	BND	chr20	29565354	chr20	30318868		True	True	False	True	9	0	9	-205,6	-76,0	-394,9	-69,2	-394,9	-69,2	-205,6	-76,0	8	0	8	1	0	1
32107	32107_1	32107_2	BND	chr20	29788805	chr22	11314706		True	True	False	True	5	0	5	-10,568	-2,120	-625,9	-128,1	-625,9	-128,1	-10,568	-2,120	5	0	5	0	0	0
32115	32115_1	32115_2	BND	chr20	29792253	chr22	11569666		True	True	False	True	8	0	8	-620,9	-102,1	-445,9	-85,2	-445,9	-85,2	-620,9	-102,1	7	0	7	1	0	1
32134	32134_1	32134_2	BND	chr20	31052121	chrY	11747665		True	True	False	True	6	0	6	-6,547	0,123	-645,9	-121,1	-645,9	-121,1	-6,547	0,123	5	0	5	1	0	1
23385	23385		DEL	chr20	31052682	chr20	31073122	20440.0	True		False		6	0	6	-10,535	-2,116	-214,9	-108,1					5	0	5	1	0	1
23286	23286		DEL	chr20	31053997	chr20	31054319	322.0	True		False		4	2	6	-10,9	-1,1	-10,9	-1,1					4	2	6	0	0	0
32165	32165_1	32165_2	BND	chr20	31054010	chrY	11721960		False	False	False	True	1	6	7	-7,5	0,0	-6,5	0,0	-6,5	0,0	-7,5	0,0	1	5	6	0	1	1
23321	23321		DEL	chr20	31059080	chr20	31065050	5970.0	True		False		6	0	6	-10,527	-2,100	-473,9	-66,3					5	0	5	1	0	1
23110	23110		DEL	chr20	31059084	chr20	31064143	5059.0	True		False		8	0	8	-7,490	-1,105	-446,9	-97,1					7	0	7	1	0	1
23311	23311		DEL	chr20	31059671	chr20	31062297	2626.0	True		False		5	1	6	-10,9	-3,3	-10,9	-3,3					5	0	5	0	1	1
23309	23309		DUP	chr20	31060328	chr20	31062588	2260.0	True		False		8	0	8	-438,9	-92,2	-10,638	-1,143					7	0	7	1	0	1
23405	23405		DUP	chr20	31062710	chr20	31075693	12983.0	True		False		9	0	9	-359,6	-92,2	-10,1	-7,1					8	0	8	1	0	1
23323	23323		DUP	chr20	31063198	chr20	31065344	2146.0	True		False		8	0	8	-460,9	-80,2	-10,413	-2,81					7	0	7	1	0	1
23360	23360		DUP	chr20	31070431	chr20	31071953	1522.0	False		False		2	5	7	-7,6	0,0	-8,6	0,0					2	4	6	0	1	1
32095	32095_1	32095_2	BND	chr20	31074404	chr21	10656403		True	True	False	True	6	0	6	-10,492	-1,90	-6,569	0,130	-6,569	0,130	-10,492	-1,90	6	0	6	0	0	0
23443	23443		DEL	chr20	33335247	chr20	33335747	500.0	True		False		5	0	5	-10,178	-2,107	-400,9	-126,2					5	0	5	0	0	0
23453	23453		DEL	chr20	35340329	chr20	35341216	887.0	True		False		5	0	5	-10,582	-2,193	-643,9	-209,2					5	0	5	0	0	0
23434	23434		DEL	chr20	35372612	chr20	35373445	833.0	True		False		5	0	5	-10,574	-2,191	-527,9	-184,2					5	0	5	0	0	0
23455	23455		DEL	chr20	35611010	chr20	35611576	566.0	True		False		5	0	5	-10,220	-2,115	-565,9	-158,2					5	0	5	0	0	0
23461	23461		DEL	chr20	37118413	chr20	37118876	463.0	True		False		5	0	5	-10,358	-2,98	-417,9	-99,2					5	0	5	0	0	0
23463	23463		DEL	chr20	37353741	chr20	37353885	144.0	True		False		5	0	5	-10,142	-3,57	-143,9	-66,3					5	0	5	0	0	0
23469	23469		DEL	chr20	38634701	chr20	38635181	480.0	True		False		5	0	5	-10,194	-2,106	-336,9	-136,2					5	0	5	0	0	0
23480	23480		DEL	chr20	40276068	chr20	40276744	676.0	True		False		6	0	6	-10,649	-2,208	-650,9	-204,2					5	0	5	1	0	1
23485	23485		DEL	chr20	41257927	chr20	41258175	248.0	True		False		5	0	5	-10,194	-3,65	-220,9	-65,3					5	0	5	0	0	0
23499	23499		DEL	chr20	43249853	chr20	43249920	67.0	True		False		5	0	5	-10,59	-2,39	-59,9	-35,3					5	0	5	0	0	0
23507	23507		DEL	chr20	43944535	chr20	43945303	768.0	True		False		5	0	5	-10,581	-2,192	-588,9	-194,2					5	0	5	0	0	0
23520	23520		DEL	chr20	45396269	chr20	45396890	621.0	True		False		5	0	5	-10,518	-2,183	-549,9	-187,2					5	0	5	0	0	0
23524	23524		DEL	chr20	46237241	chr20	46238197	956.0	True		False		6	0	6	-10,649	-2,328	-650,9	-328,2					6	0	6	0	0	0
23525	23525		DEL	chr20	46281117	chr20	46281286	169.0	True		False		7	0	7	-10,2	-5,2	-22,9	-17,2					6	0	6	1	0	1
23533	23533		DEL	chr20	47894971	chr20	47895489	518.0	True		False		7	0	7	-10,430	-2,66	-432,9	-69,2					6	0	6	1	0	1
23545	23545		DEL	chr20	48823648	chr20	48824368	720.0	True		False		5	0	5	-10,545	-2,135	-502,9	-126,2					5	0	5	0	0	0
23549	23549		DEL	chr20	49485955	chr20	49486391	436.0	True		False		5	0	5	-10,434	-2,124	-435,9	-130,2					5	0	5	0	0	0
23555	23555		DEL	chr20	49990075	chr20	49990775	700.0	True		False		5	0	5	-10,385	-2,125	-420,9	-138,2					5	0	5	0	0	0
23566	23566		DEL	chr20	52236379	chr20	52237120	741.0	True		False		5	0	5	-10,534	-2,131	-419,9	-125,2					5	0	5	0	0	0
23574	23574		DEL	chr20	54034725	chr20	54035425	700.0	True		False		5	0	5	-10,622	-2,203	-638,9	-208,2					5	0	5	0	0	0
23580	23580		DEL	chr20	55325382	chr20	55325769	387.0	True		False		6	0	6	-10,275	-2,98	-386,9	-103,2					6	0	6	0	0	0
23582	23582		DEL	chr20	55717802	chr20	55718393	591.0	True		False		5	0	5	-10,470	-2,133	-552,9	-153,2					5	0	5	0	0	0
32126	32126_1	32126_2	BND	chr20	56664157	chr22	23510381		True	True	False	True	7	0	7	-629,9	-110,2	-10,458	-2,88	-10,458	-2,88	-629,9	-110,2	6	0	6	1	0	1
23606	23606		DEL	chr20	60215328	chr20	60216319	991.0	True		False		5	0	5	-10,649	-2,328	-650,9	-328,2					5	0	5	0	0	0
23608	23608		DEL	chr20	60353984	chr20	60355306	1322.0	True		False		5	0	5	-10,649	-2,328	-650,9	-328,2					5	0	5	0	0	0
23612	23612		DEL	chr20	60635058	chr20	60635728	670.0	True		False		5	0	5	-10,373	-2,137	-630,9	-167,1					5	0	5	0	0	0
23617	23617		DEL	chr20	61217431	chr20	61217533	102.0	True		False		5	1	6	-10,9	-3,3	-10,9	-3,3					5	0	5	0	1	1
23620	23620		DEL	chr20	61273515	chr20	61274433	918.0	True		False		5	0	5	-10,559	-2,115	-375,9	-108,2					5	0	5	0	0	0
23632	23632		DEL	chr20	63850922	chr20	63851316	394.0	True		False		6	0	6	-10,392	-2,177	-387,9	-175,2					5	0	5	1	0	1
32437	32437_1	32437_2	BND	chr21	5230745	chr22	12568093		True	True	False	True	9	0	9	-10,379	-2,66	-10,390	-2,74	-10,390	-2,74	-10,379	-2,66	8	0	8	1	0	1
32436	32436_1	32436_2	BND	chr21	5292298	chr22	12363394		True	True	False	True	7	0	7	-600,9	-100,2	-10,317	-2,80	-10,317	-2,80	-600,9	-100,2	6	0	6	1	0	1
23684	23684_1	23684_2	BND	chr21	7247106	chr21	10778296		True	True	False	True	8	0	8	-10,438	-2,81	-10,434	-2,92	-10,434	-2,92	-10,438	-2,81	7	0	7	1	0	1
32463	32463_1	32463_2	BND	chr21	7923773	chrY	11684362		True	True	False	True	9	0	9	-612,9	-94,2	-624,9	-98,0	-624,9	-98,0	-612,9	-94,2	8	0	8	1	0	1
32464	32464_1	32464_2	BND	chr21	7924604	chrY	11684464		True	True	False	True	6	0	6	-6,555	0,123	-6,555	0,123	-6,555	0,123	-6,555	0,123	5	0	5	1	0	1
23647	23647		DEL	chr21	8995542	chr21	8996189	647.0	True		False		6	0	6	-10,332	-2,112	-138,9	-76,2					5	0	5	1	0	1
32422	32422_1	32422_2	BND	chr21	10382258	chr22	11035673		True	True	False	True	8	0	8	-120,9	-50,2	-10,176	-1,45	-10,176	-1,45	-120,9	-50,2	7	0	7	1	0	1
23657	23657		DEL	chr21	10417988	chr21	10418618	630.0	True		False		6	0	6	-10,612	-1,163	-500,9	-138,2					6	0	6	0	0	0
32411	32411_1	32411_2	BND	chr21	10448735	chr22	10758183		True	True	False	True	5	0	5	-10,605	-2,161	-10,381	-2,145	-10,381	-2,145	-10,605	-2,161	5	0	5	0	0	0
23672	23672		DEL	chr21	10701251	chr21	10701969	718.0	True		False		6	0	6	-10,649	-2,207	-598,9	-190,2					5	0	5	1	0	1
32447	32447_1	32447_2	BND	chr21	10724444	chrY	10795932		True	True	False	True	6	0	6	-583,4	-123,0	-6,555	0,123	-6,555	0,123	-583,4	-123,0	5	0	5	1	0	1
23699	23699		DEL	chr21	14768807	chr21	14769456	649.0	True		False		5	0	5	-10,545	-2,186	-646,9	-210,2					5	0	5	0	0	0
23708	23708		DEL	chr21	15670149	chr21	15670693	544.0	True		False		5	0	5	-10,468	-2,131	-535,9	-131,2					5	0	5	0	0	0
23728	23728		DEL	chr21	17422383	chr21	17422656	273.0	True		False		5	0	5	-10,219	-2,110	-206,9	-105,2					5	0	5	0	0	0
23729	23729		DEL	chr21	17452455	chr21	17452865	410.0	True		False		5	0	5	-10,359	-2,124	-188,9	-102,2					5	0	5	0	0	0
23733	23733		DEL	chr21	17571745	chr21	17572405	660.0	True		False		5	0	5	-10,400	-2,138	-616,9	-164,1					5	0	5	0	0	0
23737	23737		INV	chr21	18395703	chr21	18395838	135.0	True		False		2	3	5	-10,3	-1,1	-10,9	-1,1					2	3	5	0	0	0
23739	23739		DEL	chr21	18653997	chr21	18654146	149.0	True		False		5	0	5	-10,147	-2,94	-29,9	-22,2					5	0	5	0	0	0
23745	23745		DEL	chr21	19163640	chr21	19164017	377.0	True		False		6	0	6	-10,121	-2,62	-374,9	-102,2					5	0	5	1	0	1
23748	23748		DEL	chr21	19358032	chr21	19358388	356.0	True		False		5	0	5	-10,65	-2,40	-353,9	-97,2					5	0	5	0	0	0
23749	23749		DEL	chr21	19441814	chr21	19442385	571.0	True		False		6	0	6	-10,336	-2,99	-377,9	-111,2					6	0	6	0	0	0
23751	23751		DEL	chr21	19728100	chr21	19728682	582.0	True		False		6	0	6	-10,294	-2,113	-285,9	-92,2					5	0	5	1	0	1
23753	23753		DEL	chr21	20198243	chr21	20198739	496.0	True		False		6	0	6	-10,370	-2,139	-231,9	-111,2					6	0	6	0	0	0
23760	23760		DEL	chr21	20854484	chr21	20855350	866.0	True		False		5	0	5	-10,577	-2,192	-650,9	-211,1					5	0	5	0	0	0
23768	23768		DEL	chr21	21793659	chr21	21794023	364.0	True		False		5	0	5	-10,276	-3,77	-194,9	-68,3					5	0	5	0	0	0
23775	23775		DEL	chr21	23237477	chr21	23238142	665.0	True		False		5	0	5	-10,536	-2,185	-545,9	-186,2					5	0	5	0	0	0
23788	23788		DEL	chr21	25723656	chr21	25724101	445.0	True		False		5	0	5	-10,199	-2,105	-358,9	-124,2					5	0	5	0	0	0
23797	23797		DEL	chr21	26639732	chr21	26639807	75.0	True		False		1	4	5	0,6	0,6	-9,8	0,0					1	4	5	0	0	0
23804	23804		DEL	chr21	27287031	chr21	27287500	469.0	True		False		5	0	5	-10,254	-2,81	-152,9	-61,3					5	0	5	0	0	0
23805	23805		DEL	chr21	27739196	chr21	27739746	550.0	True		False		6	0	6	-10,212	-2,101	-496,9	-105,2					5	0	5	1	0	1
23808	23808		DEL	chr21	27798282	chr21	27798440	158.0	True		False		6	0	6	-10,13	-2,11	-150,9	-53,3					5	0	5	1	0	1
23811	23811		DEL	chr21	28429759	chr21	28430382	623.0	True		False		5	0	5	-10,321	-2,98	-361,9	-100,2					5	0	5	0	0	0
23815	23815		DEL	chr21	28891343	chr21	28891888	545.0	True		False		5	0	5	-10,347	-3,74	-413,9	-86,2					5	0	5	0	0	0
23824	23824		DEL	chr21	30540487	chr21	30541151	664.0	True		False		5	0	5	-10,645	-2,210	-503,9	-182,2					5	0	5	0	0	0
23832	23832		DEL	chr21	31961843	chr21	31962449	606.0	True		False		5	0	5	-10,300	-2,129	-371,9	-142,2					5	0	5	0	0	0
23840	23840		DEL	chr21	32179516	chr21	32179973	457.0	True		False		5	0	5	-10,383	-2,97	-293,9	-102,2					5	0	5	0	0	0
23848	23848		DEL	chr21	32657589	chr21	32658361	772.0	True		False		5	0	5	-10,307	-2,164	-507,9	-182,2					5	0	5	0	0	0
23851	23851		DEL	chr21	33012005	chr21	33013256	1251.0	True		False		5	0	5	-10,649	-2,328	-650,9	-328,2					5	0	5	0	0	0
23852	23852		DEL	chr21	33047447	chr21	33048065	618.0	True		False		6	0	6	-10,544	-2,146	-460,9	-128,2					6	0	6	0	0	0
23855	23855		DEL	chr21	33215709	chr21	33215909	200.0	True		False		7	0	7	-10,186	-3,59	-116,9	-45,3					7	0	7	0	0	0
23856	23856		DEL	chr21	33255364	chr21	33255554	190.0	True		False		5	0	5	-10,120	-3,59	-37,9	-26,2					5	0	5	0	0	0
23858	23858		DEL	chr21	33810913	chr21	33811391	478.0	True		False		5	0	5	-10,249	-2,114	-477,9	-129,2					5	0	5	0	0	0
23835	23835		DEL	chr21	34013037	chr21	34013524	487.0	True		False		6	0	6	-10,399	-2,105	-354,9	-101,2					5	0	5	1	0	1
23861	23861		DEL	chr21	34182531	chr21	34183316	785.0	True		False		5	0	5	-10,249	-2,121	-228,9	-129,2					5	0	5	0	0	0
23862	23862		DEL	chr21	34262337	chr21	34262572	235.0	True		False		5	0	5	-10,31	-2,24	-62,9	-43,2					5	0	5	0	0	0
23867	23867_1	23867_2	BND	chr21	34839022	chr21	34839147		True	True	False	True	2	3	5	-3,9	-1,1	-10,6	-3,0	-10,6	-3,0	-3,9	-1,1	2	3	5	0	0	0
23870	23870		DEL	chr21	35463941	chr21	35464484	543.0	True		False		6	0	6	-10,182	-2,92	-235,9	-101,2					6	0	6	0	0	0
23871	23871		DEL	chr21	35504838	chr21	35505451	613.0	True		False		5	0	5	-10,585	-2,148	-575,9	-149,2					5	0	5	0	0	0
23874	23874		DEL	chr21	35687737	chr21	35688562	825.0	True		False		5	0	5	-10,446	-2,179	-517,9	-183,2					5	0	5	0	0	0
23878	23878		DEL	chr21	35863113	chr21	35863334	221.0	True		False		6	0	6	-10,55	-3,28	-58,9	-35,2					6	0	6	0	0	0
23882	23882		DEL	chr21	36293680	chr21	36293716	36.0	True		False		5	0	5	-10,16	-2,14	-35,9	-29,2					5	0	5	0	0	0
23898	23898		DEL	chr21	37295107	chr21	37295717	610.0	True		False		7	0	7	-10,225	-2,109	-597,9	-134,2					7	0	7	0	0	0
23907	23907		DEL	chr21	37946599	chr21	37947703	1104.0	True		False		5	0	5	-10,649	-2,328	-650,9	-328,2					5	0	5	0	0	0
23908	23908		DEL	chr21	38109225	chr21	38109759	534.0	True		False		5	0	5	-10,327	-2,91	-446,9	-93,2					5	0	5	0	0	0
23920	23920		DEL	chr21	38759892	chr21	38760359	467.0	True		False		5	0	5	-10,420	-2,127	-466,9	-127,2					5	0	5	0	0	0
23923	23923		DEL	chr21	38968647	chr21	38968783	136.0	True		False		6	0	6	-10,132	-3,42	-89,9	-57,2					6	0	6	0	0	0
23929	23929		DEL	chr21	39526326	chr21	39526959	633.0	True		False		6	0	6	-10,346	-2,170	-624,9	-203,2					5	0	5	1	0	1
23932	23932		DEL	chr21	39934660	chr21	39935294	634.0	True		False		5	0	5	-10,495	-2,181	-627,9	-204,2					5	0	5	0	0	0
23939	23939		DEL	chr21	40431376	chr21	40431421	45.0	True		False		2	3	5	-10,9	-1,1	-10,9	-1,1					2	3	5	0	0	0
23949	23949		DEL	chr21	41036999	chr21	41037285	286.0	True		False		7	0	7	-10,2	-5,2	-193,9	-75,2					7	0	7	0	0	0
23951	23951		DEL	chr21	41293533	chr21	41293809	276.0	True		False		5	0	5	-10,247	-2,84	-76,9	-41,3					5	0	5	0	0	0
23972	23972_1	23972_2	BND	chr21	42077521	chr21	42936779		True	True	False	True	7	0	7	-515,9	-109,2	-543,9	-88,2	-543,9	-88,2	-515,9	-109,2	6	0	6	1	0	1
23965	23965		DEL	chr21	42403613	chr21	42404228	615.0	True		False		6	0	6	-10,379	-2,95	-188,9	-71,2					5	0	5	1	0	1
23966	23966		DEL	chr21	42469603	chr21	42470173	570.0	True		False		6	0	6	-10,402	-2,125	-569,9	-151,2					6	0	6	0	0	0
23967	23967		DEL	chr21	42472646	chr21	42473407	761.0	True		False		5	0	5	-10,630	-2,205	-495,9	-181,2					5	0	5	0	0	0
23978	23978		DEL	chr21	43329282	chr21	43330202	920.0	True		False		5	0	5	-10,636	-2,207	-247,9	-148,2					5	0	5	0	0	0
23984	23984		DEL	chr21	43912998	chr21	43913526	528.0	True		False		6	0	6	-10,460	-2,141	-512,9	-137,2					6	0	6	0	0	0
23988	23988		DUP	chr21	44419531	chr21	44419888	357.0	True		False		8	0	8	-471,4	-102,0	-10,429	-2,81					7	0	7	1	0	1
23991	23991_1	23991_2	BND	chr21	44591993	chr21	44601097		True	True	False	True	7	0	7	-10,532	-1,99	-10,499	-2,93	-10,499	-2,93	-10,532	-1,99	6	0	6	1	0	1
23992	23992		DEL	chr21	44664861	chr21	44665510	649.0	True		False		6	0	6	-10,647	-2,208	-623,9	-202,2					5	0	5	1	0	1
23994	23994		INV	chr21	44719214	chr21	44719569	355.0	True		False		3	2	5	-10,9	-3,3	-10,9	-3,1					3	2	5	0	0	0
24002	24002		DEL	chr21	45674302	chr21	45674927	625.0	True		False		5	0	5	-10,544	-2,186	-557,9	-188,2					5	0	5	0	0	0
24004	24004		DUP	chr21	45815080	chr21	45815782	702.0	True		False		13	0	13	-284,9	-48,3	-10,257	-3,31					12	0	12	1	0	1
24010	24010		DEL	chr21	46238944	chr21	46239229	285.0	True		False		5	0	5	-10,136	-2,80	-159,9	-82,2					5	0	5	0	0	0
24012	24012		DUP	chr21	46382913	chr21	46383933	1020.0	True		False		7	0	7	-472,9	-88,2	-10,349	-3,81					6	0	6	1	0	1
24022	24022		DEL	chr22	10719996	chr22	10725258	5262.0	True		False		9	0	9	-10,389	-2,81	-563,9	-83,2					8	0	8	1	0	1
24031	24031_1	24031_2	BND	chr22	11317815	chr22	11562838		True	True	False	True	7	0	7	-542,9	-73,2	-583,9	-103,1	-583,9	-103,1	-542,9	-73,2	7	0	7	0	0	0
32629	32629_1	32629_2	BND	chr22	11317848	chrY	10134902		True	True	False	True	14	0	14	-296,9	-62,0	-574,9	-56,2	-574,9	-56,2	-296,9	-62,0	13	0	13	1	0	1
24033	24033		DEL	chr22	16056316	chr22	16056912	596.0	True		False		5	0	5	-10,567	-1,124	-549,9	-109,1					5	0	5	0	0	0
32641	32641_1	32641_2	BND	chr22	16437267	chrY	11348987		True	True	False	True	9	0	9	-418,9	-95,2	-10,401	-1,96	-10,401	-1,96	-418,9	-95,2	9	0	9	0	0	0
24034	24034		DEL	chr22	16957081	chr22	16957843	762.0	True		False		7	0	7	-10,584	-2,193	-491,9	-181,2					7	0	7	0	0	0
24042	24042		DEL	chr22	17163726	chr22	17163925	199.0	True		False		5	0	5	-10,151	-2,79	-4,9	-4,3					5	0	5	0	0	0
24050	24050		DEL	chr22	18075983	chr22	18076416	433.0	True		False		6	0	6	-10,335	-3,70	-127,9	-50,3					5	0	5	1	0	1
24069	24069_1	24069_2	BND	chr22	18967733	chr22	20271094		True	True	False	True	9	0	9	-10,380	-2,67	-10,138	-2,65	-10,138	-2,65	-10,380	-2,67	8	0	8	1	0	1
24056	24056		DEL	chr22	19143689	chr22	19144192	503.0	True		False		5	0	5	-10,320	-2,120	-364,9	-127,2					5	0	5	0	0	0
24065	24065		DEL	chr22	19584095	chr22	19585578	1483.0	True		False		25	0	25	-10,155	-3,27	-437,9	-44,0					25	0	25	0	0	0
24068	24068		DEL	chr22	20199386	chr22	20199684	298.0	True		False		3	2	5	-10,9	-1,1	-10,9	-1,1					3	2	5	0	0	0
24076	24076		DEL	chr22	20541405	chr22	20542141	736.0	True		False		6	0	6	-10,577	-2,141	-591,9	-145,2					5	0	5	1	0	1
24082	24082		DEL	chr22	20852982	chr22	20853784	802.0	True		False		5	0	5	-10,550	-2,187	-486,9	-181,2					5	0	5	0	0	0
24085	24085		DEL	chr22	21041437	chr22	21042111	674.0	True		False		5	0	5	-10,487	-2,144	-473,9	-127,2					5	0	5	0	0	0
24105	24105		DEL	chr22	22894944	chr22	22895569	625.0	True		False		5	0	5	-10,534	-2,142	-544,9	-146,2					5	0	5	0	0	0
24108	24108		DEL	chr22	22956883	chr22	22957643	760.0	True		False		6	0	6	-10,484	-2,181	-623,9	-203,2					6	0	6	0	0	0
24119	24119_1	24119_2	BND	chr22	23953412	chr22	23987981		True	True	False	True	8	0	8	-10,411	-2,62	-10,445	-1,101	-10,445	-1,101	-10,411	-2,62	7	0	7	1	0	1
24136	24136		DUP	chr22	24317563	chr22	25277746	960183.0	True		False		5	0	5	-599,9	-130,1	-10,532	-2,114					5	0	5	0	0	0
24134	24134		DEL	chr22	25182344	chr22	25182583	239.0	True		False		6	0	6	-10,237	-2,115	-209,9	-107,2					6	0	6	0	0	0
24155	24155		DEL	chr22	26531549	chr22	26531789	240.0	True		False		5	0	5	-10,64	-2,42	-113,9	-56,2					5	0	5	0	0	0
24156	24156		DEL	chr22	26665356	chr22	26666146	790.0	True		False		5	0	5	-10,608	-2,199	-554,9	-187,2					5	0	5	0	0	0
24160	24160		DEL	chr22	26809911	chr22	26810379	468.0	True		False		5	0	5	-10,344	-2,125	-289,9	-121,2					5	0	5	0	0	0
24171	24171		DEL	chr22	27459227	chr22	27460317	1090.0	True		False		5	0	5	-10,590	-2,194	-406,9	-176,2					5	0	5	0	0	0
24172	24172		DEL	chr22	27492788	chr22	27492952	164.0	True		False		5	0	5	-10,162	-3,62	-163,9	-71,3					5	0	5	0	0	0
24176	24176		DEL	chr22	28181907	chr22	28182216	309.0	True		False		5	0	5	-10,41	-2,30	-300,9	-70,3					5	0	5	0	0	0
24179	24179		DEL	chr22	28513195	chr22	28514039	844.0	True		False		7	0	7	-10,701	-2,352	-702,9	-352,2					6	0	6	1	0	1
24183	24183		DEL	chr22	28890671	chr22	28891441	770.0	True		False		5	0	5	-10,623	-2,203	-649,9	-211,1					5	0	5	0	0	0
24190	24190		DEL	chr22	29493512	chr22	29494077	565.0	True		False		5	0	5	-10,508	-2,182	-534,9	-185,2					5	0	5	0	0	0
24199	24199		DEL	chr22	30515476	chr22	30515703	227.0	True		False		6	0	6	-10,189	-3,81	-174,9	-89,2					6	0	6	0	0	0
24204	24204		DEL	chr22	31049699	chr22	31050484	785.0	True		False		5	0	5	-10,517	-2,183	-638,9	-208,2					5	0	5	0	0	0
24205	24205		DEL	chr22	31141281	chr22	31141624	343.0	True		False		5	0	5	-10,341	-2,100	-98,9	-58,2					5	0	5	0	0	0
24206	24206		DEL	chr22	31154749	chr22	31155100	351.0	True		False		5	0	5	-10,253	-3,79	-94,9	-50,2					5	0	5	0	0	0
24217	24217		DEL	chr22	32080275	chr22	32080771	496.0	True		False		5	0	5	-10,494	-2,149	-455,9	-125,2					5	0	5	0	0	0
24223	24223		DEL	chr22	32634676	chr22	32635259	583.0	True		False		5	0	5	-10,446	-2,144	-323,9	-134,2					5	0	5	0	0	0
24224	24224		DEL	chr22	32757306	chr22	32757969	663.0	True		False		5	0	5	-10,508	-2,182	-568,9	-190,2					5	0	5	0	0	0
24226	24226		DEL	chr22	32886681	chr22	32886910	229.0	True		False		5	0	5	-10,225	-3,70	-71,9	-48,2					5	0	5	0	0	0
24230	24230		DEL	chr22	32975927	chr22	32976561	634.0	True		False		6	0	6	-10,95	-2,69	-508,9	-113,2					6	0	6	0	0	0
24237	24237		DEL	chr22	33473217	chr22	33473880	663.0	True		False		5	0	5	-10,499	-2,120	-347,9	-103,2					5	0	5	0	0	0
24244	24244		DEL	chr22	33706860	chr22	33706905	45.0	True		False		5	0	5	-10,9	-2,9	-44,9	-28,2					5	0	5	0	0	0
24255	24255		DEL	chr22	35063008	chr22	35063428	420.0	True		False		5	1	6	-10,9	-2,3	-10,9	-3,1					5	1	6	0	0	0
24263	24263		DEL	chr22	35566138	chr22	35566683	545.0	True		False		5	0	5	-10,543	-2,186	-499,9	-182,2					5	0	5	0	0	0
24270	24270		DEL	chr22	35893207	chr22	35893881	674.0	True		False		6	0	6	-10,591	-2,148	-303,9	-127,2					5	0	5	1	0	1
24212	24212		DEL	chr22	36208666	chr22	36209140	474.0	True		False		5	0	5	-10,208	-2,92	-433,9	-106,2					5	0	5	0	0	0
24278	24278		DEL	chr22	36633111	chr22	36633637	526.0	True		False		5	0	5	-10,328	-2,134	-239,9	-122,2					5	0	5	0	0	0
24285	24285		DEL	chr22	36899541	chr22	36900081	540.0	True		False		7	0	7	-10,520	-2,111	-309,9	-103,2					6	0	6	1	0	1
24287	24287		DEL	chr22	36982664	chr22	36983089	425.0	True		False		5	0	5	-10,327	-2,124	-325,9	-122,2					5	0	5	0	0	0
24290	24290		DEL	chr22	37194744	chr22	37195189	445.0	True		False		6	0	6	-10,323	-3,93	-352,9	-94,3					6	0	6	0	0	0
24213	24213		DEL	chr22	37945098	chr22	37945217	119.0	True		False		5	0	5	-10,117	-3,56	-57,9	-37,2					5	0	5	0	0	0
24309	24309		DEL	chr22	39073124	chr22	39073594	470.0	True		False		5	0	5	-10,333	-3,70	-457,9	-84,3					5	0	5	0	0	0
24326	24326		DEL	chr22	41095255	chr22	41095719	464.0	True		False		5	0	5	-10,462	-2,125	-418,9	-144,2					5	0	5	0	0	0
24327	24327		DEL	chr22	41224935	chr22	41225224	289.0	True		False		4	1	5	-10,9	-3,3	-10,9	-3,3					4	1	5	0	0	0
24331	24331		DEL	chr22	41452866	chr22	41453207	341.0	False		False		2	4	6	-10,9	0,0	-10,9	0,0					2	4	6	0	0	0
24333	24333		DEL	chr22	41735412	chr22	41735758	346.0	True		False		5	0	5	-10,243	-3,70	-264,9	-76,3					5	0	5	0	0	0
24338	24338		DEL	chr22	41781801	chr22	41782273	472.0	True		False		5	0	5	-10,323	-2,121	-354,9	-124,2					5	0	5	0	0	0
24340	24340		INV	chr22	41887576	chr22	41887830	254.0	True		False		3	2	5	-25,0	-25,0	-51,9	-49,0					3	2	5	0	0	0
24344	24344		DEL	chr22	42230069	chr22	42230232	163.0	True		False		5	0	5	-10,122	-3,54	-13,9	-11,2					5	0	5	0	0	0
24351	24351		DEL	chr22	42733685	chr22	42734037	352.0	True		False		5	0	5	-10,289	-3,68	-293,9	-92,2					5	0	5	0	0	0
24352	24352		DEL	chr22	42840954	chr22	42841289	335.0	True		False		7	0	7	-10,103	-2,55	-283,9	-74,3					7	0	7	0	0	0
24363	24363		DEL	chr22	43942637	chr22	43943465	828.0	True		False		5	0	5	-10,604	-2,198	-480,9	-181,2					5	0	5	0	0	0
24371	24371		DEL	chr22	44461564	chr22	44461779	215.0	True		False		5	0	5	-10,213	-3,69	-155,9	-71,2					5	0	5	0	0	0
24373	24373		DEL	chr22	44573073	chr22	44573812	739.0	True		False		5	0	5	-10,649	-2,328	-650,9	-328,2					5	0	5	0	0	0
24392	24392		DEL	chr22	46837469	chr22	46838115	646.0	True		False		5	0	5	-10,509	-2,182	-588,9	-194,2					5	0	5	0	0	0
24399	24399		DEL	chr22	47551527	chr22	47551756	229.0	True		False		6	0	6	-10,61	-3,29	-86,9	-49,2					6	0	6	0	0	0
24404	24404		DEL	chr22	47797243	chr22	47797622	379.0	True		False		5	0	5	-10,76	-2,47	-338,9	-80,3					5	0	5	0	0	0
24405	24405		DEL	chr22	47892067	chr22	47893371	1304.0	True		False		5	0	5	-10,649	-2,328	-650,9	-328,2					5	0	5	0	0	0
24410	24410		DEL	chr22	48195089	chr22	48195705	616.0	True		False		5	0	5	-10,387	-2,129	-352,9	-122,2					5	0	5	0	0	0
24413	24413		DEL	chr22	48292524	chr22	48293052	528.0	True		False		5	0	5	-10,422	-2,129	-298,9	-136,2					5	0	5	0	0	0
24421	24421		DEL	chr22	49242682	chr22	49243434	752.0	True		False		5	0	5	-10,202	-2,115	-472,9	-135,2					5	0	5	0	0	0
24422	24422		DEL	chr22	49260132	chr22	49260914	782.0	True		False		5	0	5	-10,621	-2,203	-628,9	-204,2					5	0	5	0	0	0
24433	24433		DEL	chr22	49915001	chr22	49915473	472.0	True		False		5	0	5	-10,295	-2,119	-471,9	-141,2					5	0	5	0	0	0
24436	24436		DUP	chr22	49973092	chr22	49973865	773.0	True		False		7	0	7	-109,9	-53,0	-10,589	-1,97					6	0	6	1	0	1
24440	24440		DEL	chr22	49973803	chr22	49975368	1565.0	True		False		10	0	10	-10,329	-3,51	-359,9	-53,3					9	0	9	1	0	1
6653	6653_1	6653_2	BND	chr3	1067899	chr3	1068066		True	True	False	True	1	4	5	-8,6	-1,0	-10,7	-1,0	-10,7	-1,0	-8,6	-1,0	1	4	5	0	0	0
6663	6663		DUP	chr3	2527336	chr3	2534702	7366.0	True		False		8	0	8	-456,9	-100,1	-10,396	-2,64					8	0	8	0	0	0
6664	6664		DEL	chr3	2527519	chr3	2534873	7354.0	True		False		8	0	8	-10,447	-2,98	-408,9	-64,2					7	0	7	1	0	1
6673	6673_1	6673_2	BND	chr3	4941617	chr3	4941755		True	True	False	True	1	4	5	0,3	0,1	-3,0	-3,0	-3,0	-3,0	0,3	0,1	1	4	5	0	0	0
6674	6674		DEL	chr3	4974604	chr3	4975218	614.0	True		False		6	0	6	-10,425	-2,89	-391,9	-95,2					5	0	5	1	0	1
27498	27498_1	27498_2	BND	chr3	6702543	chr8	28792514		True	True	False	True	2	3	5	-8,9	-1,1	-10,9	-1,0	-10,9	-1,0	-8,9	-1,1	2	3	5	0	0	0
6687	6687		DEL	chr3	7884551	chr3	7885289	738.0	True		False		6	0	6	-10,642	-2,209	-645,9	-210,2					5	0	5	1	0	1
6693	6693		DEL	chr3	9547276	chr3	9547982	706.0	True		False		6	0	6	-10,354	-2,138	-507,9	-136,2					6	0	6	0	0	0
6695	6695		DUP	chr3	9993935	chr3	10047740	53805.0	True		False		8	0	8	-449,9	-86,1	-10,242	-3,62					7	0	7	1	0	1
6713	6713		DEL	chr3	12523712	chr3	12524093	381.0	True		False		5	0	5	-10,144	-3,60	-329,9	-86,3					5	0	5	0	0	0
27550	27550_1	27550_2	BND	chr3	15127191	chr11	71654776		True	True	False	True	6	0	6	-549,9	-107,1	-10,167	-3,57	-10,167	-3,57	-549,9	-107,1	5	0	5	1	0	1
6724	6724		DEL	chr3	15620802	chr3	15621294	492.0	True		False		5	0	5	-10,490	-2,133	-488,9	-127,2					5	0	5	0	0	0
27460	27460_1	27460_2	BND	chr3	16403942	chr5	164683814		True	True	False	True	5	0	5	-650,9	-138,0	-525,9	-112,2	-525,9	-112,2	-650,9	-138,0	5	0	5	0	0	0
27422	27422_1	27422_2	BND	chr3	19736877	chr4	7671596		False	False	False	True	1	4	5	-8,8	0,0	-9,6	0,0	-9,6	0,0	-8,8	0,0	1	4	5	0	0	0
6741	6741		DEL	chr3	20002714	chr3	20003289	575.0	True		False		5	0	5	-10,284	-2,118	-470,9	-138,2					5	0	5	0	0	0
6742	6742		DEL	chr3	20067195	chr3	20067481	286.0	True		False		5	0	5	-10,148	-2,71	-41,9	-29,2					5	0	5	0	0	0
27450	27450_1	27450_2	BND	chr3	21840085	chr5	38305720		False	False	False	True	1	4	5	-9,6	0,0	-9,6	0,0	-9,6	0,0	-9,6	0,0	1	4	5	0	0	0
6745	6745		INV	chr3	21848001	chr3	21848296	295.0	True		False		3	2	5	-10,9	-2,3	-9,9	-2,3					3	2	5	0	0	0
6752	6752		DEL	chr3	23895903	chr3	23896816	913.0	True		False		5	0	5	-10,628	-2,205	-560,9	-188,2					5	0	5	0	0	0
27481	27481_1	27481_2	BND	chr3	23930503	chr7	29791544		True	True	False	True	7	0	7	-650,9	-116,0	-10,473	-2,92	-10,473	-2,92	-650,9	-116,0	6	0	6	1	0	1
6763	6763		DEL	chr3	26217420	chr3	26217955	535.0	True		False		6	0	6	-10,291	-2,95	-534,9	-123,2					5	0	5	1	0	1
6785	6785		DEL	chr3	32286421	chr3	32286896	475.0	True		False		5	0	5	-10,360	-2,125	-474,9	-132,2					5	0	5	0	0	0
6786	6786		DEL	chr3	32320404	chr3	32320918	514.0	True		False		6	0	6	-10,512	-2,132	-455,9	-125,2					5	0	5	1	0	1
6789	6789		DEL	chr3	32533314	chr3	32533887	573.0	True		False		5	0	5	-10,561	-2,132	-495,9	-105,2					5	0	5	0	0	0
27525	27525_1	27525_2	BND	chr3	33584746	chr9	113056051		True	True	False	True	1	4	5	-10,6	-1,0	-8,8	0,0	-8,8	0,0	-10,6	-1,0	1	4	5	0	0	0
27442	27442_1	27442_2	BND	chr3	34139571	chr4	125209094		False	False	False	True	1	4	5	-8,8	0,0	-9,6	0,0	-9,6	0,0	-8,8	0,0	1	4	5	0	0	0
6810	6810		DEL	chr3	38203264	chr3	38203920	656.0	True		False		5	0	5	-10,631	-1,165	-426,9	-134,2					5	0	5	0	0	0
6812	6812		DEL	chr3	38657314	chr3	38657771	457.0	True		False		5	0	5	-10,390	-2,137	-456,9	-124,2					5	0	5	0	0	0
6817	6817		DEL	chr3	40372985	chr3	40373205	220.0	True		False		5	0	5	-10,119	-3,48	-130,9	-74,2					5	0	5	0	0	0
6825	6825		DEL	chr3	41999599	chr3	42000136	537.0	True		False		5	0	5	-10,421	-2,125	-500,9	-129,2					5	0	5	0	0	0
6826	6826		INV	chr3	42613514	chr3	42613680	166.0	True		False		3	2	5	-10,49	0,49	-10,613	-2,200					3	2	5	0	0	0
6832	6832		DEL	chr3	42851175	chr3	42852138	963.0	True		False		5	0	5	-10,624	-1,166	-423,9	-141,2					5	0	5	0	0	0
6844	6844		DEL	chr3	45193308	chr3	45193950	642.0	True		False		5	0	5	-10,481	-2,129	-461,9	-135,2					5	0	5	0	0	0
6845	6845		DEL	chr3	45285508	chr3	45286112	604.0	True		False		5	0	5	-10,126	-2,81	-430,9	-129,2					5	0	5	0	0	0
6847	6847		DEL	chr3	45568125	chr3	45568815	690.0	True		False		9	0	9	-10,174	-2,81	-476,9	-102,2					8	0	8	1	0	1
6859	6859		DEL	chr3	46920948	chr3	46921619	671.0	True		False		5	0	5	-10,486	-2,130	-596,9	-157,2					5	0	5	0	0	0
6876	6876		DEL	chr3	50037660	chr3	50038008	348.0	True		False		5	0	5	-10,144	-3,65	-314,9	-79,3					5	0	5	0	0	0
6881	6881		INV	chr3	50692144	chr3	50692263	119.0	True		False		2	3	5	-9,1	-2,1	-10,4	-2,1					2	3	5	0	0	0
6882	6882		DEL	chr3	51208845	chr3	51209089	244.0	True		False		5	0	5	-10,198	-2,83	-147,9	-55,3					5	0	5	0	0	0
6895	6895		DUP	chr3	53990927	chr3	53991271	344.0	True		False		5	0	5	-619,9	-131,0	-8,572	0,129					5	0	5	0	0	0
6897	6897		DEL	chr3	54881665	chr3	54882254	589.0	True		False		5	0	5	-10,548	-2,126	-103,9	-70,2					5	0	5	0	0	0
27595	27595_1	27595_2	BND	chr3	56483837	chr15	91158686		True	True	False	True	6	0	6	-634,9	-120,0	-428,9	-57,3	-428,9	-57,3	-634,9	-120,0	5	0	5	1	0	1
6918	6918		DEL	chr3	59660323	chr3	59661037	714.0	True		False		5	0	5	-10,484	-2,148	-470,9	-134,2					5	0	5	0	0	0
6930	6930		DEL	chr3	61275341	chr3	61275703	362.0	True		False		5	0	5	-10,254	-3,71	-293,9	-76,3					5	0	5	0	0	0
6933	6933		DEL	chr3	61844337	chr3	61844688	351.0	True		False		5	0	5	-10,126	-3,54	-326,9	-73,3					5	0	5	0	0	0
27543	27543_1	27543_2	BND	chr3	62726102	chr11	30837078		False	False	False	True	1	4	5	-9,6	0,0	-8,8	0,0	-8,8	0,0	-9,6	0,0	1	4	5	0	0	0
27476	27476_1	27476_2	BND	chr3	63982695	chr6	100938925		False	False	False	True	1	4	5	-8,8	0,0	-9,6	0,0	-9,6	0,0	-8,8	0,0	1	4	5	0	0	0
6964	6964		DEL	chr3	64246112	chr3	64246322	210.0	True		False		6	0	6	-10,193	-3,53	-11,9	-9,2					6	0	6	0	0	0
27551	27551_1	27551_2	BND	chr3	67006446	chr11	81194485		True	True	False	True	1	4	5	-8,8	0,0	-9,9	0,1	-9,9	0,1	-8,8	0,0	1	4	5	0	0	0
6983	6983		DEL	chr3	69072923	chr3	69073945	1022.0	True		False		5	0	5	-10,496	-2,182	-344,9	-170,2					5	0	5	0	0	0
6989	6989		DEL	chr3	71271834	chr3	71272469	635.0	True		False		5	0	5	-10,422	-2,133	-560,9	-136,2					5	0	5	0	0	0
7009	7009		DEL	chr3	73464632	chr3	73465748	1116.0	True		False		5	0	5	-10,478	-2,181	-642,9	-209,2					5	0	5	0	0	0
7012	7012		DEL	chr3	74128095	chr3	74128144	49.0	True		False		5	0	5	-10,34	-2,24	-30,9	-22,2					5	0	5	0	0	0
27636	27636_1	27636_2	BND	chr3	75684491	chr20	29396036		True	True	False	True	6	0	6	-354,9	-67,3	-466,9	-63,3	-466,9	-63,3	-354,9	-67,3	5	0	5	1	0	1
27618	27618_1	27618_2	BND	chr3	83154842	chr19	33757594		True	True	False	True	6	0	6	-499,9	-91,2	-10,539	-1,114	-10,539	-1,114	-499,9	-91,2	5	0	5	1	0	1
6948	6948		DEL	chr3	84115477	chr3	84115786	309.0	True		False		6	0	6	-10,263	-3,73	-110,9	-60,2					6	0	6	0	0	0
7043	7043		INV	chr3	84661100	chr3	84661286	186.0	True		False		4	2	6	-10,62	0,61	-10,638	-2,208					3	2	5	1	0	1
7044	7044		DEL	chr3	85149513	chr3	85149950	437.0	True		False		5	0	5	-10,435	-2,125	-340,9	-133,2					5	0	5	0	0	0
7045	7045		DEL	chr3	85169119	chr3	85169665	546.0	True		False		5	0	5	-10,478	-2,125	-234,9	-121,2					5	0	5	0	0	0
6949	6949		DEL	chr3	85491273	chr3	85491881	608.0	True		False		5	0	5	-10,521	-2,100	-471,9	-109,2					5	0	5	0	0	0
7048	7048		INV	chr3	85498478	chr3	85498611	133.0	True		False		2	3	5	-3,9	-1,1	-3,9	0,3					2	3	5	0	0	0
7050	7050_1	7050_2	BND	chr3	85632550	chr3	85632613		True	True	False	True	1	4	5	-10,0	-1,0	-9,5	-1,0	-9,5	-1,0	-10,0	-1,0	1	4	5	0	0	0
7052	7052		DEL	chr3	86088138	chr3	86088853	715.0	True		False		5	0	5	-10,225	-2,110	-408,9	-124,2					5	0	5	0	0	0
7054	7054		DEL	chr3	86482327	chr3	86483221	894.0	True		False		5	0	5	-10,649	-2,328	-650,9	-328,2					5	0	5	0	0	0
7069	7069		DEL	chr3	90410099	chr3	90411605	1506.0	True		False		5	0	5	-10,580	0,131	-581,9	-126,1					5	0	5	0	0	0
7074	7074		DEL	chr3	90498672	chr3	90599772	101100.0	True		False		6	0	6	-10,488	-2,78	-570,9	-113,2					5	0	5	1	0	1
6952	6952		DEL	chr3	90824495	chr3	91210119	385624.0	True		False		6	0	6	-10,494	-2,87	-610,9	-108,2					5	0	5	1	0	1
7091	7091		DEL	chr3	90826917	chr3	90995997	169080.0	True		False		5	0	5	-10,576	-1,128	-392,9	-105,2					5	0	5	0	0	0
7105	7105		DUP	chr3	90850063	chr3	91172899	322836.0	True		False		6	0	6	-556,9	-109,1	-10,543	-2,100					5	0	5	1	0	1
7082	7082		DEL	chr3	90860467	chr3	90896140	35673.0	True		False		6	0	6	-10,565	-2,120	-537,9	-101,2					5	0	5	1	0	1
7092	7092		DUP	chr3	90913521	chr3	91000071	86550.0	True		False		6	0	6	-547,9	-93,2	-10,504	-1,87					5	0	5	1	0	1
7101	7101		DEL	chr3	90949250	chr3	91143796	194546.0	True		False		8	0	8	-10,448	-2,97	-445,9	-73,2					7	0	7	1	0	1
7089	7089		DEL	chr3	90953530	chr3	90968923	15393.0	True		False		6	0	6	-10,519	-2,97	-565,9	-109,2					5	0	5	1	0	1
27469	27469_1	27469_2	BND	chr3	91438701	chr6	57583969		True	True	False	True	5	0	5	-10,549	-2,113	-10,590	0,132	-10,590	0,132	-10,549	-2,113	5	0	5	0	0	0
7122	7122_1	7122_2	BND	chr3	93470362	chr3	93470528		True	True	False	True	11	5	16	-8,8	-1,0	0,2	0,0	0,2	0,0	-8,8	-1,0	11	4	15	0	1	1
7119	7119_1	7119_2	BND	chr3	93470364	chr3	93470483		True	True	False	True	4	4	8	-8,6	-2,2	-9,5	-4,1	-9,5	-4,1	-8,6	-2,2	4	3	7	0	1	1
7127	7127_1	7127_2	BND	chr3	93470406	chr3	93470562		True	True	False	True	8	0	8	-640,9	-107,2	0,7	0,3	0,7	0,3	-640,9	-107,2	7	0	7	1	0	1
7146	7146_1	7146_2	BND	chr3	93470654	chr3	93470787		True	True	False	True	18	2	20	-1,0	-1,0	-10,473	0,110	-10,473	0,110	-1,0	-1,0	18	2	20	0	0	0
7144	7144_1	7144_2	BND	chr3	93470687	chr3	93470799		True	True	False	True	22	3	25	-9,0	-9,0	-5,8	0,1	-5,8	0,1	-9,0	-9,0	22	3	25	0	0	0
27611	27611_1	27611_2	BND	chr3	93470712	chr18	22497088		False	False	False	True	1	4	5	-9,6	0,0	-9,6	0,0	-9,6	0,0	-9,6	0,0	1	4	5	0	0	0
7150	7150		DEL	chr3	93987130	chr3	93988230	1100.0	True		False		6	0	6	-10,649	-2,328	-650,9	-328,2					6	0	6	0	0	0
7162	7162		INV	chr3	97586091	chr3	97586414	323.0	True		False		2	3	5	-1,9	-1,1	-10,9	-1,1					2	3	5	0	0	0
7173	7173		DEL	chr3	99707251	chr3	99707980	729.0	True		False		6	0	6	-10,569	-2,190	-396,9	-176,2					6	0	6	0	0	0
7174	7174		DEL	chr3	100015833	chr3	100016426	593.0	True		False		5	0	5	-10,525	-2,130	-293,9	-129,2					5	0	5	0	0	0
7183	7183		DEL	chr3	103767612	chr3	103768738	1126.0	True		False		5	0	5	-10,649	-2,328	-650,9	-328,2					5	0	5	0	0	0
7189	7189		DEL	chr3	105251954	chr3	105252541	587.0	True		False		6	0	6	-10,309	-3,107	-519,9	-134,2					5	0	5	1	0	1
7209	7209_1	7209_2	BND	chr3	108957821	chr3	108958030		False	False	False	True	1	4	5	-8,8	0,0	-8,8	0,0	-8,8	0,0	-8,8	0,0	1	4	5	0	0	0
7211	7211		DEL	chr3	109153215	chr3	109154201	986.0	True		False		6	0	6	-10,602	-2,191	-650,9	-204,2					5	0	5	1	0	1
7216	7216		DEL	chr3	110664839	chr3	110665293	454.0	True		False		5	0	5	-10,366	-2,127	-439,9	-125,2					5	0	5	0	0	0
27577	27577_1	27577_2	BND	chr3	114869854	chr13	86814581		False	False	False	True	1	4	5	-9,6	0,0	-9,6	0,0	-9,6	0,0	-9,6	0,0	1	4	5	0	0	0
27454	27454_1	27454_2	BND	chr3	116229902	chr5	67692114		False	False	False	True	1	4	5	-9,6	0,0	-9,6	0,0	-9,6	0,0	-9,6	0,0	1	4	5	0	0	0
7247	7247		DEL	chr3	116934246	chr3	116934567	321.0	True		False		5	0	5	-10,4	-3,4	-237,9	-85,3					5	0	5	0	0	0
27671	27671_1	27671_2	BND	chr3	117484293	chrX	65279137		False	False	False	True	1	4	5	-8,8	0,0	-9,6	0,0	-9,6	0,0	-8,8	0,0	1	4	5	0	0	0
7256	7256_1	7256_2	BND	chr3	119176168	chr3	119176432		True	True	False	True	2	3	5	-10,9	-1,1	-10,9	-1,1	-10,9	-1,1	-10,9	-1,1	2	3	5	0	0	0
7265	7265		DEL	chr3	121048647	chr3	121049285	638.0	True		False		5	0	5	-10,381	-2,93	-474,9	-109,2					5	0	5	0	0	0
7270	7270		DEL	chr3	122002343	chr3	122002834	491.0	True		False		5	0	5	-10,462	-2,126	-297,9	-128,2					5	0	5	0	0	0
27587	27587_1	27587_2	BND	chr3	122231767	chr14	51736796		False	False	False	True	1	4	5	-9,6	0,0	-9,6	0,0	-9,6	0,0	-9,6	0,0	1	4	5	0	0	0
7279	7279		DEL	chr3	124295976	chr3	124296278	302.0	True		False		5	0	5	-10,171	-3,61	-301,9	-80,3					5	0	5	0	0	0
7281	7281		DEL	chr3	124493100	chr3	124493290	190.0	True		False		6	0	6	-10,22	-2,17	-170,9	-72,2					5	0	5	1	0	1
7282	7282		DEL	chr3	124512486	chr3	124512802	316.0	True		False		5	0	5	-10,134	-1,74	-20,9	-15,2					5	0	5	0	0	0
7287	7287		DEL	chr3	125146843	chr3	125147528	685.0	True		False		6	0	6	-10,649	-2,328	-650,9	-328,2					5	0	5	1	0	1
7291	7291		DEL	chr3	125584600	chr3	125585427	827.0	True		False		5	0	5	-10,539	-2,185	-350,9	-171,2					5	0	5	0	0	0
7300	7300		DEL	chr3	126757494	chr3	126758417	923.0	True		False		5	0	5	-10,628	-2,205	-523,9	-184,2					5	0	5	0	0	0
7305	7305		DEL	chr3	127873555	chr3	127874392	837.0	True		False		5	0	5	-10,532	-2,185	-629,9	-205,2					5	0	5	0	0	0
7313	7313		DEL	chr3	128180411	chr3	128180628	217.0	True		False		5	0	5	-10,131	-3,56	-155,9	-68,2					5	0	5	0	0	0
27549	27549_1	27549_2	BND	chr3	130082609	chr11	67776129		True	True	False	True	6	0	6	-586,9	-105,1	-10,502	-2,93	-10,502	-2,93	-586,9	-105,1	6	0	6	0	0	0
27424	27424_1	27424_2	BND	chr3	130083362	chr4	9718985		True	True	False	True	7	0	7	-10,464	-1,96	-10,455	-2,77	-10,455	-2,77	-10,464	-1,96	7	0	7	0	0	0
27559	27559_1	27559_2	BND	chr3	130167385	chr12	8308058		True	True	False	True	6	0	6	-532,9	-90,2	-10,523	-2,104	-10,523	-2,104	-532,9	-90,2	5	0	5	1	0	1
27590	27590_1	27590_2	BND	chr3	130636742	chr14	90300869		True	True	False	True	2	3	5	-9,0	-9,0	-10,9	-1,1	-10,9	-1,1	-9,0	-9,0	2	3	5	0	0	0
7334	7334		DEL	chr3	131757290	chr3	131757428	138.0	True		False		5	0	5	-10,102	-3,49	-90,9	-46,3					5	0	5	0	0	0
27449	27449_1	27449_2	BND	chr3	133393338	chr5	17975284		False	False	False	True	1	4	5	-8,8	0,0	-8,8	0,0	-8,8	0,0	-8,8	0,0	1	4	5	0	0	0
7350	7350		DEL	chr3	134357412	chr3	134357714	302.0	True		False		6	0	6	-10,41	-2,29	-245,9	-58,3					6	0	6	0	0	0
7363	7363		DEL	chr3	136735556	chr3	136736427	871.0	True		False		5	0	5	-10,649	-2,328	-650,9	-328,2					5	0	5	0	0	0
7366	7366		DEL	chr3	137068462	chr3	137069216	754.0	True		False		5	0	5	-10,231	-2,127	-313,9	-120,2					5	0	5	0	0	0
7369	7369		DEL	chr3	137815263	chr3	137815521	258.0	True		False		5	0	5	-10,238	-2,111	-227,9	-111,2					5	0	5	0	0	0
27439	27439_1	27439_2	BND	chr3	139885175	chr4	65936762		True	True	False	True	7	0	7	-9,505	0,112	-9,434	0,96	-9,434	0,96	-9,505	0,112	6	0	6	1	0	1
7378	7378		DEL	chr3	140768305	chr3	140769009	704.0	True		False		5	0	5	-10,545	-2,148	-553,9	-145,2					5	0	5	0	0	0
7383	7383		DEL	chr3	141665841	chr3	141666175	334.0	True		False		4	2	6	-10,9	-1,1	-10,9	-1,1					3	2	5	1	0	1
7400	7400		DEL	chr3	144673278	chr3	144674176	898.0	True		False		6	0	6	-10,487	-2,137	-332,9	-134,2					6	0	6	0	0	0
27570	27570_1	27570_2	BND	chr3	145774737	chr12	92724309		False	False	False	True	1	4	5	-9,6	0,0	-8,8	0,0	-8,8	0,0	-9,6	0,0	1	4	5	0	0	0
7427	7427		DEL	chr3	151211661	chr3	151212136	475.0	True		False		5	0	5	-10,324	-3,78	-388,9	-87,2					5	0	5	0	0	0
7432	7432		DEL	chr3	152068408	chr3	152069322	914.0	True		False		5	0	5	-10,649	-2,328	-650,9	-328,2					5	0	5	0	0	0
27667	27667_1	27667_2	BND	chr3	153183713	chrX	116654170		False	False	False	True	1	4	5	-9,6	0,0	-9,6	0,0	-9,6	0,0	-9,6	0,0	1	4	5	0	0	0
27529	27529_1	27529_2	BND	chr3	153265044	chr10	31380362		False	False	False	True	1	4	5	-8,8	0,0	-8,8	0,0	-8,8	0,0	-8,8	0,0	1	4	5	0	0	0
27491	27491_1	27491_2	BND	chr3	153851396	chr7	150359779		False	False	False	True	1	4	5	-9,6	0,0	-9,6	0,0	-9,6	0,0	-9,6	0,0	1	4	5	0	0	0
7442	7442_1	7442_2	BND	chr3	155077768	chr3	155077858		False	False	False	True	1	4	5	-9,6	0,0	-9,6	0,0	-9,6	0,0	-9,6	0,0	1	4	5	0	0	0
7450	7450		DEL	chr3	155875416	chr3	155875981	565.0	True		False		5	0	5	-10,307	-2,127	-424,9	-127,2					5	0	5	0	0	0
7309	7309		DEL	chr3	156401076	chr3	156401756	680.0	True		False		6	0	6	-10,630	-2,205	-588,9	-194,2					6	0	6	0	0	0
7453	7453		DEL	chr3	156421924	chr3	156422442	518.0	True		False		5	0	5	-10,54	-2,42	-472,9	-126,2					5	0	5	0	0	0
7488	7488_1	7488_2	BND	chr3	165980254	chr3	165980360		True	True	False	True	2	3	5	-10,6	-2,0	-1,9	-1,1	-1,9	-1,1	-10,6	-2,0	2	3	5	0	0	0
7495	7495		DEL	chr3	169554521	chr3	169555078	557.0	True		False		5	0	5	-10,430	-2,83	-27,9	-21,2					5	0	5	0	0	0
7499	7499		DEL	chr3	170121804	chr3	170122352	548.0	True		False		5	0	5	-10,546	-2,136	-409,9	-131,2					5	0	5	0	0	0
7502	7502		DEL	chr3	170437943	chr3	170439069	1126.0	True		False		5	0	5	-10,649	-2,328	-650,9	-328,2					5	0	5	0	0	0
27666	27666_1	27666_2	BND	chr3	175181716	chr22	29131661		True	True	False	True	5	0	5	-50,9	-37,2	-8,595	-1,137	-8,595	-1,137	-50,9	-37,2	5	0	5	0	0	0
7525	7525		DEL	chr3	177225164	chr3	177225193	29.0	False		False		1	4	5	-10,9	0,0	-9,6	0,0					1	4	5	0	0	0
7529	7529		INV	chr3	177856768	chr3	177856940	172.0	True		False		2	3	5	-10,9	-1,1	-9,9	-1,1					2	3	5	0	0	0
7531	7531		INV	chr3	178144571	chr3	178144900	329.0	True		False		5	2	7	-10,9	-2,3	-10,9	-3,3					5	2	7	0	0	0
7536	7536		DEL	chr3	179332028	chr3	179332620	592.0	True		False		5	0	5	-10,136	-2,75	-311,9	-106,2					5	0	5	0	0	0
7544	7544		DEL	chr3	182212051	chr3	182212600	549.0	True		False		6	0	6	-10,24	-2,20	-172,9	-80,2					6	0	6	0	0	0
27613	27613_1	27613_2	BND	chr3	182294341	chr18	78793232		False	False	False	True	1	4	5	-8,8	0,0	-8,8	0,0	-8,8	0,0	-8,8	0,0	1	4	5	0	0	0
7548	7548		INV	chr3	183426827	chr3	183426999	172.0	True		False		2	3	5	-10,9	-1,1	-10,9	-1,1					2	3	5	0	0	0
7552	7552		DEL	chr3	184159039	chr3	184159583	544.0	True		False		8	0	8	-10,229	-3,49	-375,9	-71,1					7	0	7	1	0	1
7556	7556		DEL	chr3	184606163	chr3	184606713	550.0	True		False		6	0	6	-10,510	-2,131	-503,9	-148,2					6	0	6	0	0	0
7559	7559		DEL	chr3	185170099	chr3	185170905	806.0	True		False		5	0	5	-10,602	-2,197	-556,9	-188,2					5	0	5	0	0	0
7569	7569		DEL	chr3	186348172	chr3	186348786	614.0	True		False		5	0	5	-10,142	-1,90	-360,9	-100,2					5	0	5	0	0	0
7577	7577		INV	chr3	187607122	chr3	187607257	135.0	True		False		2	3	5	-9,9	-1,1	-2,9	-1,3					2	3	5	0	0	0
7311	7311		DEL	chr3	187677986	chr3	187678661	675.0	True		False		5	0	5	-10,34	-2,27	-93,9	-52,2					5	0	5	0	0	0
7578	7578		DEL	chr3	187720576	chr3	187720748	172.0	True		False		5	0	5	-10,97	-3,47	-142,9	-77,2					5	0	5	0	0	0
7579	7579		DEL	chr3	187827145	chr3	187827695	550.0	True		False		5	0	5	-10,159	-2,93	-372,9	-127,2					5	0	5	0	0	0
7599	7599		INV	chr3	192713855	chr3	192713967	112.0	True		False		2	3	5	-5,7	-1,3	-6,3	-1,3					2	3	5	0	0	0
7605	7605		DEL	chr3	194589585	chr3	194589807	222.0	True		False		5	0	5	-10,198	-3,77	-157,9	-86,2					5	0	5	0	0	0
7616	7616		DUP	chr3	195615064	chr3	195721177	106113.0	True		False		13	0	13	-299,9	-58,2	-10,288	-2,62					12	0	12	1	0	1
7636	7636		DEL	chr4	198121	chr4	198803	682.0	True		False		5	0	5	-10,622	-2,203	-642,9	-209,2					5	0	5	0	0	0
28134	28134_1	28134_2	BND	chr4	3567790	chr9	41781321		True	True	False	True	5	0	5	-466,9	-109,2	-10,594	-1,136	-10,594	-1,136	-466,9	-109,2	5	0	5	0	0	0
7661	7661		DEL	chr4	4344535	chr4	4345323	788.0	True		False		5	0	5	-10,275	-2,135	-545,9	-141,2					5	0	5	0	0	0
7662	7662		DEL	chr4	4726226	chr4	4726852	626.0	True		False		5	0	5	-10,458	-2,126	-455,9	-141,2					5	0	5	0	0	0
7664	7664		DEL	chr4	5746861	chr4	5748020	1159.0	True		False		6	0	6	-10,649	-2,328	-650,9	-328,2					6	0	6	0	0	0
7667	7667		DEL	chr4	6313151	chr4	6313849	698.0	True		False		5	0	5	-10,639	-2,208	-640,9	-208,2					5	0	5	0	0	0
7682	7682		DEL	chr4	8443883	chr4	8444223	340.0	True		False		6	0	6	-10,28	-2,21	-114,9	-61,2					5	0	5	1	0	1
7685	7685		DEL	chr4	8718428	chr4	8719048	620.0	True		False		6	0	6	-10,411	-2,117	-255,9	-93,2					5	0	5	1	0	1
7701	7701		DEL	chr4	12650996	chr4	12651495	499.0	True		False		5	0	5	-10,233	-2,118	-429,9	-136,2					5	0	5	0	0	0
7708	7708		DEL	chr4	14267904	chr4	14268349	445.0	True		False		5	0	5	-10,282	-3,75	-229,9	-82,2					5	0	5	0	0	0
7712	7712		DEL	chr4	14919249	chr4	14920224	975.0	True		False		5	0	5	-10,649	-2,328	-650,9	-328,2					5	0	5	0	0	0
7717	7717		DEL	chr4	15984730	chr4	15984969	239.0	True		False		5	0	5	-10,129	-3,56	-238,9	-67,3					5	0	5	0	0	0
7747	7747		DEL	chr4	24871208	chr4	24872209	1001.0	True		False		5	0	5	-10,649	-2,328	-650,9	-328,2					5	0	5	0	0	0
28241	28241_1	28241_2	BND	chr4	33329546	chr11	8865754		True	True	False	True	7	0	7	-630,9	-111,1	-432,9	-70,1	-432,9	-70,1	-630,9	-111,1	6	0	6	1	0	1
7804	7804		INV	chr4	35146082	chr4	35146295	213.0	True		False		2	3	5	-10,9	-1,1	-5,9	-1,3					2	3	5	0	0	0
7819	7819		DEL	chr4	38194090	chr4	38194615	525.0	True		False		6	0	6	-10,292	-2,94	-385,9	-113,2					6	0	6	0	0	0
7838	7838		DEL	chr4	43472128	chr4	43472661	533.0	True		False		5	0	5	-10,531	-2,145	-442,9	-129,2					5	0	5	0	0	0
7848	7848_1	7848_2	BND	chr4	44839875	chr4	44840022		True	True	False	True	1	4	5	-10,9	-1,1	-10,9	-1,1	-10,9	-1,1	-10,9	-1,1	1	4	5	0	0	0
27897	27897_1	27897_2	BND	chr4	46456426	chr5	23987613		False	False	False	True	1	5	6	-7,6	0,0	-7,6	0,0	-7,6	0,0	-7,6	0,0	1	5	6	0	0	0
7857	7857		DEL	chr4	48659478	chr4	48659912	434.0	True		False		7	0	7	-1,0	-1,0	-283,9	-67,3					7	0	7	0	0	0
28301	28301_1	28301_2	BND	chr4	49091954	chr17	21973013		True	True	False	True	6	0	6	-570,9	-102,2	-539,9	-101,2	-539,9	-101,2	-570,9	-102,2	5	0	5	1	0	1
8073	8073_1	8073_2	BND	chr4	49092205	chr4	49657959		True	True	False	True	6	0	6	-10,500	-2,91	-10,333	-3,67	-10,333	-3,67	-10,500	-2,91	6	0	6	0	0	0
28364	28364_1	28364_2	BND	chr4	49092744	chr20	31069303		True	True	False	True	7	1	8	-5,5	-3,0	-10,9	-3,3	-10,9	-3,3	-5,5	-3,0	7	1	8	0	0	0
8054	8054_1	8054_2	BND	chr4	49092917	chr4	49657695		True	True	False	True	5	0	5	-10,564	-1,122	-10,294	-2,98	-10,294	-2,98	-10,564	-1,122	5	0	5	0	0	0
7897	7897		DEL	chr4	49092918	chr4	49109683	16765.0	True		False		7	0	7	-10,491	-2,90	-224,9	-62,3					6	0	6	1	0	1
7860	7860		DEL	chr4	49092925	chr4	49097163	4238.0	True		False		5	0	5	-10,563	-2,114	-146,9	-76,2					5	0	5	0	0	0
7868	7868		DEL	chr4	49096894	chr4	49102290	5396.0	True		False		6	0	6	-10,213	-3,76	-412,9	-81,1					6	0	6	0	0	0
27956	27956_1	27956_2	BND	chr4	49096905	chr5	49658594		True	True	False	True	4	1	5	-8,9	-1,4	-10,9	-3,3	-10,9	-3,3	-8,9	-1,4	4	1	5	0	0	0
27955	27955_1	27955_2	BND	chr4	49097100	chr5	49658616		True	True	False	True	6	0	6	-636,9	-207,2	-10,625	-2,204	-10,625	-2,204	-636,9	-207,2	5	0	5	1	0	1
28161	28161_1	28161_2	BND	chr4	49097104	chr10	41875364		True	True	False	True	11	0	11	-481,9	-33,3	-356,9	-80,2	-356,9	-80,2	-481,9	-33,3	11	0	11	0	0	0
7997	7997		DUP	chr4	49097146	chr4	49153285	56139.0	True		False		7	0	7	-100,9	-32,3	-8,503	-1,114					6	0	6	1	0	1
7782	7782		DUP	chr4	49097239	chr4	49119056	21817.0	True		False		11	0	11	-228,9	-64,2	-10,337	-2,74					10	0	10	1	0	1
7880	7880		DEL	chr4	49097843	chr4	49105971	8128.0	True		False		6	0	6	-10,177	-3,51	-476,9	-84,2					6	0	6	0	0	0
28163	28163_1	28163_2	BND	chr4	49097943	chr10	41874713		True	True	False	True	7	0	7	0,0	0,0	-18,97	-17,63	-18,97	-17,63	0,0	0,0	6	0	6	1	0	1
7881	7881		DEL	chr4	49099729	chr4	49105374	5645.0	True		False		7	0	7	-10,620	-1,143	-621,9	-141,1					7	0	7	0	0	0
27963	27963_1	27963_2	BND	chr4	49102652	chr5	49658652		True	True	False	True	4	1	5	-10,9	-3,3	-7,7	-4,1	-7,7	-4,1	-10,9	-3,3	4	1	5	0	0	0
28192	28192_1	28192_2	BND	chr4	49107318	chr10	41883071		True	True	False	True	6	0	6	-175,9	-73,2	-300,9	-75,3	-300,9	-75,3	-175,9	-73,2	5	0	5	1	0	1
7893	7893		DEL	chr4	49107481	chr4	49109858	2377.0	True		False		5	0	5	-10,572	0,126	-568,9	-108,2					5	0	5	0	0	0
28356	28356_1	28356_2	BND	chr4	49108430	chr20	31055342		True	True	False	True	5	1	6	-10,9	-3,3	-10,9	-3,3	-10,9	-3,3	-10,9	-3,3	4	1	5	1	0	1
28461	28461_1	28461_2	BND	chr4	49108477	chrY	11747753		True	True	False	True	6	0	6	-10,477	-2,74	-10,549	-1,117	-10,549	-1,117	-10,477	-2,74	5	0	5	1	0	1
28453	28453_1	28453_2	BND	chr4	49108480	chrY	11722092		True	True	False	True	5	0	5	-10,512	-2,97	-10,561	-2,115	-10,561	-2,115	-10,512	-2,97	5	0	5	0	0	0
28195	28195_1	28195_2	BND	chr4	49108483	chr10	41879679		True	True	False	True	10	0	10	-10,513	-2,78	-10,333	-3,33	-10,333	-3,33	-10,513	-2,78	9	0	9	1	0	1
27968	27968_1	27968_2	BND	chr4	49108486	chr5	49657502		True	True	False	True	4	1	5	-10,9	-3,3	-10,9	-3,3	-10,9	-3,3	-10,9	-3,3	4	1	5	0	0	0
8024	8024_1	8024_2	BND	chr4	49108486	chr4	49635633		True	True	False	True	6	1	7	-10,9	-2,3	-10,9	-3,3	-10,9	-3,3	-10,9	-2,3	5	1	6	1	0	1
7979	7979		DUP	chr4	49109681	chr4	49149844	40163.0	True		False		7	0	7	-411,9	-67,3	-10,294	-3,55					6	0	6	1	0	1
28034	28034_1	28034_2	BND	chr4	49109811	chr5	49661363		True	True	False	True	9	0	9	-10,584	-1,132	-580,9	-105,2	-580,9	-105,2	-10,584	-1,132	9	0	9	0	0	0
8056	8056		INV	chr4	49110048	chr4	49657564	547516.0	True		False		5	1	6	-1,9	-1,9	-10,9	-3,3					4	1	5	1	0	1
7932	7932		DUP	chr4	49110644	chr4	49121152	10508.0	True		False		7	0	7	-450,9	-62,3	-10,450	-2,82					6	0	6	1	0	1
27975	27975_1	27975_2	BND	chr4	49110975	chr5	49659826		True	True	False	True	6	0	6	-10,480	-1,84	-554,9	-115,1	-554,9	-115,1	-10,480	-1,84	5	0	5	1	0	1
7907	7907		DEL	chr4	49112448	chr4	49115145	2697.0	True		False		5	0	5	-10,582	0,128	-603,9	-133,0					5	0	5	0	0	0
27890	27890_1	27890_2	BND	chr4	49118335	chr5	49659311		True	True	False	True	5	0	5	-101,9	-71,0	-10,638	0,136	-10,638	0,136	-101,9	-71,0	5	0	5	0	0	0
28200	28200_1	28200_2	BND	chr4	49119029	chr10	41889597		True	True	False	True	7	0	7	-10,419	-2,71	-6,531	0,109	-6,531	0,109	-10,419	-2,71	6	0	6	1	0	1
28041	28041_1	28041_2	BND	chr4	49119074	chr5	49661441		True	True	False	True	13	0	13	-10,265	-1,75	-382,7	-93,1	-382,7	-93,1	-10,265	-1,75	12	0	12	1	0	1
7985	7985		DUP	chr4	49119470	chr4	49150494	31024.0	True		False		6	0	6	-569,5	-122,1	-10,482	-1,77					5	0	5	1	0	1
7929	7929		DEL	chr4	49119644	chr4	49120401	757.0	True		False		6	0	6	-10,455	-2,71	-99,9	-33,3					6	0	6	0	0	0
28203	28203_1	28203_2	BND	chr4	49120839	chr10	41883243		True	True	False	True	6	0	6	-10,506	-3,116	-10,644	-2,163	-10,644	-2,163	-10,506	-3,116	5	0	5	1	0	1
28044	28044_1	28044_2	BND	chr4	49136039	chr5	49661873		True	True	False	True	6	0	6	-572,9	-119,2	-10,319	-3,70	-10,319	-3,70	-572,9	-119,2	5	0	5	1	0	1
28227	28227_1	28227_2	BND	chr4	49136042	chr10	41903518		True	True	False	True	6	0	6	-574,7	-121,2	-583,4	-123,0	-583,4	-123,0	-574,7	-121,2	5	0	5	1	0	1
28205	28205_1	28205_2	BND	chr4	49136096	chr10	41889598		True	True	False	True	9	0	9	-4,432	0,107	-6,427	-1,106	-6,427	-1,106	-4,432	0,107	8	0	8	1	0	1
8062	8062_1	8062_2	BND	chr4	49139814	chr4	49657734		True	True	False	True	8	0	8	-10,441	-1,92	-10,419	-2,83	-10,419	-2,83	-10,441	-1,92	7	0	7	1	0	1
27986	27986_1	27986_2	BND	chr4	49139815	chr5	49658463		True	True	False	True	6	0	6	-10,531	-2,105	-186,9	-56,3	-186,9	-56,3	-10,531	-2,105	5	0	5	1	0	1
28052	28052_1	28052_2	BND	chr4	49140443	chr5	49659947		True	True	False	True	6	0	6	-517,9	-93,1	-10,534	-1,119	-10,534	-1,119	-517,9	-93,1	6	0	6	0	0	0
28455	28455_1	28455_2	BND	chr4	49140445	chrY	11721945		True	True	False	True	5	0	5	-566,9	-96,2	-624,9	-128,1	-624,9	-128,1	-566,9	-96,2	5	0	5	0	0	0
7974	7974		DEL	chr4	49144072	chr4	49149390	5318.0	True		False		5	0	5	-10,626	-2,204	-629,9	-205,2					5	0	5	0	0	0
28443	28443_1	28443_2	BND	chr4	49147273	chrY	10999964		True	True	False	True	8	0	8	-478,3	-116,0	-10,444	-1,111	-10,444	-1,111	-478,3	-116,0	8	0	8	0	0	0
8018	8018_1	8018_2	BND	chr4	49147273	chr4	49633931		True	True	False	True	6	0	6	-526,9	-106,0	-332,9	-60,2	-332,9	-60,2	-526,9	-106,0	5	0	5	1	0	1
27992	27992_1	27992_2	BND	chr4	49149179	chr5	49658036		True	True	False	True	6	0	6	-429,9	-59,3	-10,90	-2,48	-10,90	-2,48	-429,9	-59,3	5	0	5	1	0	1
28359	28359_1	28359_2	BND	chr4	49149377	chr20	31054637		True	True	False	True	6	0	6	-626,9	-113,2	-448,9	-114,0	-448,9	-114,0	-626,9	-113,2	5	0	5	1	0	1
8006	8006		DEL	chr4	49149533	chr4	49154379	4846.0	True		False		5	0	5	-10,564	-2,127	-593,9	-137,2					5	0	5	0	0	0
28372	28372_1	28372_2	BND	chr4	49150444	chr20	31068684		True	True	False	True	6	0	6	-632,9	-118,1	-510,9	-85,2	-510,9	-85,2	-632,9	-118,1	5	0	5	1	0	1
28290	28290_1	28290_2	BND	chr4	49150597	chr16	34071637		True	True	False	True	6	0	6	-10,531	-2,105	-7,560	-1,122	-7,560	-1,122	-10,531	-2,105	5	0	5	1	0	1
28001	28001_1	28001_2	BND	chr4	49153281	chr5	49659051		True	True	False	True	8	0	8	-5,454	0,111	-456,9	-95,2	-456,9	-95,2	-5,454	0,111	7	0	7	1	0	1
28464	28464_1	28464_2	BND	chr4	49153603	chrY	11747752		True	True	False	True	8	0	8	-10,287	-3,41	-9,470	-1,108	-9,470	-1,108	-10,287	-3,41	7	0	7	1	0	1
28446	28446_1	28446_2	BND	chr4	49153687	chrY	11299739		True	True	False	True	6	0	6	-10,225	-3,53	-583,4	-123,0	-583,4	-123,0	-10,225	-3,53	5	0	5	1	0	1
28006	28006_1	28006_2	BND	chr4	49154875	chr5	49658116		True	True	False	True	8	1	9	-10,9	-3,3	-10,9	-3,3	-10,9	-3,3	-10,9	-3,3	7	1	8	1	0	1
28010	28010_1	28010_2	BND	chr4	49632598	chr5	49658657		True	True	False	True	6	0	6	-564,9	-120,2	-401,9	-59,3	-401,9	-59,3	-564,9	-120,2	5	0	5	1	0	1
28293	28293_1	28293_2	BND	chr4	49635602	chr16	34071580		True	True	False	True	6	0	6	-6,311	0,105	-583,4	-123,0	-583,4	-123,0	-6,311	0,105	5	0	5	1	0	1
28074	28074_1	28074_2	BND	chr4	49635627	chr5	49659977		True	True	False	True	7	0	7	-10,286	-2,90	-10,468	-2,92	-10,468	-2,92	-10,286	-2,90	6	0	6	1	0	1
28012	28012_1	28012_2	BND	chr4	49635633	chr5	49658790		True	True	False	True	6	0	6	-10,343	-2,106	-10,316	-3,75	-10,316	-3,75	-10,343	-2,106	5	0	5	1	0	1
28013	28013_1	28013_2	BND	chr4	49642328	chr5	49659613		False	False	False	True	3	4	7	-9,8	0,0	-9,8	0,0	-9,8	0,0	-9,8	0,0	3	3	6	0	1	1
27946	27946_1	27946_2	BND	chr4	49642598	chr5	49602243		True	True	False	True	7	0	7	-510,9	-96,1	-10,78	-3,29	-10,78	-3,29	-510,9	-96,1	6	0	6	1	0	1
8074	8074		DEL	chr4	49648852	chr4	49657468	8616.0	True		False		8	0	8	-10,590	-1,92	-307,9	-80,2					7	0	7	1	0	1
28382	28382_1	28382_2	BND	chr4	49657883	chr20	31185758		False	False	False	True	2	5	7	-8,6	0,0	-10,7	0,0	-10,7	0,0	-8,6	0,0	2	4	6	0	1	1
8100	8100		DEL	chr4	52993981	chr4	52995013	1032.0	True		False		5	0	5	-10,649	-2,328	-650,9	-328,2					5	0	5	0	0	0
8102	8102		DEL	chr4	54190646	chr4	54191017	371.0	True		False		5	0	5	-10,270	-2,95	-172,9	-79,3					5	0	5	0	0	0
8112	8112		DEL	chr4	56598640	chr4	56598990	350.0	True		False		6	0	6	-10,210	-3,73	-26,9	-20,2					6	0	6	0	0	0
8114	8114		DEL	chr4	56726814	chr4	56727565	751.0	True		False		6	0	6	-10,649	-2,328	-650,9	-328,2					6	0	6	0	0	0
8160	8160_1	8160_2	BND	chr4	66353253	chr4	66353383		True	True	False	True	2	3	5	-10,9	-1,0	-9,8	-1,0	-9,8	-1,0	-10,9	-1,0	2	3	5	0	0	0
8164	8164		DEL	chr4	67044415	chr4	67044910	495.0	True		False		5	0	5	-10,443	-2,130	-494,9	-129,2					5	0	5	0	0	0
8166	8166		DEL	chr4	67460426	chr4	67460670	244.0	True		False		5	0	5	-10,54	-2,40	-85,9	-54,2					5	0	5	0	0	0
8183	8183		DEL	chr4	71383981	chr4	71384573	592.0	True		False		5	0	5	-10,369	-2,126	-535,9	-140,2					5	0	5	0	0	0
8191	8191		INV	chr4	73206547	chr4	73206636	89.0	True		False		1	4	5	-6,9	0,3	-6,9	0,3					1	4	5	0	0	0
8194	8194_1	8194_2	BND	chr4	73853867	chr4	73981545		True	True	False	True	6	0	6	-6,0	-6,0	-10,501	-2,86	-10,501	-2,86	-6,0	-6,0	5	0	5	1	0	1
8203	8203		DEL	chr4	75986105	chr4	75986866	761.0	True		False		6	0	6	-10,616	-2,196	-558,9	-180,2					5	0	5	1	0	1
8207	8207		DEL	chr4	76527957	chr4	76528650	693.0	True		False		6	0	6	-10,571	-2,190	-623,9	-203,2					6	0	6	0	0	0
8222	8222		DEL	chr4	81512846	chr4	81513430	584.0	True		False		5	0	5	-10,479	-2,125	-372,9	-139,2					5	0	5	0	0	0
8224	8224		DEL	chr4	82349111	chr4	82349827	716.0	True		False		5	0	5	-10,566	-2,149	-457,9	-135,2					5	0	5	0	0	0
8226	8226_1	8226_2	BND	chr4	82604943	chr4	82605153		False	False	False	True	1	4	5	-9,6	0,0	-9,6	0,0	-9,6	0,0	-9,6	0,0	1	4	5	0	0	0
8227	8227		DEL	chr4	83038476	chr4	83039213	737.0	True		False		6	0	6	-10,493	-2,137	-453,9	-142,2					5	0	5	1	0	1
8248	8248		DEL	chr4	87370730	chr4	87371011	281.0	True		False		6	0	6	-10,209	-3,56	-214,9	-69,3					5	0	5	1	0	1
8255	8255		DEL	chr4	88303591	chr4	88303823	232.0	True		False		5	0	5	-10,225	-2,101	-88,9	-55,2					5	0	5	0	0	0
8260	8260		DEL	chr4	89723080	chr4	89723772	692.0	True		False		5	0	5	-10,596	-2,196	-619,9	-202,2					5	0	5	0	0	0
8266	8266		DEL	chr4	90649531	chr4	90649875	344.0	True		False		5	0	5	-10,342	-3,76	-1,9	-1,4					5	0	5	0	0	0
8270	8270		DEL	chr4	91624149	chr4	91627032	2883.0	True		False		8	0	8	-10,260	-2,60	-227,6	-88,0					8	0	8	0	0	0
8315	8315		DEL	chr4	100913450	chr4	100913805	355.0	True		False		5	0	5	-10,322	-3,79	-270,9	-68,3					5	0	5	0	0	0
8322	8322		DEL	chr4	102056753	chr4	102056988	235.0	True		False		6	0	6	-10,37	-2,29	-132,9	-80,2					5	0	5	1	0	1
28466	28466_1	28466_2	BND	chr4	102909628	chrY	11349008		True	True	False	True	5	0	5	-632,9	-131,1	-10,455	-2,99	-10,455	-2,99	-632,9	-131,1	5	0	5	0	0	0
8334	8334		DEL	chr4	105268513	chr4	105268814	301.0	True		False		5	0	5	-10,299	-3,76	-272,9	-78,3					5	0	5	0	0	0
28275	28275_1	28275_2	BND	chr4	107532780	chr15	48052092		False	False	False	True	1	4	5	-8,8	0,0	-9,6	0,0	-9,6	0,0	-8,8	0,0	1	4	5	0	0	0
28251	28251_1	28251_2	BND	chr4	107634262	chr12	12279789		True	True	False	True	1	4	5	-3,0	-3,0	-8,8	0,0	-8,8	0,0	-3,0	-3,0	1	4	5	0	0	0
28103	28103_1	28103_2	BND	chr4	108209389	chr6	120451050		False	False	False	True	1	4	5	-9,6	0,0	-8,8	0,0	-8,8	0,0	-9,6	0,0	1	4	5	0	0	0
8344	8344		DEL	chr4	108569737	chr4	108570378	641.0	True		False		5	0	5	-10,499	-2,182	-599,9	-196,2					5	0	5	0	0	0
8360	8360		DUP	chr4	111337161	chr4	111894929	557768.0	True		False		6	0	6	-247,9	-58,3	-10,329	-2,78					5	0	5	1	0	1
28249	28249_1	28249_2	BND	chr4	112590000	chr11	126032619		False	False	False	True	1	4	5	-8,8	0,0	-9,6	0,0	-9,6	0,0	-8,8	0,0	1	4	5	0	0	0
8373	8373		INV	chr4	113790104	chr4	113790286	182.0	True		False		2	3	5	-10,9	-1,1	-10,9	-1,1					2	3	5	0	0	0
8385	8385		DEL	chr4	116713859	chr4	116714651	792.0	True		False		5	0	5	-10,540	-2,186	-502,9	-182,2					5	0	5	0	0	0
8393	8393		DEL	chr4	119056125	chr4	119056657	532.0	True		False		6	0	6	-10,503	-1,111	-196,9	-71,3					6	0	6	0	0	0
8399	8399_1	8399_2	BND	chr4	120212142	chr4	120212294		True	True	False	True	2	3	5	-8,9	-1,1	-8,9	-1,1	-8,9	-1,1	-8,9	-1,1	2	3	5	0	0	0
8411	8411_1	8411_2	BND	chr4	124501168	chr4	124501435		False	False	False	True	1	4	5	-8,8	0,0	-8,8	0,0	-8,8	0,0	-8,8	0,0	1	4	5	0	0	0
8417	8417		DEL	chr4	127586058	chr4	127586720	662.0	True		False		5	0	5	-10,512	-2,119	-289,9	-98,2					5	0	5	0	0	0
8430	8430		DEL	chr4	128267237	chr4	128267682	445.0	True		False		5	0	5	-10,383	-3,96	-378,9	-103,2					5	0	5	0	0	0
28092	28092_1	28092_2	BND	chr4	132768668	chr5	173999853		False	False	False	True	1	4	5	-9,6	0,0	-9,6	0,0	-9,6	0,0	-9,6	0,0	1	4	5	0	0	0
8454	8454		DEL	chr4	135616254	chr4	135616320	66.0	True		False		5	0	5	-10,54	-2,39	-25,9	-19,2					5	0	5	0	0	0
8470	8470		DEL	chr4	139237923	chr4	139238467	544.0	True		False		5	0	5	-10,395	-2,130	-445,9	-125,2					5	0	5	0	0	0
8471	8471		DEL	chr4	139598923	chr4	139599530	607.0	True		False		5	0	5	-10,552	-2,139	-548,9	-137,2					5	0	5	0	0	0
8475	8475		INV	chr4	140458511	chr4	140458677	166.0	True		False		2	4	6	-4,9	-1,1	-4,9	0,3					2	4	6	0	0	0
8477	8477		INV	chr4	140750324	chr4	140750537	213.0	True		False		4	2	6	-10,16	-4,16	-10,604	-2,198					4	2	6	0	0	0
8482	8482		DEL	chr4	142900550	chr4	142900673	123.0	False		False		1	5	6	-8,6	0,0	-7,6	0,0					1	4	5	0	1	1
8493	8493		DEL	chr4	144383447	chr4	144384689	1242.0	True		False		5	0	5	-10,649	-2,328	-650,9	-328,2					5	0	5	0	0	0
8505	8505		DEL	chr4	147829396	chr4	147829900	504.0	True		False		5	0	5	-10,273	-2,94	-264,9	-92,2					5	0	5	0	0	0
8511	8511		DEL	chr4	149029557	chr4	149030195	638.0	True		False		5	0	5	-10,555	-2,188	-603,9	-197,2					5	0	5	0	0	0
28102	28102_1	28102_2	BND	chr4	151339111	chr6	107000720		True	True	False	True	6	0	6	-560,6	-126,0	-10,497	-2,94	-10,497	-2,94	-560,6	-126,0	6	0	6	0	0	0
8524	8524		DEL	chr4	151534641	chr4	151535235	594.0	True		False		5	0	5	-10,405	-2,126	-575,9	-142,2					5	0	5	0	0	0
8422	8422		DEL	chr4	151879176	chr4	151879509	333.0	True		False		5	0	5	-10,21	-2,17	-290,9	-78,3					5	0	5	0	0	0
28120	28120_1	28120_2	BND	chr4	153244436	chr8	38556765		True	True	False	True	6	0	6	-9,560	0,127	-448,9	-80,2	-448,9	-80,2	-9,560	0,127	6	0	6	0	0	0
8551	8551		DEL	chr4	157006920	chr4	157007632	712.0	True		False		5	0	5	-10,527	-2,135	-602,9	-155,2					5	0	5	0	0	0
8553	8553		INV	chr4	157942744	chr4	157942991	247.0	True		False		2	4	6	-10,9	-1,1	-10,9	-1,1					2	4	6	0	0	0
8556	8556		DEL	chr4	159000311	chr4	159001070	759.0	True		False		5	0	5	-10,553	-2,187	-642,9	-209,2					5	0	5	0	0	0
8557	8557		DEL	chr4	159149293	chr4	159149855	562.0	True		False		5	0	5	-10,260	-2,105	-144,9	-89,2					5	0	5	0	0	0
28407	28407_1	28407_2	BND	chr4	159954844	chr21	45519584		False	False	False	True	1	4	5	-9,6	0,0	-8,8	0,0	-8,8	0,0	-9,6	0,0	1	4	5	0	0	0
8583	8583_1	8583_2	BND	chr4	164914999	chr4	164970536		True	True	False	True	6	0	6	-10,264	-3,67	-10,520	-1,110	-10,520	-1,110	-10,264	-3,67	6	0	6	0	0	0
8581	8581_1	8581_2	BND	chr4	164939853	chr4	164948283		True	True	False	True	14	0	14	-10,246	-3,39	-10,267	-2,56	-10,267	-2,56	-10,246	-3,39	13	0	13	1	0	1
8592	8592		DEL	chr4	166502194	chr4	166502296	102.0	True		False		5	0	5	-10,88	-2,49	-63,9	-40,2					5	0	5	0	0	0
8621	8621		DEL	chr4	175396233	chr4	175396866	633.0	True		False		5	0	5	-10,594	-2,152	-128,9	-83,2					5	0	5	0	0	0
8624	8624		DEL	chr4	176507493	chr4	176508250	757.0	True		False		6	0	6	-10,649	-2,205	-537,9	-176,2					5	0	5	1	0	1
8629	8629		DEL	chr4	177252696	chr4	177253508	812.0	True		False		5	0	5	-10,566	-2,189	-577,9	-191,2					5	0	5	0	0	0
8630	8630		DEL	chr4	177465924	chr4	177466398	474.0	True		False		6	0	6	-10,52	-2,37	-224,9	-76,3					6	0	6	0	0	0
8426	8426		DEL	chr4	177667556	chr4	177668272	716.0	True		False		6	0	6	-10,302	-3,97	-481,9	-121,2					5	0	5	1	0	1
8635	8635		INV	chr4	178392357	chr4	178392567	210.0	True		False		2	3	5	-10,9	-1,1	-10,9	-1,1					2	3	5	0	0	0
8655	8655		DEL	chr4	183660791	chr4	183661446	655.0	True		False		5	0	5	-10,212	-2,95	-598,9	-118,2					5	0	5	0	0	0
28255	28255_1	28255_2	BND	chr4	184993667	chr12	86789614		False	False	False	True	1	4	5	-9,6	0,0	-9,6	0,0	-9,6	0,0	-9,6	0,0	1	4	5	0	0	0
8666	8666		DEL	chr4	185686759	chr4	185687245	486.0	True		False		5	0	5	-10,352	-2,134	-483,9	-128,2					5	0	5	0	0	0
8677	8677		INV	chr4	186998085	chr4	186998315	230.0	True		False		4	1	5	-10,9	-2,3	-10,9	-3,3					4	1	5	0	0	0
28093	28093_1	28093_2	BND	chr4	188413385	chr6	5348528		True	True	False	True	6	0	6	-563,4	-130,0	-8,334	0,98	-8,334	0,98	-563,4	-130,0	6	0	6	0	0	0
8691	8691		INV	chr4	188867289	chr4	188867435	146.0	True		False		2	3	5	-10,9	-1,1	-10,9	-1,1					2	3	5	0	0	0
28419	28419_1	28419_2	BND	chr4	189404993	chrX	81107863		False	False	False	True	1	6	7	-6,4	0,0	-10,9	0,0	-10,9	0,0	-6,4	0,0	1	5	6	0	1	1
28091	28091_1	28091_2	BND	chr4	189789441	chr5	166478234		False	False	False	True	1	4	5	-9,6	0,0	-8,8	0,0	-8,8	0,0	-9,6	0,0	1	4	5	0	0	0
28260	28260_1	28260_2	BND	chr4	190122509	chr12	133264890		True	True	False	True	5	0	5	-639,9	-136,0	-7,592	0,138	-7,592	0,138	-639,9	-136,0	5	0	5	0	0	0
8723	8723		DUP	chr5	696775	chr5	788693	91918.0	True		False		8	0	8	-11,9	-9,2	-10,49	-3,18					7	0	7	1	0	1
8724	8724		DEL	chr5	697254	chr5	788393	91139.0	True		False		11	0	11	-10,312	-1,53	-304,9	-34,2					10	0	10	1	0	1
8715	8715		DEL	chr5	762470	chr5	763569	1099.0	True		False		6	0	6	-10,701	-2,352	-702,9	-352,2					5	0	5	1	0	1
8735	8735		DEL	chr5	1262156	chr5	1262259	103.0	True		False		5	0	5	-10,79	-2,58	-28,9	-22,2					5	0	5	0	0	0
8736	8736		DEL	chr5	1367283	chr5	1367431	148.0	True		False		6	0	6	-10,20	-2,16	-42,9	-26,3					6	0	6	0	0	0
8765	8765		DEL	chr5	3136983	chr5	3137502	519.0	True		False		5	0	5	-10,121	-2,85	-271,9	-119,2					5	0	5	0	0	0
8774	8774		DEL	chr5	3949295	chr5	3949785	490.0	True		False		6	0	6	-10,425	-2,142	-372,9	-124,2					6	0	6	0	0	0
8782	8782		DEL	chr5	4531328	chr5	4532009	681.0	True		False		5	0	5	-10,645	-2,210	-610,9	-199,2					5	0	5	0	0	0
8785	8785		DEL	chr5	4874923	chr5	4875584	661.0	True		False		5	0	5	-10,553	-2,187	-452,9	-179,2					5	0	5	0	0	0
8799	8799		DEL	chr5	6249764	chr5	6250632	868.0	True		False		5	0	5	-10,649	-2,328	-650,9	-328,2					5	0	5	0	0	0
8800	8800		DEL	chr5	6303289	chr5	6303868	579.0	True		False		5	0	5	-10,574	-2,191	-551,9	-187,2					5	0	5	0	0	0
8801	8801		DEL	chr5	6402123	chr5	6402897	774.0	True		False		5	0	5	-10,631	-2,206	-648,9	-210,2					5	0	5	0	0	0
8814	8814		DEL	chr5	7099951	chr5	7100218	267.0	True		False		6	0	6	-10,175	-3,63	-8,9	-7,2					6	0	6	0	0	0
8824	8824		DEL	chr5	7940888	chr5	7941734	846.0	True		False		5	0	5	-10,647	-2,210	-477,9	-180,2					5	0	5	0	0	0
8829	8829		DEL	chr5	8057921	chr5	8058271	350.0	True		False		6	0	6	-10,246	-3,79	-158,9	-84,2					5	0	5	1	0	1
8842	8842		DEL	chr5	9496191	chr5	9496702	511.0	True		False		5	0	5	-10,342	-3,77	-25,9	-20,2					5	0	5	0	0	0
8850	8850		DEL	chr5	10273223	chr5	10275215	1992.0	True		False		6	0	6	-10,477	-2,84	-97,9	-56,2					5	0	5	1	0	1
8853	8853		DEL	chr5	10556828	chr5	10557434	606.0	True		False		7	0	7	-10,423	-3,109	-431,9	-149,2					6	0	6	1	0	1
8859	8859		DEL	chr5	10837972	chr5	10838563	591.0	True		False		5	0	5	-10,566	-2,142	-518,9	-136,2					5	0	5	0	0	0
8864	8864		DEL	chr5	11289001	chr5	11289652	651.0	True		False		6	0	6	-10,562	-2,115	-396,9	-110,2					5	0	5	1	0	1
28922	28922_1	28922_2	BND	chr5	11616030	chr12	38346646		False	False	False	True	1	4	5	-9,6	0,0	-9,6	0,0	-9,6	0,0	-9,6	0,0	1	4	5	0	0	0
8870	8870		DEL	chr5	11816735	chr5	11817414	679.0	True		False		14	0	14	-10,263	-3,42	-126,9	-46,2					13	0	13	1	0	1
8876	8876		DEL	chr5	12666981	chr5	12668298	1317.0	True		False		5	0	5	-10,649	-2,328	-650,9	-328,2					5	0	5	0	0	0
8904	8904		DEL	chr5	14703953	chr5	14704419	466.0	True		False		6	0	6	-10,464	-2,113	-345,9	-100,2					6	0	6	0	0	0
8906	8906		DEL	chr5	14772576	chr5	14772744	168.0	True		False		5	0	5	-9,0	-9,0	-113,9	-51,3					5	0	5	0	0	0
8916	8916		DEL	chr5	15866654	chr5	15866758	104.0	True		False		6	0	6	-10,15	-2,13	-9,9	-8,2					6	0	6	0	0	0
8931	8931		DEL	chr5	16722106	chr5	16722627	521.0	True		False		5	0	5	-10,515	-2,183	-484,9	-181,2					5	0	5	0	0	0
8938	8938		DEL	chr5	17292567	chr5	17292828	261.0	True		False		5	0	5	-10,230	-2,111	-219,9	-109,2					5	0	5	0	0	0
8939	8939		DEL	chr5	17355151	chr5	17355205	54.0	True		False		5	0	5	-10,52	-2,39	-21,9	-16,2					5	0	5	0	0	0
8951	8951		INV	chr5	18914972	chr5	18915194	222.0	True		False		2	3	5	-10,9	-1,1	-10,9	-1,1					2	3	5	0	0	0
8955	8955_1	8955_2	BND	chr5	19631679	chr5	19631896		True	True	False	True	3	2	5	-7,0	-7,0	-10,9	-3,3	-10,9	-3,3	-7,0	-7,0	3	2	5	0	0	0
8957	8957		DEL	chr5	20251953	chr5	20252440	487.0	True		False		5	0	5	-10,453	-2,130	-486,9	-136,2					5	0	5	0	0	0
9080	9080_1	9080_2	BND	chr5	20811616	chr5	34392401		True	True	False	True	6	0	6	-10,341	-2,74	-10,527	-2,94	-10,527	-2,94	-10,341	-2,74	5	0	5	1	0	1
8961	8961		INV	chr5	21413206	chr5	21413336	130.0	True		False		3	2	5	-10,9	-1,1	-10,9	-1,1					3	2	5	0	0	0
8962	8962		DEL	chr5	21445144	chr5	21445710	566.0	True		False		5	0	5	-10,550	-2,187	-465,9	-180,2					5	0	5	0	0	0
8967	8967		DEL	chr5	22017514	chr5	22017765	251.0	True		False		5	0	5	-10,217	-2,96	-205,9	-78,3					5	0	5	0	0	0
8976	8976_1	8976_2	BND	chr5	23708568	chr5	23709008		True	True	False	True	2	3	5	-9,9	-1,1	-10,9	-1,1	-10,9	-1,1	-9,9	-1,1	2	3	5	0	0	0
8982	8982		DEL	chr5	24177346	chr5	24178193	847.0	True		False		5	0	5	-10,649	-2,328	-650,9	-328,2					5	0	5	0	0	0
8992	8992		DEL	chr5	24630380	chr5	24631133	753.0	True		False		5	0	5	-10,435	-2,128	-500,9	-146,2					5	0	5	0	0	0
8920	8920		INV	chr5	25001677	chr5	25001841	164.0	True		False		3	2	5	-10,9	-1,1	-10,9	-1,1					3	2	5	0	0	0
28895	28895_1	28895_2	BND	chr5	25112226	chr11	25319280		False	False	False	True	1	4	5	-9,6	0,0	-9,6	0,0	-9,6	0,0	-9,6	0,0	1	4	5	0	0	0
9002	9002		DEL	chr5	26035536	chr5	26036268	732.0	True		False		5	0	5	-10,646	0,172	-548,9	-133,2					5	0	5	0	0	0
28899	28899_1	28899_2	BND	chr5	26204194	chr11	63113038		True	True	False	True	3	2	5	-10,9	-1,1	-10,8	-1,0	-10,8	-1,0	-10,9	-1,1	3	2	5	0	0	0
9015	9015		DEL	chr5	28048704	chr5	28048908	204.0	True		False		5	0	5	-10,139	-2,76	-202,9	-79,3					5	0	5	0	0	0
9029	9029		DEL	chr5	29897440	chr5	29897639	199.0	True		False		5	0	5	-10,190	-2,87	-22,9	-18,2					5	0	5	0	0	0
9037	9037		DEL	chr5	31454480	chr5	31455205	725.0	True		False		6	0	6	-10,533	-2,185	-637,9	-207,2					6	0	6	0	0	0
9043	9043		DEL	chr5	31964078	chr5	31964253	175.0	True		False		5	0	5	-10,46	-2,32	-72,9	-42,3					5	0	5	0	0	0
9045	9045		DEL	chr5	32341972	chr5	32342747	775.0	True		False		6	0	6	-10,638	-2,204	-521,9	-173,3					5	0	5	1	0	1
9073	9073		DEL	chr5	33564767	chr5	33565505	738.0	True		False		5	0	5	-10,393	-2,127	-418,9	-139,2					5	0	5	0	0	0
9076	9076		DEL	chr5	33958462	chr5	33958549	87.0	True		False		5	0	5	-10,85	-3,45	-74,9	-45,2					5	0	5	0	0	0
9082	9082_1	9082_2	BND	chr5	34659694	chr5	34659800		True	True	False	True	2	3	5	-10,9	-1,0	-7,8	-1,0	-7,8	-1,0	-10,9	-1,0	2	3	5	0	0	0
28936	28936_1	28936_2	BND	chr5	37056638	chr13	80442659		False	False	False	True	1	4	5	-9,6	0,0	-8,8	0,0	-8,8	0,0	-9,6	0,0	1	4	5	0	0	0
9102	9102_1	9102_2	BND	chr5	37531849	chr5	37532079		True	True	False	True	2	3	5	-10,9	-1,0	-10,9	-1,0	-10,9	-1,0	-10,9	-1,0	2	3	5	0	0	0
9108	9108		DEL	chr5	38250314	chr5	38250665	351.0	True		False		5	0	5	-10,309	-2,123	-214,9	-106,2					5	0	5	0	0	0
9113	9113		DEL	chr5	38877904	chr5	38878643	739.0	True		False		6	0	6	-10,470	-2,131	-300,9	-115,2					5	0	5	1	0	1
9114	9114		INV	chr5	38982084	chr5	38982410	326.0	True		False		4	3	7	-10,9	-1,1	-10,9	-1,1					4	3	7	0	0	0
9116	9116		DEL	chr5	39364033	chr5	39364661	628.0	True		False		5	0	5	-10,586	-2,194	-608,9	-199,2					5	0	5	0	0	0
9120	9120_1	9120_2	BND	chr5	40383154	chr5	40383260		True	True	False	True	2	3	5	-10,9	-1,0	-2,6	-1,0	-2,6	-1,0	-10,9	-1,0	2	3	5	0	0	0
9575	9575_1	9575_2	BND	chr5	40738519	chr5	84864089		True	True	False	True	6	0	6	-10,545	0,127	-10,370	-2,80	-10,370	-2,80	-10,545	0,127	6	0	6	0	0	0
9129	9129		DEL	chr5	42682839	chr5	42683267	428.0	True		False		5	0	5	-10,397	-2,99	-248,9	-100,2					5	0	5	0	0	0
9131	9131		DEL	chr5	42756100	chr5	42756555	455.0	True		False		7	0	7	-10,158	-2,73	-91,9	-54,2					7	0	7	0	0	0
9135	9135		DEL	chr5	42912650	chr5	42913195	545.0	True		False		6	0	6	-10,543	-2,133	-365,9	-135,2					6	0	6	0	0	0
9137	9137		DEL	chr5	42995373	chr5	42995958	585.0	True		False		6	0	6	-10,502	-2,110	-295,9	-99,2					6	0	6	0	0	0
9140	9140		DEL	chr5	43429074	chr5	43429446	372.0	True		False		5	0	5	-10,305	-2,108	-175,9	-84,2					5	0	5	0	0	0
9145	9145		DEL	chr5	44799448	chr5	44800135	687.0	True		False		7	0	7	-10,170	-2,106	-549,9	-139,2					7	0	7	0	0	0
9162	9162_1	9162_2	BND	chr5	46435854	chr5	46552161		True	True	False	True	6	0	6	-10,480	-2,81	-10,409	-3,81	-10,409	-3,81	-10,480	-2,81	5	0	5	1	0	1
9167	9167		DEL	chr5	46692532	chr5	46732738	40206.0	True		False		5	0	5	-10,465	-3,76	-585,9	-125,1					5	0	5	0	0	0
29025	29025_1	29025_2	BND	chr5	47172614	chr19	24896873		True	True	False	True	6	0	6	-545,9	-109,1	-10,416	-2,90	-10,416	-2,90	-545,9	-109,1	6	0	6	0	0	0
9174	9174		DUP	chr5	47215597	chr5	47216212	615.0	True		False		5	0	5	-484,9	-99,2	-10,553	-2,103					5	0	5	0	0	0
29045	29045_1	29045_2	BND	chr5	49601704	chr20	31054790		True	True	False	True	4	2	6	-10,9	-1,1	-10,9	-1,1	-10,9	-1,1	-10,9	-1,1	4	2	6	0	0	0
29143	29143_1	29143_2	BND	chr5	49601756	chrY	11298026		True	True	False	True	5	0	5	-88,265	-79,99	-10,365	-2,123	-10,365	-2,123	-88,265	-79,99	5	0	5	0	0	0
28871	28871_1	28871_2	BND	chr5	49602201	chr10	41903426		True	True	False	True	7	0	7	-10,447	-2,73	-558,9	-65,2	-558,9	-65,2	-10,447	-2,73	6	0	6	1	0	1
29162	29162_1	29162_2	BND	chr5	49602377	chrY	11722110		True	True	False	True	5	0	5	-204,9	-75,3	-10,569	-2,112	-10,569	-2,112	-204,9	-75,3	5	0	5	0	0	0
28810	28810_1	28810_2	BND	chr5	49602386	chr10	38573339		True	True	False	True	5	1	6	-10,9	-3,3	-10,9	-3,3	-10,9	-3,3	-10,9	-3,3	4	1	5	1	0	1
29127	29127_1	29127_2	BND	chr5	49602415	chrY	11747665		True	True	False	True	13	0	13	-10,322	-1,48	-451,3	-112,0	-451,3	-112,0	-10,322	-1,48	13	0	13	0	0	0
29099	29099_1	29099_2	BND	chr5	49602618	chr21	10692763		True	True	False	True	9	0	9	-599,9	-93,2	-586,9	-88,1	-586,9	-88,1	-599,9	-93,2	8	0	8	1	0	1
9239	9239		DUP	chr5	49656913	chr5	49666253	9340.0	True		False		6	0	6	-650,9	-208,1	-10,649	-2,207					5	0	5	1	0	1
9219	9219		DEL	chr5	49657430	chr5	49661046	3616.0	True		False		4	4	8	-10,9	0,0	-8,0	-8,0					4	3	7	0	1	1
28987	28987_1	28987_2	BND	chr5	49657656	chr17	21973013		True	True	False	True	6	0	6	-554,9	-119,1	-564,7	-128,0	-564,7	-128,0	-554,9	-119,1	6	0	6	0	0	0
9242	9242		DEL	chr5	49657808	chr5	49666175	8367.0	True		False		10	0	10	-10,493	-2,99	-86,9	-39,3					10	0	10	0	0	0
28850	28850_1	28850_2	BND	chr5	49658116	chr10	41883973		False	False	False	True	1	15	16	-3,1	0,0	0,8	0,0	0,8	0,0	-3,1	0,0	1	14	15	0	1	1
29128	29128_1	29128_2	BND	chr5	49658358	chrY	11747665		True	True	False	True	6	0	6	-348,9	-87,1	-636,9	-121,0	-636,9	-121,0	-348,9	-87,1	5	0	5	1	0	1
28852	28852_1	28852_2	BND	chr5	49658594	chr10	41892335		False	False	False	True	2	4	6	-10,9	0,0	-9,7	0,0	-9,7	0,0	-10,9	0,0	2	3	5	0	1	1
9228	9228		DEL	chr5	49658776	chr5	49661710	2934.0	True		False		14	0	14	-7,290	-1,66	-590,9	-77,2					14	0	14	0	0	0
9211	9211		DEL	chr5	49659031	chr5	49660051	1020.0	True		False		5	1	6	-10,9	-3,3	-10,9	-3,3					5	0	5	0	1	1
28855	28855_1	28855_2	BND	chr5	49659199	chr10	41879282		True	True	False	True	7	0	7	-642,7	-144,0	-637,9	-142,2	-637,9	-142,2	-642,7	-144,0	6	0	6	1	0	1
29070	29070_1	29070_2	BND	chr5	49659405	chr20	31106677		True	True	False	True	7	0	7	-214,11	-65,11	-525,75	-79,65	-525,75	-79,65	-214,11	-65,11	6	0	6	1	0	1
29005	29005_1	29005_2	BND	chr5	49659777	chr17	26936788		True	True	False	True	6	0	6	-582,9	-98,2	-565,9	-109,1	-565,9	-109,1	-582,9	-98,2	5	0	5	1	0	1
29049	29049_1	29049_2	BND	chr5	49659845	chr20	31060087		True	True	False	True	5	0	5	-635,9	-169,0	-590,9	-146,2	-590,9	-146,2	-635,9	-169,0	5	0	5	0	0	0
29002	29002_1	29002_2	BND	chr5	49659982	chr17	21988879		True	True	False	True	6	0	6	-10,581	-2,100	-10,477	-1,78	-10,477	-1,78	-10,581	-2,100	5	0	5	1	0	1
28882	28882_1	28882_2	BND	chr5	49660363	chr10	41899151		True	True	False	True	6	0	6	-10,218	-3,76	-41,484	-39,83	-41,484	-39,83	-10,218	-3,76	5	0	5	1	0	1
28836	28836_1	28836_2	BND	chr5	49661359	chr10	41868849		True	True	False	True	6	0	6	-524,9	-92,2	-563,4	-130,0	-563,4	-130,0	-524,9	-92,2	6	0	6	0	0	0
29054	29054_1	29054_2	BND	chr5	49661371	chr20	31054629		True	True	False	True	8	0	8	-445,9	-84,2	-479,9	-106,2	-479,9	-106,2	-445,9	-84,2	7	0	7	1	0	1
28979	28979_1	28979_2	BND	chr5	49661654	chr17	21969388		True	True	False	True	9	0	9	-625,9	-129,1	-608,7	-137,1	-608,7	-137,1	-625,9	-129,1	9	0	9	0	0	0
29080	29080_1	29080_2	BND	chr5	49661869	chr20	31185879		True	True	False	True	7	0	7	-10,338	-2,70	-10,274	-1,54	-10,274	-1,54	-10,338	-2,70	6	0	6	1	0	1
28840	28840_1	28840_2	BND	chr5	49666253	chr10	41875521		True	True	False	True	6	0	6	-10,541	-1,125	-10,551	-1,125	-10,551	-1,125	-10,541	-1,125	6	0	6	0	0	0
28884	28884_1	28884_2	BND	chr5	49666257	chr10	41903588		True	True	False	True	8	0	8	-10,450	-2,104	-6,448	0,107	-6,448	0,107	-10,450	-2,104	7	0	7	1	0	1
29157	29157_1	29157_2	BND	chr5	49666753	chrY	11643824		True	True	False	True	8	0	8	-10,135	-3,30	-10,455	-2,95	-10,455	-2,95	-10,135	-3,30	7	0	7	1	0	1
28841	28841_1	28841_2	BND	chr5	49667237	chr10	41875511		True	True	False	True	6	0	6	-6,554	0,123	-10,534	-2,109	-10,534	-2,109	-6,554	0,123	5	0	5	1	0	1
9255	9255		DUP	chr5	49677388	chr5	49706214	28826.0	True		False		6	0	6	-557,9	-98,2	-10,541	-2,109					5	0	5	1	0	1
9253	9253		DEL	chr5	49677765	chr5	49680586	2821.0	True		False		6	0	6	-10,496	-2,89	-533,9	-93,2					5	0	5	1	0	1
9265	9265		DEL	chr5	49740533	chr5	49857209	116676.0	True		False		6	0	6	-10,490	-2,78	-563,9	-116,2					5	0	5	1	0	1
9278	9278		DEL	chr5	49816577	chr5	49957567	140990.0	True		False		9	0	9	-10,374	-2,66	-599,9	-92,1					9	0	9	0	0	0
9279	9279		DUP	chr5	49816714	chr5	49957788	141074.0	True		False		5	0	5	-592,9	-126,1	-10,558	-2,114					5	0	5	0	0	0
9288	9288		DUP	chr5	49818525	chr5	50028265	209740.0	True		False		7	0	7	-558,9	-84,2	-10,502	-2,103					6	0	6	1	0	1
9289	9289		DUP	chr5	49879036	chr5	50042548	163512.0	True		False		6	0	6	-563,8	-120,0	-10,508	-2,91					5	0	5	1	0	1
9294	9294_1	9294_2	BND	chr5	51360123	chr5	51360215		True	True	False	True	2	3	5	-10,5	-1,1	-10,9	-1,1	-10,9	-1,1	-10,5	-1,1	2	3	5	0	0	0
9297	9297		DEL	chr5	51676387	chr5	51677051	664.0	True		False		6	0	6	-10,531	-2,131	-505,9	-127,2					5	0	5	1	0	1
9299	9299		INV	chr5	51859624	chr5	51859821	197.0	True		False		3	2	5	-10,2	-2,2	-10,9	-3,3					3	2	5	0	0	0
9300	9300		DEL	chr5	51922274	chr5	51922674	400.0	True		False		5	0	5	-10,172	-3,74	-178,9	-71,3					5	0	5	0	0	0
9305	9305		DEL	chr5	52556324	chr5	52556820	496.0	True		False		5	0	5	-10,146	-3,63	-475,9	-97,2					5	0	5	0	0	0
28763	28763_1	28763_2	BND	chr5	53328010	chr6	164924595		False	False	False	True	1	4	5	-9,6	0,0	-9,6	0,0	-9,6	0,0	-9,6	0,0	1	4	5	0	0	0
9317	9317		INV	chr5	54147833	chr5	54147957	124.0	True		False		2	3	5	-5,9	-1,1	-4,9	0,3					2	3	5	0	0	0
9319	9319		DEL	chr5	54564591	chr5	54565330	739.0	True		False		6	0	6	-10,649	-2,208	-554,9	-179,2					5	0	5	1	0	1
28788	28788_1	28788_2	BND	chr5	54689131	chr8	68267993		False	False	False	True	1	4	5	-9,6	0,0	-8,8	0,0	-8,8	0,0	-9,6	0,0	1	4	5	0	0	0
29006	29006_1	29006_2	BND	chr5	55106115	chr17	36652533		True	True	False	True	5	0	5	-602,8	-137,0	-481,9	-86,2	-481,9	-86,2	-602,8	-137,0	5	0	5	0	0	0
29016	29016_1	29016_2	BND	chr5	55106129	chr18	23022605		True	True	False	True	8	0	8	-10,447	-2,107	-392,9	-57,3	-392,9	-57,3	-10,447	-2,107	7	0	7	1	0	1
9325	9325		DEL	chr5	55591261	chr5	55591882	621.0	True		False		5	0	5	-10,619	-2,204	-620,9	-205,2					5	0	5	0	0	0
9327	9327		DEL	chr5	55865659	chr5	55866135	476.0	True		False		5	0	5	-10,436	-2,145	-475,9	-126,2					5	0	5	0	0	0
9336	9336_1	9336_2	BND	chr5	56554832	chr5	56555130		False	False	False	True	1	4	5	-8,8	0,0	-8,8	0,0	-8,8	0,0	-8,8	0,0	1	4	5	0	0	0
9341	9341		DEL	chr5	57106274	chr5	57106504	230.0	True		False		4	1	5	-10,9	-3,3	-10,9	-3,3					4	1	5	0	0	0
9347	9347		DEL	chr5	57773838	chr5	57774156	318.0	True		False		5	0	5	-10,315	-3,69	-317,9	-74,3					5	0	5	0	0	0
9348	9348		DEL	chr5	57790720	chr5	57791407	687.0	True		False		5	0	5	-10,648	-1,211	-587,9	-194,2					5	0	5	0	0	0
9350	9350		DEL	chr5	57881418	chr5	57881796	378.0	True		False		5	0	5	-10,6	-2,6	-299,9	-106,2					5	0	5	0	0	0
9353	9353		DEL	chr5	58152758	chr5	58153171	413.0	True		False		5	0	5	-10,197	-3,83	-102,9	-62,2					5	0	5	0	0	0
9355	9355		DEL	chr5	58216388	chr5	58217028	640.0	True		False		5	0	5	-10,130	-2,83	-281,9	-129,2					5	0	5	0	0	0
9357	9357_1	9357_2	BND	chr5	58545310	chr5	58545542		False	False	False	True	1	4	5	-9,6	0,0	-9,6	0,0	-9,6	0,0	-9,6	0,0	1	4	5	0	0	0
9360	9360		DEL	chr5	58802669	chr5	58803256	587.0	True		False		5	0	5	-10,585	-2,201	-574,9	-191,2					5	0	5	0	0	0
29007	29007_1	29007_2	BND	chr5	58943583	chr17	41144167		True	True	False	True	6	0	6	-623,9	-115,1	-10,546	0,87	-10,546	0,87	-623,9	-115,1	5	0	5	1	0	1
28775	28775_1	28775_2	BND	chr5	59692519	chr7	81172331		True	True	False	True	7	0	7	-10,485	-2,92	-10,248	-2,61	-10,248	-2,61	-10,485	-2,92	6	0	6	1	0	1
9367	9367		DEL	chr5	59795612	chr5	59796088	476.0	True		False		5	0	5	-10,419	-2,104	-234,9	-97,2					5	0	5	0	0	0
9377	9377		DEL	chr5	60824755	chr5	60825428	673.0	True		False		5	0	5	-10,507	-2,116	-249,9	-97,2					5	0	5	0	0	0
9383	9383		DEL	chr5	61748976	chr5	61749528	552.0	True		False		6	0	6	-10,34	-2,28	-424,9	-113,2					5	0	5	1	0	1
9384	9384		DEL	chr5	61790561	chr5	61791155	594.0	True		False		5	0	5	-10,506	-2,132	-585,9	-145,2					5	0	5	0	0	0
28780	28780_1	28780_2	BND	chr5	61942622	chr7	115479143		True	True	False	True	6	0	6	-8,548	-2,121	-10,413	-2,87	-10,413	-2,87	-8,548	-2,121	5	0	5	1	0	1
9393	9393		DEL	chr5	63277571	chr5	63614910	337339.0	True		False		6	0	6	-10,512	-2,88	-533,9	-90,2					5	0	5	1	0	1
9399	9399		INV	chr5	64110352	chr5	64110507	155.0	True		False		3	2	5	-4,3	-4,3	-10,9	-2,3					3	2	5	0	0	0
9422	9422		INV	chr5	64901472	chr5	64901717	245.0	False		False		1	4	5	-9,8	0,0	-9,8	0,0					1	4	5	0	0	0
28915	28915_1	28915_2	BND	chr5	66465421	chr12	11055059		True	True	False	True	5	0	5	-10,576	-1,125	-10,92	-2,57	-10,92	-2,57	-10,576	-1,125	5	0	5	0	0	0
9435	9435		DEL	chr5	67337319	chr5	67337876	557.0	True		False		5	0	5	-10,255	-2,123	-549,9	-146,2					5	0	5	0	0	0
9438	9438		INV	chr5	68289759	chr5	68289997	238.0	True		False		3	3	6	-9,9	-1,1	-8,9	-1,2					3	3	6	0	0	0
9441	9441		DEL	chr5	68526593	chr5	68527217	624.0	True		False		5	0	5	-10,546	-2,149	-465,9	-132,2					5	0	5	0	0	0
9442	9442		DEL	chr5	68661760	chr5	68662460	700.0	True		False		5	0	5	-10,573	-2,191	-597,9	-196,2					5	0	5	0	0	0
9449	9449		DEL	chr5	69478969	chr5	69479369	400.0	True		False		6	0	6	-10,37	-2,26	-77,9	-39,3					6	0	6	0	0	0
9454	9454		DEL	chr5	71670621	chr5	71670752	131.0	True		False		5	0	5	-10,129	-2,69	-44,9	-25,3					5	0	5	0	0	0
9455	9455		DEL	chr5	71785913	chr5	71786595	682.0	True		False		5	0	5	-10,356	-1,145	-365,9	-125,2					5	0	5	0	0	0
9458	9458		DEL	chr5	71945929	chr5	71946250	321.0	True		False		5	0	5	-10,26	-2,21	-1,7	-1,4					5	0	5	0	0	0
9460	9460		DEL	chr5	72443954	chr5	72444169	215.0	True		False		5	0	5	-10,143	-3,65	-62,9	-36,3					5	0	5	0	0	0
9464	9464		DEL	chr5	72652704	chr5	72653012	308.0	True		False		5	0	5	-10,211	-2,91	-37,9	-28,2					5	0	5	0	0	0
9466	9466		DEL	chr5	72717234	chr5	72717822	588.0	True		False		7	0	7	-10,402	-2,99	-358,9	-88,3					6	0	6	1	0	1
9402	9402		DEL	chr5	73694787	chr5	73695243	456.0	True		False		6	0	6	-10,277	-3,68	-356,9	-67,3					5	0	5	1	0	1
9479	9479		DEL	chr5	73812528	chr5	73812997	469.0	True		False		6	0	6	-10,268	-3,104	-414,9	-134,2					5	0	5	1	0	1
9485	9485		DEL	chr5	74265531	chr5	74266152	621.0	True		False		5	0	5	-10,502	-2,130	-409,9	-145,2					5	0	5	0	0	0
9486	9486		DEL	chr5	74318068	chr5	74318361	293.0	True		False		5	0	5	-10,47	-2,33	-161,9	-63,3					5	0	5	0	0	0
9490	9490		DEL	chr5	74579470	chr5	74579833	363.0	True		False		5	0	5	-10,80	-2,55	-310,9	-100,2					5	0	5	0	0	0
9494	9494		DEL	chr5	74876238	chr5	74876711	473.0	True		False		5	0	5	-10,421	-2,102	-112,9	-73,2					5	0	5	0	0	0
9505	9505		DEL	chr5	76734377	chr5	76734975	598.0	True		False		5	0	5	-10,415	-2,126	-547,9	-137,2					5	0	5	0	0	0
9506	9506		DEL	chr5	76767425	chr5	76767916	491.0	True		False		5	0	5	-10,448	-3,78	-202,9	-69,3					5	0	5	0	0	0
9511	9511		DEL	chr5	77375239	chr5	77375937	698.0	True		False		5	0	5	-10,607	-2,199	-633,9	-206,2					5	0	5	0	0	0
28930	28930_1	28930_2	BND	chr5	77395320	chr12	95432307		True	True	False	True	7	0	7	-338,9	-60,3	-621,9	-114,1	-621,9	-114,1	-338,9	-60,3	7	0	7	0	0	0
9512	9512		DEL	chr5	77483153	chr5	77483960	807.0	True		False		6	0	6	-10,649	-2,204	-623,9	-202,2					5	0	5	1	0	1
9514	9514		INV	chr5	77562406	chr5	77562662	256.0	True		False		3	2	5	-10,1	-10,1	-10,9	-3,3					3	2	5	0	0	0
9520	9520		INV	chr5	77904855	chr5	77905021	166.0	True		False		2	3	5	-2,9	0,3	-2,9	0,2					2	3	5	0	0	0
28796	28796_1	28796_2	BND	chr5	78024935	chr8	144669269		True	True	False	True	5	0	5	-7,593	0,139	-10,527	0,120	-10,527	0,120	-7,593	0,139	5	0	5	0	0	0
9406	9406		DEL	chr5	78954286	chr5	78954857	571.0	True		False		5	0	5	-10,284	-3,72	-466,9	-74,3					5	0	5	0	0	0
29014	29014_1	29014_2	BND	chr5	79137916	chr18	1629432		True	True	False	True	7	0	7	-10,439	-2,88	-514,9	-110,0	-514,9	-110,0	-10,439	-2,88	7	0	7	0	0	0
28791	28791_1	28791_2	BND	chr5	79778839	chr8	91522084		True	True	False	True	22	0	22	-10,167	-3,25	-10,212	-1,54	-10,212	-1,54	-10,167	-3,25	21	0	21	1	0	1
9533	9533		DEL	chr5	79843885	chr5	79844084	199.0	True		False		5	0	5	-10,104	-3,51	-157,9	-62,3					5	0	5	0	0	0
9542	9542		DEL	chr5	80521913	chr5	80522441	528.0	True		False		5	0	5	-10,284	-2,117	-443,9	-128,2					5	0	5	0	0	0
9553	9553		DEL	chr5	81781292	chr5	81781847	555.0	True		False		6	0	6	-10,370	-2,115	-527,9	-116,2					6	0	6	0	0	0
9554	9554		DEL	chr5	81797424	chr5	81798435	1011.0	True		False		5	0	5	-10,649	-2,328	-650,9	-328,2					5	0	5	0	0	0
9556	9556		DEL	chr5	81906927	chr5	81907505	578.0	True		False		5	0	5	-10,433	-2,129	-523,9	-141,2					5	0	5	0	0	0
28970	28970_1	28970_2	BND	chr5	83016812	chr17	2352945		True	True	False	True	5	0	5	-9,594	0,137	-464,9	-94,2	-464,9	-94,2	-9,594	0,137	5	0	5	0	0	0
9570	9570		DEL	chr5	83526036	chr5	83526595	559.0	True		False		5	0	5	-10,421	-2,132	-281,9	-126,2					5	0	5	0	0	0
9573	9573		DEL	chr5	84695782	chr5	84696377	595.0	True		False		5	0	5	-10,459	-2,147	-504,9	-144,2					5	0	5	0	0	0
9408	9408		DEL	chr5	86982123	chr5	86982672	549.0	True		False		5	0	5	-10,191	-2,104	-135,9	-92,2					5	0	5	0	0	0
9593	9593		DEL	chr5	87925058	chr5	87925462	404.0	True		False		5	0	5	-10,362	-2,122	-265,9	-115,2					5	0	5	0	0	0
28909	28909_1	28909_2	BND	chr5	88125216	chr11	102815095		True	True	False	True	7	0	7	-10,501	-2,104	-10,245	-3,66	-10,245	-3,66	-10,501	-2,104	6	0	6	1	0	1
29118	29118_1	29118_2	BND	chr5	91396302	chrX	32725974		False	False	False	True	1	4	5	-8,8	0,0	-8,8	0,0	-8,8	0,0	-8,8	0,0	1	4	5	0	0	0
9618	9618		DEL	chr5	91814793	chr5	91815289	496.0	True		False		5	0	5	-10,494	-2,148	-438,9	-127,2					5	0	5	0	0	0
9635	9635		DEL	chr5	94511399	chr5	94511996	597.0	True		False		6	0	6	-10,543	-2,151	-396,9	-128,2					6	0	6	0	0	0
9642	9642_1	9642_2	BND	chr5	95543664	chr5	95543811		True	True	False	True	2	3	5	-10,9	-1,0	-10,8	-1,0	-10,8	-1,0	-10,9	-1,0	2	3	5	0	0	0
9652	9652		DEL	chr5	96504009	chr5	96504481	472.0	True		False		5	0	5	-10,196	-3,66	-385,9	-101,2					5	0	5	0	0	0
9658	9658		DEL	chr5	96955768	chr5	96956438	670.0	True		False		5	0	5	-10,638	-1,169	-510,9	-129,2					5	0	5	0	0	0
9662	9662		DEL	chr5	97226018	chr5	97226171	153.0	True		False		2	3	5	-10,9	-1,1	-10,9	-1,1					2	3	5	0	0	0
9664	9664		INV	chr5	97337163	chr5	97337479	316.0	True		False		4	1	5	-10,9	-2,3	-10,9	-3,3					4	1	5	0	0	0
9677	9677		DEL	chr5	98938663	chr5	98939997	1334.0	True		False		5	0	5	-10,649	-2,328	-650,9	-328,2					5	0	5	0	0	0
28802	28802_1	28802_2	BND	chr5	99329416	chr9	129425276		True	True	False	True	7	0	7	-10,638	0,120	-10,524	-2,79	-10,524	-2,79	-10,638	0,120	7	0	7	0	0	0
9685	9685_1	9685_2	BND	chr5	99395398	chr5	100369893		True	True	False	True	7	0	7	-10,584	-2,98	-10,463	-2,92	-10,463	-2,92	-10,584	-2,98	7	0	7	0	0	0
29111	29111_1	29111_2	BND	chr5	101161693	chr21	24842017		True	True	False	True	6	0	6	-533,9	-109,0	-10,544	-1,119	-10,544	-1,119	-533,9	-109,0	5	0	5	1	0	1
9696	9696		DEL	chr5	102010210	chr5	102011229	1019.0	True		False		5	0	5	-10,649	-2,328	-650,9	-328,2					5	0	5	0	0	0
9697	9697		DEL	chr5	102243024	chr5	102243344	320.0	True		False		5	0	5	-10,233	-3,78	-236,9	-77,3					5	0	5	0	0	0
9706	9706		DEL	chr5	103308330	chr5	103308966	636.0	True		False		5	0	5	-10,434	-2,142	-532,9	-150,2					5	0	5	0	0	0
9709	9709		DEL	chr5	103661962	chr5	103662498	536.0	True		False		6	0	6	-10,391	-2,114	-505,9	-109,2					5	0	5	1	0	1
9721	9721		DEL	chr5	105520145	chr5	105520779	634.0	True		False		5	0	5	-10,405	-2,146	-566,9	-144,2					5	0	5	0	0	0
28770	28770_1	28770_2	BND	chr5	105646795	chr7	42738662		False	False	False	True	1	4	5	-9,6	0,0	-8,8	0,0	-8,8	0,0	-9,6	0,0	1	4	5	0	0	0
9725	9725		DEL	chr5	106185665	chr5	106186039	374.0	True		False		5	0	5	-10,340	-2,98	-106,9	-61,2					5	0	5	0	0	0
9727	9727_1	9727_2	BND	chr5	106572195	chr5	106572296		False	False	False	True	1	4	5	-9,6	0,0	-9,6	0,0	-9,6	0,0	-9,6	0,0	1	4	5	0	0	0
9736	9736		DEL	chr5	107684939	chr5	107685532	593.0	True		False		6	0	6	-10,368	-2,145	-446,9	-135,2					6	0	6	0	0	0
9737	9737		DEL	chr5	107794914	chr5	107795275	361.0	True		False		5	0	5	-10,315	-2,99	-220,9	-91,2					5	0	5	0	0	0
9745	9745		DEL	chr5	108683359	chr5	108684239	880.0	True		False		5	0	5	-10,608	-2,199	-645,9	-210,2					5	0	5	0	0	0
9753	9753		DEL	chr5	109415131	chr5	109415423	292.0	True		False		5	0	5	-10,234	-2,94	-291,9	-96,2					5	0	5	0	0	0
9756	9756		DEL	chr5	109692591	chr5	109692990	399.0	True		False		5	0	5	-10,226	-2,92	-386,9	-109,2					5	0	5	0	0	0
9766	9766		INV	chr5	110660960	chr5	110661175	215.0	True		False		2	4	6	-10,9	-1,1	-10,9	-1,1					2	4	6	0	0	0
9770	9770		DEL	chr5	111298889	chr5	111299026	137.0	True		False		5	0	5	-10,135	-3,66	-92,9	-46,3					5	0	5	0	0	0
9779	9779		DEL	chr5	112896760	chr5	112897010	250.0	True		False		5	0	5	-10,61	-2,44	-210,9	-84,3					5	0	5	0	0	0
9787	9787		DEL	chr5	113307401	chr5	113308266	865.0	True		False		5	0	5	-10,611	-2,200	-578,9	-192,2					5	0	5	0	0	0
9789	9789		DEL	chr5	113699030	chr5	113699238	208.0	True		False		5	0	5	-10,185	-2,100	-119,9	-75,2					5	0	5	0	0	0
9792	9792		DEL	chr5	113983877	chr5	113984423	546.0	True		False		5	0	5	-10,483	-2,91	-433,9	-88,1					5	0	5	0	0	0
9805	9805		INV	chr5	115563248	chr5	115563426	178.0	True		False		2	3	5	-10,9	-1,1	-10,9	-1,1					2	3	5	0	0	0
9807	9807		DEL	chr5	115884503	chr5	115884972	469.0	True		False		6	0	6	-10,441	-2,141	-397,9	-109,3					5	0	5	1	0	1
9813	9813		DEL	chr5	116409623	chr5	116410797	1174.0	True		False		5	0	5	-10,649	-2,328	-650,9	-328,2					5	0	5	0	0	0
28768	28768_1	28768_2	BND	chr5	116878567	chr7	18199212		False	False	False	True	1	4	5	-9,6	0,0	-8,8	0,0	-8,8	0,0	-9,6	0,0	1	4	5	0	0	0
9825	9825		INV	chr5	117069319	chr5	117069523	204.0	True		False		3	2	5	-10,9	-1,1	-10,9	-1,1					3	2	5	0	0	0
9826	9826		INV	chr5	117219041	chr5	117219159	118.0	True		False		3	3	6	-10,3	-1,1	-10,9	-1,1					3	3	6	0	0	0
9827	9827_1	9827_2	BND	chr5	117611241	chr5	117611435		False	False	False	True	1	4	5	-8,8	0,0	-8,8	0,0	-8,8	0,0	-8,8	0,0	1	4	5	0	0	0
9832	9832		DEL	chr5	118082607	chr5	118082823	216.0	True		False		5	0	5	-10,89	-2,50	-215,9	-63,3					5	0	5	0	0	0
9846	9846		DEL	chr5	119663413	chr5	119663643	230.0	True		False		5	0	5	-10,83	-3,45	-204,9	-85,2					5	0	5	0	0	0
9871	9871_1	9871_2	BND	chr5	123677754	chr5	124361143		True	True	False	True	6	0	6	-519,9	-91,2	-508,9	-93,2	-508,9	-93,2	-519,9	-91,2	6	0	6	0	0	0
29086	29086_1	29086_2	BND	chr5	125181666	chr20	47571389		True	True	False	True	1	4	5	-9,6	-1,0	-9,6	0,0	-9,6	0,0	-9,6	-1,0	1	4	5	0	0	0
9882	9882		DEL	chr5	126278513	chr5	126279103	590.0	True		False		5	0	5	-10,561	-2,147	-388,9	-138,2					5	0	5	0	0	0
9885	9885		DEL	chr5	126539608	chr5	126539694	86.0	True		False		5	1	6	-10,9	-3,3	-10,9	-3,3					5	1	6	0	0	0
9888	9888		DEL	chr5	126641517	chr5	126641936	419.0	True		False		5	0	5	-10,390	-2,99	-54,9	-39,2					5	0	5	0	0	0
9903	9903		DEL	chr5	127660570	chr5	127661289	719.0	True		False		5	0	5	-10,565	-2,149	-548,9	-133,2					5	0	5	0	0	0
9904	9904		DEL	chr5	127676728	chr5	127678038	1310.0	True		False		5	0	5	-10,649	-2,328	-650,9	-328,2					5	0	5	0	0	0
28789	28789_1	28789_2	BND	chr5	127788382	chr8	71789257		False	False	False	True	1	4	5	-8,8	0,0	-9,6	0,0	-9,6	0,0	-8,8	0,0	1	4	5	0	0	0
9907	9907		DEL	chr5	127937773	chr5	127938385	612.0	True		False		5	0	5	-10,22	-2,18	-275,9	-99,2					5	0	5	0	0	0
28906	28906_1	28906_2	BND	chr5	128382276	chr11	99989131		False	False	False	True	1	4	5	-9,6	0,0	-9,6	0,0	-9,6	0,0	-9,6	0,0	1	4	5	0	0	0
9938	9938		DEL	chr5	130470323	chr5	130471018	695.0	True		False		5	0	5	-10,549	-2,187	-640,9	-208,2					5	0	5	0	0	0
9940	9940		DEL	chr5	130827118	chr5	130827739	621.0	True		False		6	0	6	-10,485	-2,148	-534,9	-152,1					5	0	5	1	0	1
9941	9941_1	9941_2	BND	chr5	130914134	chr5	130914226		True	True	False	True	2	3	5	-10,9	-1,1	-10,9	-1,1	-10,9	-1,1	-10,9	-1,1	2	3	5	0	0	0
9942	9942		INV	chr5	130939809	chr5	130939936	127.0	True		False		2	3	5	-9,3	-2,1	-9,3	-2,1					2	3	5	0	0	0
9945	9945		DEL	chr5	131396245	chr5	131397067	822.0	True		False		6	0	6	-10,575	-2,135	-537,9	-156,2					5	0	5	1	0	1
9949	9949		DEL	chr5	131900997	chr5	131901218	221.0	True		False		5	0	5	-10,46	-2,32	-220,9	-67,3					5	0	5	0	0	0
9953	9953		DEL	chr5	132370961	chr5	132371618	657.0	True		False		5	0	5	-10,547	-2,152	-399,9	-143,2					5	0	5	0	0	0
9959	9959		DEL	chr5	132984594	chr5	132984923	329.0	True		False		5	0	5	-10,180	-2,83	-31,9	-24,2					5	0	5	0	0	0
9961	9961_1	9961_2	BND	chr5	133096138	chr5	133096515		True	True	False	True	2	3	5	-10,9	-1,1	-10,9	-1,1	-10,9	-1,1	-10,9	-1,1	2	3	5	0	0	0
9962	9962		DEL	chr5	133271405	chr5	133271707	302.0	True		False		5	0	5	-10,266	-2,154	-301,9	-164,2					5	0	5	0	0	0
9967	9967		DEL	chr5	133863605	chr5	133863877	272.0	True		False		5	0	5	-10,82	-1,54	-8,9	-7,2					5	0	5	0	0	0
9968	9968		DEL	chr5	133897065	chr5	133897687	622.0	True		False		6	0	6	-10,620	-1,171	-509,9	-138,2					5	0	5	1	0	1
9970	9970		DEL	chr5	133994870	chr5	133995320	450.0	True		False		5	0	5	-10,388	-2,131	-435,9	-125,2					5	0	5	0	0	0
9978	9978		DEL	chr5	134553883	chr5	134554042	159.0	True		False		6	0	6	-10,91	-2,51	-1,4	-1,4					5	0	5	1	0	1
9983	9983		DEL	chr5	134935996	chr5	134936543	547.0	True		False		5	0	5	-10,537	-2,107	-80,9	-53,2					5	0	5	0	0	0
9989	9989		DEL	chr5	135689019	chr5	135689290	271.0	True		False		6	0	6	-10,269	-3,92	-191,9	-88,2					6	0	6	0	0	0
9993	9993		DEL	chr5	135872798	chr5	135873559	761.0	True		False		5	0	5	-10,634	-2,207	-538,9	-185,2					5	0	5	0	0	0
9995	9995		DEL	chr5	135974650	chr5	135975088	438.0	True		False		5	0	5	-10,271	-3,82	-73,9	-43,2					5	0	5	0	0	0
10002	10002		DEL	chr5	136236205	chr5	136236714	509.0	True		False		5	0	5	-10,315	-2,129	-337,9	-122,2					5	0	5	0	0	0
10005	10005		DEL	chr5	136555979	chr5	136556612	633.0	True		False		5	0	5	-10,631	-2,208	-632,9	-208,2					5	0	5	0	0	0
9909	9909		DEL	chr5	136969890	chr5	136970658	768.0	True		False		6	0	6	-10,566	-2,155	-365,9	-124,2					5	0	5	1	0	1
10012	10012		DEL	chr5	136993066	chr5	136993902	836.0	True		False		5	0	5	-10,542	-2,186	-373,9	-173,2					5	0	5	0	0	0
10014	10014		DEL	chr5	137156500	chr5	137157093	593.0	True		False		5	0	5	-10,42	-2,33	-335,9	-105,2					5	0	5	0	0	0
10023	10023		DEL	chr5	137782053	chr5	137782229	176.0	True		False		5	0	5	-10,13	-2,11	-23,9	-18,2					5	0	5	0	0	0
10024	10024		DEL	chr5	137863177	chr5	137863965	788.0	True		False		6	0	6	-10,488	-2,135	-440,9	-150,2					5	0	5	1	0	1
10027	10027		DEL	chr5	138185056	chr5	138185685	629.0	True		False		5	0	5	-10,344	-2,143	-439,9	-136,2					5	0	5	0	0	0
10035	10035		DEL	chr5	139048269	chr5	139049002	733.0	True		False		5	0	5	-10,331	-2,109	-389,9	-121,2					5	0	5	0	0	0
10040	10040		DEL	chr5	139375228	chr5	139375568	340.0	True		False		5	0	5	-10,104	-3,52	-316,9	-76,3					5	0	5	0	0	0
10048	10048		DEL	chr5	139576510	chr5	139576890	380.0	True		False		5	0	5	-10,297	-2,126	-289,9	-118,2					5	0	5	0	0	0
10052	10052		DEL	chr5	139957134	chr5	139957803	669.0	True		False		5	0	5	-10,649	-2,328	-650,9	-328,2					5	0	5	0	0	0
10061	10061		DEL	chr5	140709290	chr5	140717430	8140.0	True		False		6	0	6	-10,624	-2,114	-405,9	-63,3					5	0	5	1	0	1
10063	10063		DUP	chr5	141174604	chr5	141179780	5176.0	True		False		10	0	10	-299,9	-55,3	-10,344	-2,66					9	0	9	1	0	1
9915	9915		DEL	chr5	141278530	chr5	141279235	705.0	True		False		5	0	5	-10,560	-2,188	-621,9	-202,2					5	0	5	0	0	0
10069	10069		DEL	chr5	141489795	chr5	141490444	649.0	True		False		5	0	5	-10,615	-2,159	-439,9	-126,2					5	0	5	0	0	0
10072	10072		DEL	chr5	141602698	chr5	141602806	108.0	True		False		5	0	5	-10,65	-3,38	-107,9	-60,3					5	0	5	0	0	0
10078	10078		DEL	chr5	141972418	chr5	141973038	620.0	True		False		6	0	6	-10,452	-2,135	-600,9	-158,2					6	0	6	0	0	0
10109	10109		DEL	chr5	145301818	chr5	145302398	580.0	True		False		5	0	5	-10,467	-2,126	-174,9	-105,2					5	0	5	0	0	0
28753	28753_1	28753_2	BND	chr5	145691973	chr6	54580160		False	False	False	True	1	4	5	-9,6	0,0	-9,6	0,0	-9,6	0,0	-9,6	0,0	1	4	5	0	0	0
10115	10115		DEL	chr5	145715291	chr5	145715876	585.0	True		False		5	0	5	-10,470	-2,125	-456,9	-131,2					5	0	5	0	0	0
10119	10119		DEL	chr5	146768200	chr5	146768974	774.0	True		False		5	0	5	-10,644	-2,210	-481,9	-181,2					5	0	5	0	0	0
10130	10130		DEL	chr5	148049691	chr5	148050241	550.0	True		False		5	0	5	-10,521	-2,132	-386,9	-130,2					5	0	5	0	0	0
10135	10135		INV	chr5	148498098	chr5	148498280	182.0	True		False		3	2	5	-10,7	-3,3	-10,9	-2,3					3	2	5	0	0	0
10141	10141		DEL	chr5	148952145	chr5	148952227	82.0	True		False		5	0	5	-10,80	-2,53	-81,9	-51,3					5	0	5	0	0	0
10147	10147		DEL	chr5	149493237	chr5	149493370	133.0	True		False		5	0	5	-10,48	-2,33	-33,9	-25,2					5	0	5	0	0	0
10159	10159		DEL	chr5	150552175	chr5	150552519	344.0	True		False		6	0	6	-10,210	-2,96	-305,9	-100,2					6	0	6	0	0	0
10161	10161		DEL	chr5	150689248	chr5	150689540	292.0	True		False		5	0	5	-10,29	-2,22	-231,9	-73,3					5	0	5	0	0	0
10169	10169		DEL	chr5	151550747	chr5	151551344	597.0	True		False		5	0	5	-10,428	-2,178	-596,9	-198,2					5	0	5	0	0	0
10171	10171		DEL	chr5	151627677	chr5	151628252	575.0	True		False		5	0	5	-10,572	-2,142	-556,9	-145,2					5	0	5	0	0	0
10172	10172		DEL	chr5	151649604	chr5	151650132	528.0	True		False		5	0	5	-10,257	-2,104	-325,9	-92,3					5	0	5	0	0	0
10180	10180		DEL	chr5	153893941	chr5	153894098	157.0	True		False		5	0	5	-10,71	-2,38	-28,9	-20,2					5	0	5	0	0	0
10184	10184		DEL	chr5	154229292	chr5	154229346	54.0	True		False		5	0	5	-10,13	-2,12	-53,9	-32,3					5	0	5	0	0	0
10189	10189		DEL	chr5	154629460	chr5	154629883	423.0	True		False		5	0	5	-10,415	-2,130	-285,9	-118,2					5	0	5	0	0	0
10193	10193		DEL	chr5	154741647	chr5	154742103	456.0	True		False		5	0	5	-10,454	-2,134	-455,9	-125,2					5	0	5	0	0	0
10196	10196		DEL	chr5	155102052	chr5	155102757	705.0	True		False		6	0	6	-10,380	-3,109	-617,9	-153,2					5	0	5	1	0	1
10197	10197		DEL	chr5	155302628	chr5	155302978	350.0	True		False		5	0	5	-10,109	-2,64	-114,9	-52,3					5	0	5	0	0	0
10201	10201		INV	chr5	155594530	chr5	155594632	102.0	True		False		2	3	5	-2,9	-1,3	-4,7	-2,6					2	3	5	0	0	0
10206	10206		DEL	chr5	156052757	chr5	156053254	497.0	True		False		6	0	6	-10,470	-2,139	-422,9	-126,2					6	0	6	0	0	0
10208	10208		INV	chr5	156400511	chr5	156400641	130.0	True		False		2	3	5	-5,0	-5,0	-3,9	-1,3					2	3	5	0	0	0
9918	9918		DEL	chr5	156859986	chr5	156861165	1179.0	True		False		6	0	6	-10,649	-2,328	-650,9	-328,2					5	0	5	1	0	1
10209	10209		DEL	chr5	156878645	chr5	156879181	536.0	True		False		5	0	5	-10,529	-2,140	-433,9	-125,2					5	0	5	0	0	0
10213	10213		DEL	chr5	157565489	chr5	157565950	461.0	True		False		5	0	5	-10,459	-2,125	-460,9	-135,2					5	0	5	0	0	0
10217	10217		DEL	chr5	157706403	chr5	157706638	235.0	True		False		5	0	5	-10,155	-2,71	-34,9	-25,2					5	0	5	0	0	0
10218	10218		DEL	chr5	157741168	chr5	157742033	865.0	True		False		5	0	5	-10,453	-2,125	-544,9	-134,2					5	0	5	0	0	0
10230	10230		DEL	chr5	158829838	chr5	158830393	555.0	True		False		5	0	5	-10,62	-2,38	-212,9	-70,3					5	0	5	0	0	0
10245	10245		DEL	chr5	159737704	chr5	159738169	465.0	True		False		5	0	5	-10,199	-3,83	-388,9	-106,2					5	0	5	0	0	0
10246	10246		DEL	chr5	159790060	chr5	159790565	505.0	True		False		5	0	5	-10,197	-2,87	-43,9	-31,2					5	0	5	0	0	0
10252	10252		DEL	chr5	160054035	chr5	160054666	631.0	True		False		5	0	5	-10,509	-2,182	-578,9	-192,2					5	0	5	0	0	0
10259	10259		DEL	chr5	160751134	chr5	160751698	564.0	True		False		5	0	5	-10,373	-2,126	-519,9	-137,2					5	0	5	0	0	0
10272	10272		DEL	chr5	162647716	chr5	162648283	567.0	True		False		5	0	5	-10,442	-2,137	-425,9	-141,2					5	0	5	0	0	0
10277	10277		DEL	chr5	163377559	chr5	163378233	674.0	True		False		5	0	5	-10,557	-2,152	-613,9	-162,2					5	0	5	0	0	0
10286	10286		DEL	chr5	165514460	chr5	165515052	592.0	True		False		5	0	5	-10,494	-2,181	-591,9	-204,2					5	0	5	0	0	0
10289	10289		INV	chr5	165972527	chr5	165972610	83.0	True		False		2	3	5	-10,9	-1,1	-10,9	-1,1					2	3	5	0	0	0
10296	10296		DEL	chr5	167106517	chr5	167107337	820.0	True		False		6	0	6	-10,431	-2,178	-587,9	-194,2					6	0	6	0	0	0
10298	10298_1	10298_2	BND	chr5	167340103	chr5	167340283		True	True	False	True	2	3	5	-10,9	-1,1	-8,9	-1,1	-8,9	-1,1	-10,9	-1,1	2	3	5	0	0	0
10299	10299		DEL	chr5	167831953	chr5	167832065	112.0	True		False		5	0	5	-9,0	-9,0	-110,9	-62,2					5	0	5	0	0	0
10303	10303		DEL	chr5	168267997	chr5	168268104	107.0	True		False		5	0	5	-10,11	-2,10	-102,9	-52,3					5	0	5	0	0	0
28948	28948_1	28948_2	BND	chr5	168682737	chr14	44824746		False	False	False	True	1	4	5	-8,8	0,0	-9,6	0,0	-9,6	0,0	-8,8	0,0	1	4	5	0	0	0
10315	10315		DEL	chr5	168876232	chr5	168877005	773.0	True		False		6	0	6	-10,648	-1,211	-522,9	-183,2					5	0	5	1	0	1
10316	10316		DEL	chr5	168990581	chr5	168990664	83.0	True		False		6	0	6	-10,33	-2,27	-82,9	-64,2					5	0	5	1	0	1
10320	10320		DEL	chr5	169048458	chr5	169049230	772.0	True		False		5	0	5	-10,474	-2,145	-446,9	-137,2					5	0	5	0	0	0
10324	10324		DEL	chr5	169233143	chr5	169233535	392.0	True		False		5	0	5	-10,27	-2,21	-294,9	-77,3					5	0	5	0	0	0
10326	10326		DEL	chr5	169298598	chr5	169298798	200.0	True		False		6	0	6	-10,137	-3,66	-167,9	-79,2					6	0	6	0	0	0
10337	10337		DEL	chr5	170113105	chr5	170113737	632.0	True		False		6	0	6	-10,458	-2,130	-571,9	-148,2					5	0	5	1	0	1
10341	10341		DEL	chr5	170291775	chr5	170292634	859.0	True		False		6	0	6	-10,701	-2,352	-702,9	-352,2					5	0	5	1	0	1
10345	10345		DEL	chr5	170464781	chr5	170464921	140.0	True		False		5	0	5	-10,81	-2,56	-139,9	-91,2					5	0	5	0	0	0
10346	10346		DEL	chr5	170494780	chr5	170495507	727.0	True		False		6	0	6	-10,594	-2,195	-636,9	-207,2					6	0	6	0	0	0
10347	10347		DEL	chr5	170512616	chr5	170512918	302.0	True		False		5	0	5	-10,142	-2,85	-287,9	-121,2					5	0	5	0	0	0
10349	10349		DEL	chr5	170541406	chr5	170542503	1097.0	True		False		5	0	5	-10,649	-2,328	-650,9	-328,2					5	0	5	0	0	0
10351	10351		DEL	chr5	170667900	chr5	170668373	473.0	True		False		7	0	7	-10,351	-2,109	-176,9	-77,3					6	0	6	1	0	1
10354	10354		DEL	chr5	171134745	chr5	171135476	731.0	True		False		5	0	5	-10,603	-2,198	-510,9	-182,2					5	0	5	0	0	0
10365	10365		DEL	chr5	172458546	chr5	172458635	89.0	False		False		1	11	12	-4,2	0,0	-10,9	0,0					1	10	11	0	1	1
10366	10366		DEL	chr5	172476301	chr5	172476733	432.0	True		False		6	0	6	-10,272	-3,62	-244,9	-76,2					6	0	6	0	0	0
10371	10371		DEL	chr5	172605939	chr5	172606865	926.0	True		False		5	0	5	-10,393	-2,175	-608,9	-199,2					5	0	5	0	0	0
10375	10375		DEL	chr5	172976128	chr5	172977008	880.0	True		False		5	0	5	-10,649	-2,328	-650,9	-328,2					5	0	5	0	0	0
10384	10384		DEL	chr5	173503637	chr5	173503871	234.0	True		False		5	0	5	-10,47	-2,35	-181,9	-62,3					5	0	5	0	0	0
9923	9923		DEL	chr5	173653511	chr5	173654175	664.0	True		False		5	0	5	-10,537	-2,185	-591,9	-194,2					5	0	5	0	0	0
10387	10387		DEL	chr5	173740537	chr5	173741095	558.0	True		False		5	0	5	-10,218	-2,109	-340,9	-102,2					5	0	5	0	0	0
10397	10397		DEL	chr5	174207224	chr5	174207769	545.0	True		False		6	0	6	-10,438	-2,117	-533,9	-106,2					6	0	6	0	0	0
10401	10401		DEL	chr5	174649767	chr5	174650143	376.0	True		False		5	0	5	-10,311	-3,78	-275,9	-71,3					5	0	5	0	0	0
10404	10404		DEL	chr5	174722214	chr5	174722574	360.0	True		False		5	0	5	-10,187	-1,78	-248,9	-71,3					5	0	5	0	0	0
10405	10405		DEL	chr5	174780115	chr5	174780542	427.0	True		False		5	0	5	-10,333	-3,70	-202,9	-82,2					5	0	5	0	0	0
10406	10406		DEL	chr5	174797711	chr5	174798431	720.0	True		False		5	0	5	-10,588	-2,151	-490,9	-140,2					5	0	5	0	0	0
10408	10408		DEL	chr5	175034004	chr5	175034738	734.0	True		False		5	0	5	-10,619	-2,202	-539,9	-185,2					5	0	5	0	0	0
10409	10409		DEL	chr5	175190494	chr5	175190976	482.0	True		False		6	0	6	-10,424	-3,64	-232,9	-67,3					6	0	6	0	0	0
10410	10410		DEL	chr5	175222966	chr5	175223560	594.0	True		False		6	0	6	-10,584	-2,153	-548,9	-143,2					5	0	5	1	0	1
10413	10413		DEL	chr5	175333481	chr5	175334522	1041.0	True		False		5	0	5	-10,649	-2,328	-650,9	-328,2					5	0	5	0	0	0
10417	10417		DEL	chr5	175627827	chr5	175628570	743.0	True		False		5	0	5	-10,183	-2,101	-524,9	-129,2					5	0	5	0	0	0
10421	10421		DEL	chr5	175832200	chr5	175832735	535.0	True		False		7	0	7	-10,507	-2,136	-413,9	-129,2					7	0	7	0	0	0
10422	10422		DEL	chr5	176334285	chr5	176334969	684.0	True		False		5	0	5	-10,550	-2,139	-469,9	-147,2					5	0	5	0	0	0
10427	10427		DEL	chr5	176499057	chr5	176499567	510.0	True		False		5	0	5	-10,219	-2,117	-509,9	-137,2					5	0	5	0	0	0
28916	28916_1	28916_2	BND	chr5	177196737	chr12	12491941		False	False	False	True	1	4	5	-9,6	0,0	-9,6	0,0	-9,6	0,0	-9,6	0,0	1	4	5	0	0	0
10440	10440		DUP	chr5	178178911	chr5	178179251	340.0	True		False		5	0	5	-628,9	-130,1	-10,578	0,129					5	0	5	0	0	0
10454	10454		DEL	chr5	179499470	chr5	179499794	324.0	True		False		4	1	5	-10,9	-3,3	-10,9	-3,3					4	1	5	0	0	0
10466	10466		DEL	chr5	180351095	chr5	180351362	267.0	True		False		5	0	5	-10,265	-2,140	-76,9	-53,2					5	0	5	0	0	0
10468	10468		DEL	chr5	180532788	chr5	180533413	625.0	True		False		5	0	5	-10,529	-2,139	-263,9	-133,2					5	0	5	0	0	0
10479	10479		DEL	chr5	181256107	chr5	181256905	798.0	True		False		5	0	5	-10,503	-2,182	-568,9	-190,2					5	0	5	0	0	0
10490	10490		DEL	chr6	469113	chr6	469701	588.0	True		False		6	0	6	-10,371	-2,87	-458,9	-93,2					5	0	5	1	0	1
10494	10494		DEL	chr6	938628	chr6	939346	718.0	True		False		5	0	5	-10,460	-2,180	-585,9	-193,2					5	0	5	0	0	0
29475	29475_1	29475_2	BND	chr6	2882774	chr12	23996337		False	False	False	True	1	4	5	-9,6	0,0	-8,8	0,0	-8,8	0,0	-9,6	0,0	1	4	5	0	0	0
10523	10523		DEL	chr6	7081626	chr6	7082068	442.0	True		False		6	0	6	-10,274	-3,80	-262,9	-73,3					6	0	6	0	0	0
10525	10525		DEL	chr6	7555312	chr6	7555933	621.0	True		False		5	0	5	-10,470	-2,146	-365,9	-142,2					5	0	5	0	0	0
10532	10532_1	10532_2	BND	chr6	8168033	chr6	8168173		True	True	False	True	2	3	5	-10,9	-1,1	-8,9	-1,1	-8,9	-1,1	-10,9	-1,1	2	3	5	0	0	0
29506	29506_1	29506_2	BND	chr6	10927769	chr15	100047209		True	True	False	True	7	0	7	-10,471	-2,95	-10,282	-2,70	-10,282	-2,70	-10,471	-2,95	6	0	6	1	0	1
10583	10583		DEL	chr6	16175316	chr6	16175399	83.0	False		False		1	4	5	-10,9	0,0	-9,8	0,0					1	4	5	0	0	0
10609	10609		DEL	chr6	24619792	chr6	24620561	769.0	True		False		5	0	5	-10,388	-2,127	-632,9	-166,1					5	0	5	0	0	0
29422	29422_1	29422_2	BND	chr6	24811818	chr7	93517299		True	True	False	True	5	3	8	-5,9	-1,1	-10,9	-1,1	-10,9	-1,1	-5,9	-1,1	5	3	8	0	0	0
10612	10612		DEL	chr6	25010827	chr6	25011603	776.0	True		False		5	0	5	-10,526	-2,184	-603,9	-197,2					5	0	5	0	0	0
10613	10613		DEL	chr6	25470482	chr6	25470985	503.0	True		False		5	0	5	-10,339	-2,126	-454,9	-127,2					5	0	5	0	0	0
10631	10631		DEL	chr6	28602503	chr6	28603187	684.0	True		False		5	0	5	-10,648	-1,211	-631,9	-205,2					5	0	5	0	0	0
10639	10639		DEL	chr6	29847338	chr6	29847816	478.0	True		False		5	0	5	-10,429	-2,87	-440,9	-72,3					5	0	5	0	0	0
10645	10645		DEL	chr6	30697321	chr6	30698212	891.0	True		False		5	0	5	-10,116	-2,84	-547,9	-186,2					5	0	5	0	0	0
29419	29419_1	29419_2	BND	chr6	30701340	chr7	66841728		False	False	False	True	1	4	5	-8,8	0,0	-9,6	0,0	-9,6	0,0	-8,8	0,0	1	4	5	0	0	0
29531	29531_1	29531_2	BND	chr6	30852826	chr19	35981334		True	True	False	True	8	0	8	-272,9	-71,2	-9,444	-1,108	-9,444	-1,108	-272,9	-71,2	7	0	7	1	0	1
10740	10740		DUP	chr6	32473877	chr6	32590567	116690.0	True		False		7	0	7	-158,9	-70,2	-10,196	-3,43					6	0	6	1	0	1
10676	10676		DUP	chr6	32483014	chr6	32531115	48101.0	True		False		7	0	7	-515,9	-77,2	-9,493	-1,112					6	0	6	1	0	1
10682	10682		DUP	chr6	32517975	chr6	32553343	35368.0	True		False		7	0	7	-608,9	-122,2	-10,354	-2,89					6	0	6	1	0	1
10723	10723		DUP	chr6	32522204	chr6	32584521	62317.0	True		False		6	0	6	-289,9	-100,2	-10,177	-2,76					5	0	5	1	0	1
10716	10716		DEL	chr6	32554588	chr6	32581404	26816.0	True		False		7	0	7	-10,447	-2,78	-508,9	-99,2					6	0	6	1	0	1
29427	29427_1	29427_2	BND	chr6	36035607	chr7	125239057		True	True	False	True	7	0	7	-10,626	-1,109	-594,9	-114,0	-594,9	-114,0	-10,626	-1,109	7	0	7	0	0	0
10769	10769		DEL	chr6	37039583	chr6	37039977	394.0	True		False		5	0	5	-10,106	-3,51	-373,9	-86,3					5	0	5	0	0	0
10770	10770		DEL	chr6	37175705	chr6	37176478	773.0	True		False		5	0	5	-10,641	-2,209	-600,9	-197,2					5	0	5	0	0	0
10772	10772		DEL	chr6	37425337	chr6	37425448	111.0	True		False		5	0	5	-10,26	-2,21	-89,9	-50,2					5	0	5	0	0	0
10779	10779		DEL	chr6	39615483	chr6	39615905	422.0	True		False		5	0	5	-10,411	-2,124	-399,9	-126,2					5	0	5	0	0	0
29440	29440_1	29440_2	BND	chr6	42797111	chr8	106185645		False	False	False	True	1	4	5	-9,6	0,0	-8,8	0,0	-8,8	0,0	-9,6	0,0	1	4	5	0	0	0
10805	10805_1	10805_2	BND	chr6	46519931	chr6	46520252		True	True	False	True	1	4	5	-8,8	0,0	-9,6	-1,0	-9,6	-1,0	-8,8	0,0	1	4	5	0	0	0
10853	10853		DEL	chr6	56728847	chr6	56729615	768.0	True		False		6	0	6	-10,635	-2,207	-571,9	-190,2					5	0	5	1	0	1
10872	10872_1	10872_2	BND	chr6	58294720	chr6	61155864		True	True	False	True	7	0	7	-427,9	-60,3	-566,9	-92,2	-566,9	-92,2	-427,9	-60,3	6	0	6	1	0	1
10885	10885		DEL	chr6	63007618	chr6	63008277	659.0	True		False		5	0	5	-10,233	-2,120	-521,9	-148,2					5	0	5	0	0	0
29558	29558_1	29558_2	BND	chr6	63010350	chrX	103430211		True	True	False	True	7	0	7	-10,483	-1,87	-10,528	-2,83	-10,528	-2,83	-10,483	-1,87	6	0	6	1	0	1
10898	10898		DEL	chr6	66638264	chr6	66638407	143.0	True		False		6	0	6	-10,141	-2,66	-40,9	-28,2					5	0	5	1	0	1
10909	10909		DEL	chr6	69190736	chr6	69191196	460.0	True		False		5	0	5	-10,122	-2,66	-364,9	-81,3					5	0	5	0	0	0
10912	10912		INV	chr6	70169766	chr6	70169960	194.0	True		False		2	3	5	-10,9	-1,1	-10,9	-1,1					2	3	5	0	0	0
10918	10918		DEL	chr6	71324402	chr6	71325101	699.0	True		False		5	0	5	-10,315	-2,114	-241,9	-109,2					5	0	5	0	0	0
10919	10919_1	10919_2	BND	chr6	71431527	chr6	71431824		True	True	False	True	2	3	5	-531,9	-184,2	-66,9	-64,0	-66,9	-64,0	-531,9	-184,2	2	3	5	0	0	0
10920	10920		DEL	chr6	71969410	chr6	71969806	396.0	True		False		5	0	5	-10,342	-3,79	-348,9	-71,3					5	0	5	0	0	0
10921	10921		DEL	chr6	72002831	chr6	72003406	575.0	True		False		5	0	5	-10,166	-2,100	-517,9	-136,2					5	0	5	0	0	0
10929	10929		DEL	chr6	73620911	chr6	73621166	255.0	True		False		6	0	6	-10,158	-3,51	-31,9	-23,2					6	0	6	0	0	0
10936	10936		DEL	chr6	74243533	chr6	74243759	226.0	True		False		5	0	5	-10,199	-3,69	-225,9	-79,3					5	0	5	0	0	0
10939	10939		INV	chr6	75064644	chr6	75064981	337.0	True		False		2	3	5	-10,9	-3,1	-10,9	-3,3					2	3	5	0	0	0
10944	10944		DEL	chr6	75733650	chr6	75734112	462.0	True		False		7	0	7	-10,248	-2,104	-24,9	-19,2					6	0	6	1	0	1
10945	10945		DEL	chr6	75824250	chr6	75824961	711.0	True		False		5	0	5	-10,519	-2,146	-420,9	-133,2					5	0	5	0	0	0
29463	29463_1	29463_2	BND	chr6	75839069	chr11	48112281		False	False	False	True	1	6	7	-10,9	0,0	-10,9	0,0	-10,9	0,0	-10,9	0,0	1	6	7	0	0	0
10964	10964		DEL	chr6	79737328	chr6	79737906	578.0	True		False		5	0	5	-10,316	-2,132	-385,9	-125,2					5	0	5	0	0	0
29510	29510_1	29510_2	BND	chr6	81036001	chr16	49951202		False	False	False	True	2	4	6	-10,9	0,0	-10,9	0,0	-10,9	0,0	-10,9	0,0	2	4	6	0	0	0
10968	10968		INV	chr6	81149058	chr6	81149453	395.0	True		False		2	3	5	-10,9	-1,1	-10,9	-1,1					2	3	5	0	0	0
10969	10969		INV	chr6	81702564	chr6	81702669	105.0	True		False		2	3	5	-10,9	-1,1	-5,9	-1,1					2	3	5	0	0	0
10972	10972		DEL	chr6	82221099	chr6	82221517	418.0	True		False		5	0	5	-10,138	-2,67	-1,5	-1,4					5	0	5	0	0	0
10982	10982		DEL	chr6	85033042	chr6	85033413	371.0	True		False		6	0	6	-10,245	-3,78	-114,9	-71,2					5	0	5	1	0	1
29467	29467_1	29467_2	BND	chr6	88425348	chr11	107486546		False	False	False	True	1	4	5	-8,8	0,0	-9,6	0,0	-9,6	0,0	-8,8	0,0	1	4	5	0	0	0
29472	29472_1	29472_2	BND	chr6	89872388	chr12	6437080		True	True	False	True	6	0	6	-543,7	-115,0	-6,569	0,130	-6,569	0,130	-543,7	-115,0	6	0	6	0	0	0
11006	11006_1	11006_2	BND	chr6	91110967	chr6	91111078		True	True	False	True	2	3	5	-9,3	-1,1	-8,9	-1,1	-8,9	-1,1	-9,3	-1,1	2	3	5	0	0	0
11010	11010		INV	chr6	92346736	chr6	92346997	261.0	True		False		3	2	5	-10,9	-3,3	-8,9	-3,1					3	2	5	0	0	0
29552	29552_1	29552_2	BND	chr6	92874265	chrX	942782		False	False	False	True	1	4	5	-8,8	0,0	-8,8	0,0	-8,8	0,0	-8,8	0,0	1	4	5	0	0	0
11016	11016_1	11016_2	BND	chr6	93937766	chr6	93938378		False	False	False	True	1	4	5	-8,8	0,0	-8,8	0,0	-8,8	0,0	-8,8	0,0	1	4	5	0	0	0
11019	11019		DEL	chr6	94037382	chr6	94037835	453.0	True		False		5	0	5	-10,393	-2,123	-452,9	-132,2					5	0	5	0	0	0
29557	29557_1	29557_2	BND	chr6	99670676	chrX	78846271		False	False	False	True	1	4	5	-9,6	0,0	-9,6	0,0	-9,6	0,0	-9,6	0,0	1	4	5	0	0	0
11043	11043		DEL	chr6	100012905	chr6	100013491	586.0	True		False		6	0	6	-10,453	-2,128	-281,9	-137,2					6	0	6	0	0	0
11085	11085		DEL	chr6	109306213	chr6	109306849	636.0	True		False		6	0	6	-10,535	-2,137	-626,9	-166,1					5	0	5	1	0	1
11086	11086		DEL	chr6	110011501	chr6	110012466	965.0	True		False		5	0	5	-10,649	-2,328	-650,9	-328,2					5	0	5	0	0	0
11094	11094		DEL	chr6	112380899	chr6	112381285	386.0	True		False		6	0	6	-10,166	-2,103	-258,9	-114,2					5	0	5	1	0	1
29426	29426_1	29426_2	BND	chr6	115172192	chr7	123492567		True	True	False	True	2	3	5	-7,9	0,1	-10,9	-1,0	-10,9	-1,0	-7,9	0,1	2	3	5	0	0	0
11111	11111		INV	chr6	116989955	chr6	116990246	291.0	True		False		3	2	5	-10,41	0,41	-10,479	-2,181					3	2	5	0	0	0
11130	11130		DEL	chr6	121036451	chr6	121037152	701.0	True		False		6	0	6	-10,647	-2,210	-640,9	-208,2					5	0	5	1	0	1
11133	11133		DEL	chr6	121915657	chr6	121916041	384.0	True		False		5	0	5	-10,269	-2,94	-179,9	-86,2					5	0	5	0	0	0
11152	11152		DEL	chr6	127065460	chr6	127066196	736.0	True		False		5	0	5	-10,455	-2,179	-636,9	-207,2					5	0	5	0	0	0
11172	11172		DEL	chr6	130659604	chr6	130660197	593.0	True		False		5	0	5	-10,522	-2,134	-453,9	-131,2					5	0	5	0	0	0
11174	11174		DEL	chr6	131029959	chr6	131030670	711.0	True		False		6	0	6	-10,533	-2,125	-506,9	-119,2					5	0	5	1	0	1
11176	11176		DEL	chr6	131173980	chr6	131174636	656.0	True		False		5	0	5	-10,570	-2,190	-564,9	-189,2					5	0	5	0	0	0
29551	29551_1	29551_2	BND	chr6	131357258	chr22	31355850		True	True	False	True	6	0	6	-541,9	-100,2	-434,9	-82,2	-434,9	-82,2	-541,9	-100,2	5	0	5	1	0	1
11178	11178		DEL	chr6	131590637	chr6	131590836	199.0	True		False		6	0	6	-10,157	-3,52	-48,9	-30,3					6	0	6	0	0	0
29516	29516_1	29516_2	BND	chr6	136585476	chr16	50901819		True	True	False	True	4	1	5	-10,9	-1,3	-10,2	-2,2	-10,2	-2,2	-10,9	-1,3	4	1	5	0	0	0
11200	11200		DEL	chr6	136592377	chr6	136592790	413.0	True		False		5	0	5	-10,345	-3,70	-370,9	-107,2					5	0	5	0	0	0
29409	29409_1	29409_2	BND	chr6	137992256	chr7	9104270		False	False	False	True	1	4	5	-8,8	0,0	-8,8	0,0	-8,8	0,0	-8,8	0,0	1	4	5	0	0	0
29421	29421_1	29421_2	BND	chr6	139465280	chr7	92552122		True	True	False	True	6	0	6	-634,9	-119,2	-549,9	-96,1	-549,9	-96,1	-634,9	-119,2	5	0	5	1	0	1
11245	11245		DEL	chr6	148224913	chr6	148225808	895.0	True		False		5	0	5	-10,540	-2,186	-637,9	-207,2					5	0	5	0	0	0
11247	11247		DEL	chr6	148967481	chr6	148968026	545.0	True		False		5	0	5	-10,529	-2,131	-427,9	-136,2					5	0	5	0	0	0
11257	11257		DEL	chr6	151164799	chr6	151165777	978.0	True		False		14	0	14	-10,496	-2,51	-267,7	-38,0					14	0	14	0	0	0
11263	11263		DEL	chr6	152451039	chr6	152451272	233.0	True		False		5	0	5	-10,175	-3,61	-201,9	-78,2					5	0	5	0	0	0
11264	11264		INV	chr6	152464027	chr6	152464155	128.0	True		False		3	2	5	-10,16	-10,16	-10,633	-2,206					3	2	5	0	0	0
11277	11277		DEL	chr6	154323241	chr6	154323740	499.0	True		False		6	0	6	-10,224	-2,93	-304,9	-96,2					6	0	6	0	0	0
11286	11286		DEL	chr6	156017974	chr6	156018592	618.0	True		False		5	0	5	-10,239	-2,106	-377,9	-99,2					5	0	5	0	0	0
11298	11298		DEL	chr6	157401419	chr6	157401977	558.0	True		False		5	0	5	-10,450	-2,140	-441,9	-133,2					5	0	5	0	0	0
29514	29514_1	29514_2	BND	chr6	157522823	chr16	22779831		False	False	False	True	3	4	7	-9,7	0,0	-6,7	0,0	-6,7	0,0	-9,7	0,0	3	3	6	0	1	1
29517	29517_1	29517_2	BND	chr6	157774221	chr16	89987429		True	True	False	True	3	3	6	-10,4	-3,0	-10,9	-1,1	-10,9	-1,1	-10,4	-3,0	3	3	6	0	0	0
11308	11308		DEL	chr6	158666987	chr6	158667393	406.0	True		False		5	0	5	-10,144	-2,82	-108,9	-63,2					5	0	5	0	0	0
11312	11312		DEL	chr6	159250802	chr6	159251720	918.0	True		False		5	0	5	-10,499	-2,182	-608,9	-199,2					5	0	5	0	0	0
11313	11313		DEL	chr6	159258372	chr6	159258929	557.0	True		False		7	0	7	-10,115	-2,76	-284,9	-97,2					6	0	6	1	0	1
11319	11319		DEL	chr6	160589746	chr6	160590389	643.0	True		False		6	0	6	-10,386	-2,148	-311,9	-112,3					5	0	5	1	0	1
11320	11320		DEL	chr6	160748021	chr6	160748186	165.0	True		False		5	0	5	-10,36	-2,26	-146,9	-64,3					5	0	5	0	0	0
11330	11330		DEL	chr6	162431963	chr6	162432722	759.0	True		False		6	0	6	-10,135	-2,87	-598,9	-157,2					6	0	6	0	0	0
11343	11343		DEL	chr6	164983680	chr6	164984099	419.0	True		False		5	0	5	-10,357	-2,127	-418,9	-126,2					5	0	5	0	0	0
11346	11346		DEL	chr6	165588874	chr6	165589587	713.0	True		False		5	0	5	-10,500	-2,131	-241,9	-113,2					5	0	5	0	0	0
11353	11353		DEL	chr6	166865402	chr6	166866048	646.0	True		False		5	0	5	-10,570	-2,152	-166,9	-108,2					5	0	5	0	0	0
11366	11366		DEL	chr6	167892990	chr6	167893649	659.0	True		False		5	0	5	-10,463	-3,95	-413,9	-100,2					5	0	5	0	0	0
11391	11391		DEL	chr6	170064779	chr6	170065478	699.0	True		False		7	0	7	-10,408	-2,84	-378,9	-81,2					6	0	6	1	0	1
11396	11396		DEL	chr6	170169724	chr6	170170967	1243.0	True		False		7	0	7	-10,440	-2,69	-610,9	-106,1					6	0	6	1	0	1
11406	11406		DEL	chr7	94695	chr7	95020	325.0	True		False		6	0	6	-10,138	-2,78	-324,9	-94,3					6	0	6	0	0	0
11774	11774_1	11774_2	BND	chr7	350918	chr7	25523111		False	False	False	True	1	4	5	-9,6	0,0	-9,6	0,0	-9,6	0,0	-9,6	0,0	1	4	5	0	0	0
11413	11413		DEL	chr7	350998	chr7	351584	586.0	True		False		5	0	5	-10,312	-2,128	-366,9	-127,2					5	0	5	0	0	0
11417	11417		INV	chr7	488612	chr7	488897	285.0	True		False		2	3	5	-10,9	-1,1	-10,9	-1,1					2	3	5	0	0	0
11422	11422		DEL	chr7	718882	chr7	719485	603.0	True		False		5	0	5	-10,271	-2,127	-602,9	-157,2					5	0	5	0	0	0
11423	11423		DEL	chr7	729558	chr7	730132	574.0	True		False		6	0	6	-10,419	-2,99	-297,9	-97,3					5	0	5	1	0	1
11426	11426		DEL	chr7	824984	chr7	825355	371.0	True		False		6	0	6	-10,347	-2,123	-285,9	-116,2					6	0	6	0	0	0
11430	11430		DEL	chr7	965956	chr7	966802	846.0	True		False		6	0	6	-10,701	-2,352	-702,9	-352,2					5	0	5	1	0	1
11441	11441		DEL	chr7	1489096	chr7	1490005	909.0	True		False		6	0	6	-10,701	-2,352	-702,9	-352,2					5	0	5	1	0	1
11442	11442		DEL	chr7	1576190	chr7	1576286	96.0	True		False		5	0	5	-10,91	-3,46	-63,9	-39,2					5	0	5	0	0	0
11448	11448		DEL	chr7	2259822	chr7	2260455	633.0	True		False		5	0	5	-10,466	-2,127	-556,9	-148,2					5	0	5	0	0	0
11449	11449		DEL	chr7	2423852	chr7	2424508	656.0	True		False		5	0	5	-10,513	-2,141	-506,9	-150,1					5	0	5	0	0	0
11453	11453		DEL	chr7	2840769	chr7	2841033	264.0	True		False		5	0	5	-10,42	-2,32	-23,9	-18,2					5	0	5	0	0	0
11455	11455		DEL	chr7	2911859	chr7	2912084	225.0	True		False		5	0	5	-10,6	-2,6	-224,9	-81,3					5	0	5	0	0	0
11465	11465		DEL	chr7	3469240	chr7	3470053	813.0	True		False		5	0	5	-10,452	-2,179	-385,9	-175,2					5	0	5	0	0	0
11466	11466		DEL	chr7	3574507	chr7	3575119	612.0	True		False		6	0	6	-10,610	-1,163	-333,9	-122,2					6	0	6	0	0	0
11468	11468		DEL	chr7	3792128	chr7	3792595	467.0	True		False		5	0	5	-10,361	-2,143	-253,9	-115,2					5	0	5	0	0	0
11470	11470		DEL	chr7	3936115	chr7	3936760	645.0	True		False		7	0	7	-10,627	-2,204	-587,9	-194,2					7	0	7	0	0	0
11471	11471		DEL	chr7	4010126	chr7	4010790	664.0	True		False		5	0	5	-10,627	-2,204	-638,9	-208,2					5	0	5	0	0	0
11476	11476		DEL	chr7	4288120	chr7	4288652	532.0	True		False		5	0	5	-10,212	-2,125	-396,9	-128,2					5	0	5	0	0	0
11478	11478		DEL	chr7	4401475	chr7	4402043	568.0	True		False		4	1	5	-10,9	-3,3	-10,9	-3,3					4	1	5	0	0	0
11481	11481		DEL	chr7	4445243	chr7	4445343	100.0	True		False		6	0	6	-10,46	-3,30	-99,9	-46,3					6	0	6	0	0	0
11498	11498_1	11498_2	BND	chr7	5132472	chr7	5833533		True	True	False	True	5	0	5	-485,9	-108,1	-638,9	-135,0	-638,9	-135,0	-485,9	-108,1	5	0	5	0	0	0
11496	11496		DEL	chr7	5673538	chr7	5674171	633.0	True		False		7	0	7	-10,456	-2,106	-356,9	-107,2					7	0	7	0	0	0
11517	11517_1	11517_2	BND	chr7	5907818	chr7	6816948		True	True	False	True	10	0	10	-374,9	-71,2	-385,9	-75,1	-385,9	-75,1	-374,9	-71,2	9	0	9	1	0	1
11502	11502		DEL	chr7	6091789	chr7	6092401	612.0	True		False		5	0	5	-10,73	-2,54	-543,9	-133,2					5	0	5	0	0	0
11503	11503		DEL	chr7	6188109	chr7	6188683	574.0	True		False		5	0	5	-10,569	-2,144	-525,9	-136,2					5	0	5	0	0	0
11504	11504		DEL	chr7	6197496	chr7	6198094	598.0	True		False		5	0	5	-10,502	-2,138	-519,9	-139,2					5	0	5	0	0	0
11509	11509		DEL	chr7	6377734	chr7	6378682	948.0	True		False		6	0	6	-10,649	-2,328	-650,9	-328,2					6	0	6	0	0	0
11513	11513		DEL	chr7	6577152	chr7	6577245	93.0	False		False		1	5	6	-8,6	0,0	-7,6	0,0					1	4	5	0	1	1
11515	11515		DEL	chr7	6668726	chr7	6669757	1031.0	True		False		6	0	6	-10,649	-2,328	-650,9	-328,2					6	0	6	0	0	0
11519	11519		DEL	chr7	6979018	chr7	6979080	62.0	True		False		6	0	6	-10,20	-2,16	-61,9	-35,3					6	0	6	0	0	0
11533	11533		DEL	chr7	8104568	chr7	8105166	598.0	True		False		5	0	5	-10,596	-2,202	-594,9	-195,2					5	0	5	0	0	0
11574	11574		DEL	chr7	11020419	chr7	11020887	468.0	True		False		5	0	5	-10,215	-2,98	-310,9	-106,2					5	0	5	0	0	0
11576	11576		DEL	chr7	11203845	chr7	11204429	584.0	True		False		5	0	5	-10,573	-2,146	-583,9	-150,2					5	0	5	0	0	0
29796	29796_1	29796_2	BND	chr7	12449198	chr17	41155883		False	False	False	True	1	4	5	-9,6	0,0	-9,6	0,0	-9,6	0,0	-9,6	0,0	1	4	5	0	0	0
11592	11592		DEL	chr7	12871485	chr7	12872187	702.0	True		False		8	0	8	-10,561	-2,189	-552,9	-187,2					7	0	7	1	0	1
11606	11606		DEL	chr7	13988271	chr7	13988708	437.0	True		False		5	0	5	-10,36	-2,28	-430,9	-104,2					5	0	5	0	0	0
11607	11607		DEL	chr7	13995784	chr7	13996427	643.0	True		False		6	0	6	-10,535	-2,131	-546,9	-145,2					6	0	6	0	0	0
11629	11629		DEL	chr7	15871776	chr7	15872638	862.0	True		False		5	0	5	-10,510	-2,183	-566,9	-189,2					5	0	5	0	0	0
11661	11661		DEL	chr7	17234737	chr7	17235250	513.0	True		False		6	0	6	-10,419	-2,106	-475,9	-110,2					5	0	5	1	0	1
11682	11682		DEL	chr7	19488389	chr7	19489071	682.0	True		False		6	0	6	-10,557	-2,188	-593,9	-195,2					6	0	6	0	0	0
29724	29724_1	29724_2	BND	chr7	19541044	chr12	126636800		False	False	False	True	1	4	5	-8,8	0,0	-8,8	0,0	-8,8	0,0	-8,8	0,0	1	4	5	0	0	0
29659	29659_1	29659_2	BND	chr7	19814035	chr9	12462646		False	False	False	True	3	7	10	-5,4	0,0	-5,2	0,0	-5,2	0,0	-5,4	0,0	3	6	9	0	1	1
11685	11685		DEL	chr7	19916951	chr7	19917486	535.0	True		False		5	0	5	-10,289	-2,139	-446,9	-125,2					5	0	5	0	0	0
29728	29728_1	29728_2	BND	chr7	19981615	chr13	62654982		False	False	False	True	1	4	5	-8,8	0,0	-8,8	0,0	-8,8	0,0	-8,8	0,0	1	4	5	0	0	0
11697	11697		DEL	chr7	21416633	chr7	21416734	101.0	True		False		5	0	5	-10,87	-2,53	-38,9	-27,2					5	0	5	0	0	0
11700	11700		DEL	chr7	21674564	chr7	21675184	620.0	True		False		6	0	6	-10,596	-2,196	-566,9	-189,2					5	0	5	1	0	1
11701	11701		DEL	chr7	21704757	chr7	21705740	983.0	True		False		5	0	5	-10,649	-2,328	-650,9	-328,2					5	0	5	0	0	0
11705	11705		DEL	chr7	21848881	chr7	21849136	255.0	True		False		5	0	5	-10,253	-3,75	-164,9	-60,3					5	0	5	0	0	0
11706	11706		DEL	chr7	21852380	chr7	21853135	755.0	True		False		6	0	6	-10,469	-2,129	-450,9	-124,2					6	0	6	0	0	0
11707	11707		DEL	chr7	21942512	chr7	21943653	1141.0	True		False		5	0	5	-10,649	-2,328	-650,9	-328,2					5	0	5	0	0	0
11715	11715		DEL	chr7	22410987	chr7	22411208	221.0	True		False		5	0	5	-10,119	-2,62	-214,9	-64,3					5	0	5	0	0	0
11716	11716_1	11716_2	BND	chr7	22423118	chr7	22423338		False	False	False	True	1	4	5	-9,6	0,0	-9,6	0,0	-9,6	0,0	-9,6	0,0	1	4	5	0	0	0
11717	11717		DEL	chr7	22423869	chr7	22424081	212.0	True		False		5	0	5	-10,169	-3,68	-211,9	-69,3					5	0	5	0	0	0
11725	11725		DEL	chr7	23004621	chr7	23005576	955.0	True		False		5	0	5	-10,649	-2,328	-650,9	-328,2					5	0	5	0	0	0
11739	11739		DEL	chr7	23683877	chr7	23684171	294.0	True		False		7	0	7	-10,140	-3,62	-293,9	-77,3					7	0	7	0	0	0
11741	11741_1	11741_2	BND	chr7	23776260	chr7	23798374		True	True	False	True	8	0	8	-10,462	-2,86	-10,365	-2,76	-10,365	-2,76	-10,462	-2,86	7	0	7	1	0	1
11744	11744		DEL	chr7	23843447	chr7	23844009	562.0	True		False		5	0	5	-10,209	-3,70	-366,9	-90,2					5	0	5	0	0	0
11745	11745		DEL	chr7	23902413	chr7	23902949	536.0	True		False		6	0	6	-10,38	-2,30	-286,9	-93,3					6	0	6	0	0	0
11748	11748		DEL	chr7	24139338	chr7	24140255	917.0	True		False		5	0	5	-10,649	-2,328	-650,9	-328,2					5	0	5	0	0	0
11749	11749		DEL	chr7	24218310	chr7	24218864	554.0	True		False		8	0	8	-10,12	-2,11	-165,9	-62,2					8	0	8	0	0	0
11754	11754		DEL	chr7	24420672	chr7	24421705	1033.0	True		False		5	0	5	-10,649	-2,328	-650,9	-328,2					5	0	5	0	0	0
11769	11769		DEL	chr7	25210629	chr7	25211660	1031.0	True		False		5	0	5	-10,649	-2,328	-650,9	-328,2					5	0	5	0	0	0
11771	11771		DEL	chr7	25360557	chr7	25361164	607.0	True		False		6	0	6	-10,586	-2,152	-317,9	-130,2					5	0	5	1	0	1
11777	11777		DEL	chr7	25591117	chr7	25591171	54.0	True		False		6	0	6	-10,52	-2,37	-2,9	-2,4					5	0	5	1	0	1
11785	11785		DEL	chr7	26063517	chr7	26063663	146.0	True		False		5	0	5	-10,125	-3,51	-133,9	-59,3					5	0	5	0	0	0
11790	11790		DEL	chr7	26455490	chr7	26455936	446.0	True		False		5	0	5	-10,437	-2,125	-217,9	-108,2					5	0	5	0	0	0
11801	11801		DEL	chr7	27297440	chr7	27298005	565.0	True		False		6	0	6	-10,550	-2,143	-536,9	-145,2					5	0	5	1	0	1
11804	11804		DEL	chr7	27542457	chr7	27542786	329.0	True		False		6	0	6	-10,214	-3,61	-145,9	-51,3					5	0	5	1	0	1
11808	11808		DEL	chr7	27691953	chr7	27692645	692.0	True		False		5	0	5	-10,482	-2,128	-548,9	-146,2					5	0	5	0	0	0
11811	11811		DEL	chr7	27837510	chr7	27838139	629.0	True		False		6	0	6	-10,331	-2,108	-546,9	-108,2					6	0	6	0	0	0
11819	11819		DEL	chr7	28150575	chr7	28151319	744.0	True		False		6	0	6	-10,603	-2,198	-603,9	-197,2					6	0	6	0	0	0
11825	11825		DEL	chr7	28669891	chr7	28670659	768.0	True		False		5	0	5	-10,608	-2,199	-572,9	-190,2					5	0	5	0	0	0
11637	11637		DEL	chr7	29032066	chr7	29032514	448.0	True		False		5	0	5	-10,293	-2,94	-134,9	-72,2					5	0	5	0	0	0
11831	11831		DEL	chr7	29073105	chr7	29073634	529.0	True		False		5	0	5	-10,262	-2,115	-287,9	-131,2					5	0	5	0	0	0
11833	11833		DEL	chr7	29140686	chr7	29141694	1008.0	True		False		6	0	6	-10,649	-2,328	-650,9	-328,2					6	0	6	0	0	0
11837	11837		DEL	chr7	29463098	chr7	29463444	346.0	True		False		5	0	5	-10,211	-2,98	-13,9	-11,2					5	0	5	0	0	0
11838	11838		DEL	chr7	29488315	chr7	29489102	787.0	True		False		5	0	5	-10,553	-2,187	-642,9	-209,2					5	0	5	0	0	0
11840	11840		DEL	chr7	29853400	chr7	29854033	633.0	True		False		5	0	5	-10,628	-2,205	-619,9	-202,2					5	0	5	0	0	0
11847	11847		DEL	chr7	30128258	chr7	30128374	116.0	True		False		6	0	6	0,0	0,0	-23,9	-16,2					6	0	6	0	0	0
11852	11852		DEL	chr7	30375921	chr7	30376903	982.0	True		False		5	0	5	-10,649	-2,328	-650,9	-328,2					5	0	5	0	0	0
11862	11862		DEL	chr7	30919406	chr7	30919970	564.0	True		False		5	0	5	-10,495	-2,136	-500,9	-149,1					5	0	5	0	0	0
11864	11864		DEL	chr7	31109440	chr7	31109960	520.0	True		False		5	0	5	-10,333	-2,130	-500,9	-142,2					5	0	5	0	0	0
11869	11869		DEL	chr7	31308994	chr7	31309899	905.0	True		False		5	0	5	-10,649	-2,328	-650,9	-328,2					5	0	5	0	0	0
11878	11878		DEL	chr7	31824895	chr7	31825497	602.0	True		False		5	0	5	-10,256	-2,125	-522,9	-146,2					5	0	5	0	0	0
11879	11879		DEL	chr7	31848580	chr7	31848895	315.0	True		False		5	0	5	-10,210	-2,87	-88,9	-47,2					5	0	5	0	0	0
11901	11901		DEL	chr7	32043380	chr7	32043442	62.0	True		False		5	0	5	-10,13	-2,12	-40,9	-27,2					5	0	5	0	0	0
11904	11904		DEL	chr7	32204184	chr7	32204734	550.0	True		False		5	0	5	-10,366	-2,129	-433,9	-125,2					5	0	5	0	0	0
12288	12288_1	12288_2	BND	chr7	32973782	chr7	55714169		True	True	False	True	13	0	13	-10,273	-2,49	-10,280	-1,56	-10,280	-1,56	-10,273	-2,49	12	0	12	1	0	1
11916	11916		INV	chr7	33141430	chr7	33141858	428.0	True		False		2	3	5	-10,3	-1,0	-10,8	-1,0					2	3	5	0	0	0
11931	11931		DEL	chr7	33786569	chr7	33787020	451.0	True		False		5	0	5	-10,449	-2,180	-443,9	-179,2					5	0	5	0	0	0
11935	11935		DEL	chr7	33893988	chr7	33894252	264.0	True		False		6	0	6	-10,197	-3,83	-70,9	-49,2					6	0	6	0	0	0
11940	11940		DEL	chr7	34305130	chr7	34305525	395.0	True		False		6	0	6	-10,12	-2,11	-66,9	-40,2					5	0	5	1	0	1
11943	11943		DEL	chr7	34543698	chr7	34543971	273.0	True		False		6	0	6	-10,245	-2,95	-38,9	-29,2					5	0	5	1	0	1
11944	11944		DEL	chr7	34563382	chr7	34563471	89.0	True		False		5	0	5	-10,18	-2,15	-88,9	-51,3					5	0	5	0	0	0
11945	11945		DEL	chr7	34862058	chr7	34862293	235.0	True		False		5	0	5	-10,47	-2,33	-166,9	-63,3					5	0	5	0	0	0
11953	11953		DEL	chr7	35887526	chr7	35887632	106.0	True		False		5	0	5	-10,104	-2,66	-34,9	-25,2					5	0	5	0	0	0
11957	11957		DEL	chr7	36179306	chr7	36179781	475.0	True		False		5	0	5	-10,438	-2,132	-474,9	-129,2					5	0	5	0	0	0
11960	11960		DEL	chr7	36321526	chr7	36322176	650.0	True		False		5	0	5	-10,626	-2,204	-611,9	-200,2					5	0	5	0	0	0
11969	11969		DEL	chr7	36676824	chr7	36677766	942.0	True		False		6	0	6	-10,642	-2,205	-638,9	-204,2					5	0	5	1	0	1
11973	11973		DEL	chr7	36875549	chr7	36876068	519.0	True		False		6	0	6	-10,517	-2,117	-421,9	-97,3					6	0	6	0	0	0
11987	11987		DEL	chr7	37496316	chr7	37496753	437.0	True		False		5	0	5	-10,234	-2,111	-315,9	-138,2					5	0	5	0	0	0
11989	11989		DEL	chr7	37600536	chr7	37601091	555.0	True		False		5	0	5	-10,488	-2,125	-473,9	-127,2					5	0	5	0	0	0
12001	12001		DEL	chr7	38291940	chr7	38292577	637.0	True		False		5	0	5	-10,515	-2,129	-502,9	-128,2					5	0	5	0	0	0
12003	12003		DUP	chr7	38346079	chr7	38359575	13496.0	True		False		6	0	6	-532,9	-88,2	-10,527	-2,101					5	0	5	1	0	1
12008	12008		DEL	chr7	38546960	chr7	38547881	921.0	True		False		5	0	5	-10,602	-2,197	-635,9	-207,2					5	0	5	0	0	0
12009	12009		DEL	chr7	38578976	chr7	38579516	540.0	True		False		5	0	5	-10,274	-2,99	-114,9	-71,2					5	0	5	0	0	0
12016	12016		DEL	chr7	39322494	chr7	39323072	578.0	True		False		5	0	5	-10,355	-2,129	-463,9	-133,2					5	0	5	0	0	0
12018	12018		DEL	chr7	39356005	chr7	39356326	321.0	True		False		5	0	5	-10,142	-2,71	-190,9	-72,3					5	0	5	0	0	0
12019	12019		INV	chr7	39416378	chr7	39416556	178.0	True		False		3	2	5	-10,9	-3,1	-10,9	-3,3					3	2	5	0	0	0
12024	12024		DEL	chr7	39717266	chr7	39717843	577.0	True		False		5	0	5	-10,403	-2,135	-334,9	-142,2					5	0	5	0	0	0
12029	12029		DEL	chr7	39998228	chr7	39998773	545.0	True		False		5	0	5	-10,486	-2,125	-370,9	-127,2					5	0	5	0	0	0
29692	29692_1	29692_2	BND	chr7	40377191	chr11	16132507		True	True	False	True	11	0	11	-10,138	-3,50	-8,365	0,95	-8,365	0,95	-10,138	-3,50	10	0	10	1	0	1
12036	12036		DEL	chr7	40395287	chr7	40395911	624.0	True		False		5	0	5	-10,559	-2,188	-579,9	-192,2					5	0	5	0	0	0
12045	12045		DEL	chr7	40825225	chr7	40825619	394.0	True		False		5	0	5	-10,256	-2,151	-382,9	-174,2					5	0	5	0	0	0
12048	12048		DEL	chr7	40981078	chr7	40981951	873.0	True		False		6	0	6	-10,649	-2,205	-650,9	-205,2					5	0	5	1	0	1
12053	12053		DEL	chr7	41330450	chr7	41331001	551.0	True		False		5	0	5	-10,537	-2,185	-535,9	-185,2					5	0	5	0	0	0
12056	12056		DEL	chr7	41469107	chr7	41469756	649.0	True		False		5	0	5	-10,550	-2,187	-587,9	-194,2					5	0	5	0	0	0
12061	12061		DEL	chr7	42117710	chr7	42118478	768.0	True		False		6	0	6	-10,177	-2,109	-453,9	-142,2					6	0	6	0	0	0
12063	12063		DEL	chr7	42390987	chr7	42392005	1018.0	True		False		5	0	5	-10,649	-2,328	-650,9	-328,2					5	0	5	0	0	0
12073	12073		DEL	chr7	42849587	chr7	42850619	1032.0	True		False		5	0	5	-10,649	-2,328	-650,9	-328,2					5	0	5	0	0	0
12074	12074		DEL	chr7	42952196	chr7	42952469	273.0	True		False		5	0	5	-10,246	-3,87	-198,9	-81,3					5	0	5	0	0	0
12084	12084		DEL	chr7	43163878	chr7	43164124	246.0	True		False		5	0	5	-10,193	-3,61	-123,9	-61,2					5	0	5	0	0	0
12092	12092		DEL	chr7	43571023	chr7	43571470	447.0	True		False		5	0	5	-10,437	-2,124	-446,9	-124,2					5	0	5	0	0	0
12093	12093		DEL	chr7	43577434	chr7	43578173	739.0	True		False		5	0	5	-10,348	-2,171	-618,9	-201,2					5	0	5	0	0	0
12097	12097		DEL	chr7	44131434	chr7	44132038	604.0	True		False		6	0	6	-10,323	-2,125	-549,9	-143,2					5	0	5	1	0	1
12101	12101		DEL	chr7	44414331	chr7	44414879	548.0	True		False		6	0	6	-10,504	-2,138	-272,9	-115,2					5	0	5	1	0	1
12107	12107		DEL	chr7	44684448	chr7	44685677	1229.0	True		False		5	0	5	-10,649	-2,328	-650,9	-328,2					5	0	5	0	0	0
12109	12109		DEL	chr7	44703825	chr7	44704362	537.0	True		False		5	0	5	-10,287	-2,120	-536,9	-143,2					5	0	5	0	0	0
12110	12110		DEL	chr7	44922801	chr7	44923137	336.0	True		False		7	0	7	-10,95	-3,44	-335,9	-57,3					6	0	6	1	0	1
12115	12115		DEL	chr7	45200068	chr7	45200938	870.0	True		False		5	0	5	-10,638	-2,208	-645,9	-210,2					5	0	5	0	0	0
12119	12119		DEL	chr7	45315288	chr7	45315833	545.0	True		False		4	1	5	-10,9	-3,3	-10,9	-3,3					4	1	5	0	0	0
11893	11893		DEL	chr7	45547612	chr7	45548182	570.0	True		False		5	0	5	-10,542	-2,148	-438,9	-125,2					5	0	5	0	0	0
12120	12120		DEL	chr7	45570644	chr7	45571201	557.0	True		False		6	0	6	-10,511	-2,116	-189,9	-80,2					5	0	5	1	0	1
12121	12121		DEL	chr7	45600593	chr7	45600847	254.0	True		False		5	0	5	-10,131	-2,62	-72,9	-44,2					5	0	5	0	0	0
12358	12358_1	12358_2	BND	chr7	45825405	chr7	63015653		True	True	False	True	6	0	6	-582,4	-123,0	-378,9	-68,3	-378,9	-68,3	-582,4	-123,0	5	0	5	1	0	1
12963	12963_1	12963_2	BND	chr7	45847449	chr7	101265789		True	True	False	True	6	0	6	-10,526	-1,117	-10,404	-3,81	-10,404	-3,81	-10,526	-1,117	6	0	6	0	0	0
12134	12134		DEL	chr7	46229490	chr7	46230017	527.0	True		False		7	0	7	-10,413	-2,106	-335,9	-101,2					6	0	6	1	0	1
12137	12137		DEL	chr7	46432770	chr7	46433312	542.0	True		False		6	0	6	-10,501	-2,136	-343,9	-128,2					5	0	5	1	0	1
12141	12141		DEL	chr7	46588111	chr7	46588856	745.0	True		False		5	0	5	-10,340	-2,109	-476,9	-114,2					5	0	5	0	0	0
12143	12143		DEL	chr7	46682404	chr7	46683199	795.0	True		False		7	0	7	-10,627	-2,200	-378,9	-163,3					6	0	6	1	0	1
12149	12149		DEL	chr7	47195263	chr7	47196032	769.0	True		False		6	0	6	-10,511	-2,183	-583,9	-193,2					5	0	5	1	0	1
12150	12150		DEL	chr7	47227313	chr7	47227606	293.0	True		False		5	0	5	-10,222	-3,85	-214,9	-96,2					5	0	5	0	0	0
12153	12153		DEL	chr7	47376754	chr7	47377801	1047.0	True		False		7	0	7	-10,649	-2,328	-650,9	-328,2					7	0	7	0	0	0
12158	12158		DEL	chr7	47541745	chr7	47542013	268.0	True		False		6	0	6	-10,135	-2,76	-235,9	-85,3					6	0	6	0	0	0
12160	12160		DEL	chr7	47598776	chr7	47599769	993.0	True		False		5	0	5	-10,483	-2,181	-597,9	-196,2					5	0	5	0	0	0
12165	12165		DEL	chr7	47767839	chr7	47768361	522.0	True		False		5	0	5	-10,517	-2,149	-228,9	-112,2					5	0	5	0	0	0
12168	12168		DEL	chr7	47809586	chr7	47810648	1062.0	True		False		5	0	5	-10,649	-2,328	-650,9	-328,2					5	0	5	0	0	0
12169	12169		DEL	chr7	47962328	chr7	47963030	702.0	True		False		5	0	5	-10,594	-2,195	-493,9	-181,2					5	0	5	0	0	0
12170	12170		DEL	chr7	48145211	chr7	48146135	924.0	True		False		5	0	5	-10,378	-2,123	-410,9	-125,2					5	0	5	0	0	0
12180	12180		DEL	chr7	48503207	chr7	48503840	633.0	True		False		6	0	6	-10,534	-2,132	-460,9	-128,2					6	0	6	0	0	0
11895	11895		DEL	chr7	49610361	chr7	49610909	548.0	True		False		5	0	5	-10,345	-2,125	-412,9	-126,2					5	0	5	0	0	0
12193	12193		DEL	chr7	50204384	chr7	50204939	555.0	True		False		7	0	7	-10,525	-2,136	-523,9	-137,2					7	0	7	0	0	0
12201	12201		DEL	chr7	50752423	chr7	50753074	651.0	True		False		5	0	5	-10,520	-2,183	-551,9	-187,2					5	0	5	0	0	0
29695	29695_1	29695_2	BND	chr7	50842491	chr11	42448402		False	False	False	True	1	4	5	-9,6	0,0	-8,8	0,0	-8,8	0,0	-9,6	0,0	1	4	5	0	0	0
12204	12204		DEL	chr7	50953275	chr7	50954036	761.0	True		False		6	0	6	-10,593	-2,195	-638,9	-208,2					6	0	6	0	0	0
12205	12205		DEL	chr7	51036565	chr7	51037163	598.0	True		False		5	0	5	-10,570	-2,150	-533,9	-133,2					5	0	5	0	0	0
12211	12211		DEL	chr7	51178397	chr7	51179141	744.0	True		False		6	0	6	-10,638	-2,208	-241,9	-146,2					6	0	6	0	0	0
12224	12224		DEL	chr7	51803241	chr7	51803773	532.0	True		False		5	0	5	-10,530	-2,186	-531,9	-187,2					5	0	5	0	0	0
12235	12235		DEL	chr7	52465242	chr7	52466164	922.0	True		False		6	0	6	-10,607	-2,199	-630,9	-205,2					5	0	5	1	0	1
12238	12238		DEL	chr7	52649330	chr7	52649726	396.0	True		False		5	0	5	-10,390	-2,103	-150,9	-78,2					5	0	5	0	0	0
12244	12244		DEL	chr7	53015255	chr7	53015347	92.0	True		False		5	0	5	-10,90	-3,54	-91,9	-52,3					5	0	5	0	0	0
12257	12257		DEL	chr7	53881922	chr7	53882676	754.0	True		False		5	0	5	-10,481	-2,138	-469,9	-127,2					5	0	5	0	0	0
12262	12262		DEL	chr7	54182595	chr7	54183462	867.0	True		False		6	0	6	-10,303	-2,163	-529,9	-184,2					6	0	6	0	0	0
12263	12263		INV	chr7	54203430	chr7	54203528	98.0	True		False		3	2	5	-9,0	-9,0	-10,9	-2,3					3	2	5	0	0	0
12268	12268		DEL	chr7	54363265	chr7	54363879	614.0	True		False		5	0	5	-10,475	-2,116	-388,9	-128,2					5	0	5	0	0	0
12275	12275		DEL	chr7	55059885	chr7	55060051	166.0	True		False		6	0	6	-10,137	-3,59	-122,9	-65,2					5	0	5	1	0	1
12276	12276		DEL	chr7	55083847	chr7	55084475	628.0	True		False		7	0	7	-10,548	-2,187	-525,9	-184,2					7	0	7	0	0	0
12283	12283		DEL	chr7	55523679	chr7	55523750	71.0	True		False		5	0	5	-10,18	-2,15	-8,9	-7,2					5	0	5	0	0	0
12299	12299		DEL	chr7	56020533	chr7	56021220	687.0	True		False		5	0	5	-10,649	-2,328	-650,9	-328,2					5	0	5	0	0	0
12307	12307		DEL	chr7	56595739	chr7	56596215	476.0	True		False		5	0	5	-10,85	-2,56	-198,9	-96,2					5	0	5	0	0	0
29817	29817_1	29817_2	BND	chr7	57376489	chr20	50366220		True	True	False	True	7	0	7	-505,9	-110,2	-461,9	-71,2	-461,9	-71,2	-505,9	-110,2	6	0	6	1	0	1
29671	29671_1	29671_2	BND	chr7	57486166	chr10	38529906		True	True	False	True	7	0	7	-650,9	-116,0	-6,494	0,113	-6,494	0,113	-650,9	-116,0	6	0	6	1	0	1
29865	29865_1	29865_2	BND	chr7	57488210	chrY	10776609		True	True	False	True	7	0	7	-10,593	-1,98	-5,521	0,116	-5,521	0,116	-10,593	-1,98	6	0	6	1	0	1
12315	12315		DEL	chr7	57491718	chr7	57496363	4645.0	True		False		7	0	7	-10,432	-2,76	-306,9	-65,1					6	0	6	1	0	1
29771	29771_1	29771_2	BND	chr7	58033152	chr16	46390882		True	True	False	True	7	0	7	-619,9	-112,1	-10,414	-3,51	-10,414	-3,51	-619,9	-112,1	6	0	6	1	0	1
29761	29761_1	29761_2	BND	chr7	58036820	chr16	34720168		True	True	False	True	5	0	5	-10,582	-1,130	-10,427	-2,101	-10,427	-2,101	-10,582	-1,130	5	0	5	0	0	0
12343	12343_1	12343_2	BND	chr7	58053891	chr7	62307416		False	False	False	True	2	6	8	-10,9	0,0	-6,5	0,0	-6,5	0,0	-10,9	0,0	2	5	7	0	1	1
12341	12341_1	12341_2	BND	chr7	58091283	chr7	62272482		True	True	False	True	6	0	6	-555,9	-94,2	-561,9	-111,2	-561,9	-111,2	-555,9	-94,2	5	0	5	1	0	1
29790	29790_1	29790_2	BND	chr7	58091397	chr17	26735168		True	True	False	True	17	0	17	-254,9	-60,2	-10,368	-3,32	-10,368	-3,32	-254,9	-60,2	16	0	16	1	0	1
12333	12333		DEL	chr7	60364035	chr7	60680869	316834.0	True		False		5	0	5	-10,568	0,126	-586,9	-118,1					5	0	5	0	0	0
12334	12334		DEL	chr7	60530111	chr7	60738291	208180.0	True		False		7	0	7	-10,461	-2,81	-429,9	-84,2					6	0	6	1	0	1
12335	12335		INV	chr7	60938515	chr7	60938675	160.0	True		False		3	2	5	-8,0	-8,0	0,3	0,3					3	2	5	0	0	0
29677	29677_1	29677_2	BND	chr7	60961923	chr10	57295420		False	False	False	True	1	4	5	-9,6	0,0	-8,8	0,0	-8,8	0,0	-9,6	0,0	1	4	5	0	0	0
29750	29750_1	29750_2	BND	chr7	60996104	chr15	19902783		True	True	False	True	10	0	10	-10,244	-1,52	-400,9	-95,1	-400,9	-95,1	-10,244	-1,52	10	0	10	0	0	0
29751	29751_1	29751_2	BND	chr7	60996205	chr15	19903432		True	True	False	True	7	0	7	-95,9	-29,3	-10,179	-1,77	-10,179	-1,77	-95,9	-29,3	7	0	7	0	0	0
12348	12348_1	12348_2	BND	chr7	61063427	chr7	62446527		True	True	False	True	13	0	13	-343,9	-49,3	-589,9	-74,2	-589,9	-74,2	-343,9	-49,3	13	0	13	0	0	0
29774	29774_1	29774_2	BND	chr7	62454634	chr16	46386332		True	True	False	True	6	0	6	-556,9	-107,2	-527,9	-97,2	-527,9	-97,2	-556,9	-107,2	5	0	5	1	0	1
12365	12365		DEL	chr7	63158269	chr7	63158703	434.0	True		False		5	0	5	-10,205	-2,88	-59,9	-42,2					5	0	5	0	0	0
12411	12411		DEL	chr7	64132661	chr7	64132817	156.0	True		False		5	0	5	-10,4	-3,4	-147,9	-55,3					5	0	5	0	0	0
12418	12418		DEL	chr7	64565604	chr7	64566090	486.0	True		False		5	0	5	-10,208	-2,91	-244,9	-94,2					5	0	5	0	0	0
12421	12421		DEL	chr7	64627528	chr7	64627845	317.0	True		False		6	0	6	-10,293	-2,161	-316,9	-166,2					5	0	5	1	0	1
29688	29688_1	29688_2	BND	chr7	64692233	chr11	11267069		False	False	False	True	1	4	5	-8,8	0,0	-8,8	0,0	-8,8	0,0	-8,8	0,0	1	4	5	0	0	0
29810	29810_1	29810_2	BND	chr7	64829560	chr19	21297617		True	True	False	True	8	0	8	-498,9	-94,0	-471,3	-111,0	-471,3	-111,0	-498,9	-94,0	7	0	7	1	0	1
12426	12426		DEL	chr7	64878437	chr7	64878534	97.0	True		False		5	0	5	-10,95	-3,57	-96,9	-49,3					5	0	5	0	0	0
12440	12440		DUP	chr7	65084323	chr7	65773802	689479.0	True		False		5	0	5	-508,9	-99,2	-10,568	-1,124					5	0	5	0	0	0
12441	12441		DEL	chr7	65101184	chr7	65790556	689372.0	True		False		8	0	8	-10,444	-1,99	-454,9	-86,2					7	0	7	1	0	1
12442	12442		DUP	chr7	65101474	chr7	65790823	689349.0	True		False		7	0	7	-512,9	-110,1	-10,494	-2,76					7	0	7	0	0	0
12448	12448		DEL	chr7	65808444	chr7	65808787	343.0	True		False		6	0	6	-10,106	-2,55	-279,9	-55,3					6	0	6	0	0	0
12450	12450		DEL	chr7	65816776	chr7	65817341	565.0	True		False		6	0	6	-10,424	-2,98	-405,9	-117,2					6	0	6	0	0	0
12451	12451		DEL	chr7	65818819	chr7	65819166	347.0	True		False		5	0	5	-10,94	-3,45	-328,9	-88,2					5	0	5	0	0	0
12458	12458		DEL	chr7	65999231	chr7	65999935	704.0	True		False		5	0	5	-10,475	-2,139	-296,9	-134,2					5	0	5	0	0	0
12466	12466		DEL	chr7	66617444	chr7	66618185	741.0	True		False		7	0	7	-10,701	-2,352	-702,9	-352,2					6	0	6	1	0	1
12467	12467		DEL	chr7	66623905	chr7	66624494	589.0	True		False		5	0	5	-10,471	-2,106	-503,9	-124,2					5	0	5	0	0	0
12468	12468		DEL	chr7	66782280	chr7	66782520	240.0	True		False		7	0	7	-10,2	-5,2	-239,9	-47,3					7	0	7	0	0	0
12475	12475		DEL	chr7	66943589	chr7	66944048	459.0	True		False		6	0	6	-10,457	-2,129	-458,9	-134,2					6	0	6	0	0	0
12590	12590_1	12590_2	BND	chr7	67255837	chr7	72558866		True	True	False	True	6	0	6	-10,605	-1,141	-10,537	-1,121	-10,537	-1,121	-10,605	-1,141	6	0	6	0	0	0
12589	12589_1	12589_2	BND	chr7	67260081	chr7	72554693		True	True	False	True	9	0	9	-594,9	-83,2	-89,9	-37,3	-89,9	-37,3	-594,9	-83,2	8	0	8	1	0	1
12496	12496		DEL	chr7	67641899	chr7	68169572	527673.0	True		False		5	0	5	-7,593	-1,138	-439,9	-91,2					5	0	5	0	0	0
12499	12499		DEL	chr7	68431173	chr7	68431788	615.0	True		False		5	0	5	-10,466	-2,180	-547,9	-186,2					5	0	5	0	0	0
12504	12504		DEL	chr7	68684384	chr7	68684717	333.0	True		False		5	0	5	-10,23	-2,19	-261,9	-93,2					5	0	5	0	0	0
12506	12506		DEL	chr7	68705030	chr7	68705668	638.0	True		False		6	0	6	-10,568	-2,140	-390,9	-136,2					6	0	6	0	0	0
12509	12509		DEL	chr7	68914832	chr7	68915155	323.0	True		False		5	0	5	-10,8	-2,8	-303,9	-75,3					5	0	5	0	0	0
12513	12513		DEL	chr7	69098350	chr7	69099108	758.0	True		False		5	0	5	-10,616	-2,201	-612,9	-200,2					5	0	5	0	0	0
12523	12523		DEL	chr7	69411825	chr7	69412354	529.0	True		False		6	0	6	-10,202	-2,88	-312,9	-95,3					5	0	5	1	0	1
12526	12526		DEL	chr7	69781865	chr7	69781969	104.0	True		False		5	0	5	-10,5	-3,5	-16,9	-13,2					5	0	5	0	0	0
12528	12528		DEL	chr7	69796702	chr7	69796910	208.0	True		False		5	0	5	-10,189	-3,62	-49,9	-32,2					5	0	5	0	0	0
12530	12530		DEL	chr7	69897662	chr7	69897948	286.0	True		False		5	0	5	-10,280	-3,78	-1,5	-1,4					5	0	5	0	0	0
12533	12533		DEL	chr7	70060489	chr7	70061243	754.0	True		False		5	0	5	-10,581	-2,192	-567,9	-189,2					5	0	5	0	0	0
12534	12534		DEL	chr7	70195142	chr7	70195599	457.0	True		False		5	0	5	-10,299	-3,77	-383,9	-99,2					5	0	5	0	0	0
12539	12539		DEL	chr7	70588144	chr7	70589121	977.0	True		False		6	0	6	-10,649	-2,328	-650,9	-328,2					6	0	6	0	0	0
12540	12540		DEL	chr7	70600423	chr7	70601046	623.0	True		False		5	0	5	-10,565	-2,189	-543,9	-186,2					5	0	5	0	0	0
12541	12541_1	12541_2	BND	chr7	70660942	chr7	70661076		True	True	False	True	2	3	5	-10,9	-1,1	-8,9	-1,1	-8,9	-1,1	-10,9	-1,1	2	3	5	0	0	0
12544	12544		DEL	chr7	70741756	chr7	70742299	543.0	True		False		5	0	5	-10,125	-2,69	-282,9	-91,3					5	0	5	0	0	0
12546	12546		DEL	chr7	70817040	chr7	70817962	922.0	True		False		7	0	7	-10,592	-2,195	-519,9	-183,2					7	0	7	0	0	0
12549	12549		DEL	chr7	70976945	chr7	70977563	618.0	True		False		5	0	5	-10,519	-2,129	-436,9	-138,2					5	0	5	0	0	0
12550	12550		DEL	chr7	70982733	chr7	70983114	381.0	True		False		6	0	6	-10,0	-10,0	-237,9	-58,3					5	0	5	1	0	1
12551	12551		INV	chr7	71175231	chr7	71175582	351.0	True		False		3	2	5	-10,9	-2,3	-10,9	-3,3					3	2	5	0	0	0
12558	12558		DEL	chr7	71427573	chr7	71428186	613.0	True		False		5	0	5	-10,487	-2,128	-502,9	-129,2					5	0	5	0	0	0
12565	12565		DEL	chr7	71648173	chr7	71648943	770.0	True		False		5	0	5	-10,573	-2,191	-498,9	-182,2					5	0	5	0	0	0
12570	12570		DEL	chr7	71874146	chr7	71874754	608.0	True		False		5	0	5	-10,504	-2,182	-502,9	-182,2					5	0	5	0	0	0
12572	12572		DEL	chr7	71970598	chr7	71971251	653.0	True		False		7	0	7	-10,283	-2,115	-450,9	-105,2					7	0	7	0	0	0
12576	12576		INV	chr7	72081238	chr7	72081347	109.0	True		False		1	4	5	-3,9	0,3	0,8	0,3					1	4	5	0	0	0
12577	12577		DEL	chr7	72158742	chr7	72159574	832.0	True		False		5	0	5	-10,536	-2,185	-566,9	-189,2					5	0	5	0	0	0
12580	12580		DEL	chr7	72168850	chr7	72169382	532.0	True		False		5	0	5	-10,493	-2,135	-324,9	-121,2					5	0	5	0	0	0
12586	12586		DEL	chr7	72390080	chr7	72390450	370.0	True		False		5	0	5	-10,145	-2,87	-210,9	-120,2					5	0	5	0	0	0
12587	12587		DEL	chr7	72427569	chr7	72428255	686.0	True		False		5	0	5	-10,519	-2,183	-512,9	-183,2					5	0	5	0	0	0
12592	12592		DEL	chr7	72768578	chr7	72768881	303.0	True		False		5	0	5	-10,128	-3,58	-261,9	-66,3					5	0	5	0	0	0
12599	12599		DEL	chr7	73439059	chr7	73439709	650.0	True		False		5	0	5	-10,216	-2,120	-216,9	-124,2					5	0	5	0	0	0
12602	12602		DEL	chr7	73494773	chr7	73495290	517.0	True		False		6	0	6	-10,469	-2,145	-482,9	-128,2					6	0	6	0	0	0
12603	12603		DEL	chr7	73554029	chr7	73554257	228.0	True		False		5	0	5	-10,158	-2,81	-46,9	-34,2					5	0	5	0	0	0
12606	12606		DEL	chr7	73774314	chr7	73775313	999.0	True		False		5	0	5	-10,628	-2,205	-597,9	-196,2					5	0	5	0	0	0
12610	12610		DEL	chr7	73882747	chr7	73882968	221.0	True		False		5	0	5	-10,103	-2,54	-180,9	-72,3					5	0	5	0	0	0
12620	12620		DEL	chr7	74369733	chr7	74370155	422.0	True		False		6	0	6	-10,165	-3,59	-103,9	-40,3					5	0	5	1	0	1
12630	12630		DEL	chr7	75434366	chr7	75435027	661.0	True		False		5	0	5	-10,577	-2,192	-498,9	-182,2					5	0	5	0	0	0
12636	12636		DEL	chr7	76011790	chr7	76012343	553.0	True		False		5	0	5	-10,506	-2,182	-513,9	-183,2					5	0	5	0	0	0
12637	12637		DEL	chr7	76014871	chr7	76015668	797.0	True		False		6	0	6	-10,517	-3,173	-521,9	-173,3					5	0	5	1	0	1
12655	12655		DUP	chr7	76499334	chr7	76999146	499812.0	True		False		9	0	9	-579,9	-76,2	-10,370	-3,56					8	0	8	1	0	1
12659	12659		DEL	chr7	77420114	chr7	77420811	697.0	True		False		5	0	5	-10,352	-3,73	-468,9	-89,2					5	0	5	0	0	0
12661	12661		DEL	chr7	77460678	chr7	77461300	622.0	True		False		5	0	5	-10,502	-2,149	-32,9	-26,1					5	0	5	0	0	0
12665	12665		DEL	chr7	77674979	chr7	77675924	945.0	True		False		5	0	5	-10,545	-2,186	-361,9	-172,2					5	0	5	0	0	0
12671	12671		DEL	chr7	78033941	chr7	78034572	631.0	True		False		5	0	5	-10,397	-2,110	-269,9	-102,2					5	0	5	0	0	0
12673	12673		DEL	chr7	78083387	chr7	78084002	615.0	True		False		6	0	6	-10,444	-3,99	-278,9	-93,3					5	0	5	1	0	1
12675	12675		DEL	chr7	78229191	chr7	78229915	724.0	True		False		6	0	6	-10,587	-2,194	-612,9	-200,2					5	0	5	1	0	1
29663	29663_1	29663_2	BND	chr7	78567361	chr9	100851379		False	False	False	True	1	4	5	-9,6	0,0	-9,6	0,0	-9,6	0,0	-9,6	0,0	1	4	5	0	0	0
12682	12682		INV	chr7	78721006	chr7	78721303	297.0	True		False		4	2	6	-10,9	-3,3	-10,9	-3,1					3	2	5	1	0	1
12691	12691		DEL	chr7	79246997	chr7	79248083	1086.0	True		False		6	0	6	-10,645	-2,210	-630,9	-205,2					6	0	6	0	0	0
12693	12693		DEL	chr7	79528611	chr7	79529584	973.0	True		False		5	0	5	-10,623	-2,203	-541,9	-186,2					5	0	5	0	0	0
12701	12701		DEL	chr7	80154076	chr7	80154263	187.0	True		False		5	0	5	-10,172	-3,69	-13,9	-11,2					5	0	5	0	0	0
12702	12702_1	12702_2	BND	chr7	80215180	chr7	80215299		True	True	False	True	2	3	5	-9,9	-1,1	-8,9	-1,1	-8,9	-1,1	-9,9	-1,1	2	3	5	0	0	0
12704	12704		DEL	chr7	80287254	chr7	80288062	808.0	True		False		5	0	5	-10,649	-2,328	-650,9	-328,2					5	0	5	0	0	0
12705	12705		DEL	chr7	80444407	chr7	80444905	498.0	True		False		5	0	5	-10,408	-2,106	-327,9	-109,2					5	0	5	0	0	0
12708	12708		DEL	chr7	80765865	chr7	80766542	677.0	True		False		5	0	5	-10,477	-2,180	-589,9	-194,2					5	0	5	0	0	0
29650	29650_1	29650_2	BND	chr7	81066088	chr8	87782809		True	True	False	True	6	0	6	0,7	0,2	-10,527	-2,106	-10,527	-2,106	0,7	0,2	6	0	6	0	0	0
12720	12720		INV	chr7	81547724	chr7	81548169	445.0	True		False		2	3	5	-10,9	-1,1	-10,9	-1,1					2	3	5	0	0	0
12727	12727		DEL	chr7	82130581	chr7	82131660	1079.0	True		False		5	0	5	-10,649	-2,328	-650,9	-328,2					5	0	5	0	0	0
12735	12735_1	12735_2	BND	chr7	83059071	chr7	83059175		True	True	False	True	2	3	5	-9,2	-1,1	-10,3	-2,1	-10,3	-2,1	-9,2	-1,1	2	3	5	0	0	0
12736	12736		DEL	chr7	83201551	chr7	83201801	250.0	True		False		5	0	5	-10,127	-3,56	-198,9	-66,3					5	0	5	0	0	0
12745	12745		DEL	chr7	83940517	chr7	83940599	82.0	True		False		5	0	5	-10,60	-3,35	-81,9	-53,2					5	0	5	0	0	0
29840	29840_1	29840_2	BND	chr7	84299810	chr22	23735554		True	True	False	True	9	0	9	-363,9	-52,2	-627,9	-102,1	-627,9	-102,1	-363,9	-52,2	9	0	9	0	0	0
12760	12760		DEL	chr7	85089212	chr7	85089742	530.0	True		False		6	0	6	-10,331	-2,97	-324,9	-69,3					5	0	5	1	0	1
12765	12765		DEL	chr7	85648464	chr7	85649054	590.0	True		False		6	0	6	-10,278	-2,103	-276,9	-104,2					6	0	6	0	0	0
12770	12770		DEL	chr7	85960254	chr7	85960775	521.0	True		False		6	0	6	-10,454	-2,145	-496,9	-130,2					6	0	6	0	0	0
12778	12778		DEL	chr7	86856072	chr7	86856636	564.0	True		False		6	0	6	-10,497	-2,132	-335,9	-142,2					5	0	5	1	0	1
12789	12789		DEL	chr7	88431044	chr7	88431585	541.0	True		False		5	0	5	-10,263	-3,79	-176,9	-78,2					5	0	5	0	0	0
29679	29679_1	29679_2	BND	chr7	88480072	chr10	70906569		False	False	False	True	1	4	5	-9,6	0,0	-9,6	0,0	-9,6	0,0	-9,6	0,0	1	4	5	0	0	0
12791	12791		DEL	chr7	88542777	chr7	88543912	1135.0	True		False		6	0	6	-10,649	-2,328	-650,9	-328,2					5	0	5	1	0	1
12796	12796		INV	chr7	89380064	chr7	89380212	148.0	True		False		3	2	5	-10,9	-3,3	-8,9	-2,3					3	2	5	0	0	0
12800	12800		DEL	chr7	89924894	chr7	89925253	359.0	True		False		9	0	9	-10,158	-3,42	-190,9	-35,3					8	0	8	1	0	1
12819	12819		DEL	chr7	91297220	chr7	91297429	209.0	True		False		5	0	5	-10,174	-3,61	-208,9	-81,2					5	0	5	0	0	0
12838	12838		DEL	chr7	92935867	chr7	92936292	425.0	True		False		5	0	5	-10,423	-2,126	-382,9	-120,3					5	0	5	0	0	0
12839	12839		DEL	chr7	93363534	chr7	93363818	284.0	True		False		5	0	5	-10,282	-2,100	-57,9	-40,2					5	0	5	0	0	0
29779	29779_1	29779_2	BND	chr7	93918500	chr16	89511744		False	False	False	True	1	4	5	-9,6	0,0	-8,8	0,0	-8,8	0,0	-9,6	0,0	1	4	5	0	0	0
12849	12849_1	12849_2	BND	chr7	94112594	chr7	94112710		False	False	False	True	1	4	5	-8,5	0,0	-8,8	0,0	-8,8	0,0	-8,5	0,0	1	4	5	0	0	0
12851	12851_1	12851_2	BND	chr7	94397226	chr7	94397393		True	True	False	True	2	3	5	-10,7	-1,0	-8,6	-1,0	-8,6	-1,0	-10,7	-1,0	2	3	5	0	0	0
12855	12855		DEL	chr7	94832371	chr7	94832992	621.0	True		False		5	0	5	-10,347	-2,137	-242,9	-119,2					5	0	5	0	0	0
12857	12857		DEL	chr7	94865028	chr7	94866081	1053.0	True		False		5	0	5	-10,649	-2,328	-650,9	-328,2					5	0	5	0	0	0
12858	12858		DEL	chr7	95058690	chr7	95059245	555.0	True		False		5	0	5	-10,420	-2,103	-181,9	-88,2					5	0	5	0	0	0
12861	12861		DEL	chr7	95183184	chr7	95183675	491.0	True		False		6	0	6	-10,18	-2,15	-358,9	-104,2					6	0	6	0	0	0
12864	12864		DEL	chr7	95415907	chr7	95416531	624.0	True		False		5	0	5	-10,622	-1,168	-426,9	-133,2					5	0	5	0	0	0
12891	12891		INV	chr7	97461955	chr7	97462160	205.0	True		False		4	2	6	-29,0	-22,0	-2,9	-2,2					4	2	6	0	0	0
29740	29740_1	29740_2	BND	chr7	97524536	chr14	85466002		True	True	False	True	6	0	6	-7,558	-1,121	-7,559	-2,121	-7,559	-2,121	-7,558	-1,121	5	0	5	1	0	1
12898	12898		DEL	chr7	98362565	chr7	98363020	455.0	True		False		5	0	5	-10,209	-3,67	-313,9	-77,3					5	0	5	0	0	0
12900	12900		DEL	chr7	98406600	chr7	98407146	546.0	True		False		6	0	6	-10,397	-2,136	-524,9	-145,2					5	0	5	1	0	1
12913	12913		DEL	chr7	98728925	chr7	98729341	416.0	True		False		5	0	5	-10,306	-3,71	-228,9	-66,3					5	0	5	0	0	0
12914	12914		DEL	chr7	98805595	chr7	98806029	434.0	True		False		5	0	5	-10,372	-2,102	-52,9	-35,2					5	0	5	0	0	0
12921	12921		DEL	chr7	99262571	chr7	99263197	626.0	True		False		5	0	5	-10,529	-2,148	-400,9	-143,2					5	0	5	0	0	0
12922	12922		DEL	chr7	99298588	chr7	99298932	344.0	True		False		7	0	7	-10,310	-3,65	-79,9	-45,2					7	0	7	0	0	0
12933	12933		DEL	chr7	100028124	chr7	100029036	912.0	True		False		5	1	6	-10,9	-2,3	-10,9	-3,3					4	1	5	1	0	1
12939	12939		DUP	chr7	100952719	chr7	100953617	898.0	True		False		7	0	7	-500,9	-84,2	-10,524	-1,98					6	0	6	1	0	1
12946	12946		DEL	chr7	100952757	chr7	100955964	3207.0	True		False		5	0	5	-10,344	-3,76	-477,9	-109,2					5	0	5	0	0	0
12951	12951		DUP	chr7	100953392	chr7	100957036	3644.0	True		False		12	0	12	-265,9	-41,3	-10,120	-3,35					11	0	11	1	0	1
12940	12940		DEL	chr7	100953807	chr7	100954447	640.0	True		False		5	0	5	-10,318	-3,70	-97,9	-48,3					5	0	5	0	0	0
12959	12959		DEL	chr7	101229253	chr7	101229915	662.0	True		False		5	0	5	-10,368	-2,127	-545,9	-139,2					5	0	5	0	0	0
12960	12960		DEL	chr7	101250896	chr7	101251971	1075.0	True		False		5	0	5	-10,649	-2,328	-650,9	-328,2					5	0	5	0	0	0
12987	12987		DEL	chr7	102838743	chr7	102839364	621.0	True		False		7	0	7	-10,85	-2,62	-540,9	-115,2					7	0	7	0	0	0
12993	12993		DEL	chr7	103078696	chr7	103079117	421.0	True		False		5	0	5	-10,320	-2,108	-252,9	-104,2					5	0	5	0	0	0
13004	13004		DEL	chr7	103535002	chr7	103535684	682.0	True		False		6	0	6	-10,450	-2,141	-584,9	-155,2					6	0	6	0	0	0
13005	13005		DEL	chr7	103596752	chr7	103597367	615.0	True		False		5	0	5	-10,327	-2,135	-345,9	-129,2					5	0	5	0	0	0
13006	13006		DEL	chr7	103780044	chr7	103780525	481.0	True		False		5	0	5	-10,375	-2,129	-480,9	-132,2					5	0	5	0	0	0
13007	13007_1	13007_2	BND	chr7	103805114	chr7	103805312		True	True	False	True	2	3	5	0,7	0,7	-4,9	-1,3	-4,9	-1,3	0,7	0,7	2	3	5	0	0	0
13011	13011		DEL	chr7	103957657	chr7	103958203	546.0	True		False		5	0	5	-10,471	-2,180	-519,9	-183,2					5	0	5	0	0	0
13026	13026		DEL	chr7	104555999	chr7	104556388	389.0	True		False		6	0	6	-10,139	-2,78	-148,9	-78,2					5	0	5	1	0	1
13029	13029		DEL	chr7	104805098	chr7	104806004	906.0	True		False		5	0	5	-10,649	-2,328	-650,9	-328,2					5	0	5	0	0	0
13033	13033		DEL	chr7	105008678	chr7	105009347	669.0	True		False		5	0	5	-10,626	-2,204	-644,9	-210,2					5	0	5	0	0	0
13034	13034		DEL	chr7	105029154	chr7	105029343	189.0	True		False		5	0	5	-10,187	-3,79	-72,9	-30,3					5	0	5	0	0	0
13037	13037		DEL	chr7	105285360	chr7	105286100	740.0	True		False		5	0	5	-10,645	-2,210	-580,9	-192,2					5	0	5	0	0	0
13039	13039		DEL	chr7	105313155	chr7	105313908	753.0	True		False		5	0	5	-10,11	-2,10	-491,9	-129,2					5	0	5	0	0	0
13040	13040		DEL	chr7	105331218	chr7	105331683	465.0	True		False		6	0	6	-10,215	-3,62	-341,9	-63,3					5	0	5	1	0	1
13044	13044		DEL	chr7	105369518	chr7	105370035	517.0	True		False		6	0	6	-10,501	-2,126	-516,9	-137,2					6	0	6	0	0	0
12397	12397		DEL	chr7	105398227	chr7	105398720	493.0	True		False		5	0	5	-10,491	-2,135	-471,9	-124,2					5	0	5	0	0	0
13049	13049		DEL	chr7	105486318	chr7	105486823	505.0	False		False		2	6	8	-10,9	0,0	-6,5	0,0					2	6	8	0	0	0
12398	12398		DEL	chr7	105610766	chr7	105611454	688.0	True		False		7	0	7	-10,588	-2,134	-368,9	-118,2					6	0	6	1	0	1
13058	13058		DEL	chr7	105751380	chr7	105752228	848.0	True		False		5	0	5	-10,599	-2,197	-615,9	-201,2					5	0	5	0	0	0
13059	13059		DEL	chr7	105764980	chr7	105765552	572.0	True		False		5	0	5	-10,457	-2,131	-571,9	-148,2					5	0	5	0	0	0
13061	13061		DEL	chr7	105774034	chr7	105775011	977.0	True		False		5	0	5	-10,649	-2,328	-650,9	-328,2					5	0	5	0	0	0
13062	13062		DEL	chr7	105862734	chr7	105863838	1104.0	True		False		5	0	5	-10,649	-2,328	-650,9	-328,2					5	0	5	0	0	0
13067	13067		DEL	chr7	105945724	chr7	105946316	592.0	True		False		5	0	5	-10,414	-2,177	-280,9	-158,2					5	0	5	0	0	0
13068	13068		DEL	chr7	105975113	chr7	105976167	1054.0	True		False		5	0	5	-10,649	-2,328	-650,9	-328,2					5	0	5	0	0	0
13071	13071		DEL	chr7	106218748	chr7	106218889	141.0	True		False		5	0	5	-10,109	-3,48	-123,9	-72,2					5	0	5	0	0	0
13073	13073		DEL	chr7	106765489	chr7	106765600	111.0	True		False		5	1	6	-10,9	-3,3	-10,9	-3,3					5	0	5	0	1	1
13076	13076		DEL	chr7	106949823	chr7	106950099	276.0	True		False		5	0	5	-10,125	-1,76	-134,9	-73,2					5	0	5	0	0	0
13079	13079		DEL	chr7	107010423	chr7	107010595	172.0	True		False		5	0	5	-10,16	-2,14	-118,9	-58,3					5	0	5	0	0	0
13080	13080		DEL	chr7	107197657	chr7	107198211	554.0	True		False		6	0	6	-10,148	-2,75	-475,9	-124,2					6	0	6	0	0	0
13085	13085		DEL	chr7	107810890	chr7	107811805	915.0	True		False		6	0	6	-10,509	-2,145	-382,9	-122,2					6	0	6	0	0	0
13096	13096		DEL	chr7	108222490	chr7	108223099	609.0	True		False		5	0	5	-10,452	-2,144	-363,9	-143,2					5	0	5	0	0	0
13111	13111		DEL	chr7	109965307	chr7	109965889	582.0	True		False		5	0	5	-10,553	-2,187	-581,9	-194,2					5	0	5	0	0	0
29824	29824_1	29824_2	BND	chr7	109987371	chr21	14920006		False	False	False	True	1	4	5	-8,8	0,0	-8,8	0,0	-8,8	0,0	-8,8	0,0	1	4	5	0	0	0
13115	13115		DEL	chr7	110717327	chr7	110717887	560.0	True		False		5	0	5	-10,323	-2,137	-559,9	-140,2					5	0	5	0	0	0
13130	13130		DEL	chr7	112362959	chr7	112363027	68.0	True		False		5	0	5	-10,66	-2,49	-67,9	-44,2					5	0	5	0	0	0
13131	13131		DEL	chr7	112389812	chr7	112390243	431.0	True		False		5	0	5	-10,201	-2,92	-386,9	-97,2					5	0	5	0	0	0
13135	13135		DEL	chr7	112609724	chr7	112610147	423.0	True		False		6	0	6	-10,315	-2,98	-323,9	-92,3					6	0	6	0	0	0
13141	13141		DEL	chr7	114198036	chr7	114198184	148.0	True		False		5	0	5	-10,50	-2,38	-139,9	-85,2					5	0	5	0	0	0
13145	13145		DEL	chr7	114963143	chr7	114963805	662.0	True		False		5	0	5	-10,578	-2,144	-590,9	-156,2					5	0	5	0	0	0
13146	13146		DEL	chr7	114972173	chr7	114972909	736.0	True		False		5	0	5	-10,520	-2,133	-469,9	-148,2					5	0	5	0	0	0
13147	13147		DEL	chr7	115005336	chr7	115006060	724.0	True		False		5	0	5	-10,649	-2,328	-650,9	-328,2					5	0	5	0	0	0
13149	13149		DEL	chr7	115298170	chr7	115298959	789.0	True		False		5	0	5	-10,267	-2,154	-481,9	-181,2					5	0	5	0	0	0
13155	13155		DEL	chr7	116171378	chr7	116172108	730.0	True		False		5	0	5	-10,572	-2,191	-583,9	-193,2					5	0	5	0	0	0
13157	13157		DEL	chr7	116579710	chr7	116580334	624.0	True		False		5	0	5	-10,615	-2,158	-490,9	-130,2					5	0	5	0	0	0
13180	13180		DEL	chr7	118025639	chr7	118026643	1004.0	True		False		7	0	7	-10,649	-2,328	-650,9	-328,2					7	0	7	0	0	0
13184	13184		INV	chr7	118442713	chr7	118442802	89.0	True		False		2	3	5	-5,0	-5,0	0,9	0,2					2	3	5	0	0	0
13185	13185		DEL	chr7	118444106	chr7	118444459	353.0	True		False		5	0	5	-10,304	-2,104	-92,9	-56,2					5	0	5	0	0	0
29664	29664_1	29664_2	BND	chr7	118574712	chr9	115095614		True	True	False	True	5	0	5	-498,9	-109,2	-7,588	0,138	-7,588	0,138	-498,9	-109,2	5	0	5	0	0	0
13189	13189		DEL	chr7	119417753	chr7	119418334	581.0	True		False		6	0	6	-10,537	-2,133	-545,9	-135,2					6	0	6	0	0	0
13192	13192		DEL	chr7	119543358	chr7	119543706	348.0	True		False		5	0	5	-10,213	-3,72	-251,9	-82,2					5	0	5	0	0	0
13194	13194		INV	chr7	119784122	chr7	119784613	491.0	True		False		2	3	5	-10,9	-1,1	-10,9	-1,1					2	3	5	0	0	0
13199	13199		DEL	chr7	120177953	chr7	120178254	301.0	True		False		5	0	5	-10,108	-2,57	-152,9	-64,3					5	0	5	0	0	0
13200	13200_1	13200_2	BND	chr7	120205726	chr7	120205869		True	True	False	True	2	3	5	-10,9	-1,1	-10,5	-2,1	-10,5	-2,1	-10,9	-1,1	2	3	5	0	0	0
13204	13204		DEL	chr7	120650107	chr7	120651333	1226.0	True		False		6	0	6	-10,119	-3,52	-189,9	-79,0					5	0	5	1	0	1
13208	13208		DEL	chr7	120791852	chr7	120792365	513.0	True		False		7	0	7	-10,461	-2,114	-386,9	-80,3					6	0	6	1	0	1
13217	13217		DEL	chr7	121883627	chr7	121884216	589.0	True		False		5	0	5	-10,508	-2,182	-588,9	-197,2					5	0	5	0	0	0
13219	13219		DEL	chr7	121949211	chr7	121949885	674.0	True		False		5	0	5	-10,634	-2,207	-570,9	-190,2					5	0	5	0	0	0
13221	13221		INV	chr7	122327223	chr7	122327431	208.0	True		False		3	2	5	-66,25	-54,25	0,21	0,12					3	2	5	0	0	0
13224	13224		DEL	chr7	122834713	chr7	122835350	637.0	True		False		5	0	5	-10,635	-2,210	-636,9	-211,1					5	0	5	0	0	0
13226	13226		DEL	chr7	123288120	chr7	123288687	567.0	True		False		6	0	6	-10,534	-2,133	-473,9	-132,2					5	0	5	1	0	1
13230	13230		DEL	chr7	123721728	chr7	123722648	920.0	True		False		6	0	6	-10,572	-2,134	-370,9	-142,2					5	0	5	1	0	1
13231	13231		DEL	chr7	123844227	chr7	123845482	1255.0	True		False		5	0	5	-10,649	-2,328	-650,9	-328,2					5	0	5	0	0	0
13238	13238		DEL	chr7	124100530	chr7	124100611	81.0	True		False		6	0	6	-10,33	-2,25	-80,9	-37,3					5	0	5	1	0	1
13242	13242		DEL	chr7	124421510	chr7	124422249	739.0	True		False		5	0	5	-10,296	-2,107	-7,9	-6,2					5	0	5	0	0	0
13243	13243		DEL	chr7	124481511	chr7	124481848	337.0	True		False		5	0	5	-10,128	-2,71	-62,9	-42,2					5	0	5	0	0	0
29863	29863_1	29863_2	BND	chr7	124985254	chrX	128782817		True	True	False	True	6	0	6	-289,9	-71,3	-567,9	-114,2	-567,9	-114,2	-289,9	-71,3	5	0	5	1	0	1
13668	13668_1	13668_2	BND	chr7	125022561	chr7	147874594		True	True	False	True	5	0	5	-10,510	-2,105	-7,593	-1,138	-7,593	-1,138	-10,510	-2,105	5	0	5	0	0	0
13247	13247		INV	chr7	125148893	chr7	125149056	163.0	True		False		2	3	5	-10,9	-1,1	-10,9	-1,1					2	3	5	0	0	0
13248	13248_1	13248_2	BND	chr7	125166027	chr7	125166139		True	True	False	True	2	3	5	-10,2	-1,1	-10,9	-1,1	-10,9	-1,1	-10,2	-1,1	2	3	5	0	0	0
13250	13250		DEL	chr7	125200275	chr7	125200553	278.0	True		False		6	0	6	-10,6	-2,6	-254,9	-94,2					6	0	6	0	0	0
13266	13266		INV	chr7	125993182	chr7	125993338	156.0	True		False		2	3	5	-9,3	-2,1	-10,2	-2,1					2	3	5	0	0	0
13268	13268		DEL	chr7	126264840	chr7	126265465	625.0	True		False		5	0	5	-10,499	-2,182	-624,9	-208,2					5	0	5	0	0	0
13274	13274		INV	chr7	126581778	chr7	126581984	206.0	True		False		4	2	6	-10,9	-2,3	-10,9	-3,3					4	2	6	0	0	0
13282	13282		DEL	chr7	127798530	chr7	127799109	579.0	True		False		5	0	5	-10,381	-2,130	-295,9	-119,2					5	0	5	0	0	0
13283	13283		DEL	chr7	127852089	chr7	127852383	294.0	True		False		4	2	6	-10,9	-1,1	-10,9	-1,1					4	2	6	0	0	0
13284	13284		DEL	chr7	127853894	chr7	127854739	845.0	True		False		5	0	5	-10,649	-2,328	-650,9	-328,2					5	0	5	0	0	0
13325	13325		DUP	chr7	128499681	chr7	128999882	500201.0	True		False		10	0	10	-332,9	-55,2	-10,358	-2,76					9	0	9	1	0	1
13318	13318		INV	chr7	128702275	chr7	128702499	224.0	True		False		3	2	5	-10,9	-3,3	-10,9	-3,1					3	2	5	0	0	0
13321	13321		DEL	chr7	128896203	chr7	128896948	745.0	True		False		5	0	5	-10,329	-2,119	-501,9	-116,1					5	0	5	0	0	0
13328	13328		DEL	chr7	129116268	chr7	129116818	550.0	True		False		6	0	6	-10,482	-2,100	-316,9	-95,2					6	0	6	0	0	0
13329	13329		DEL	chr7	129130575	chr7	129131132	557.0	True		False		5	0	5	-10,555	-2,147	-453,9	-137,2					5	0	5	0	0	0
13331	13331		DEL	chr7	129328852	chr7	129329863	1011.0	True		False		6	0	6	-10,701	-2,352	-702,9	-352,2					5	0	5	1	0	1
13340	13340		DEL	chr7	129659246	chr7	129659933	687.0	True		False		5	0	5	-10,644	0,171	-541,9	-151,2					5	0	5	0	0	0
13293	13293		DEL	chr7	129744904	chr7	129745312	408.0	True		False		5	0	5	-10,229	-3,86	-241,9	-87,3					5	0	5	0	0	0
13346	13346		DEL	chr7	129802656	chr7	129803466	810.0	True		False		6	0	6	-10,628	-2,205	-551,9	-187,2					6	0	6	0	0	0
13347	13347		DEL	chr7	129870941	chr7	129871127	186.0	True		False		6	0	6	-10,161	-2,91	-185,9	-108,2					5	0	5	1	0	1
13349	13349		DEL	chr7	129998940	chr7	129999315	375.0	True		False		6	0	6	-10,158	-3,55	-211,9	-61,3					5	0	5	1	0	1
13353	13353		DEL	chr7	130389112	chr7	130389470	358.0	True		False		7	0	7	-10,356	-3,66	-129,9	-65,2					6	0	6	1	0	1
13354	13354		DEL	chr7	130531560	chr7	130532206	646.0	True		False		5	0	5	-10,495	-2,138	-319,9	-137,2					5	0	5	0	0	0
13358	13358		DEL	chr7	130992936	chr7	130993622	686.0	True		False		7	0	7	-10,439	-2,130	-641,9	-169,1					7	0	7	0	0	0
13365	13365		DEL	chr7	131233067	chr7	131233481	414.0	True		False		5	0	5	-10,162	-3,63	-358,9	-82,3					5	0	5	0	0	0
29711	29711_1	29711_2	BND	chr7	131603512	chr12	51936288		True	True	False	True	1	4	5	-7,8	0,1	-8,8	0,0	-8,8	0,0	-7,8	0,1	1	4	5	0	0	0
13369	13369		DUP	chr7	131654485	chr7	131654753	268.0	True		False		6	1	7	-10,9	-2,3	-10,9	-1,3					5	1	6	1	0	1
13374	13374		DEL	chr7	131895733	chr7	131896331	598.0	True		False		5	0	5	-10,596	-2,197	-528,9	-184,2					5	0	5	0	0	0
13375	13375		DEL	chr7	131910255	chr7	131910972	717.0	True		False		6	0	6	-10,571	-2,190	-500,9	-182,2					5	0	5	1	0	1
29683	29683_1	29683_2	BND	chr7	131942442	chr10	117169316		False	False	False	True	1	4	5	-8,8	0,0	-8,8	0,0	-8,8	0,0	-8,8	0,0	1	4	5	0	0	0
13377	13377		DEL	chr7	131957474	chr7	131957959	485.0	True		False		5	0	5	-10,262	-3,90	-405,9	-110,2					5	0	5	0	0	0
13378	13378		DEL	chr7	132026959	chr7	132027008	49.0	True		False		3	2	5	-10,9	-1,1	-10,9	-1,1					3	2	5	0	0	0
13387	13387		DEL	chr7	132357185	chr7	132357613	428.0	True		False		5	0	5	-10,375	-2,174	-427,9	-178,2					5	0	5	0	0	0
13388	13388		DEL	chr7	132367570	chr7	132367723	153.0	True		False		6	0	6	-2,0	-2,0	-114,9	-50,3					6	0	6	0	0	0
13392	13392		DEL	chr7	132526562	chr7	132527055	493.0	True		False		5	0	5	-10,491	-2,129	-454,9	-138,2					5	0	5	0	0	0
13408	13408		DEL	chr7	133215816	chr7	133216047	231.0	True		False		5	0	5	-10,145	-3,60	-130,9	-54,3					5	0	5	0	0	0
13416	13416		DEL	chr7	133498780	chr7	133499795	1015.0	True		False		6	0	6	-10,649	-2,328	-650,9	-328,2					5	0	5	1	0	1
13294	13294		DEL	chr7	134283257	chr7	134283846	589.0	True		False		5	0	5	-10,514	-2,183	-492,9	-181,2					5	0	5	0	0	0
13426	13426		DEL	chr7	134343389	chr7	134344029	640.0	True		False		6	0	6	-10,591	-2,155	-598,9	-153,2					5	0	5	1	0	1
13439	13439		DEL	chr7	135157358	chr7	135157868	510.0	True		False		5	0	5	-10,508	-2,185	-503,9	-182,2					5	0	5	0	0	0
13440	13440		DEL	chr7	135174479	chr7	135174832	353.0	True		False		5	0	5	-10,140	-3,68	-285,9	-68,3					5	0	5	0	0	0
13445	13445		DEL	chr7	135350968	chr7	135351331	363.0	True		False		5	0	5	-10,241	-2,96	-118,9	-55,3					5	0	5	0	0	0
13447	13447		DEL	chr7	135420411	chr7	135420984	573.0	True		False		5	0	5	-10,568	-2,140	-263,9	-116,2					5	0	5	0	0	0
13451	13451		DEL	chr7	135531674	chr7	135532610	936.0	True		False		5	0	5	-10,604	-2,198	-502,9	-182,2					5	0	5	0	0	0
13453	13453		DEL	chr7	135536514	chr7	135536604	90.0	True		False		5	0	5	-10,41	-2,31	-28,9	-19,3					5	0	5	0	0	0
29864	29864_1	29864_2	BND	chr7	136077021	chrX	141733277		False	False	False	True	1	4	5	-9,6	0,0	-9,6	0,0	-9,6	0,0	-9,6	0,0	1	4	5	0	0	0
13461	13461		INV	chr7	136125157	chr7	136125354	197.0	True		False		2	3	5	-10,0	-10,0	-10,9	-3,1					2	3	5	0	0	0
13463	13463_1	13463_2	BND	chr7	136290053	chr7	136290178		False	False	False	True	1	4	5	-9,6	0,0	-9,6	0,0	-9,6	0,0	-9,6	0,0	1	4	5	0	0	0
13470	13470		DEL	chr7	136809814	chr7	136810662	848.0	True		False		5	0	5	-10,586	-2,194	-39,9	-31,2					5	0	5	0	0	0
13486	13486		DEL	chr7	138059541	chr7	138060637	1096.0	True		False		5	0	5	-10,649	-2,328	-650,9	-328,2					5	0	5	0	0	0
29669	29669_1	29669_2	BND	chr7	138275581	chr10	15549227		True	True	False	True	7	0	7	-10,447	-1,78	-6,511	0,116	-6,511	0,116	-10,447	-1,78	6	0	6	1	0	1
13492	13492		DEL	chr7	138399828	chr7	138400356	528.0	True		False		5	0	5	-10,494	-2,127	-360,9	-128,2					5	0	5	0	0	0
13495	13495		DEL	chr7	138458621	chr7	138459338	717.0	True		False		6	0	6	-10,415	-2,134	-350,9	-124,2					5	0	5	1	0	1
13499	13499		DEL	chr7	138635529	chr7	138636138	609.0	True		False		7	0	7	-10,86	-2,57	-278,9	-118,2					7	0	7	0	0	0
29733	29733_1	29733_2	BND	chr7	138789863	chr13	98547056		True	True	False	True	6	0	6	-10,490	-2,99	-9,572	-1,121	-9,572	-1,121	-10,490	-2,99	5	0	5	1	0	1
13505	13505		DEL	chr7	138912624	chr7	138913213	589.0	True		False		5	0	5	-10,360	-3,76	-351,9	-81,3					5	0	5	0	0	0
13508	13508		DEL	chr7	139244865	chr7	139245417	552.0	True		False		5	0	5	-10,517	-2,135	-551,9	-145,2					5	0	5	0	0	0
13516	13516		DEL	chr7	139491211	chr7	139492164	953.0	True		False		5	0	5	-10,618	-2,202	-485,9	-181,2					5	0	5	0	0	0
13296	13296		DEL	chr7	139509518	chr7	139510163	645.0	True		False		5	0	5	-10,447	-2,117	-374,9	-107,2					5	0	5	0	0	0
13517	13517		DEL	chr7	139515976	chr7	139516118	142.0	True		False		6	0	6	-10,103	-2,67	-141,9	-98,2					5	0	5	1	0	1
13518	13518		DEL	chr7	139664558	chr7	139665062	504.0	True		False		5	0	5	-10,488	-2,112	-19,9	-15,2					5	0	5	0	0	0
13519	13519		DEL	chr7	139672363	chr7	139672987	624.0	True		False		6	0	6	-10,542	-2,115	-572,9	-122,2					6	0	6	0	0	0
13521	13521		DEL	chr7	139729805	chr7	139730405	600.0	True		False		5	0	5	-10,598	-2,205	-599,9	-206,2					5	0	5	0	0	0
13524	13524		DEL	chr7	139779835	chr7	139780737	902.0	True		False		5	0	5	-10,572	-2,191	-632,9	-206,2					5	0	5	0	0	0
13528	13528		DEL	chr7	139981699	chr7	139982196	497.0	True		False		7	0	7	-10,319	-3,93	-262,9	-102,2					7	0	7	0	0	0
13529	13529		DEL	chr7	140029806	chr7	140030875	1069.0	True		False		5	0	5	-10,649	-2,328	-650,9	-328,2					5	0	5	0	0	0
13539	13539		DEL	chr7	140638027	chr7	140638227	200.0	True		False		5	0	5	-10,40	-2,29	-2,9	-2,3					5	0	5	0	0	0
13541	13541		DEL	chr7	140729043	chr7	140729620	577.0	True		False		6	0	6	-10,287	-2,130	-236,9	-115,2					6	0	6	0	0	0
13546	13546		DEL	chr7	141186213	chr7	141186797	584.0	True		False		6	0	6	-10,520	-2,141	-528,9	-131,2					5	0	5	1	0	1
13550	13550		DEL	chr7	141404871	chr7	141405333	462.0	True		False		6	0	6	-10,72	-2,49	-423,9	-108,2					6	0	6	0	0	0
13559	13559		DEL	chr7	141646311	chr7	141646987	676.0	True		False		7	0	7	-10,564	-2,140	-419,9	-135,2					6	0	6	1	0	1
13561	13561		INV	chr7	141821163	chr7	141821273	110.0	True		False		3	2	5	-7,5	-1,3	-9,0	-9,0					3	2	5	0	0	0
13565	13565		DEL	chr7	142265792	chr7	142266156	364.0	True		False		5	0	5	-10,92	-2,62	-123,9	-77,2					5	0	5	0	0	0
13573	13573		DEL	chr7	142312662	chr7	142344955	32293.0	True		False		8	0	8	-10,435	-1,91	-272,9	-63,2					7	0	7	1	0	1
13574	13574		DUP	chr7	142313747	chr7	142346096	32349.0	True		False		6	0	6	-556,9	-112,2	-10,348	-2,83					5	0	5	1	0	1
13580	13580		DUP	chr7	142352556	chr7	142474159	121603.0	True		False		7	0	7	-3,9	-3,1	-10,86	-2,50					6	0	6	1	0	1
13585	13585		DEL	chr7	142455625	chr7	142492382	36757.0	True		False		7	0	7	-10,400	-3,49	-335,9	-71,2					6	0	6	1	0	1
13600	13600		DUP	chr7	142502579	chr7	142522699	20120.0	True		False		8	0	8	-572,9	-106,2	-10,224	-2,85					7	0	7	1	0	1
13607	13607		DEL	chr7	142725551	chr7	142726763	1212.0	True		False		5	0	5	-10,649	-2,328	-650,9	-328,2					5	0	5	0	0	0
13613	13613		DEL	chr7	142945181	chr7	142946097	916.0	True		False		5	0	5	-10,603	-2,198	-572,9	-190,2					5	0	5	0	0	0
13616	13616		DEL	chr7	143067730	chr7	143068227	497.0	True		False		6	0	6	-10,202	-2,87	-469,9	-107,2					6	0	6	0	0	0
13636	13636		DEL	chr7	145212020	chr7	145212148	128.0	True		False		6	0	6	-10,90	-3,39	-46,9	-31,2					5	0	5	1	0	1
13639	13639		DEL	chr7	145724533	chr7	145725178	645.0	True		False		6	0	6	-10,126	-2,83	-562,9	-141,2					5	0	5	1	0	1
13642	13642		DEL	chr7	145804241	chr7	145804768	527.0	True		False		8	0	8	-10,342	-3,60	-347,9	-57,3					7	0	7	1	0	1
13646	13646		DEL	chr7	146170848	chr7	146171314	466.0	True		False		5	0	5	-10,421	-2,131	-465,9	-125,2					5	0	5	0	0	0
13650	13650		DEL	chr7	146328141	chr7	146328788	647.0	True		False		5	0	5	-10,526	-2,134	-609,9	-155,2					5	0	5	0	0	0
13652	13652		DEL	chr7	146647599	chr7	146647666	67.0	True		False		5	0	5	-10,65	-2,42	-48,9	-32,2					5	0	5	0	0	0
13673	13673		DEL	chr7	148049635	chr7	148050252	617.0	True		False		6	0	6	-10,527	-1,99	-240,9	-76,2					5	0	5	1	0	1
29743	29743_1	29743_2	BND	chr7	148073562	chr14	36242199		False	False	False	True	1	4	5	-9,6	0,0	-9,6	0,0	-9,6	0,0	-9,6	0,0	1	4	5	0	0	0
13684	13684		DEL	chr7	148800210	chr7	148800908	698.0	True		False		6	0	6	-10,470	-2,141	-584,9	-151,2					5	0	5	1	0	1
13685	13685		DEL	chr7	148923062	chr7	148923601	539.0	True		False		6	0	6	-10,358	-2,104	-243,9	-90,3					6	0	6	0	0	0
13687	13687		DEL	chr7	148947605	chr7	148948078	473.0	True		False		5	0	5	-10,124	-3,57	-220,9	-90,2					5	0	5	0	0	0
13688	13688		DEL	chr7	149023451	chr7	149024160	709.0	True		False		5	0	5	-10,645	-2,210	-609,9	-199,2					5	0	5	0	0	0
13689	13689		DEL	chr7	149060375	chr7	149060976	601.0	True		False		5	0	5	-10,544	-2,145	-596,9	-149,2					5	0	5	0	0	0
13693	13693		DEL	chr7	149355243	chr7	149355549	306.0	True		False		5	0	5	-10,35	-2,28	-198,9	-95,2					5	0	5	0	0	0
13694	13694		DEL	chr7	149397517	chr7	149398068	551.0	True		False		5	0	5	-10,320	-2,112	-422,9	-101,2					5	0	5	0	0	0
13774	13774_1	13774_2	BND	chr7	149945337	chr7	154151465		True	True	False	True	6	0	6	-523,9	-81,2	-550,9	-116,1	-550,9	-116,1	-523,9	-81,2	6	0	6	0	0	0
13770	13770_1	13770_2	BND	chr7	150023080	chr7	154073890		True	True	False	True	8	0	8	-246,9	-50,3	-17,9	-14,2	-17,9	-14,2	-246,9	-50,3	7	0	7	1	0	1
13704	13704		DEL	chr7	150414778	chr7	150415778	1000.0	True		False		5	0	5	-10,649	-2,328	-650,9	-328,2					5	0	5	0	0	0
13705	13705		DEL	chr7	150640506	chr7	150641158	652.0	True		False		6	0	6	-10,337	-2,106	-473,9	-115,2					5	0	5	1	0	1
13706	13706		DEL	chr7	150641789	chr7	150642300	511.0	True		False		6	0	6	-10,475	-2,126	-474,9	-140,2					6	0	6	0	0	0
13710	13710		DEL	chr7	150863995	chr7	150864622	627.0	True		False		5	0	5	-10,338	-2,107	-554,9	-117,2					5	0	5	0	0	0
13725	13725		DEL	chr7	151757435	chr7	151757952	517.0	True		False		6	0	6	-10,460	-2,125	-465,9	-133,2					6	0	6	0	0	0
13795	13795_1	13795_2	BND	chr7	152071064	chr7	155151712		True	True	False	True	7	0	7	-510,9	-102,2	-476,9	-84,2	-476,9	-84,2	-510,9	-102,2	6	0	6	1	0	1
29832	29832_1	29832_2	BND	chr7	152384871	chr21	10425819		True	True	False	True	6	0	6	-10,611	-2,129	-10,323	-2,114	-10,323	-2,114	-10,611	-2,129	5	0	5	1	0	1
29833	29833_1	29833_2	BND	chr7	152388131	chr21	10422952		True	True	False	True	6	0	6	-243,9	-62,3	-173,9	-68,1	-173,9	-68,1	-243,9	-62,3	5	0	5	1	0	1
13738	13738		DEL	chr7	152397860	chr7	152398617	757.0	True		False		5	0	5	-10,29	-2,23	-250,9	-100,2					5	0	5	0	0	0
29846	29846_1	29846_2	BND	chr7	152408140	chr22	10775368		True	True	False	True	5	0	5	-565,9	-105,2	-10,521	-2,100	-10,521	-2,100	-565,9	-105,2	5	0	5	0	0	0
13749	13749		DEL	chr7	153098068	chr7	153099376	1308.0	True		False		5	0	5	-10,649	-2,328	-650,9	-328,2					5	0	5	0	0	0
13755	13755		DEL	chr7	153453795	chr7	153454346	551.0	True		False		5	0	5	-10,511	-2,142	-459,9	-137,2					5	0	5	0	0	0
13763	13763		DEL	chr7	153671546	chr7	153672007	461.0	True		False		5	0	5	-10,179	-2,82	-165,9	-82,2					5	0	5	0	0	0
13766	13766		DEL	chr7	153903376	chr7	153903953	577.0	True		False		6	0	6	-10,472	-2,143	-544,9	-142,2					6	0	6	0	0	0
13777	13777		DEL	chr7	154204208	chr7	154204886	678.0	True		False		5	0	5	-10,555	-2,188	-612,9	-200,2					5	0	5	0	0	0
13778	13778		DEL	chr7	154334370	chr7	154334569	199.0	True		False		5	0	5	-10,131	-3,55	-7,9	-6,2					5	0	5	0	0	0
13780	13780		DEL	chr7	154435785	chr7	154436416	631.0	True		False		5	0	5	-10,383	-2,146	-249,9	-120,2					5	0	5	0	0	0
13784	13784		DEL	chr7	154584623	chr7	154585280	657.0	True		False		6	0	6	-10,392	-2,149	-622,9	-155,2					5	0	5	1	0	1
13790	13790		DEL	chr7	154824785	chr7	154825723	938.0	True		False		5	0	5	-10,586	-2,157	-451,9	-147,2					5	0	5	0	0	0
13800	13800		DEL	chr7	155295738	chr7	155296453	715.0	True		False		5	0	5	-10,546	-2,134	-485,9	-127,2					5	0	5	0	0	0
13807	13807		DEL	chr7	155685434	chr7	155686152	718.0	True		False		7	0	7	-10,488	-2,104	-431,9	-99,2					7	0	7	0	0	0
13808	13808		DEL	chr7	155726818	chr7	155727256	438.0	True		False		5	0	5	-10,358	-2,172	-253,9	-150,2					5	0	5	0	0	0
13809	13809		DEL	chr7	155748654	chr7	155749338	684.0	True		False		5	0	5	-10,495	-2,146	-469,9	-140,2					5	0	5	0	0	0
13820	13820		DEL	chr7	156199970	chr7	156200678	708.0	True		False		6	0	6	-10,575	-2,139	-470,9	-113,3					5	0	5	1	0	1
29808	29808_1	29808_2	BND	chr7	157070063	chr18	38258610		False	False	False	True	1	4	5	-9,6	0,0	-8,8	0,0	-8,8	0,0	-9,6	0,0	1	4	5	0	0	0
13832	13832		DEL	chr7	157081037	chr7	157081498	461.0	True		False		5	0	5	-10,391	-2,126	-401,9	-134,2					5	0	5	0	0	0
13833	13833		DEL	chr7	157112582	chr7	157112821	239.0	True		False		5	0	5	-10,219	-2,112	-237,9	-105,2					5	0	5	0	0	0
13834	13834		DEL	chr7	157146490	chr7	157147067	577.0	True		False		6	0	6	-10,338	-2,98	-363,9	-95,3					5	0	5	1	0	1
13835	13835		DEL	chr7	157174081	chr7	157174443	362.0	True		False		5	0	5	-10,99	-2,55	-73,9	-43,2					5	0	5	0	0	0
29681	29681_1	29681_2	BND	chr7	157461345	chr10	96415774		True	True	False	True	5	0	5	-548,9	-106,2	-10,484	0,120	-10,484	0,120	-548,9	-106,2	5	0	5	0	0	0
13839	13839		DEL	chr7	157627727	chr7	157628346	619.0	True		False		5	0	5	-10,591	-2,195	-618,9	-210,2					5	0	5	0	0	0
13842	13842		DEL	chr7	157820739	chr7	157820830	91.0	True		False		4	1	5	-10,9	-3,3	-10,9	-3,3					4	1	5	0	0	0
13843	13843		DEL	chr7	157845960	chr7	157846303	343.0	True		False		5	0	5	-10,341	-2,87	-342,9	-71,3					5	0	5	0	0	0
13848	13848		DEL	chr7	158028112	chr7	158029184	1072.0	True		False		5	0	5	-10,542	-2,186	-517,9	-183,2					5	0	5	0	0	0
13850	13850		DEL	chr7	158045018	chr7	158045673	655.0	True		False		5	0	5	-10,564	-2,150	-218,9	-113,2					5	0	5	0	0	0
13851	13851		DUP	chr7	158048702	chr7	158049071	369.0	True		False		9	0	9	-447,3	-105,0	-8,395	0,83					8	0	8	1	0	1
13860	13860		DEL	chr7	158330333	chr7	158331096	763.0	True		False		9	0	9	-10,141	-3,33	-324,9	-89,2					9	0	9	0	0	0
13863	13863		DUP	chr7	158331171	chr7	158337502	6331.0	True		False		10	0	10	-108,9	-46,3	-10,214	-3,54					9	0	9	1	0	1
13861	13861		DEL	chr7	158331179	chr7	158336258	5079.0	True		False		7	0	7	-10,441	-2,75	-389,9	-62,3					6	0	6	1	0	1
13864	13864		DEL	chr7	158337772	chr7	158338513	741.0	True		False		5	0	5	-10,456	-3,74	-602,9	-135,1					5	0	5	0	0	0
13867	13867		DUP	chr7	158440892	chr7	158441221	329.0	True		False		6	7	13	-10,9	-1,0	-10,9	-1,1					5	7	12	1	0	1
13877	13877		DEL	chr7	159292878	chr7	159293598	720.0	True		False		7	0	7	-10,633	-2,202	-650,9	-206,2					6	0	6	1	0	1
13884	13884		DEL	chr8	1387806	chr8	1388525	719.0	True		False		5	0	5	-10,319	-2,115	-278,9	-117,2					5	0	5	0	0	0
13885	13885		DEL	chr8	1461259	chr8	1462457	1198.0	True		False		8	0	8	-10,410	-2,74	-430,9	-79,2					7	0	7	1	0	1
13886	13886		DEL	chr8	1798243	chr8	1798711	468.0	True		False		8	0	8	-10,288	-3,48	-288,9	-59,3					7	0	7	1	0	1
13889	13889		DEL	chr8	1874850	chr8	1875184	334.0	True		False		5	0	5	-10,225	-3,74	-149,9	-57,3					5	0	5	0	0	0
30083	30083_1	30083_2	BND	chr8	3241934	chr11	131258142		True	True	False	True	6	0	6	-10,349	-2,78	-563,9	-124,1	-563,9	-124,1	-10,349	-2,78	6	0	6	0	0	0
13909	13909		DEL	chr8	4515773	chr8	4516472	699.0	True		False		5	0	5	-10,625	-2,204	-483,9	-181,2					5	0	5	0	0	0
13932	13932		DEL	chr8	8413450	chr8	8414005	555.0	True		False		6	0	6	-10,50	-2,39	-272,9	-122,2					6	0	6	0	0	0
13940	13940		DEL	chr8	10077250	chr8	10078289	1039.0	True		False		5	0	5	-10,517	-2,183	-477,9	-180,2					5	0	5	0	0	0
13945	13945		DEL	chr8	10906007	chr8	10906285	278.0	True		False		5	0	5	-10,259	-2,115	-277,9	-117,2					5	0	5	0	0	0
13959	13959		DEL	chr8	12895972	chr8	12896200	228.0	True		False		5	0	5	-10,137	-3,64	-182,9	-61,3					5	0	5	0	0	0
13981	13981		DEL	chr8	17362439	chr8	17362706	267.0	True		False		5	0	5	-10,182	-2,101	-174,9	-97,2					5	0	5	0	0	0
13994	13994		DEL	chr8	19089246	chr8	19089815	569.0	True		False		5	0	5	-10,268	-2,122	-548,9	-133,2					5	0	5	0	0	0
14006	14006		DEL	chr8	21385068	chr8	21385265	197.0	True		False		5	0	5	-10,160	-2,66	-179,9	-67,3					5	0	5	0	0	0
14010	14010		DEL	chr8	21858928	chr8	21859340	412.0	True		False		5	0	5	-10,307	-3,76	-311,9	-73,3					5	0	5	0	0	0
14019	14019		DEL	chr8	23962939	chr8	23963557	618.0	True		False		5	0	5	-10,271	-2,117	-537,9	-138,2					5	0	5	0	0	0
30082	30082_1	30082_2	BND	chr8	24739518	chr11	86038189		False	False	False	True	1	4	5	-9,6	0,0	-9,6	0,0	-9,6	0,0	-9,6	0,0	1	4	5	0	0	0
14037	14037		DEL	chr8	27973654	chr8	27974144	490.0	True		False		5	0	5	-10,268	-2,133	-486,9	-125,2					5	0	5	0	0	0
14038	14038		DEL	chr8	28394449	chr8	28394754	305.0	True		False		6	0	6	-10,303	-3,65	-272,9	-58,3					6	0	6	0	0	0
14039	14039		INV	chr8	29035044	chr8	29035272	228.0	True		False		2	3	5	-10,9	-3,3	0,9	0,3					2	3	5	0	0	0
30125	30125_1	30125_2	BND	chr8	32829700	chr17	37398717		True	True	False	True	8	0	8	-472,3	-111,0	-422,9	-68,2	-422,9	-68,2	-472,3	-111,0	7	0	7	1	0	1
14065	14065		DEL	chr8	34286642	chr8	34286871	229.0	True		False		5	0	5	-10,191	-2,103	-228,9	-111,2					5	0	5	0	0	0
30164	30164_1	30164_2	BND	chr8	36946354	chrX	135980913		False	False	False	True	1	4	5	-8,8	0,0	-8,8	0,0	-8,8	0,0	-8,8	0,0	1	4	5	0	0	0
14076	14076		DEL	chr8	38057258	chr8	38059912	2654.0	True		False		9	0	9	-7,419	0,97	-423,9	-85,2					8	0	8	1	0	1
14080	14080		DEL	chr8	38842449	chr8	38843052	603.0	True		False		5	0	5	-10,496	-2,147	-327,9	-136,2					5	0	5	0	0	0
14090	14090		DEL	chr8	40881012	chr8	40881421	409.0	True		False		7	0	7	-10,323	-3,83	-354,9	-83,3					6	0	6	1	0	1
14098	14098		DEL	chr8	42590982	chr8	42591918	936.0	True		False		5	0	5	-10,649	-2,328	-650,9	-328,2					5	0	5	0	0	0
14116	14116		DEL	chr8	47121271	chr8	47121642	371.0	True		False		5	0	5	-10,334	-3,69	-46,9	-32,2					5	0	5	0	0	0
14124	14124		DEL	chr8	48690870	chr8	48691177	307.0	True		False		5	0	5	-10,79	-2,47	-140,9	-58,3					5	0	5	0	0	0
14127	14127		DEL	chr8	48982784	chr8	48983554	770.0	True		False		5	0	5	-10,487	-2,181	-521,9	-183,2					5	0	5	0	0	0
14145	14145		DEL	chr8	54344545	chr8	54345117	572.0	True		False		5	0	5	-10,464	-2,125	-475,9	-130,2					5	0	5	0	0	0
14172	14172		DEL	chr8	59078944	chr8	59079528	584.0	True		False		6	0	6	-10,513	-2,145	-472,9	-137,2					5	0	5	1	0	1
14175	14175_1	14175_2	BND	chr8	59457491	chr8	59465740		True	True	False	True	8	0	8	-10,230	-3,63	-10,428	-2,77	-10,428	-2,77	-10,230	-3,63	7	0	7	1	0	1
14182	14182		DEL	chr8	60992399	chr8	60993140	741.0	True		False		8	0	8	-10,555	-2,138	-473,9	-136,2					7	0	7	1	0	1
14212	14212		DEL	chr8	67313873	chr8	67314550	677.0	True		False		5	0	5	-10,483	-2,135	-271,9	-124,2					5	0	5	0	0	0
14214	14214		DEL	chr8	68376818	chr8	68377449	631.0	True		False		5	0	5	-10,629	-2,328	-630,9	-328,2					5	0	5	0	0	0
14216	14216		DEL	chr8	69777343	chr8	69778067	724.0	True		False		5	0	5	-10,593	-2,195	-491,9	-181,2					5	0	5	0	0	0
14234	14234_1	14234_2	BND	chr8	72965199	chr8	72965447		True	True	False	True	2	3	5	-10,9	-1,1	-10,9	-1,1	-10,9	-1,1	-10,9	-1,1	2	3	5	0	0	0
14246	14246		INV	chr8	75008297	chr8	75008607	310.0	True		False		1	5	6	-8,2	-1,0	-8,2	-1,0					1	5	6	0	0	0
14249	14249		DEL	chr8	75466375	chr8	75467053	678.0	True		False		5	0	5	-10,530	-2,132	-461,9	-135,2					5	0	5	0	0	0
30073	30073_1	30073_2	BND	chr8	79550817	chr10	82856800		False	False	False	True	1	4	5	-8,8	0,0	-8,8	0,0	-8,8	0,0	-8,8	0,0	1	4	5	0	0	0
14261	14261		DEL	chr8	79743944	chr8	79744252	308.0	True		False		5	0	5	-10,255	-2,126	-195,9	-102,2					5	0	5	0	0	0
14269	14269		DEL	chr8	82362814	chr8	82363134	320.0	True		False		5	0	5	-10,228	-2,80	-242,9	-69,3					5	0	5	0	0	0
30134	30134_1	30134_2	BND	chr8	85162077	chr18	22550352		True	True	False	True	5	0	5	-638,9	-137,0	-10,484	-1,114	-10,484	-1,114	-638,9	-137,0	5	0	5	0	0	0
14279	14279		INV	chr8	85552860	chr8	85553106	246.0	True		False		2	3	5	-10,9	-1,1	-10,9	-1,1					2	3	5	0	0	0
14287	14287		INV	chr8	88382186	chr8	88382453	267.0	True		False		2	3	5	-129,10	-111,10	0,44	0,34					2	3	5	0	0	0
14297	14297		INV	chr8	91467487	chr8	91467767	280.0	True		False		3	2	5	-10,9	-1,1	0,7	0,1					3	2	5	0	0	0
30128	30128_1	30128_2	BND	chr8	92375150	chr17	59551584		False	False	False	True	1	6	7	-10,9	0,0	-10,9	0,0	-10,9	0,0	-10,9	0,0	1	6	7	0	0	0
14308	14308		DEL	chr8	94490515	chr8	94490749	234.0	True		False		6	0	6	-10,158	-3,60	-178,9	-60,3					5	0	5	1	0	1
14333	14333		DEL	chr8	97996160	chr8	97996638	478.0	True		False		5	0	5	-10,315	-3,93	-274,9	-107,2					5	0	5	0	0	0
14336	14336		DEL	chr8	98784568	chr8	98785159	591.0	True		False		8	0	8	-10,449	-2,106	-393,9	-89,2					8	0	8	0	0	0
14341	14341		DEL	chr8	101605562	chr8	101606354	792.0	True		False		5	0	5	-10,574	-2,191	-607,9	-198,2					5	0	5	0	0	0
30075	30075_1	30075_2	BND	chr8	103198750	chr11	17121856		False	False	False	True	1	4	5	-9,6	0,0	-8,8	0,0	-8,8	0,0	-9,6	0,0	1	4	5	0	0	0
14359	14359		DEL	chr8	106609185	chr8	106609394	209.0	True		False		5	0	5	-10,76	-2,44	-58,9	-39,2					5	0	5	0	0	0
14364	14364		DEL	chr8	107942931	chr8	107943334	403.0	True		False		5	0	5	-10,104	-2,59	-309,9	-68,3					5	0	5	0	0	0
30097	30097_1	30097_2	BND	chr8	110601778	chr13	46557527		True	True	False	True	5	0	5	-590,9	-126,1	-473,9	-120,1	-473,9	-120,1	-590,9	-126,1	5	0	5	0	0	0
30137	30137_1	30137_2	BND	chr8	110602015	chr18	60016130		True	True	False	True	6	0	6	-10,501	-2,97	-10,512	0,105	-10,512	0,105	-10,501	-2,97	6	0	6	0	0	0
30127	30127_1	30127_2	BND	chr8	116615735	chr17	48858024		True	True	False	True	7	0	7	-5,500	0,123	-357,9	-76,1	-357,9	-76,1	-5,500	0,123	7	0	7	0	0	0
14409	14409		DEL	chr8	118056460	chr8	118057546	1086.0	True		False		5	0	5	-10,649	-2,328	-650,9	-328,2					5	0	5	0	0	0
14415	14415		DEL	chr8	119770975	chr8	119771692	717.0	True		False		5	0	5	-10,562	-2,189	-637,9	-207,2					5	0	5	0	0	0
14416	14416		DEL	chr8	119891122	chr8	119891608	486.0	True		False		6	0	6	-10,470	-2,133	-114,9	-76,2					5	0	5	1	0	1
14417	14417		DEL	chr8	119964398	chr8	119964515	117.0	True		False		5	0	5	-10,57	-2,36	-116,9	-59,2					5	0	5	0	0	0
14431	14431		DEL	chr8	124314071	chr8	124314939	868.0	True		False		5	0	5	-10,585	-2,193	-644,9	-210,2					5	0	5	0	0	0
14455	14455		DEL	chr8	128105091	chr8	128105429	338.0	True		False		6	0	6	-10,309	-2,95	-110,9	-62,2					6	0	6	0	0	0
14478	14478		DEL	chr8	133538914	chr8	133539721	807.0	True		False		6	0	6	-10,79	-2,57	-523,9	-138,2					6	0	6	0	0	0
14485	14485		DEL	chr8	134859170	chr8	134859405	235.0	True		False		6	0	6	-10,140	-3,71	-181,9	-80,2					6	0	6	0	0	0
14497	14497		DUP	chr8	138206211	chr8	138206904	693.0	True		False		7	0	7	-394,9	-72,2	-10,293	-1,57					6	0	6	1	0	1
14501	14501		DEL	chr8	138843467	chr8	138843669	202.0	True		False		5	0	5	-9,0	-9,0	-110,9	-51,3					5	0	5	0	0	0
14505	14505		DEL	chr8	139807916	chr8	139808703	787.0	True		False		5	0	5	-10,506	-2,143	-511,9	-142,2					5	0	5	0	0	0
14512	14512		DUP	chr8	141554720	chr8	141555326	606.0	True		False		6	0	6	-364,9	-59,3	-10,341	-2,96					5	0	5	1	0	1
14518	14518		DEL	chr8	142142081	chr8	142142596	515.0	True		False		5	0	5	-10,449	-2,131	-463,9	-124,2					5	0	5	0	0	0
30092	30092_1	30092_2	BND	chr8	142185737	chr12	132350049		True	True	False	True	7	0	7	-382,9	-92,1	-10,497	-2,113	-10,497	-2,113	-382,9	-92,1	6	0	6	1	0	1
14520	14520		DEL	chr8	142217313	chr8	142217511	198.0	True		False		5	0	5	-10,78	-2,48	-62,9	-33,3					5	0	5	0	0	0
14534	14534		DEL	chr8	144021553	chr8	144022579	1026.0	True		False		7	0	7	-10,343	-3,55	-505,9	-94,2					7	0	7	0	0	0
14542	14542		DEL	chr8	144556721	chr8	144557225	504.0	True		False		8	0	8	-10,402	-2,90	-437,9	-50,3					7	0	7	1	0	1
14557	14557_1	14557_2	BND	chr9	2156022	chr9	2156237		False	False	False	True	1	4	5	-8,8	0,0	-8,8	0,0	-8,8	0,0	-8,8	0,0	1	4	5	0	0	0
14555	14555		INV	chr9	3046814	chr9	3047244	430.0	True		False		3	2	5	-10,9	-1,1	-10,9	-1,1					3	2	5	0	0	0
14567	14567		INV	chr9	3430898	chr9	3431051	153.0	True		False		2	3	5	-10,9	-1,1	-10,9	-1,1					2	3	5	0	0	0
14568	14568		DEL	chr9	3526865	chr9	3527232	367.0	True		False		6	0	6	-10,365	-2,173	-336,9	-169,2					5	0	5	1	0	1
14574	14574		DEL	chr9	4505087	chr9	4505951	864.0	True		False		6	0	6	-10,574	-2,184	-650,9	-207,2					5	0	5	1	0	1
14584	14584		DEL	chr9	5802208	chr9	5802646	438.0	True		False		5	0	5	-10,205	-2,77	-197,9	-63,3					5	0	5	0	0	0
30280	30280_1	30280_2	BND	chr9	6779033	chr19	8621717		True	True	False	True	6	0	6	-648,9	-122,1	-10,434	-1,81	-10,434	-1,81	-648,9	-122,1	5	0	5	1	0	1
14599	14599		INV	chr9	9069968	chr9	9070101	133.0	True		False		4	2	6	-10,9	-1,1	-10,9	-1,1					4	2	6	0	0	0
14610	14610		INV	chr9	11318869	chr9	11319105	236.0	True		False		3	2	5	-10,10	-3,4	-73,76	-60,64					3	2	5	0	0	0
14612	14612_1	14612_2	BND	chr9	11836823	chr9	11836941		True	True	False	True	2	3	5	-10,9	-1,0	-6,9	-1,1	-6,9	-1,1	-10,9	-1,0	2	3	5	0	0	0
14640	14640		DEL	chr9	17603383	chr9	17603883	500.0	True		False		6	0	6	-10,113	-2,67	-499,9	-102,2					6	0	6	0	0	0
30268	30268_1	30268_2	BND	chr9	32708619	chr17	37337387		False	False	False	True	1	4	5	-9,6	0,0	-8,8	0,0	-8,8	0,0	-9,6	0,0	1	4	5	0	0	0
14695	14695		DEL	chr9	32742821	chr9	32743292	471.0	True		False		6	0	6	-10,202	-2,106	-455,9	-124,2					6	0	6	0	0	0
14701	14701		DEL	chr9	33476863	chr9	33477644	781.0	True		False		6	0	6	-10,431	-2,135	-495,9	-157,1					5	0	5	1	0	1
14703	14703_1	14703_2	BND	chr9	33650027	chr9	33650278		True	True	False	True	2	3	5	-10,9	-1,1	-9,9	-1,1	-9,9	-1,1	-10,9	-1,1	2	3	5	0	0	0
14710	14710		DEL	chr9	34626841	chr9	34627863	1022.0	True		False		5	0	5	-10,649	-2,328	-650,9	-328,2					5	0	5	0	0	0
14717	14717		DEL	chr9	35813145	chr9	35813701	556.0	True		False		5	0	5	-10,554	-2,146	-198,9	-108,2					5	0	5	0	0	0
14727	14727		DEL	chr9	37011981	chr9	37012654	673.0	True		False		5	0	5	-10,567	-2,190	-632,9	-206,2					5	0	5	0	0	0
14729	14729		DEL	chr9	37406402	chr9	37406868	466.0	True		False		5	0	5	-10,437	-2,178	-304,9	-163,2					5	0	5	0	0	0
30231	30231_1	30231_2	BND	chr9	37594251	chr10	121360841		True	True	False	True	6	0	6	-9,532	0,107	-546,9	-102,1	-546,9	-102,1	-9,532	0,107	5	0	5	1	0	1
30248	30248_1	30248_2	BND	chr9	40887621	chr13	16272666		True	True	False	True	6	0	6	-10,365	-2,94	-626,9	-121,1	-626,9	-121,1	-10,365	-2,94	6	0	6	0	0	0
30249	30249_1	30249_2	BND	chr9	40887625	chr13	16272847		True	True	False	True	6	0	6	-447,9	-91,2	-10,570	0,117	-10,570	0,117	-447,9	-91,2	5	0	5	1	0	1
14790	14790_1	14790_2	BND	chr9	41034837	chr9	68397359		True	True	False	True	6	0	6	-10,323	-3,67	-10,519	-2,92	-10,519	-2,92	-10,323	-3,67	5	0	5	1	0	1
30302	30302_1	30302_2	BND	chr9	63817734	chr20	29878879		True	True	False	True	6	0	6	-276,9	-87,2	-10,157	-3,49	-10,157	-3,49	-276,9	-87,2	5	0	5	1	0	1
30303	30303_1	30303_2	BND	chr9	63818261	chr20	29879166		True	True	False	True	5	0	5	-10,349	-1,118	-622,9	-128,1	-622,9	-128,1	-10,349	-1,118	5	0	5	0	0	0
30295	30295_1	30295_2	BND	chr9	63895944	chr20	28640993		True	True	False	True	5	0	5	-10,570	-2,114	-533,9	-107,1	-533,9	-107,1	-10,570	-2,114	5	0	5	0	0	0
30332	30332_1	30332_2	BND	chr9	64029782	chrY	11116370		True	True	False	True	11	0	11	-569,9	-68,2	-10,316	-2,54	-10,316	-2,54	-569,9	-68,2	10	0	10	1	0	1
14795	14795		DEL	chr9	69224090	chr9	69224597	507.0	True		False		5	0	5	-10,335	-2,128	-386,9	-124,2					5	0	5	0	0	0
14804	14804		DEL	chr9	72120201	chr9	72120392	191.0	True		False		6	0	6	-10,98	-3,42	-151,9	-50,3					5	0	5	1	0	1
14809	14809		INV	chr9	73129294	chr9	73129453	159.0	True		False		3	2	5	-2,9	-1,3	-10,1	-3,1					3	2	5	0	0	0
14816	14816		DEL	chr9	75757644	chr9	75758135	491.0	True		False		5	0	5	-10,481	-2,181	-484,9	-181,2					5	0	5	0	0	0
14817	14817		INV	chr9	76112598	chr9	76112734	136.0	True		False		1	4	5	-5,0	-5,0	-1,9	0,9					1	4	5	0	0	0
14821	14821		DEL	chr9	77163416	chr9	77164066	650.0	True		False		6	0	6	-10,623	-2,203	-634,9	-206,2					6	0	6	0	0	0
30322	30322_1	30322_2	BND	chr9	77775410	chr22	22114299		True	True	False	True	5	0	5	-603,8	-137,1	-10,482	-2,98	-10,482	-2,98	-603,8	-137,1	5	0	5	0	0	0
30323	30323_1	30323_2	BND	chr9	77775562	chr22	22114398		True	True	False	True	6	0	6	-10,540	-1,127	-422,9	-83,2	-422,9	-83,2	-10,540	-1,127	6	0	6	0	0	0
14838	14838		DEL	chr9	81600432	chr9	81601306	874.0	True		False		6	0	6	-10,641	-2,205	-631,9	-201,2					5	0	5	1	0	1
14840	14840		DEL	chr9	81819296	chr9	81820069	773.0	True		False		5	0	5	-10,412	-2,125	-528,9	-131,2					5	0	5	0	0	0
14843	14843		DEL	chr9	82505931	chr9	82506923	992.0	True		False		5	0	5	-10,588	-2,194	-647,9	-210,2					5	0	5	0	0	0
14846	14846		DEL	chr9	82924110	chr9	82924609	499.0	True		False		5	0	5	-10,438	-2,123	-410,9	-124,2					5	0	5	0	0	0
14851	14851_1	14851_2	BND	chr9	83741412	chr9	83741700		True	True	False	True	3	2	5	-10,63	0,61	-10,540	-2,186	-10,540	-2,186	-10,63	0,61	3	2	5	0	0	0
30316	30316_1	30316_2	BND	chr9	87867900	chr21	32023346		True	True	False	True	7	0	7	-10,260	0,74	-10,483	-2,105	-10,483	-2,105	-10,260	0,74	6	0	6	1	0	1
14870	14870		DEL	chr9	87970420	chr9	87970976	556.0	True		False		6	0	6	-10,541	-2,142	-415,9	-134,2					5	0	5	1	0	1
14879	14879		DEL	chr9	90412840	chr9	90417991	5151.0	True		False		7	0	7	-10,197	-2,63	-581,9	-96,2					6	0	6	1	0	1
14883	14883		DEL	chr9	91398038	chr9	91398891	853.0	True		False		5	0	5	-10,544	-2,147	-375,9	-146,1					5	0	5	0	0	0
14893	14893		INV	chr9	93369489	chr9	93369591	102.0	True		False		3	2	5	-10,7	-3,3	-10,9	-2,3					3	2	5	0	0	0
14903	14903		DEL	chr9	95036295	chr9	95037501	1206.0	True		False		5	0	5	-10,649	-2,328	-650,9	-328,2					5	0	5	0	0	0
14904	14904		DEL	chr9	95265816	chr9	95266032	216.0	True		False		5	0	5	-10,178	-2,72	-83,9	-44,3					5	0	5	0	0	0
14910	14910		DEL	chr9	96326981	chr9	96327478	497.0	True		False		5	0	5	-10,487	-2,127	-478,9	-143,2					5	0	5	0	0	0
14912	14912		DEL	chr9	96684521	chr9	96685196	675.0	True		False		5	0	5	-10,546	-2,186	-503,9	-182,2					5	0	5	0	0	0
14914	14914		DEL	chr9	97144969	chr9	97145674	705.0	True		False		6	0	6	-10,349	-3,113	-330,9	-133,2					5	0	5	1	0	1
14930	14930		DEL	chr9	99496967	chr9	99497580	613.0	True		False		5	0	5	-10,560	-2,137	-417,9	-146,2					5	0	5	0	0	0
14931	14931_1	14931_2	BND	chr9	99644573	chr9	99644701		True	True	False	True	3	2	5	-9,8	-1,1	-9,9	-1,1	-9,9	-1,1	-9,8	-1,1	3	2	5	0	0	0
14938	14938		DEL	chr9	101323306	chr9	101323438	132.0	True		False		4	2	6	-10,9	-1,1	-10,9	-1,1					3	2	5	1	0	1
14957	14957		DEL	chr9	105385366	chr9	105385780	414.0	True		False		5	0	5	-7,0	-7,0	-260,9	-74,3					5	0	5	0	0	0
14963	14963		DEL	chr9	106413767	chr9	106414514	747.0	True		False		5	0	5	-10,649	-2,328	-650,9	-328,2					5	0	5	0	0	0
30333	30333_1	30333_2	BND	chr9	106472978	chrY	19413713		True	True	False	True	6	0	6	-544,9	-97,2	-10,537	-1,120	-10,537	-1,120	-544,9	-97,2	6	0	6	0	0	0
14964	14964		DEL	chr9	106753174	chr9	106753452	278.0	True		False		5	0	5	-10,168	-3,59	-135,9	-63,3					5	0	5	0	0	0
14987	14987		DEL	chr9	110025795	chr9	110026109	314.0	True		False		5	0	5	-10,232	-3,66	-188,9	-71,3					5	0	5	0	0	0
15003	15003		DEL	chr9	113492731	chr9	113492831	100.0	True		False		6	0	6	-10,98	-3,48	-99,9	-43,3					6	0	6	0	0	0
15017	15017		INV	chr9	115248323	chr9	115248436	113.0	True		False		5	0	5	-17,9	-8,1	-19,9	-19,0					5	0	5	0	0	0
15033	15033		INV	chr9	118265603	chr9	118265975	372.0	True		False		3	2	5	-10,8	-1,1	-10,9	-1,1					3	2	5	0	0	0
15036	15036		INV	chr9	119487581	chr9	119487837	256.0	True		False		3	2	5	-10,9	-2,3	-9,9	-3,3					3	2	5	0	0	0
15040	15040		DEL	chr9	120217208	chr9	120218298	1090.0	True		False		6	0	6	-10,600	-2,197	-621,9	-202,2					6	0	6	0	0	0
15048	15048		DEL	chr9	121866532	chr9	121866821	289.0	True		False		5	0	5	-10,168	-3,67	-82,9	-49,2					5	0	5	0	0	0
15055	15055		INV	chr9	123235884	chr9	123236017	133.0	True		False		2	3	5	-10,5	-1,1	-10,9	-1,1					2	3	5	0	0	0
15058	15058_1	15058_2	BND	chr9	124595610	chr9	124595770		True	True	False	True	2	3	5	-10,9	-1,1	-8,9	-1,1	-8,9	-1,1	-10,9	-1,1	2	3	5	0	0	0
15059	15059		DEL	chr9	124602574	chr9	124603174	600.0	True		False		5	0	5	-10,506	-2,129	-520,9	-146,2					5	0	5	0	0	0
15066	15066		DEL	chr9	127067893	chr9	127068421	528.0	True		False		5	0	5	-10,526	-2,135	-521,9	-138,2					5	0	5	0	0	0
15077	15077		DEL	chr9	129306046	chr9	129306395	349.0	True		False		5	0	5	-10,253	-2,85	-152,9	-68,3					5	0	5	0	0	0
15079	15079		DEL	chr9	129428751	chr9	129429244	493.0	True		False		5	0	5	-10,165	-2,80	-492,9	-115,2					5	0	5	0	0	0
15080	15080		DEL	chr9	129429977	chr9	129430616	639.0	True		False		6	0	6	-10,454	-2,86	-469,9	-91,1					5	0	5	1	0	1
15081	15081		DEL	chr9	129434889	chr9	129435576	687.0	True		False		6	0	6	-10,340	-1,134	-500,9	-135,2					5	0	5	1	0	1
15089	15089		DEL	chr9	131771703	chr9	131772063	360.0	True		False		5	0	5	-10,353	-2,137	-241,9	-111,2					5	0	5	0	0	0
15098	15098		DEL	chr9	132756158	chr9	132756241	83.0	True		False		6	0	6	-10,50	-2,34	-11,9	-8,3					5	0	5	1	0	1
30273	30273_1	30273_2	BND	chr9	134254389	chr17	7156690		True	True	False	True	6	0	6	-586,9	-107,2	-6,554	0,123	-6,554	0,123	-586,9	-107,2	5	0	5	1	0	1
15123	15123		DEL	chr9	136227235	chr9	136227767	532.0	True		False		5	0	5	-10,249	-2,92	-412,9	-99,2					5	0	5	0	0	0
15133	15133		DEL	chr9	137780508	chr9	137781361	853.0	True		False		5	0	5	-10,576	0,128	-281,9	-99,2					5	0	5	0	0	0
30227	30227_1	30227_2	BND	chr9	138159885	chr10	64334		True	True	False	True	8	0	8	-458,9	-90,1	-460,9	-83,2	-460,9	-83,2	-458,9	-90,1	7	0	7	1	0	1
24457	24457		DEL	chrX	484732	chrX	485292	560.0	True		False		6	0	6	-10,167	-2,65	-468,9	-71,3					5	0	5	1	0	1
24494	24494		DEL	chrX	2659220	chrX	2659742	522.0	True		False		5	0	5	-10,513	-2,96	-214,9	-73,3					5	0	5	0	0	0
24497	24497		DEL	chrX	4404550	chrX	4405098	548.0	True		False		6	0	6	-10,475	-2,129	-536,9	-134,2					5	0	5	1	0	1
24517	24517		DEL	chrX	8329309	chrX	8329982	673.0	True		False		5	0	5	-10,522	-2,146	-529,9	-142,2					5	0	5	0	0	0
24519	24519		DEL	chrX	9070201	chrX	9070990	789.0	True		False		6	0	6	-10,649	-2,207	-390,9	-164,3					5	0	5	1	0	1
24524	24524		DEL	chrX	10165436	chrX	10166096	660.0	True		False		5	0	5	-10,442	-2,127	-199,9	-117,2					5	0	5	0	0	0
24526	24526		DEL	chrX	11177214	chrX	11177696	482.0	True		False		6	0	6	-10,438	-2,178	-358,9	-172,2					5	0	5	1	0	1
24532	24532		DEL	chrX	13073283	chrX	13073923	640.0	True		False		6	0	6	-10,407	-2,128	-501,9	-140,2					5	0	5	1	0	1
24541	24541_1	24541_2	BND	chrX	15898594	chrX	15898891		True	True	False	True	3	2	5	-10,36	0,36	-10,513	-2,144	-10,513	-2,144	-10,36	0,36	3	2	5	0	0	0
24562	24562		DEL	chrX	19883472	chrX	19884101	629.0	True		False		6	0	6	-10,598	-2,155	-442,9	-137,2					5	0	5	1	0	1
24566	24566		DEL	chrX	22244281	chrX	22245048	767.0	True		False		6	0	6	-10,629	-2,201	-425,9	-166,3					5	0	5	1	0	1
24587	24587_1	24587_2	BND	chrX	28331758	chrX	28332175		True	True	False	True	2	3	5	-10,2	-2,2	-10,9	-3,3	-10,9	-3,3	-10,2	-2,2	2	3	5	0	0	0
24964	24964_1	24964_2	BND	chrX	30644294	chrX	148486345		True	True	False	True	6	0	6	-470,9	-99,1	-581,4	-123,0	-581,4	-123,0	-470,9	-99,1	5	0	5	1	0	1
24606	24606		DUP	chrX	30795359	chrX	30796289	930.0	True		False		8	0	8	-355,9	-52,1	-10,423	-2,84					7	0	7	1	0	1
24619	24619		DEL	chrX	32286136	chrX	32286565	429.0	True		False		5	0	5	-10,114	-2,69	-428,9	-98,2					5	0	5	0	0	0
24635	24635		DEL	chrX	39580299	chrX	39580510	211.0	True		False		5	0	5	-10,164	-3,64	-193,9	-65,3					5	0	5	0	0	0
24639	24639		DEL	chrX	40645720	chrX	40646630	910.0	True		False		7	0	7	-10,649	-2,328	-650,9	-328,2					6	0	6	1	0	1
24642	24642		DEL	chrX	41754064	chrX	41754333	269.0	True		False		5	0	5	-10,113	-3,53	-49,9	-33,2					5	0	5	0	0	0
24644	24644		DEL	chrX	43189437	chrX	43190239	802.0	True		False		5	0	5	-10,443	-2,132	-331,9	-121,2					5	0	5	0	0	0
24657	24657		DEL	chrX	48239530	chrX	48240156	626.0	True		False		7	0	7	-10,538	-2,142	-557,9	-144,2					6	0	6	1	0	1
24668	24668		DEL	chrX	50294146	chrX	50294610	464.0	True		False		5	0	5	-10,445	-2,107	-135,9	-72,2					5	0	5	0	0	0
24671	24671		DEL	chrX	50846680	chrX	50847395	715.0	True		False		7	0	7	-10,443	-2,111	-181,9	-84,2					7	0	7	0	0	0
24698	24698		DEL	chrX	57620895	chrX	57621454	559.0	True		False		5	0	5	-10,407	-3,80	-494,9	-86,2					5	0	5	0	0	0
24700	24700		DEL	chrX	58084868	chrX	58085822	954.0	True		False		5	0	5	-10,649	-2,328	-650,9	-328,2					5	0	5	0	0	0
24702	24702		DEL	chrX	58292052	chrX	58292448	396.0	True		False		4	1	5	-10,9	-3,3	-10,9	-3,3					4	1	5	0	0	0
24711	24711		DEL	chrX	63895216	chrX	63895914	698.0	True		False		5	0	5	-10,637	-1,169	-403,9	-147,1					5	0	5	0	0	0
24721	24721		DEL	chrX	65740962	chrX	65742015	1053.0	True		False		5	0	5	-10,649	-2,328	-650,9	-328,2					5	0	5	0	0	0
24722	24722		DEL	chrX	66537613	chrX	66537987	374.0	True		False		5	0	5	-10,313	-3,72	-113,9	-62,2					5	0	5	0	0	0
24736	24736		DEL	chrX	70899155	chrX	70899968	813.0	True		False		5	0	5	-10,628	-2,205	-578,9	-192,2					5	0	5	0	0	0
24712	24712		DEL	chrX	74448831	chrX	74449305	474.0	True		False		5	0	5	-10,290	-2,118	-449,9	-124,2					5	0	5	0	0	0
24752	24752		DEL	chrX	77934328	chrX	77935193	865.0	True		False		7	0	7	-10,336	-2,125	-523,9	-143,2					7	0	7	0	0	0
24756	24756		DEL	chrX	78746753	chrX	78747524	771.0	True		False		7	0	7	-10,701	-2,352	-702,9	-352,2					6	0	6	1	0	1
24761	24761		DEL	chrX	79569408	chrX	79570086	678.0	True		False		6	0	6	-10,649	-2,328	-650,9	-328,2					5	0	5	1	0	1
24777	24777		DEL	chrX	84579844	chrX	84580532	688.0	True		False		5	0	5	-10,117	-2,80	-518,9	-129,2					5	0	5	0	0	0
24780	24780		DEL	chrX	85907227	chrX	85907845	618.0	True		False		6	0	6	-10,386	-2,131	-404,9	-133,2					6	0	6	0	0	0
32818	32818_1	32818_2	BND	chrX	89207296	chrY	6535682		True	True	False	True	15	0	15	-272,8	-54,1	-10,278	-2,74	-10,278	-2,74	-272,8	-54,1	14	0	14	1	0	1
24797	24797		INV	chrX	93859122	chrX	93859233	111.0	True		False		1	4	5	-4,9	0,3	-1,9	0,3					1	4	5	0	0	0
24803	24803		DEL	chrX	95045053	chrX	95045691	638.0	True		False		5	0	5	-10,33	-1,28	-273,9	-130,2					5	0	5	0	0	0
24809	24809_1	24809_2	BND	chrX	97536663	chrX	97536791		True	True	False	True	2	3	5	-3,9	-1,1	0,1	0,1	0,1	0,1	-3,9	-1,1	2	3	5	0	0	0
24812	24812_1	24812_2	BND	chrX	97730916	chrX	97731057		True	True	False	True	2	3	5	-10,9	-1,1	-10,9	-1,1	-10,9	-1,1	-10,9	-1,1	2	3	5	0	0	0
24815	24815		DEL	chrX	98382269	chrX	98382595	326.0	True		False		7	0	7	-10,31	-2,24	-269,9	-92,2					6	0	6	1	0	1
24818	24818		DEL	chrX	100063234	chrX	100063882	648.0	True		False		6	0	6	-10,357	-2,134	-584,9	-153,2					5	0	5	1	0	1
24819	24819		INV	chrX	100094098	chrX	100094250	152.0	True		False		2	3	5	-8,0	-8,0	-9,9	-1,1					2	3	5	0	0	0
24826	24826		DEL	chrX	103530628	chrX	103531332	704.0	True		False		5	0	5	-10,536	-2,185	-575,9	-191,2					5	0	5	0	0	0
24842	24842		DEL	chrX	111972637	chrX	111972766	129.0	True		False		5	0	5	-1,0	-1,0	-92,9	-47,3					5	0	5	0	0	0
24857	24857		INV	chrX	117645590	chrX	117645845	255.0	True		False		2	3	5	-10,9	-1,1	-10,9	-1,1					2	3	5	0	0	0
24865	24865		DEL	chrX	120261563	chrX	120262269	706.0	True		False		6	0	6	-10,619	-2,202	-536,9	-185,2					5	0	5	1	0	1
24876	24876		DEL	chrX	124048484	chrX	124048636	152.0	True		False		3	2	5	-10,9	-1,1	-10,9	-1,1					3	2	5	0	0	0
24877	24877_1	24877_2	BND	chrX	126264809	chrX	126264966		False	False	False	True	1	4	5	-8,8	0,0	-8,8	0,0	-8,8	0,0	-8,8	0,0	1	4	5	0	0	0
24895	24895		DEL	chrX	131262762	chrX	131263236	474.0	True		False		5	0	5	-10,343	-3,77	-281,9	-86,2					5	0	5	0	0	0
24896	24896		DEL	chrX	131679253	chrX	131680198	945.0	False		False		5	4	9	-10,9	0,0	-9,8	0,0					5	3	8	0	1	1
24903	24903_1	24903_2	BND	chrX	132259548	chrX	132260304		True	True	False	True	9	0	9	-10,375	-2,60	-10,395	-1,81	-10,395	-1,81	-10,375	-2,60	8	0	8	1	0	1
24882	24882		DEL	chrX	134626777	chrX	134627691	914.0	True		False		6	0	6	-10,498	-3,171	-387,9	-164,3					5	0	5	1	0	1
24941	24941		DEL	chrX	141185124	chrX	141185461	337.0	True		False		5	0	5	-10,66	-2,39	-301,9	-82,3					5	0	5	0	0	0
24945	24945		DEL	chrX	143920653	chrX	143921226	573.0	True		False		5	0	5	-10,502	-2,134	-533,9	-133,2					5	0	5	0	0	0
24949	24949		INV	chrX	145639393	chrX	145639507	114.0	True		False		2	3	5	-10,5	-3,0	0,8	0,3					2	3	5	0	0	0
24885	24885		DEL	chrX	146439382	chrX	146440006	624.0	True		False		5	0	5	-10,488	-2,133	-460,9	-139,2					5	0	5	0	0	0
24965	24965		DEL	chrX	148576817	chrX	148577279	462.0	True		False		4	1	5	-1,9	-1,9	-10,9	-3,3					4	1	5	0	0	0
24969	24969		DEL	chrX	150101772	chrX	150102576	804.0	True		False		6	0	6	-10,610	-2,200	-648,9	-210,2					5	0	5	1	0	1
24985	24985		DEL	chrX	152875822	chrX	152876462	640.0	True		False		5	0	5	-10,174	-2,100	-358,9	-135,2					5	0	5	0	0	0
24986	24986		DEL	chrX	153005797	chrX	153006529	732.0	True		False		5	0	5	-10,580	-2,192	-543,9	-186,2					5	0	5	0	0	0
25002	25002		DUP	chrY	10657294	chrY	10791044	133750.0	True		False		6	0	6	-631,9	-120,0	-7,559	-2,121					5	0	5	1	0	1
25022	25022		DUP	chrY	10927215	chrY	11293096	365881.0	True		False		8	0	8	-472,3	-111,0	-10,455	-2,104					7	0	7	1	0	1
25077	25077_1	25077_2	BND	chrY	11003713	chrY	26639291		True	True	False	True	10	0	10	-401,2	-109,0	-401,2	-109,0	-401,2	-109,0	-401,2	-109,0	10	0	10	0	0	0
25041	25041		DEL	chrY	11295510	chrY	11302982	7472.0	True		False		4	1	5	-10,9	-2,3	-10,9	-3,0					4	1	5	0	0	0
25060	25060		DEL	chrY	11306571	chrY	11331699	25128.0	True		False		6	0	6	-10,254	-3,72	-282,9	-59,3					5	0	5	1	0	1
25120	25120		DUP	chrY	56833666	chrY	56836805	3139.0	True		False		5	1	6	-10,9	-3,3	-10,9	-2,3					4	1	5	1	0	1
25136	25136		DEL	chrY	56858366	chrY	56858490	124.0	True		False		2	6	8	0,7	0,0	-3,0	-3,0					2	5	7	0	1	1
